OpenROAD 41a51eaf4ca2171c92ff38afb91eb37bbd3f36da 
This program is licensed under the BSD-3 license. See the LICENSE file for details.
Components of this program may be licensed under more restrictive licenses which must be honored.
[INFO]: Reading ODB at '/openlane/designs/Reformer/runs/MS3/results/placement/top.odb'…
define_corners Typical
read_liberty -corner Typical /home/charlie/.ciel/sky130A/libs.ref/sky130_fd_sc_hd/lib/sky130_fd_sc_hd__tt_025C_1v80.lib
Using 1e-12 for capacitance...
Using 1e+03 for resistance...
Using 1e-09 for time...
Using 1e+00 for voltage...
Using 1e-03 for current...
Using 1e-09 for power...
Using 1e-06 for distance...
Reading design constraints file at '/openlane/designs/Reformer/runs/MS3/tmp/placement/9-resizer.sdc'…
[INFO]: Setting RC values...
min_report

===========================================================================
report_checks -path_delay min (Hold)
============================================================================
======================= Typical Corner ===================================

Startpoint: _428_ (rising edge-triggered flip-flop clocked by clk)
Endpoint: _428_ (rising edge-triggered flip-flop clocked by clk)
Path Group: clk
Path Type: min

Fanout     Cap    Slew   Delay    Time   Description
-----------------------------------------------------------------------------
                  0.15    0.00    0.00   clock clk (rise edge)
                          0.00    0.00   clock network delay (ideal)
                  0.15    0.00    0.00 ^ _428_/CLK (sky130_fd_sc_hd__dfrtp_1)
                  0.09    0.37    0.37 ^ _428_/Q (sky130_fd_sc_hd__dfrtp_1)
     2    0.01                           u_am0.max[2] (net)
                  0.09    0.00    0.37 ^ _283_/B1 (sky130_fd_sc_hd__a21o_1)
                  0.03    0.08    0.45 ^ _283_/X (sky130_fd_sc_hd__a21o_1)
     1    0.00                           _008_ (net)
                  0.03    0.00    0.45 ^ _428_/D (sky130_fd_sc_hd__dfrtp_1)
                                  0.45   data arrival time

                  0.15    0.00    0.00   clock clk (rise edge)
                          0.00    0.00   clock network delay (ideal)
                          0.25    0.25   clock uncertainty
                          0.00    0.25   clock reconvergence pessimism
                                  0.25 ^ _428_/CLK (sky130_fd_sc_hd__dfrtp_1)
                         -0.02    0.23   library hold time
                                  0.23   data required time
-----------------------------------------------------------------------------
                                  0.23   data required time
                                 -0.45   data arrival time
-----------------------------------------------------------------------------
                                  0.22   slack (MET)


Startpoint: _431_ (rising edge-triggered flip-flop clocked by clk)
Endpoint: _431_ (rising edge-triggered flip-flop clocked by clk)
Path Group: clk
Path Type: min

Fanout     Cap    Slew   Delay    Time   Description
-----------------------------------------------------------------------------
                  0.15    0.00    0.00   clock clk (rise edge)
                          0.00    0.00   clock network delay (ideal)
                  0.15    0.00    0.00 ^ _431_/CLK (sky130_fd_sc_hd__dfrtp_1)
                  0.09    0.37    0.37 ^ _431_/Q (sky130_fd_sc_hd__dfrtp_1)
     2    0.01                           u_am1.max[2] (net)
                  0.09    0.00    0.37 ^ _294_/B1 (sky130_fd_sc_hd__a21o_1)
                  0.03    0.08    0.45 ^ _294_/X (sky130_fd_sc_hd__a21o_1)
     1    0.00                           _011_ (net)
                  0.03    0.00    0.45 ^ _431_/D (sky130_fd_sc_hd__dfrtp_1)
                                  0.45   data arrival time

                  0.15    0.00    0.00   clock clk (rise edge)
                          0.00    0.00   clock network delay (ideal)
                          0.25    0.25   clock uncertainty
                          0.00    0.25   clock reconvergence pessimism
                                  0.25 ^ _431_/CLK (sky130_fd_sc_hd__dfrtp_1)
                         -0.02    0.23   library hold time
                                  0.23   data required time
-----------------------------------------------------------------------------
                                  0.23   data required time
                                 -0.45   data arrival time
-----------------------------------------------------------------------------
                                  0.22   slack (MET)


Startpoint: _437_ (rising edge-triggered flip-flop clocked by clk)
Endpoint: _437_ (rising edge-triggered flip-flop clocked by clk)
Path Group: clk
Path Type: min

Fanout     Cap    Slew   Delay    Time   Description
-----------------------------------------------------------------------------
                  0.15    0.00    0.00   clock clk (rise edge)
                          0.00    0.00   clock network delay (ideal)
                  0.15    0.00    0.00 ^ _437_/CLK (sky130_fd_sc_hd__dfrtp_1)
                  0.09    0.37    0.37 ^ _437_/Q (sky130_fd_sc_hd__dfrtp_1)
     2    0.01                           u_am2.max[2] (net)
                  0.09    0.00    0.37 ^ _311_/B1 (sky130_fd_sc_hd__a21o_1)
                  0.03    0.08    0.45 ^ _311_/X (sky130_fd_sc_hd__a21o_1)
     1    0.00                           _017_ (net)
                  0.03    0.00    0.45 ^ _437_/D (sky130_fd_sc_hd__dfrtp_1)
                                  0.45   data arrival time

                  0.15    0.00    0.00   clock clk (rise edge)
                          0.00    0.00   clock network delay (ideal)
                          0.25    0.25   clock uncertainty
                          0.00    0.25   clock reconvergence pessimism
                                  0.25 ^ _437_/CLK (sky130_fd_sc_hd__dfrtp_1)
                         -0.02    0.23   library hold time
                                  0.23   data required time
-----------------------------------------------------------------------------
                                  0.23   data required time
                                 -0.45   data arrival time
-----------------------------------------------------------------------------
                                  0.22   slack (MET)


Startpoint: _443_ (rising edge-triggered flip-flop clocked by clk)
Endpoint: _443_ (rising edge-triggered flip-flop clocked by clk)
Path Group: clk
Path Type: min

Fanout     Cap    Slew   Delay    Time   Description
-----------------------------------------------------------------------------
                  0.15    0.00    0.00   clock clk (rise edge)
                          0.00    0.00   clock network delay (ideal)
                  0.15    0.00    0.00 ^ _443_/CLK (sky130_fd_sc_hd__dfrtp_1)
                  0.09    0.37    0.37 ^ _443_/Q (sky130_fd_sc_hd__dfrtp_1)
     2    0.01                           u_am3.max[2] (net)
                  0.09    0.00    0.37 ^ _328_/B1 (sky130_fd_sc_hd__a21o_1)
                  0.03    0.08    0.45 ^ _328_/X (sky130_fd_sc_hd__a21o_1)
     1    0.00                           _023_ (net)
                  0.03    0.00    0.45 ^ _443_/D (sky130_fd_sc_hd__dfrtp_1)
                                  0.45   data arrival time

                  0.15    0.00    0.00   clock clk (rise edge)
                          0.00    0.00   clock network delay (ideal)
                          0.25    0.25   clock uncertainty
                          0.00    0.25   clock reconvergence pessimism
                                  0.25 ^ _443_/CLK (sky130_fd_sc_hd__dfrtp_1)
                         -0.02    0.23   library hold time
                                  0.23   data required time
-----------------------------------------------------------------------------
                                  0.23   data required time
                                 -0.45   data arrival time
-----------------------------------------------------------------------------
                                  0.22   slack (MET)


Startpoint: _449_ (rising edge-triggered flip-flop clocked by clk)
Endpoint: _449_ (rising edge-triggered flip-flop clocked by clk)
Path Group: clk
Path Type: min

Fanout     Cap    Slew   Delay    Time   Description
-----------------------------------------------------------------------------
                  0.15    0.00    0.00   clock clk (rise edge)
                          0.00    0.00   clock network delay (ideal)
                  0.15    0.00    0.00 ^ _449_/CLK (sky130_fd_sc_hd__dfrtp_1)
                  0.09    0.37    0.37 ^ _449_/Q (sky130_fd_sc_hd__dfrtp_1)
     2    0.01                           u_am4.max[2] (net)
                  0.09    0.00    0.37 ^ _339_/B1 (sky130_fd_sc_hd__a21o_1)
                  0.03    0.08    0.45 ^ _339_/X (sky130_fd_sc_hd__a21o_1)
     1    0.00                           _029_ (net)
                  0.03    0.00    0.45 ^ _449_/D (sky130_fd_sc_hd__dfrtp_1)
                                  0.45   data arrival time

                  0.15    0.00    0.00   clock clk (rise edge)
                          0.00    0.00   clock network delay (ideal)
                          0.25    0.25   clock uncertainty
                          0.00    0.25   clock reconvergence pessimism
                                  0.25 ^ _449_/CLK (sky130_fd_sc_hd__dfrtp_1)
                         -0.02    0.23   library hold time
                                  0.23   data required time
-----------------------------------------------------------------------------
                                  0.23   data required time
                                 -0.45   data arrival time
-----------------------------------------------------------------------------
                                  0.22   slack (MET)


Startpoint: _479_ (rising edge-triggered flip-flop clocked by clk)
Endpoint: _479_ (rising edge-triggered flip-flop clocked by clk)
Path Group: clk
Path Type: min

Fanout     Cap    Slew   Delay    Time   Description
-----------------------------------------------------------------------------
                  0.15    0.00    0.00   clock clk (rise edge)
                          0.00    0.00   clock network delay (ideal)
                  0.15    0.00    0.00 ^ _479_/CLK (sky130_fd_sc_hd__dfrtp_1)
                  0.08    0.36    0.36 ^ _479_/Q (sky130_fd_sc_hd__dfrtp_1)
     3    0.01                           u_sort.valid_reg[0] (net)
                  0.08    0.00    0.36 ^ _404_/B1 (sky130_fd_sc_hd__o21ai_1)
                  0.03    0.06    0.42 v _404_/Y (sky130_fd_sc_hd__o21ai_1)
     1    0.00                           _201_ (net)
                  0.03    0.00    0.42 v _405_/B (sky130_fd_sc_hd__nand2_1)
                  0.04    0.05    0.47 ^ _405_/Y (sky130_fd_sc_hd__nand2_1)
     1    0.00                           _057_ (net)
                  0.04    0.00    0.47 ^ _479_/D (sky130_fd_sc_hd__dfrtp_1)
                                  0.47   data arrival time

                  0.15    0.00    0.00   clock clk (rise edge)
                          0.00    0.00   clock network delay (ideal)
                          0.25    0.25   clock uncertainty
                          0.00    0.25   clock reconvergence pessimism
                                  0.25 ^ _479_/CLK (sky130_fd_sc_hd__dfrtp_1)
                         -0.02    0.23   library hold time
                                  0.23   data required time
-----------------------------------------------------------------------------
                                  0.23   data required time
                                 -0.47   data arrival time
-----------------------------------------------------------------------------
                                  0.24   slack (MET)


Startpoint: _480_ (rising edge-triggered flip-flop clocked by clk)
Endpoint: _480_ (rising edge-triggered flip-flop clocked by clk)
Path Group: clk
Path Type: min

Fanout     Cap    Slew   Delay    Time   Description
-----------------------------------------------------------------------------
                  0.15    0.00    0.00   clock clk (rise edge)
                          0.00    0.00   clock network delay (ideal)
                  0.15    0.00    0.00 ^ _480_/CLK (sky130_fd_sc_hd__dfrtp_1)
                  0.09    0.37    0.37 ^ _480_/Q (sky130_fd_sc_hd__dfrtp_1)
     3    0.01                           u_sort.valid_reg[1] (net)
                  0.09    0.00    0.37 ^ _406_/B1 (sky130_fd_sc_hd__o21ai_1)
                  0.03    0.06    0.43 v _406_/Y (sky130_fd_sc_hd__o21ai_1)
     1    0.00                           _202_ (net)
                  0.03    0.00    0.43 v _407_/B (sky130_fd_sc_hd__nand2_1)
                  0.04    0.05    0.49 ^ _407_/Y (sky130_fd_sc_hd__nand2_1)
     1    0.00                           _058_ (net)
                  0.04    0.00    0.49 ^ _480_/D (sky130_fd_sc_hd__dfrtp_1)
                                  0.49   data arrival time

                  0.15    0.00    0.00   clock clk (rise edge)
                          0.00    0.00   clock network delay (ideal)
                          0.25    0.25   clock uncertainty
                          0.00    0.25   clock reconvergence pessimism
                                  0.25 ^ _480_/CLK (sky130_fd_sc_hd__dfrtp_1)
                         -0.02    0.23   library hold time
                                  0.23   data required time
-----------------------------------------------------------------------------
                                  0.23   data required time
                                 -0.49   data arrival time
-----------------------------------------------------------------------------
                                  0.25   slack (MET)


Startpoint: _439_ (rising edge-triggered flip-flop clocked by clk)
Endpoint: _439_ (rising edge-triggered flip-flop clocked by clk)
Path Group: clk
Path Type: min

Fanout     Cap    Slew   Delay    Time   Description
-----------------------------------------------------------------------------
                  0.15    0.00    0.00   clock clk (rise edge)
                          0.00    0.00   clock network delay (ideal)
                  0.15    0.00    0.00 ^ _439_/CLK (sky130_fd_sc_hd__dfrtp_1)
                  0.06    0.34    0.34 ^ _439_/Q (sky130_fd_sc_hd__dfrtp_1)
     2    0.00                           u_am1.b_i[1] (net)
                  0.06    0.00    0.34 ^ _314_/A0 (sky130_fd_sc_hd__mux2_1)
                  0.04    0.11    0.45 ^ _314_/X (sky130_fd_sc_hd__mux2_1)
     1    0.00                           _149_ (net)
                  0.04    0.00    0.45 ^ _315_/A (sky130_fd_sc_hd__clkbuf_1)
                  0.04    0.07    0.52 ^ _315_/X (sky130_fd_sc_hd__clkbuf_1)
     1    0.00                           _019_ (net)
                  0.04    0.00    0.52 ^ _439_/D (sky130_fd_sc_hd__dfrtp_1)
                                  0.52   data arrival time

                  0.15    0.00    0.00   clock clk (rise edge)
                          0.00    0.00   clock network delay (ideal)
                          0.25    0.25   clock uncertainty
                          0.00    0.25   clock reconvergence pessimism
                                  0.25 ^ _439_/CLK (sky130_fd_sc_hd__dfrtp_1)
                         -0.02    0.23   library hold time
                                  0.23   data required time
-----------------------------------------------------------------------------
                                  0.23   data required time
                                 -0.52   data arrival time
-----------------------------------------------------------------------------
                                  0.29   slack (MET)


Startpoint: _469_ (rising edge-triggered flip-flop clocked by clk)
Endpoint: _469_ (rising edge-triggered flip-flop clocked by clk)
Path Group: clk
Path Type: min

Fanout     Cap    Slew   Delay    Time   Description
-----------------------------------------------------------------------------
                  0.15    0.00    0.00   clock clk (rise edge)
                          0.00    0.00   clock network delay (ideal)
                  0.15    0.00    0.00 ^ _469_/CLK (sky130_fd_sc_hd__dfrtp_1)
                  0.06    0.34    0.34 ^ _469_/Q (sky130_fd_sc_hd__dfrtp_1)
     2    0.00                           net19 (net)
                  0.06    0.00    0.34 ^ _378_/A0 (sky130_fd_sc_hd__mux2_1)
                  0.04    0.11    0.46 ^ _378_/X (sky130_fd_sc_hd__mux2_1)
     1    0.00                           _183_ (net)
                  0.04    0.00    0.46 ^ _379_/A (sky130_fd_sc_hd__clkbuf_1)
                  0.04    0.07    0.53 ^ _379_/X (sky130_fd_sc_hd__clkbuf_1)
     1    0.00                           _049_ (net)
                  0.04    0.00    0.53 ^ _469_/D (sky130_fd_sc_hd__dfrtp_1)
                                  0.53   data arrival time

                  0.15    0.00    0.00   clock clk (rise edge)
                          0.00    0.00   clock network delay (ideal)
                          0.25    0.25   clock uncertainty
                          0.00    0.25   clock reconvergence pessimism
                                  0.25 ^ _469_/CLK (sky130_fd_sc_hd__dfrtp_1)
                         -0.02    0.23   library hold time
                                  0.23   data required time
-----------------------------------------------------------------------------
                                  0.23   data required time
                                 -0.53   data arrival time
-----------------------------------------------------------------------------
                                  0.29   slack (MET)


Startpoint: _474_ (rising edge-triggered flip-flop clocked by clk)
Endpoint: _474_ (rising edge-triggered flip-flop clocked by clk)
Path Group: clk
Path Type: min

Fanout     Cap    Slew   Delay    Time   Description
-----------------------------------------------------------------------------
                  0.15    0.00    0.00   clock clk (rise edge)
                          0.00    0.00   clock network delay (ideal)
                  0.15    0.00    0.00 ^ _474_/CLK (sky130_fd_sc_hd__dfrtp_1)
                  0.06    0.34    0.34 ^ _474_/Q (sky130_fd_sc_hd__dfrtp_1)
     2    0.00                           net23 (net)
                  0.06    0.00    0.34 ^ _389_/A0 (sky130_fd_sc_hd__mux2_1)
                  0.04    0.11    0.46 ^ _389_/X (sky130_fd_sc_hd__mux2_1)
     1    0.00                           _190_ (net)
                  0.04    0.00    0.46 ^ _390_/A (sky130_fd_sc_hd__clkbuf_1)
                  0.04    0.07    0.53 ^ _390_/X (sky130_fd_sc_hd__clkbuf_1)
     1    0.00                           _053_ (net)
                  0.04    0.00    0.53 ^ _474_/D (sky130_fd_sc_hd__dfrtp_1)
                                  0.53   data arrival time

                  0.15    0.00    0.00   clock clk (rise edge)
                          0.00    0.00   clock network delay (ideal)
                          0.25    0.25   clock uncertainty
                          0.00    0.25   clock reconvergence pessimism
                                  0.25 ^ _474_/CLK (sky130_fd_sc_hd__dfrtp_1)
                         -0.02    0.23   library hold time
                                  0.23   data required time
-----------------------------------------------------------------------------
                                  0.23   data required time
                                 -0.53   data arrival time
-----------------------------------------------------------------------------
                                  0.29   slack (MET)


Startpoint: _484_ (rising edge-triggered flip-flop clocked by clk)
Endpoint: _484_ (rising edge-triggered flip-flop clocked by clk)
Path Group: clk
Path Type: min

Fanout     Cap    Slew   Delay    Time   Description
-----------------------------------------------------------------------------
                  0.15    0.00    0.00   clock clk (rise edge)
                          0.00    0.00   clock network delay (ideal)
                  0.15    0.00    0.00 ^ _484_/CLK (sky130_fd_sc_hd__dfrtp_4)
                  0.11    0.46    0.46 ^ _484_/Q (sky130_fd_sc_hd__dfrtp_4)
     8    0.03                           u_am0.i_index[0] (net)
                  0.11    0.00    0.46 ^ _417_/B (sky130_fd_sc_hd__xor2_1)
                  0.04    0.07    0.53 v _417_/X (sky130_fd_sc_hd__xor2_1)
     1    0.00                           _062_ (net)
                  0.04    0.00    0.53 v _484_/D (sky130_fd_sc_hd__dfrtp_4)
                                  0.53   data arrival time

                  0.15    0.00    0.00   clock clk (rise edge)
                          0.00    0.00   clock network delay (ideal)
                          0.25    0.25   clock uncertainty
                          0.00    0.25   clock reconvergence pessimism
                                  0.25 ^ _484_/CLK (sky130_fd_sc_hd__dfrtp_4)
                         -0.01    0.24   library hold time
                                  0.24   data required time
-----------------------------------------------------------------------------
                                  0.24   data required time
                                 -0.53   data arrival time
-----------------------------------------------------------------------------
                                  0.30   slack (MET)


Startpoint: _468_ (rising edge-triggered flip-flop clocked by clk)
Endpoint: _468_ (rising edge-triggered flip-flop clocked by clk)
Path Group: clk
Path Type: min

Fanout     Cap    Slew   Delay    Time   Description
-----------------------------------------------------------------------------
                  0.15    0.00    0.00   clock clk (rise edge)
                          0.00    0.00   clock network delay (ideal)
                  0.15    0.00    0.00 ^ _468_/CLK (sky130_fd_sc_hd__dfrtp_1)
                  0.06    0.34    0.34 ^ _468_/Q (sky130_fd_sc_hd__dfrtp_1)
     2    0.00                           net18 (net)
                  0.06    0.00    0.34 ^ _376_/A0 (sky130_fd_sc_hd__mux2_1)
                  0.04    0.11    0.45 ^ _376_/X (sky130_fd_sc_hd__mux2_1)
     1    0.00                           _182_ (net)
                  0.04    0.00    0.46 ^ _377_/A (sky130_fd_sc_hd__clkbuf_1)
                  0.04    0.07    0.53 ^ _377_/X (sky130_fd_sc_hd__clkbuf_1)
     1    0.00                           _048_ (net)
                  0.04    0.00    0.53 ^ _468_/D (sky130_fd_sc_hd__dfrtp_1)
                                  0.53   data arrival time

                  0.15    0.00    0.00   clock clk (rise edge)
                          0.00    0.00   clock network delay (ideal)
                          0.25    0.25   clock uncertainty
                          0.00    0.25   clock reconvergence pessimism
                                  0.25 ^ _468_/CLK (sky130_fd_sc_hd__dfrtp_1)
                         -0.02    0.23   library hold time
                                  0.23   data required time
-----------------------------------------------------------------------------
                                  0.23   data required time
                                 -0.53   data arrival time
-----------------------------------------------------------------------------
                                  0.30   slack (MET)


Startpoint: _444_ (rising edge-triggered flip-flop clocked by clk)
Endpoint: _444_ (rising edge-triggered flip-flop clocked by clk)
Path Group: clk
Path Type: min

Fanout     Cap    Slew   Delay    Time   Description
-----------------------------------------------------------------------------
                  0.15    0.00    0.00   clock clk (rise edge)
                          0.00    0.00   clock network delay (ideal)
                  0.15    0.00    0.00 ^ _444_/CLK (sky130_fd_sc_hd__dfrtp_1)
                  0.06    0.35    0.35 ^ _444_/Q (sky130_fd_sc_hd__dfrtp_1)
     2    0.00                           u_am2.b_i[0] (net)
                  0.06    0.00    0.35 ^ _329_/A0 (sky130_fd_sc_hd__mux2_1)
                  0.04    0.11    0.46 ^ _329_/X (sky130_fd_sc_hd__mux2_1)
     1    0.00                           _159_ (net)
                  0.04    0.00    0.46 ^ _330_/A (sky130_fd_sc_hd__clkbuf_1)
                  0.04    0.07    0.53 ^ _330_/X (sky130_fd_sc_hd__clkbuf_1)
     1    0.00                           _024_ (net)
                  0.04    0.00    0.53 ^ _444_/D (sky130_fd_sc_hd__dfrtp_1)
                                  0.53   data arrival time

                  0.15    0.00    0.00   clock clk (rise edge)
                          0.00    0.00   clock network delay (ideal)
                          0.25    0.25   clock uncertainty
                          0.00    0.25   clock reconvergence pessimism
                                  0.25 ^ _444_/CLK (sky130_fd_sc_hd__dfrtp_1)
                         -0.02    0.23   library hold time
                                  0.23   data required time
-----------------------------------------------------------------------------
                                  0.23   data required time
                                 -0.53   data arrival time
-----------------------------------------------------------------------------
                                  0.30   slack (MET)


Startpoint: _439_ (rising edge-triggered flip-flop clocked by clk)
Endpoint: _463_ (rising edge-triggered flip-flop clocked by clk)
Path Group: clk
Path Type: min

Fanout     Cap    Slew   Delay    Time   Description
-----------------------------------------------------------------------------
                  0.15    0.00    0.00   clock clk (rise edge)
                          0.00    0.00   clock network delay (ideal)
                  0.15    0.00    0.00 ^ _439_/CLK (sky130_fd_sc_hd__dfrtp_1)
                  0.06    0.34    0.34 ^ _439_/Q (sky130_fd_sc_hd__dfrtp_1)
     2    0.00                           u_am1.b_i[1] (net)
                  0.06    0.00    0.34 ^ _366_/A1 (sky130_fd_sc_hd__mux2_1)
                  0.04    0.11    0.46 ^ _366_/X (sky130_fd_sc_hd__mux2_1)
     1    0.00                           _177_ (net)
                  0.04    0.00    0.46 ^ _367_/A (sky130_fd_sc_hd__clkbuf_1)
                  0.04    0.07    0.53 ^ _367_/X (sky130_fd_sc_hd__clkbuf_1)
     1    0.00                           _043_ (net)
                  0.04    0.00    0.53 ^ _463_/D (sky130_fd_sc_hd__dfrtp_1)
                                  0.53   data arrival time

                  0.15    0.00    0.00   clock clk (rise edge)
                          0.00    0.00   clock network delay (ideal)
                          0.25    0.25   clock uncertainty
                          0.00    0.25   clock reconvergence pessimism
                                  0.25 ^ _463_/CLK (sky130_fd_sc_hd__dfrtp_1)
                         -0.02    0.23   library hold time
                                  0.23   data required time
-----------------------------------------------------------------------------
                                  0.23   data required time
                                 -0.53   data arrival time
-----------------------------------------------------------------------------
                                  0.30   slack (MET)


Startpoint: _446_ (rising edge-triggered flip-flop clocked by clk)
Endpoint: _446_ (rising edge-triggered flip-flop clocked by clk)
Path Group: clk
Path Type: min

Fanout     Cap    Slew   Delay    Time   Description
-----------------------------------------------------------------------------
                  0.15    0.00    0.00   clock clk (rise edge)
                          0.00    0.00   clock network delay (ideal)
                  0.15    0.00    0.00 ^ _446_/CLK (sky130_fd_sc_hd__dfrtp_1)
                  0.06    0.34    0.34 ^ _446_/Q (sky130_fd_sc_hd__dfrtp_1)
     2    0.00                           u_am2.b_i[2] (net)
                  0.06    0.00    0.34 ^ _333_/A0 (sky130_fd_sc_hd__mux2_1)
                  0.04    0.11    0.46 ^ _333_/X (sky130_fd_sc_hd__mux2_1)
     1    0.00                           _161_ (net)
                  0.04    0.00    0.46 ^ _334_/A (sky130_fd_sc_hd__clkbuf_1)
                  0.04    0.07    0.53 ^ _334_/X (sky130_fd_sc_hd__clkbuf_1)
     1    0.00                           _026_ (net)
                  0.04    0.00    0.53 ^ _446_/D (sky130_fd_sc_hd__dfrtp_1)
                                  0.53   data arrival time

                  0.15    0.00    0.00   clock clk (rise edge)
                          0.00    0.00   clock network delay (ideal)
                          0.25    0.25   clock uncertainty
                          0.00    0.25   clock reconvergence pessimism
                                  0.25 ^ _446_/CLK (sky130_fd_sc_hd__dfrtp_1)
                         -0.02    0.23   library hold time
                                  0.23   data required time
-----------------------------------------------------------------------------
                                  0.23   data required time
                                 -0.53   data arrival time
-----------------------------------------------------------------------------
                                  0.30   slack (MET)


Startpoint: _434_ (rising edge-triggered flip-flop clocked by clk)
Endpoint: _434_ (rising edge-triggered flip-flop clocked by clk)
Path Group: clk
Path Type: min

Fanout     Cap    Slew   Delay    Time   Description
-----------------------------------------------------------------------------
                  0.15    0.00    0.00   clock clk (rise edge)
                          0.00    0.00   clock network delay (ideal)
                  0.15    0.00    0.00 ^ _434_/CLK (sky130_fd_sc_hd__dfrtp_1)
                  0.06    0.35    0.35 ^ _434_/Q (sky130_fd_sc_hd__dfrtp_1)
     2    0.00                           u_am0.b_i[2] (net)
                  0.06    0.00    0.35 ^ _299_/A0 (sky130_fd_sc_hd__mux2_1)
                  0.04    0.11    0.46 ^ _299_/X (sky130_fd_sc_hd__mux2_1)
     1    0.00                           _139_ (net)
                  0.04    0.00    0.46 ^ _300_/A (sky130_fd_sc_hd__clkbuf_1)
                  0.04    0.07    0.53 ^ _300_/X (sky130_fd_sc_hd__clkbuf_1)
     1    0.00                           _014_ (net)
                  0.04    0.00    0.53 ^ _434_/D (sky130_fd_sc_hd__dfrtp_1)
                                  0.53   data arrival time

                  0.15    0.00    0.00   clock clk (rise edge)
                          0.00    0.00   clock network delay (ideal)
                          0.25    0.25   clock uncertainty
                          0.00    0.25   clock reconvergence pessimism
                                  0.25 ^ _434_/CLK (sky130_fd_sc_hd__dfrtp_1)
                         -0.02    0.23   library hold time
                                  0.23   data required time
-----------------------------------------------------------------------------
                                  0.23   data required time
                                 -0.53   data arrival time
-----------------------------------------------------------------------------
                                  0.30   slack (MET)


Startpoint: _451_ (rising edge-triggered flip-flop clocked by clk)
Endpoint: _451_ (rising edge-triggered flip-flop clocked by clk)
Path Group: clk
Path Type: min

Fanout     Cap    Slew   Delay    Time   Description
-----------------------------------------------------------------------------
                  0.15    0.00    0.00   clock clk (rise edge)
                          0.00    0.00   clock network delay (ideal)
                  0.15    0.00    0.00 ^ _451_/CLK (sky130_fd_sc_hd__dfrtp_1)
                  0.06    0.35    0.35 ^ _451_/Q (sky130_fd_sc_hd__dfrtp_1)
     2    0.00                           u_am3.b_i[1] (net)
                  0.06    0.00    0.35 ^ _342_/A0 (sky130_fd_sc_hd__mux2_1)
                  0.04    0.11    0.46 ^ _342_/X (sky130_fd_sc_hd__mux2_1)
     1    0.00                           _165_ (net)
                  0.04    0.00    0.46 ^ _343_/A (sky130_fd_sc_hd__clkbuf_1)
                  0.04    0.07    0.53 ^ _343_/X (sky130_fd_sc_hd__clkbuf_1)
     1    0.00                           _031_ (net)
                  0.04    0.00    0.53 ^ _451_/D (sky130_fd_sc_hd__dfrtp_1)
                                  0.53   data arrival time

                  0.15    0.00    0.00   clock clk (rise edge)
                          0.00    0.00   clock network delay (ideal)
                          0.25    0.25   clock uncertainty
                          0.00    0.25   clock reconvergence pessimism
                                  0.25 ^ _451_/CLK (sky130_fd_sc_hd__dfrtp_1)
                         -0.02    0.23   library hold time
                                  0.23   data required time
-----------------------------------------------------------------------------
                                  0.23   data required time
                                 -0.53   data arrival time
-----------------------------------------------------------------------------
                                  0.30   slack (MET)


Startpoint: _470_ (rising edge-triggered flip-flop clocked by clk)
Endpoint: _470_ (rising edge-triggered flip-flop clocked by clk)
Path Group: clk
Path Type: min

Fanout     Cap    Slew   Delay    Time   Description
-----------------------------------------------------------------------------
                  0.15    0.00    0.00   clock clk (rise edge)
                          0.00    0.00   clock network delay (ideal)
                  0.15    0.00    0.00 ^ _470_/CLK (sky130_fd_sc_hd__dfrtp_1)
                  0.06    0.35    0.35 ^ _470_/Q (sky130_fd_sc_hd__dfrtp_1)
     2    0.00                           net20 (net)
                  0.06    0.00    0.35 ^ _380_/A0 (sky130_fd_sc_hd__mux2_1)
                  0.04    0.11    0.46 ^ _380_/X (sky130_fd_sc_hd__mux2_1)
     1    0.00                           _184_ (net)
                  0.04    0.00    0.46 ^ _381_/A (sky130_fd_sc_hd__clkbuf_1)
                  0.04    0.07    0.53 ^ _381_/X (sky130_fd_sc_hd__clkbuf_1)
     1    0.00                           _050_ (net)
                  0.04    0.00    0.53 ^ _470_/D (sky130_fd_sc_hd__dfrtp_1)
                                  0.53   data arrival time

                  0.15    0.00    0.00   clock clk (rise edge)
                          0.00    0.00   clock network delay (ideal)
                          0.25    0.25   clock uncertainty
                          0.00    0.25   clock reconvergence pessimism
                                  0.25 ^ _470_/CLK (sky130_fd_sc_hd__dfrtp_1)
                         -0.02    0.23   library hold time
                                  0.23   data required time
-----------------------------------------------------------------------------
                                  0.23   data required time
                                 -0.53   data arrival time
-----------------------------------------------------------------------------
                                  0.30   slack (MET)


Startpoint: _434_ (rising edge-triggered flip-flop clocked by clk)
Endpoint: _467_ (rising edge-triggered flip-flop clocked by clk)
Path Group: clk
Path Type: min

Fanout     Cap    Slew   Delay    Time   Description
-----------------------------------------------------------------------------
                  0.15    0.00    0.00   clock clk (rise edge)
                          0.00    0.00   clock network delay (ideal)
                  0.15    0.00    0.00 ^ _434_/CLK (sky130_fd_sc_hd__dfrtp_1)
                  0.06    0.35    0.35 ^ _434_/Q (sky130_fd_sc_hd__dfrtp_1)
     2    0.00                           u_am0.b_i[2] (net)
                  0.06    0.00    0.35 ^ _374_/A1 (sky130_fd_sc_hd__mux2_1)
                  0.04    0.11    0.46 ^ _374_/X (sky130_fd_sc_hd__mux2_1)
     1    0.00                           _181_ (net)
                  0.04    0.00    0.46 ^ _375_/A (sky130_fd_sc_hd__clkbuf_1)
                  0.04    0.07    0.53 ^ _375_/X (sky130_fd_sc_hd__clkbuf_1)
     1    0.00                           _047_ (net)
                  0.04    0.00    0.53 ^ _467_/D (sky130_fd_sc_hd__dfrtp_1)
                                  0.53   data arrival time

                  0.15    0.00    0.00   clock clk (rise edge)
                          0.00    0.00   clock network delay (ideal)
                          0.25    0.25   clock uncertainty
                          0.00    0.25   clock reconvergence pessimism
                                  0.25 ^ _467_/CLK (sky130_fd_sc_hd__dfrtp_1)
                         -0.02    0.23   library hold time
                                  0.23   data required time
-----------------------------------------------------------------------------
                                  0.23   data required time
                                 -0.53   data arrival time
-----------------------------------------------------------------------------
                                  0.30   slack (MET)


Startpoint: _446_ (rising edge-triggered flip-flop clocked by clk)
Endpoint: _461_ (rising edge-triggered flip-flop clocked by clk)
Path Group: clk
Path Type: min

Fanout     Cap    Slew   Delay    Time   Description
-----------------------------------------------------------------------------
                  0.15    0.00    0.00   clock clk (rise edge)
                          0.00    0.00   clock network delay (ideal)
                  0.15    0.00    0.00 ^ _446_/CLK (sky130_fd_sc_hd__dfrtp_1)
                  0.06    0.34    0.34 ^ _446_/Q (sky130_fd_sc_hd__dfrtp_1)
     2    0.00                           u_am2.b_i[2] (net)
                  0.06    0.00    0.34 ^ _362_/A1 (sky130_fd_sc_hd__mux2_1)
                  0.04    0.11    0.46 ^ _362_/X (sky130_fd_sc_hd__mux2_1)
     1    0.00                           _175_ (net)
                  0.04    0.00    0.46 ^ _363_/A (sky130_fd_sc_hd__clkbuf_1)
                  0.04    0.07    0.53 ^ _363_/X (sky130_fd_sc_hd__clkbuf_1)
     1    0.00                           _041_ (net)
                  0.04    0.00    0.53 ^ _461_/D (sky130_fd_sc_hd__dfrtp_1)
                                  0.53   data arrival time

                  0.15    0.00    0.00   clock clk (rise edge)
                          0.00    0.00   clock network delay (ideal)
                          0.25    0.25   clock uncertainty
                          0.00    0.25   clock reconvergence pessimism
                                  0.25 ^ _461_/CLK (sky130_fd_sc_hd__dfrtp_1)
                         -0.02    0.23   library hold time
                                  0.23   data required time
-----------------------------------------------------------------------------
                                  0.23   data required time
                                 -0.53   data arrival time
-----------------------------------------------------------------------------
                                  0.30   slack (MET)


Startpoint: _444_ (rising edge-triggered flip-flop clocked by clk)
Endpoint: _459_ (rising edge-triggered flip-flop clocked by clk)
Path Group: clk
Path Type: min

Fanout     Cap    Slew   Delay    Time   Description
-----------------------------------------------------------------------------
                  0.15    0.00    0.00   clock clk (rise edge)
                          0.00    0.00   clock network delay (ideal)
                  0.15    0.00    0.00 ^ _444_/CLK (sky130_fd_sc_hd__dfrtp_1)
                  0.06    0.35    0.35 ^ _444_/Q (sky130_fd_sc_hd__dfrtp_1)
     2    0.00                           u_am2.b_i[0] (net)
                  0.06    0.00    0.35 ^ _358_/A1 (sky130_fd_sc_hd__mux2_1)
                  0.04    0.11    0.46 ^ _358_/X (sky130_fd_sc_hd__mux2_1)
     1    0.00                           _173_ (net)
                  0.04    0.00    0.46 ^ _359_/A (sky130_fd_sc_hd__clkbuf_1)
                  0.04    0.07    0.53 ^ _359_/X (sky130_fd_sc_hd__clkbuf_1)
     1    0.00                           _039_ (net)
                  0.04    0.00    0.53 ^ _459_/D (sky130_fd_sc_hd__dfrtp_1)
                                  0.53   data arrival time

                  0.15    0.00    0.00   clock clk (rise edge)
                          0.00    0.00   clock network delay (ideal)
                          0.25    0.25   clock uncertainty
                          0.00    0.25   clock reconvergence pessimism
                                  0.25 ^ _459_/CLK (sky130_fd_sc_hd__dfrtp_1)
                         -0.02    0.23   library hold time
                                  0.23   data required time
-----------------------------------------------------------------------------
                                  0.23   data required time
                                 -0.53   data arrival time
-----------------------------------------------------------------------------
                                  0.30   slack (MET)


Startpoint: _440_ (rising edge-triggered flip-flop clocked by clk)
Endpoint: _440_ (rising edge-triggered flip-flop clocked by clk)
Path Group: clk
Path Type: min

Fanout     Cap    Slew   Delay    Time   Description
-----------------------------------------------------------------------------
                  0.15    0.00    0.00   clock clk (rise edge)
                          0.00    0.00   clock network delay (ideal)
                  0.15    0.00    0.00 ^ _440_/CLK (sky130_fd_sc_hd__dfrtp_1)
                  0.06    0.35    0.35 ^ _440_/Q (sky130_fd_sc_hd__dfrtp_1)
     2    0.00                           u_am1.b_i[2] (net)
                  0.06    0.00    0.35 ^ _316_/A0 (sky130_fd_sc_hd__mux2_1)
                  0.04    0.11    0.46 ^ _316_/X (sky130_fd_sc_hd__mux2_1)
     1    0.00                           _150_ (net)
                  0.04    0.00    0.46 ^ _317_/A (sky130_fd_sc_hd__clkbuf_1)
                  0.04    0.07    0.53 ^ _317_/X (sky130_fd_sc_hd__clkbuf_1)
     1    0.00                           _020_ (net)
                  0.04    0.00    0.53 ^ _440_/D (sky130_fd_sc_hd__dfrtp_1)
                                  0.53   data arrival time

                  0.15    0.00    0.00   clock clk (rise edge)
                          0.00    0.00   clock network delay (ideal)
                          0.25    0.25   clock uncertainty
                          0.00    0.25   clock reconvergence pessimism
                                  0.25 ^ _440_/CLK (sky130_fd_sc_hd__dfrtp_1)
                         -0.02    0.23   library hold time
                                  0.23   data required time
-----------------------------------------------------------------------------
                                  0.23   data required time
                                 -0.53   data arrival time
-----------------------------------------------------------------------------
                                  0.30   slack (MET)


Startpoint: _433_ (rising edge-triggered flip-flop clocked by clk)
Endpoint: _433_ (rising edge-triggered flip-flop clocked by clk)
Path Group: clk
Path Type: min

Fanout     Cap    Slew   Delay    Time   Description
-----------------------------------------------------------------------------
                  0.15    0.00    0.00   clock clk (rise edge)
                          0.00    0.00   clock network delay (ideal)
                  0.15    0.00    0.00 ^ _433_/CLK (sky130_fd_sc_hd__dfrtp_1)
                  0.06    0.35    0.35 ^ _433_/Q (sky130_fd_sc_hd__dfrtp_1)
     2    0.00                           u_am0.b_i[1] (net)
                  0.06    0.00    0.35 ^ _297_/A0 (sky130_fd_sc_hd__mux2_1)
                  0.04    0.11    0.46 ^ _297_/X (sky130_fd_sc_hd__mux2_1)
     1    0.00                           _138_ (net)
                  0.04    0.00    0.46 ^ _298_/A (sky130_fd_sc_hd__clkbuf_1)
                  0.04    0.07    0.53 ^ _298_/X (sky130_fd_sc_hd__clkbuf_1)
     1    0.00                           _013_ (net)
                  0.04    0.00    0.53 ^ _433_/D (sky130_fd_sc_hd__dfrtp_1)
                                  0.53   data arrival time

                  0.15    0.00    0.00   clock clk (rise edge)
                          0.00    0.00   clock network delay (ideal)
                          0.25    0.25   clock uncertainty
                          0.00    0.25   clock reconvergence pessimism
                                  0.25 ^ _433_/CLK (sky130_fd_sc_hd__dfrtp_1)
                         -0.02    0.23   library hold time
                                  0.23   data required time
-----------------------------------------------------------------------------
                                  0.23   data required time
                                 -0.53   data arrival time
-----------------------------------------------------------------------------
                                  0.30   slack (MET)


Startpoint: _440_ (rising edge-triggered flip-flop clocked by clk)
Endpoint: _464_ (rising edge-triggered flip-flop clocked by clk)
Path Group: clk
Path Type: min

Fanout     Cap    Slew   Delay    Time   Description
-----------------------------------------------------------------------------
                  0.15    0.00    0.00   clock clk (rise edge)
                          0.00    0.00   clock network delay (ideal)
                  0.15    0.00    0.00 ^ _440_/CLK (sky130_fd_sc_hd__dfrtp_1)
                  0.06    0.35    0.35 ^ _440_/Q (sky130_fd_sc_hd__dfrtp_1)
     2    0.00                           u_am1.b_i[2] (net)
                  0.06    0.00    0.35 ^ _368_/A1 (sky130_fd_sc_hd__mux2_1)
                  0.04    0.11    0.46 ^ _368_/X (sky130_fd_sc_hd__mux2_1)
     1    0.00                           _178_ (net)
                  0.04    0.00    0.46 ^ _369_/A (sky130_fd_sc_hd__clkbuf_1)
                  0.04    0.07    0.53 ^ _369_/X (sky130_fd_sc_hd__clkbuf_1)
     1    0.00                           _044_ (net)
                  0.04    0.00    0.53 ^ _464_/D (sky130_fd_sc_hd__dfrtp_1)
                                  0.53   data arrival time

                  0.15    0.00    0.00   clock clk (rise edge)
                          0.00    0.00   clock network delay (ideal)
                          0.25    0.25   clock uncertainty
                          0.00    0.25   clock reconvergence pessimism
                                  0.25 ^ _464_/CLK (sky130_fd_sc_hd__dfrtp_1)
                         -0.02    0.23   library hold time
                                  0.23   data required time
-----------------------------------------------------------------------------
                                  0.23   data required time
                                 -0.53   data arrival time
-----------------------------------------------------------------------------
                                  0.30   slack (MET)


Startpoint: _445_ (rising edge-triggered flip-flop clocked by clk)
Endpoint: _445_ (rising edge-triggered flip-flop clocked by clk)
Path Group: clk
Path Type: min

Fanout     Cap    Slew   Delay    Time   Description
-----------------------------------------------------------------------------
                  0.15    0.00    0.00   clock clk (rise edge)
                          0.00    0.00   clock network delay (ideal)
                  0.15    0.00    0.00 ^ _445_/CLK (sky130_fd_sc_hd__dfrtp_1)
                  0.06    0.35    0.35 ^ _445_/Q (sky130_fd_sc_hd__dfrtp_1)
     2    0.01                           u_am2.b_i[1] (net)
                  0.06    0.00    0.35 ^ _331_/A0 (sky130_fd_sc_hd__mux2_1)
                  0.04    0.11    0.46 ^ _331_/X (sky130_fd_sc_hd__mux2_1)
     1    0.00                           _160_ (net)
                  0.04    0.00    0.46 ^ _332_/A (sky130_fd_sc_hd__clkbuf_1)
                  0.04    0.07    0.53 ^ _332_/X (sky130_fd_sc_hd__clkbuf_1)
     1    0.00                           _025_ (net)
                  0.04    0.00    0.53 ^ _445_/D (sky130_fd_sc_hd__dfrtp_1)
                                  0.53   data arrival time

                  0.15    0.00    0.00   clock clk (rise edge)
                          0.00    0.00   clock network delay (ideal)
                          0.25    0.25   clock uncertainty
                          0.00    0.25   clock reconvergence pessimism
                                  0.25 ^ _445_/CLK (sky130_fd_sc_hd__dfrtp_1)
                         -0.02    0.23   library hold time
                                  0.23   data required time
-----------------------------------------------------------------------------
                                  0.23   data required time
                                 -0.53   data arrival time
-----------------------------------------------------------------------------
                                  0.30   slack (MET)


Startpoint: _433_ (rising edge-triggered flip-flop clocked by clk)
Endpoint: _466_ (rising edge-triggered flip-flop clocked by clk)
Path Group: clk
Path Type: min

Fanout     Cap    Slew   Delay    Time   Description
-----------------------------------------------------------------------------
                  0.15    0.00    0.00   clock clk (rise edge)
                          0.00    0.00   clock network delay (ideal)
                  0.15    0.00    0.00 ^ _433_/CLK (sky130_fd_sc_hd__dfrtp_1)
                  0.06    0.35    0.35 ^ _433_/Q (sky130_fd_sc_hd__dfrtp_1)
     2    0.00                           u_am0.b_i[1] (net)
                  0.06    0.00    0.35 ^ _372_/A1 (sky130_fd_sc_hd__mux2_1)
                  0.04    0.11    0.46 ^ _372_/X (sky130_fd_sc_hd__mux2_1)
     1    0.00                           _180_ (net)
                  0.04    0.00    0.46 ^ _373_/A (sky130_fd_sc_hd__clkbuf_1)
                  0.04    0.07    0.53 ^ _373_/X (sky130_fd_sc_hd__clkbuf_1)
     1    0.00                           _046_ (net)
                  0.04    0.00    0.53 ^ _466_/D (sky130_fd_sc_hd__dfrtp_1)
                                  0.53   data arrival time

                  0.15    0.00    0.00   clock clk (rise edge)
                          0.00    0.00   clock network delay (ideal)
                          0.25    0.25   clock uncertainty
                          0.00    0.25   clock reconvergence pessimism
                                  0.25 ^ _466_/CLK (sky130_fd_sc_hd__dfrtp_1)
                         -0.02    0.23   library hold time
                                  0.23   data required time
-----------------------------------------------------------------------------
                                  0.23   data required time
                                 -0.53   data arrival time
-----------------------------------------------------------------------------
                                  0.30   slack (MET)


Startpoint: _473_ (rising edge-triggered flip-flop clocked by clk)
Endpoint: _473_ (rising edge-triggered flip-flop clocked by clk)
Path Group: clk
Path Type: min

Fanout     Cap    Slew   Delay    Time   Description
-----------------------------------------------------------------------------
                  0.15    0.00    0.00   clock clk (rise edge)
                          0.00    0.00   clock network delay (ideal)
                  0.15    0.00    0.00 ^ _473_/CLK (sky130_fd_sc_hd__dfrtp_1)
                  0.06    0.35    0.35 ^ _473_/Q (sky130_fd_sc_hd__dfrtp_1)
     2    0.00                           net22 (net)
                  0.06    0.00    0.35 ^ _387_/A0 (sky130_fd_sc_hd__mux2_1)
                  0.04    0.11    0.46 ^ _387_/X (sky130_fd_sc_hd__mux2_1)
     1    0.00                           _189_ (net)
                  0.04    0.00    0.46 ^ _388_/A (sky130_fd_sc_hd__clkbuf_1)
                  0.04    0.07    0.53 ^ _388_/X (sky130_fd_sc_hd__clkbuf_1)
     1    0.00                           _052_ (net)
                  0.04    0.00    0.53 ^ _473_/D (sky130_fd_sc_hd__dfrtp_1)
                                  0.53   data arrival time

                  0.15    0.00    0.00   clock clk (rise edge)
                          0.00    0.00   clock network delay (ideal)
                          0.25    0.25   clock uncertainty
                          0.00    0.25   clock reconvergence pessimism
                                  0.25 ^ _473_/CLK (sky130_fd_sc_hd__dfrtp_1)
                         -0.02    0.23   library hold time
                                  0.23   data required time
-----------------------------------------------------------------------------
                                  0.23   data required time
                                 -0.53   data arrival time
-----------------------------------------------------------------------------
                                  0.30   slack (MET)


Startpoint: _451_ (rising edge-triggered flip-flop clocked by clk)
Endpoint: _457_ (rising edge-triggered flip-flop clocked by clk)
Path Group: clk
Path Type: min

Fanout     Cap    Slew   Delay    Time   Description
-----------------------------------------------------------------------------
                  0.15    0.00    0.00   clock clk (rise edge)
                          0.00    0.00   clock network delay (ideal)
                  0.15    0.00    0.00 ^ _451_/CLK (sky130_fd_sc_hd__dfrtp_1)
                  0.06    0.35    0.35 ^ _451_/Q (sky130_fd_sc_hd__dfrtp_1)
     2    0.00                           u_am3.b_i[1] (net)
                  0.06    0.00    0.35 ^ _354_/A1 (sky130_fd_sc_hd__mux2_1)
                  0.04    0.11    0.46 ^ _354_/X (sky130_fd_sc_hd__mux2_1)
     1    0.00                           _171_ (net)
                  0.04    0.00    0.46 ^ _355_/A (sky130_fd_sc_hd__clkbuf_1)
                  0.04    0.07    0.53 ^ _355_/X (sky130_fd_sc_hd__clkbuf_1)
     1    0.00                           _037_ (net)
                  0.04    0.00    0.53 ^ _457_/D (sky130_fd_sc_hd__dfrtp_1)
                                  0.53   data arrival time

                  0.15    0.00    0.00   clock clk (rise edge)
                          0.00    0.00   clock network delay (ideal)
                          0.25    0.25   clock uncertainty
                          0.00    0.25   clock reconvergence pessimism
                                  0.25 ^ _457_/CLK (sky130_fd_sc_hd__dfrtp_1)
                         -0.02    0.23   library hold time
                                  0.23   data required time
-----------------------------------------------------------------------------
                                  0.23   data required time
                                 -0.53   data arrival time
-----------------------------------------------------------------------------
                                  0.30   slack (MET)


Startpoint: _438_ (rising edge-triggered flip-flop clocked by clk)
Endpoint: _438_ (rising edge-triggered flip-flop clocked by clk)
Path Group: clk
Path Type: min

Fanout     Cap    Slew   Delay    Time   Description
-----------------------------------------------------------------------------
                  0.15    0.00    0.00   clock clk (rise edge)
                          0.00    0.00   clock network delay (ideal)
                  0.15    0.00    0.00 ^ _438_/CLK (sky130_fd_sc_hd__dfrtp_1)
                  0.06    0.35    0.35 ^ _438_/Q (sky130_fd_sc_hd__dfrtp_1)
     2    0.00                           u_am1.b_i[0] (net)
                  0.06    0.00    0.35 ^ _312_/A0 (sky130_fd_sc_hd__mux2_1)
                  0.04    0.11    0.46 ^ _312_/X (sky130_fd_sc_hd__mux2_1)
     1    0.00                           _148_ (net)
                  0.04    0.00    0.46 ^ _313_/A (sky130_fd_sc_hd__clkbuf_1)
                  0.04    0.07    0.53 ^ _313_/X (sky130_fd_sc_hd__clkbuf_1)
     1    0.00                           _018_ (net)
                  0.04    0.00    0.53 ^ _438_/D (sky130_fd_sc_hd__dfrtp_1)
                                  0.53   data arrival time

                  0.15    0.00    0.00   clock clk (rise edge)
                          0.00    0.00   clock network delay (ideal)
                          0.25    0.25   clock uncertainty
                          0.00    0.25   clock reconvergence pessimism
                                  0.25 ^ _438_/CLK (sky130_fd_sc_hd__dfrtp_1)
                         -0.02    0.23   library hold time
                                  0.23   data required time
-----------------------------------------------------------------------------
                                  0.23   data required time
                                 -0.53   data arrival time
-----------------------------------------------------------------------------
                                  0.30   slack (MET)


Startpoint: _452_ (rising edge-triggered flip-flop clocked by clk)
Endpoint: _452_ (rising edge-triggered flip-flop clocked by clk)
Path Group: clk
Path Type: min

Fanout     Cap    Slew   Delay    Time   Description
-----------------------------------------------------------------------------
                  0.15    0.00    0.00   clock clk (rise edge)
                          0.00    0.00   clock network delay (ideal)
                  0.15    0.00    0.00 ^ _452_/CLK (sky130_fd_sc_hd__dfrtp_1)
                  0.06    0.35    0.35 ^ _452_/Q (sky130_fd_sc_hd__dfrtp_1)
     2    0.01                           u_am3.b_i[2] (net)
                  0.06    0.00    0.35 ^ _344_/A0 (sky130_fd_sc_hd__mux2_1)
                  0.04    0.11    0.46 ^ _344_/X (sky130_fd_sc_hd__mux2_1)
     1    0.00                           _166_ (net)
                  0.04    0.00    0.46 ^ _345_/A (sky130_fd_sc_hd__clkbuf_1)
                  0.04    0.07    0.53 ^ _345_/X (sky130_fd_sc_hd__clkbuf_1)
     1    0.00                           _032_ (net)
                  0.04    0.00    0.53 ^ _452_/D (sky130_fd_sc_hd__dfrtp_1)
                                  0.53   data arrival time

                  0.15    0.00    0.00   clock clk (rise edge)
                          0.00    0.00   clock network delay (ideal)
                          0.25    0.25   clock uncertainty
                          0.00    0.25   clock reconvergence pessimism
                                  0.25 ^ _452_/CLK (sky130_fd_sc_hd__dfrtp_1)
                         -0.02    0.23   library hold time
                                  0.23   data required time
-----------------------------------------------------------------------------
                                  0.23   data required time
                                 -0.53   data arrival time
-----------------------------------------------------------------------------
                                  0.30   slack (MET)


Startpoint: _425_ (rising edge-triggered flip-flop clocked by clk)
Endpoint: _425_ (rising edge-triggered flip-flop clocked by clk)
Path Group: clk
Path Type: min

Fanout     Cap    Slew   Delay    Time   Description
-----------------------------------------------------------------------------
                  0.15    0.00    0.00   clock clk (rise edge)
                          0.00    0.00   clock network delay (ideal)
                  0.15    0.00    0.00 ^ _425_/CLK (sky130_fd_sc_hd__dfrtp_1)
                  0.06    0.35    0.35 ^ _425_/Q (sky130_fd_sc_hd__dfrtp_1)
     2    0.01                           u_am4.b_i[2] (net)
                  0.06    0.00    0.35 ^ _271_/A0 (sky130_fd_sc_hd__mux2_1)
                  0.04    0.11    0.46 ^ _271_/X (sky130_fd_sc_hd__mux2_1)
     1    0.00                           _120_ (net)
                  0.04    0.00    0.46 ^ _272_/A (sky130_fd_sc_hd__clkbuf_1)
                  0.04    0.07    0.53 ^ _272_/X (sky130_fd_sc_hd__clkbuf_1)
     1    0.00                           _005_ (net)
                  0.04    0.00    0.53 ^ _425_/D (sky130_fd_sc_hd__dfrtp_1)
                                  0.53   data arrival time

                  0.15    0.00    0.00   clock clk (rise edge)
                          0.00    0.00   clock network delay (ideal)
                          0.25    0.25   clock uncertainty
                          0.00    0.25   clock reconvergence pessimism
                                  0.25 ^ _425_/CLK (sky130_fd_sc_hd__dfrtp_1)
                         -0.02    0.23   library hold time
                                  0.23   data required time
-----------------------------------------------------------------------------
                                  0.23   data required time
                                 -0.53   data arrival time
-----------------------------------------------------------------------------
                                  0.30   slack (MET)


Startpoint: _445_ (rising edge-triggered flip-flop clocked by clk)
Endpoint: _460_ (rising edge-triggered flip-flop clocked by clk)
Path Group: clk
Path Type: min

Fanout     Cap    Slew   Delay    Time   Description
-----------------------------------------------------------------------------
                  0.15    0.00    0.00   clock clk (rise edge)
                          0.00    0.00   clock network delay (ideal)
                  0.15    0.00    0.00 ^ _445_/CLK (sky130_fd_sc_hd__dfrtp_1)
                  0.06    0.35    0.35 ^ _445_/Q (sky130_fd_sc_hd__dfrtp_1)
     2    0.01                           u_am2.b_i[1] (net)
                  0.06    0.00    0.35 ^ _360_/A1 (sky130_fd_sc_hd__mux2_1)
                  0.04    0.12    0.46 ^ _360_/X (sky130_fd_sc_hd__mux2_1)
     1    0.00                           _174_ (net)
                  0.04    0.00    0.46 ^ _361_/A (sky130_fd_sc_hd__clkbuf_1)
                  0.04    0.07    0.54 ^ _361_/X (sky130_fd_sc_hd__clkbuf_1)
     1    0.00                           _040_ (net)
                  0.04    0.00    0.54 ^ _460_/D (sky130_fd_sc_hd__dfrtp_1)
                                  0.54   data arrival time

                  0.15    0.00    0.00   clock clk (rise edge)
                          0.00    0.00   clock network delay (ideal)
                          0.25    0.25   clock uncertainty
                          0.00    0.25   clock reconvergence pessimism
                                  0.25 ^ _460_/CLK (sky130_fd_sc_hd__dfrtp_1)
                         -0.02    0.23   library hold time
                                  0.23   data required time
-----------------------------------------------------------------------------
                                  0.23   data required time
                                 -0.54   data arrival time
-----------------------------------------------------------------------------
                                  0.30   slack (MET)


Startpoint: _438_ (rising edge-triggered flip-flop clocked by clk)
Endpoint: _462_ (rising edge-triggered flip-flop clocked by clk)
Path Group: clk
Path Type: min

Fanout     Cap    Slew   Delay    Time   Description
-----------------------------------------------------------------------------
                  0.15    0.00    0.00   clock clk (rise edge)
                          0.00    0.00   clock network delay (ideal)
                  0.15    0.00    0.00 ^ _438_/CLK (sky130_fd_sc_hd__dfrtp_1)
                  0.06    0.35    0.35 ^ _438_/Q (sky130_fd_sc_hd__dfrtp_1)
     2    0.00                           u_am1.b_i[0] (net)
                  0.06    0.00    0.35 ^ _364_/A1 (sky130_fd_sc_hd__mux2_1)
                  0.04    0.12    0.46 ^ _364_/X (sky130_fd_sc_hd__mux2_1)
     1    0.00                           _176_ (net)
                  0.04    0.00    0.46 ^ _365_/A (sky130_fd_sc_hd__clkbuf_1)
                  0.04    0.07    0.54 ^ _365_/X (sky130_fd_sc_hd__clkbuf_1)
     1    0.00                           _042_ (net)
                  0.04    0.00    0.54 ^ _462_/D (sky130_fd_sc_hd__dfrtp_1)
                                  0.54   data arrival time

                  0.15    0.00    0.00   clock clk (rise edge)
                          0.00    0.00   clock network delay (ideal)
                          0.25    0.25   clock uncertainty
                          0.00    0.25   clock reconvergence pessimism
                                  0.25 ^ _462_/CLK (sky130_fd_sc_hd__dfrtp_1)
                         -0.02    0.23   library hold time
                                  0.23   data required time
-----------------------------------------------------------------------------
                                  0.23   data required time
                                 -0.54   data arrival time
-----------------------------------------------------------------------------
                                  0.30   slack (MET)


Startpoint: _424_ (rising edge-triggered flip-flop clocked by clk)
Endpoint: _424_ (rising edge-triggered flip-flop clocked by clk)
Path Group: clk
Path Type: min

Fanout     Cap    Slew   Delay    Time   Description
-----------------------------------------------------------------------------
                  0.15    0.00    0.00   clock clk (rise edge)
                          0.00    0.00   clock network delay (ideal)
                  0.15    0.00    0.00 ^ _424_/CLK (sky130_fd_sc_hd__dfrtp_1)
                  0.07    0.35    0.35 ^ _424_/Q (sky130_fd_sc_hd__dfrtp_1)
     2    0.01                           u_am4.b_i[1] (net)
                  0.07    0.00    0.35 ^ _269_/A0 (sky130_fd_sc_hd__mux2_1)
                  0.04    0.11    0.46 ^ _269_/X (sky130_fd_sc_hd__mux2_1)
     1    0.00                           _119_ (net)
                  0.04    0.00    0.46 ^ _270_/A (sky130_fd_sc_hd__clkbuf_1)
                  0.04    0.07    0.54 ^ _270_/X (sky130_fd_sc_hd__clkbuf_1)
     1    0.00                           _004_ (net)
                  0.04    0.00    0.54 ^ _424_/D (sky130_fd_sc_hd__dfrtp_1)
                                  0.54   data arrival time

                  0.15    0.00    0.00   clock clk (rise edge)
                          0.00    0.00   clock network delay (ideal)
                          0.25    0.25   clock uncertainty
                          0.00    0.25   clock reconvergence pessimism
                                  0.25 ^ _424_/CLK (sky130_fd_sc_hd__dfrtp_1)
                         -0.02    0.23   library hold time
                                  0.23   data required time
-----------------------------------------------------------------------------
                                  0.23   data required time
                                 -0.54   data arrival time
-----------------------------------------------------------------------------
                                  0.30   slack (MET)


Startpoint: _432_ (rising edge-triggered flip-flop clocked by clk)
Endpoint: _432_ (rising edge-triggered flip-flop clocked by clk)
Path Group: clk
Path Type: min

Fanout     Cap    Slew   Delay    Time   Description
-----------------------------------------------------------------------------
                  0.15    0.00    0.00   clock clk (rise edge)
                          0.00    0.00   clock network delay (ideal)
                  0.15    0.00    0.00 ^ _432_/CLK (sky130_fd_sc_hd__dfrtp_1)
                  0.07    0.35    0.35 ^ _432_/Q (sky130_fd_sc_hd__dfrtp_1)
     2    0.01                           u_am0.b_i[0] (net)
                  0.07    0.00    0.35 ^ _295_/A0 (sky130_fd_sc_hd__mux2_1)
                  0.04    0.11    0.46 ^ _295_/X (sky130_fd_sc_hd__mux2_1)
     1    0.00                           _137_ (net)
                  0.04    0.00    0.46 ^ _296_/A (sky130_fd_sc_hd__clkbuf_1)
                  0.04    0.07    0.54 ^ _296_/X (sky130_fd_sc_hd__clkbuf_1)
     1    0.00                           _012_ (net)
                  0.04    0.00    0.54 ^ _432_/D (sky130_fd_sc_hd__dfrtp_1)
                                  0.54   data arrival time

                  0.15    0.00    0.00   clock clk (rise edge)
                          0.00    0.00   clock network delay (ideal)
                          0.25    0.25   clock uncertainty
                          0.00    0.25   clock reconvergence pessimism
                                  0.25 ^ _432_/CLK (sky130_fd_sc_hd__dfrtp_1)
                         -0.02    0.23   library hold time
                                  0.23   data required time
-----------------------------------------------------------------------------
                                  0.23   data required time
                                 -0.54   data arrival time
-----------------------------------------------------------------------------
                                  0.30   slack (MET)


Startpoint: _450_ (rising edge-triggered flip-flop clocked by clk)
Endpoint: _450_ (rising edge-triggered flip-flop clocked by clk)
Path Group: clk
Path Type: min

Fanout     Cap    Slew   Delay    Time   Description
-----------------------------------------------------------------------------
                  0.15    0.00    0.00   clock clk (rise edge)
                          0.00    0.00   clock network delay (ideal)
                  0.15    0.00    0.00 ^ _450_/CLK (sky130_fd_sc_hd__dfrtp_1)
                  0.06    0.35    0.35 ^ _450_/Q (sky130_fd_sc_hd__dfrtp_1)
     2    0.01                           u_am3.b_i[0] (net)
                  0.06    0.00    0.35 ^ _340_/A0 (sky130_fd_sc_hd__mux2_1)
                  0.04    0.11    0.47 ^ _340_/X (sky130_fd_sc_hd__mux2_1)
     1    0.00                           _164_ (net)
                  0.04    0.00    0.47 ^ _341_/A (sky130_fd_sc_hd__clkbuf_1)
                  0.04    0.07    0.54 ^ _341_/X (sky130_fd_sc_hd__clkbuf_1)
     1    0.00                           _030_ (net)
                  0.04    0.00    0.54 ^ _450_/D (sky130_fd_sc_hd__dfrtp_1)
                                  0.54   data arrival time

                  0.15    0.00    0.00   clock clk (rise edge)
                          0.00    0.00   clock network delay (ideal)
                          0.25    0.25   clock uncertainty
                          0.00    0.25   clock reconvergence pessimism
                                  0.25 ^ _450_/CLK (sky130_fd_sc_hd__dfrtp_1)
                         -0.02    0.23   library hold time
                                  0.23   data required time
-----------------------------------------------------------------------------
                                  0.23   data required time
                                 -0.54   data arrival time
-----------------------------------------------------------------------------
                                  0.31   slack (MET)


Startpoint: _425_ (rising edge-triggered flip-flop clocked by clk)
Endpoint: _455_ (rising edge-triggered flip-flop clocked by clk)
Path Group: clk
Path Type: min

Fanout     Cap    Slew   Delay    Time   Description
-----------------------------------------------------------------------------
                  0.15    0.00    0.00   clock clk (rise edge)
                          0.00    0.00   clock network delay (ideal)
                  0.15    0.00    0.00 ^ _425_/CLK (sky130_fd_sc_hd__dfrtp_1)
                  0.06    0.35    0.35 ^ _425_/Q (sky130_fd_sc_hd__dfrtp_1)
     2    0.01                           u_am4.b_i[2] (net)
                  0.06    0.00    0.35 ^ _350_/A1 (sky130_fd_sc_hd__mux2_1)
                  0.04    0.12    0.47 ^ _350_/X (sky130_fd_sc_hd__mux2_1)
     1    0.00                           _169_ (net)
                  0.04    0.00    0.47 ^ _351_/A (sky130_fd_sc_hd__clkbuf_1)
                  0.04    0.07    0.54 ^ _351_/X (sky130_fd_sc_hd__clkbuf_1)
     1    0.00                           _035_ (net)
                  0.04    0.00    0.54 ^ _455_/D (sky130_fd_sc_hd__dfrtp_1)
                                  0.54   data arrival time

                  0.15    0.00    0.00   clock clk (rise edge)
                          0.00    0.00   clock network delay (ideal)
                          0.25    0.25   clock uncertainty
                          0.00    0.25   clock reconvergence pessimism
                                  0.25 ^ _455_/CLK (sky130_fd_sc_hd__dfrtp_1)
                         -0.02    0.23   library hold time
                                  0.23   data required time
-----------------------------------------------------------------------------
                                  0.23   data required time
                                 -0.54   data arrival time
-----------------------------------------------------------------------------
                                  0.31   slack (MET)


Startpoint: _452_ (rising edge-triggered flip-flop clocked by clk)
Endpoint: _458_ (rising edge-triggered flip-flop clocked by clk)
Path Group: clk
Path Type: min

Fanout     Cap    Slew   Delay    Time   Description
-----------------------------------------------------------------------------
                  0.15    0.00    0.00   clock clk (rise edge)
                          0.00    0.00   clock network delay (ideal)
                  0.15    0.00    0.00 ^ _452_/CLK (sky130_fd_sc_hd__dfrtp_1)
                  0.06    0.35    0.35 ^ _452_/Q (sky130_fd_sc_hd__dfrtp_1)
     2    0.01                           u_am3.b_i[2] (net)
                  0.06    0.00    0.35 ^ _356_/A1 (sky130_fd_sc_hd__mux2_1)
                  0.04    0.12    0.47 ^ _356_/X (sky130_fd_sc_hd__mux2_1)
     1    0.00                           _172_ (net)
                  0.04    0.00    0.47 ^ _357_/A (sky130_fd_sc_hd__clkbuf_1)
                  0.04    0.07    0.54 ^ _357_/X (sky130_fd_sc_hd__clkbuf_1)
     1    0.00                           _038_ (net)
                  0.04    0.00    0.54 ^ _458_/D (sky130_fd_sc_hd__dfrtp_1)
                                  0.54   data arrival time

                  0.15    0.00    0.00   clock clk (rise edge)
                          0.00    0.00   clock network delay (ideal)
                          0.25    0.25   clock uncertainty
                          0.00    0.25   clock reconvergence pessimism
                                  0.25 ^ _458_/CLK (sky130_fd_sc_hd__dfrtp_1)
                         -0.02    0.23   library hold time
                                  0.23   data required time
-----------------------------------------------------------------------------
                                  0.23   data required time
                                 -0.54   data arrival time
-----------------------------------------------------------------------------
                                  0.31   slack (MET)


Startpoint: _450_ (rising edge-triggered flip-flop clocked by clk)
Endpoint: _456_ (rising edge-triggered flip-flop clocked by clk)
Path Group: clk
Path Type: min

Fanout     Cap    Slew   Delay    Time   Description
-----------------------------------------------------------------------------
                  0.15    0.00    0.00   clock clk (rise edge)
                          0.00    0.00   clock network delay (ideal)
                  0.15    0.00    0.00 ^ _450_/CLK (sky130_fd_sc_hd__dfrtp_1)
                  0.06    0.35    0.35 ^ _450_/Q (sky130_fd_sc_hd__dfrtp_1)
     2    0.01                           u_am3.b_i[0] (net)
                  0.06    0.00    0.35 ^ _352_/A1 (sky130_fd_sc_hd__mux2_1)
                  0.04    0.12    0.47 ^ _352_/X (sky130_fd_sc_hd__mux2_1)
     1    0.00                           _170_ (net)
                  0.04    0.00    0.47 ^ _353_/A (sky130_fd_sc_hd__clkbuf_1)
                  0.04    0.07    0.54 ^ _353_/X (sky130_fd_sc_hd__clkbuf_1)
     1    0.00                           _036_ (net)
                  0.04    0.00    0.54 ^ _456_/D (sky130_fd_sc_hd__dfrtp_1)
                                  0.54   data arrival time

                  0.15    0.00    0.00   clock clk (rise edge)
                          0.00    0.00   clock network delay (ideal)
                          0.25    0.25   clock uncertainty
                          0.00    0.25   clock reconvergence pessimism
                                  0.25 ^ _456_/CLK (sky130_fd_sc_hd__dfrtp_1)
                         -0.02    0.23   library hold time
                                  0.23   data required time
-----------------------------------------------------------------------------
                                  0.23   data required time
                                 -0.54   data arrival time
-----------------------------------------------------------------------------
                                  0.31   slack (MET)


Startpoint: _423_ (rising edge-triggered flip-flop clocked by clk)
Endpoint: _423_ (rising edge-triggered flip-flop clocked by clk)
Path Group: clk
Path Type: min

Fanout     Cap    Slew   Delay    Time   Description
-----------------------------------------------------------------------------
                  0.15    0.00    0.00   clock clk (rise edge)
                          0.00    0.00   clock network delay (ideal)
                  0.15    0.00    0.00 ^ _423_/CLK (sky130_fd_sc_hd__dfrtp_1)
                  0.07    0.35    0.35 ^ _423_/Q (sky130_fd_sc_hd__dfrtp_1)
     2    0.01                           u_am4.b_i[0] (net)
                  0.07    0.00    0.35 ^ _267_/A0 (sky130_fd_sc_hd__mux2_1)
                  0.04    0.11    0.47 ^ _267_/X (sky130_fd_sc_hd__mux2_1)
     1    0.00                           _118_ (net)
                  0.04    0.00    0.47 ^ _268_/A (sky130_fd_sc_hd__clkbuf_1)
                  0.04    0.07    0.54 ^ _268_/X (sky130_fd_sc_hd__clkbuf_1)
     1    0.00                           _003_ (net)
                  0.04    0.00    0.54 ^ _423_/D (sky130_fd_sc_hd__dfrtp_1)
                                  0.54   data arrival time

                  0.15    0.00    0.00   clock clk (rise edge)
                          0.00    0.00   clock network delay (ideal)
                          0.25    0.25   clock uncertainty
                          0.00    0.25   clock reconvergence pessimism
                                  0.25 ^ _423_/CLK (sky130_fd_sc_hd__dfrtp_1)
                         -0.02    0.23   library hold time
                                  0.23   data required time
-----------------------------------------------------------------------------
                                  0.23   data required time
                                 -0.54   data arrival time
-----------------------------------------------------------------------------
                                  0.31   slack (MET)


Startpoint: _472_ (rising edge-triggered flip-flop clocked by clk)
Endpoint: _472_ (rising edge-triggered flip-flop clocked by clk)
Path Group: clk
Path Type: min

Fanout     Cap    Slew   Delay    Time   Description
-----------------------------------------------------------------------------
                  0.15    0.00    0.00   clock clk (rise edge)
                          0.00    0.00   clock network delay (ideal)
                  0.15    0.00    0.00 ^ _472_/CLK (sky130_fd_sc_hd__dfrtp_1)
                  0.07    0.36    0.36 ^ _472_/Q (sky130_fd_sc_hd__dfrtp_1)
     2    0.01                           net21 (net)
                  0.07    0.00    0.36 ^ _384_/A0 (sky130_fd_sc_hd__mux2_1)
                  0.04    0.11    0.47 ^ _384_/X (sky130_fd_sc_hd__mux2_1)
     1    0.00                           _187_ (net)
                  0.04    0.00    0.47 ^ _385_/A (sky130_fd_sc_hd__clkbuf_1)
                  0.04    0.07    0.54 ^ _385_/X (sky130_fd_sc_hd__clkbuf_1)
     1    0.00                           _051_ (net)
                  0.04    0.00    0.54 ^ _472_/D (sky130_fd_sc_hd__dfrtp_1)
                                  0.54   data arrival time

                  0.15    0.00    0.00   clock clk (rise edge)
                          0.00    0.00   clock network delay (ideal)
                          0.25    0.25   clock uncertainty
                          0.00    0.25   clock reconvergence pessimism
                                  0.25 ^ _472_/CLK (sky130_fd_sc_hd__dfrtp_1)
                         -0.02    0.23   library hold time
                                  0.23   data required time
-----------------------------------------------------------------------------
                                  0.23   data required time
                                 -0.54   data arrival time
-----------------------------------------------------------------------------
                                  0.31   slack (MET)


Startpoint: _424_ (rising edge-triggered flip-flop clocked by clk)
Endpoint: _454_ (rising edge-triggered flip-flop clocked by clk)
Path Group: clk
Path Type: min

Fanout     Cap    Slew   Delay    Time   Description
-----------------------------------------------------------------------------
                  0.15    0.00    0.00   clock clk (rise edge)
                          0.00    0.00   clock network delay (ideal)
                  0.15    0.00    0.00 ^ _424_/CLK (sky130_fd_sc_hd__dfrtp_1)
                  0.07    0.35    0.35 ^ _424_/Q (sky130_fd_sc_hd__dfrtp_1)
     2    0.01                           u_am4.b_i[1] (net)
                  0.07    0.00    0.35 ^ _348_/A1 (sky130_fd_sc_hd__mux2_1)
                  0.04    0.12    0.47 ^ _348_/X (sky130_fd_sc_hd__mux2_1)
     1    0.00                           _168_ (net)
                  0.04    0.00    0.47 ^ _349_/A (sky130_fd_sc_hd__clkbuf_1)
                  0.04    0.07    0.54 ^ _349_/X (sky130_fd_sc_hd__clkbuf_1)
     1    0.00                           _034_ (net)
                  0.04    0.00    0.54 ^ _454_/D (sky130_fd_sc_hd__dfrtp_1)
                                  0.54   data arrival time

                  0.15    0.00    0.00   clock clk (rise edge)
                          0.00    0.00   clock network delay (ideal)
                          0.25    0.25   clock uncertainty
                          0.00    0.25   clock reconvergence pessimism
                                  0.25 ^ _454_/CLK (sky130_fd_sc_hd__dfrtp_1)
                         -0.02    0.23   library hold time
                                  0.23   data required time
-----------------------------------------------------------------------------
                                  0.23   data required time
                                 -0.54   data arrival time
-----------------------------------------------------------------------------
                                  0.31   slack (MET)


Startpoint: _432_ (rising edge-triggered flip-flop clocked by clk)
Endpoint: _465_ (rising edge-triggered flip-flop clocked by clk)
Path Group: clk
Path Type: min

Fanout     Cap    Slew   Delay    Time   Description
-----------------------------------------------------------------------------
                  0.15    0.00    0.00   clock clk (rise edge)
                          0.00    0.00   clock network delay (ideal)
                  0.15    0.00    0.00 ^ _432_/CLK (sky130_fd_sc_hd__dfrtp_1)
                  0.07    0.35    0.35 ^ _432_/Q (sky130_fd_sc_hd__dfrtp_1)
     2    0.01                           u_am0.b_i[0] (net)
                  0.07    0.00    0.35 ^ _370_/A1 (sky130_fd_sc_hd__mux2_1)
                  0.04    0.12    0.47 ^ _370_/X (sky130_fd_sc_hd__mux2_1)
     1    0.00                           _179_ (net)
                  0.04    0.00    0.47 ^ _371_/A (sky130_fd_sc_hd__clkbuf_1)
                  0.04    0.07    0.54 ^ _371_/X (sky130_fd_sc_hd__clkbuf_1)
     1    0.00                           _045_ (net)
                  0.04    0.00    0.54 ^ _465_/D (sky130_fd_sc_hd__dfrtp_1)
                                  0.54   data arrival time

                  0.15    0.00    0.00   clock clk (rise edge)
                          0.00    0.00   clock network delay (ideal)
                          0.25    0.25   clock uncertainty
                          0.00    0.25   clock reconvergence pessimism
                                  0.25 ^ _465_/CLK (sky130_fd_sc_hd__dfrtp_1)
                         -0.02    0.23   library hold time
                                  0.23   data required time
-----------------------------------------------------------------------------
                                  0.23   data required time
                                 -0.54   data arrival time
-----------------------------------------------------------------------------
                                  0.31   slack (MET)


Startpoint: _423_ (rising edge-triggered flip-flop clocked by clk)
Endpoint: _453_ (rising edge-triggered flip-flop clocked by clk)
Path Group: clk
Path Type: min

Fanout     Cap    Slew   Delay    Time   Description
-----------------------------------------------------------------------------
                  0.15    0.00    0.00   clock clk (rise edge)
                          0.00    0.00   clock network delay (ideal)
                  0.15    0.00    0.00 ^ _423_/CLK (sky130_fd_sc_hd__dfrtp_1)
                  0.07    0.35    0.35 ^ _423_/Q (sky130_fd_sc_hd__dfrtp_1)
     2    0.01                           u_am4.b_i[0] (net)
                  0.07    0.00    0.35 ^ _346_/A1 (sky130_fd_sc_hd__mux2_1)
                  0.04    0.12    0.47 ^ _346_/X (sky130_fd_sc_hd__mux2_1)
     1    0.00                           _167_ (net)
                  0.04    0.00    0.47 ^ _347_/A (sky130_fd_sc_hd__clkbuf_1)
                  0.04    0.07    0.54 ^ _347_/X (sky130_fd_sc_hd__clkbuf_1)
     1    0.00                           _033_ (net)
                  0.04    0.00    0.54 ^ _453_/D (sky130_fd_sc_hd__dfrtp_1)
                                  0.54   data arrival time

                  0.15    0.00    0.00   clock clk (rise edge)
                          0.00    0.00   clock network delay (ideal)
                          0.25    0.25   clock uncertainty
                          0.00    0.25   clock reconvergence pessimism
                                  0.25 ^ _453_/CLK (sky130_fd_sc_hd__dfrtp_1)
                         -0.02    0.23   library hold time
                                  0.23   data required time
-----------------------------------------------------------------------------
                                  0.23   data required time
                                 -0.54   data arrival time
-----------------------------------------------------------------------------
                                  0.31   slack (MET)


Startpoint: _430_ (rising edge-triggered flip-flop clocked by clk)
Endpoint: _430_ (rising edge-triggered flip-flop clocked by clk)
Path Group: clk
Path Type: min

Fanout     Cap    Slew   Delay    Time   Description
-----------------------------------------------------------------------------
                  0.15    0.00    0.00   clock clk (rise edge)
                          0.00    0.00   clock network delay (ideal)
                  0.15    0.00    0.00 ^ _430_/CLK (sky130_fd_sc_hd__dfrtp_1)
                  0.08    0.36    0.36 ^ _430_/Q (sky130_fd_sc_hd__dfrtp_1)
     2    0.01                           u_am1.max[1] (net)
                  0.08    0.00    0.36 ^ _292_/A0 (sky130_fd_sc_hd__mux2_1)
                  0.04    0.12    0.47 ^ _292_/X (sky130_fd_sc_hd__mux2_1)
     1    0.00                           _136_ (net)
                  0.04    0.00    0.47 ^ _293_/A (sky130_fd_sc_hd__clkbuf_1)
                  0.04    0.07    0.55 ^ _293_/X (sky130_fd_sc_hd__clkbuf_1)
     1    0.00                           _010_ (net)
                  0.04    0.00    0.55 ^ _430_/D (sky130_fd_sc_hd__dfrtp_1)
                                  0.55   data arrival time

                  0.15    0.00    0.00   clock clk (rise edge)
                          0.00    0.00   clock network delay (ideal)
                          0.25    0.25   clock uncertainty
                          0.00    0.25   clock reconvergence pessimism
                                  0.25 ^ _430_/CLK (sky130_fd_sc_hd__dfrtp_1)
                         -0.02    0.23   library hold time
                                  0.23   data required time
-----------------------------------------------------------------------------
                                  0.23   data required time
                                 -0.55   data arrival time
-----------------------------------------------------------------------------
                                  0.31   slack (MET)


Startpoint: _485_ (rising edge-triggered flip-flop clocked by clk)
Endpoint: _485_ (rising edge-triggered flip-flop clocked by clk)
Path Group: clk
Path Type: min

Fanout     Cap    Slew   Delay    Time   Description
-----------------------------------------------------------------------------
                  0.15    0.00    0.00   clock clk (rise edge)
                          0.00    0.00   clock network delay (ideal)
                  0.15    0.00    0.00 ^ _485_/CLK (sky130_fd_sc_hd__dfrtp_2)
                  0.12    0.42    0.42 ^ _485_/Q (sky130_fd_sc_hd__dfrtp_2)
     7    0.02                           u_am0.i_index[1] (net)
                  0.12    0.00    0.42 ^ _418_/B1 (sky130_fd_sc_hd__a21oi_1)
                  0.04    0.05    0.47 v _418_/Y (sky130_fd_sc_hd__a21oi_1)
     1    0.00                           _209_ (net)
                  0.04    0.00    0.47 v _419_/B (sky130_fd_sc_hd__nor2_1)
                  0.07    0.07    0.54 ^ _419_/Y (sky130_fd_sc_hd__nor2_1)
     1    0.00                           _063_ (net)
                  0.07    0.00    0.54 ^ _485_/D (sky130_fd_sc_hd__dfrtp_2)
                                  0.54   data arrival time

                  0.15    0.00    0.00   clock clk (rise edge)
                          0.00    0.00   clock network delay (ideal)
                          0.25    0.25   clock uncertainty
                          0.00    0.25   clock reconvergence pessimism
                                  0.25 ^ _485_/CLK (sky130_fd_sc_hd__dfrtp_2)
                         -0.03    0.22   library hold time
                                  0.22   data required time
-----------------------------------------------------------------------------
                                  0.22   data required time
                                 -0.54   data arrival time
-----------------------------------------------------------------------------
                                  0.32   slack (MET)


Startpoint: _429_ (rising edge-triggered flip-flop clocked by clk)
Endpoint: _429_ (rising edge-triggered flip-flop clocked by clk)
Path Group: clk
Path Type: min

Fanout     Cap    Slew   Delay    Time   Description
-----------------------------------------------------------------------------
                  0.15    0.00    0.00   clock clk (rise edge)
                          0.00    0.00   clock network delay (ideal)
                  0.15    0.00    0.00 ^ _429_/CLK (sky130_fd_sc_hd__dfrtp_1)
                  0.08    0.36    0.36 ^ _429_/Q (sky130_fd_sc_hd__dfrtp_1)
     2    0.01                           u_am1.max[0] (net)
                  0.08    0.00    0.36 ^ _290_/A0 (sky130_fd_sc_hd__mux2_1)
                  0.04    0.12    0.48 ^ _290_/X (sky130_fd_sc_hd__mux2_1)
     1    0.00                           _135_ (net)
                  0.04    0.00    0.48 ^ _291_/A (sky130_fd_sc_hd__clkbuf_1)
                  0.04    0.07    0.55 ^ _291_/X (sky130_fd_sc_hd__clkbuf_1)
     1    0.00                           _009_ (net)
                  0.04    0.00    0.55 ^ _429_/D (sky130_fd_sc_hd__dfrtp_1)
                                  0.55   data arrival time

                  0.15    0.00    0.00   clock clk (rise edge)
                          0.00    0.00   clock network delay (ideal)
                          0.25    0.25   clock uncertainty
                          0.00    0.25   clock reconvergence pessimism
                                  0.25 ^ _429_/CLK (sky130_fd_sc_hd__dfrtp_1)
                         -0.02    0.23   library hold time
                                  0.23   data required time
-----------------------------------------------------------------------------
                                  0.23   data required time
                                 -0.55   data arrival time
-----------------------------------------------------------------------------
                                  0.32   slack (MET)


Startpoint: _486_ (rising edge-triggered flip-flop clocked by clk)
Endpoint: _486_ (rising edge-triggered flip-flop clocked by clk)
Path Group: clk
Path Type: min

Fanout     Cap    Slew   Delay    Time   Description
-----------------------------------------------------------------------------
                  0.15    0.00    0.00   clock clk (rise edge)
                          0.00    0.00   clock network delay (ideal)
                  0.15    0.00    0.00 ^ _486_/CLK (sky130_fd_sc_hd__dfrtp_2)
                  0.11    0.42    0.42 ^ _486_/Q (sky130_fd_sc_hd__dfrtp_2)
     7    0.02                           u_am0.i_index[2] (net)
                  0.11    0.00    0.42 ^ _420_/A (sky130_fd_sc_hd__nor2_1)
                  0.03    0.06    0.47 v _420_/Y (sky130_fd_sc_hd__nor2_1)
     1    0.00                           _210_ (net)
                  0.03    0.00    0.47 v _421_/B (sky130_fd_sc_hd__nor2_1)
                  0.07    0.07    0.54 ^ _421_/Y (sky130_fd_sc_hd__nor2_1)
     1    0.00                           _064_ (net)
                  0.07    0.00    0.54 ^ _486_/D (sky130_fd_sc_hd__dfrtp_2)
                                  0.54   data arrival time

                  0.15    0.00    0.00   clock clk (rise edge)
                          0.00    0.00   clock network delay (ideal)
                          0.25    0.25   clock uncertainty
                          0.00    0.25   clock reconvergence pessimism
                                  0.25 ^ _486_/CLK (sky130_fd_sc_hd__dfrtp_2)
                         -0.03    0.22   library hold time
                                  0.22   data required time
-----------------------------------------------------------------------------
                                  0.22   data required time
                                 -0.54   data arrival time
-----------------------------------------------------------------------------
                                  0.32   slack (MET)


Startpoint: _441_ (rising edge-triggered flip-flop clocked by clk)
Endpoint: _441_ (rising edge-triggered flip-flop clocked by clk)
Path Group: clk
Path Type: min

Fanout     Cap    Slew   Delay    Time   Description
-----------------------------------------------------------------------------
                  0.15    0.00    0.00   clock clk (rise edge)
                          0.00    0.00   clock network delay (ideal)
                  0.15    0.00    0.00 ^ _441_/CLK (sky130_fd_sc_hd__dfrtp_1)
                  0.08    0.36    0.36 ^ _441_/Q (sky130_fd_sc_hd__dfrtp_1)
     2    0.01                           u_am3.max[0] (net)
                  0.08    0.00    0.36 ^ _324_/A0 (sky130_fd_sc_hd__mux2_1)
                  0.04    0.12    0.48 ^ _324_/X (sky130_fd_sc_hd__mux2_1)
     1    0.00                           _157_ (net)
                  0.04    0.00    0.48 ^ _325_/A (sky130_fd_sc_hd__clkbuf_1)
                  0.04    0.07    0.55 ^ _325_/X (sky130_fd_sc_hd__clkbuf_1)
     1    0.00                           _021_ (net)
                  0.04    0.00    0.55 ^ _441_/D (sky130_fd_sc_hd__dfrtp_1)
                                  0.55   data arrival time

                  0.15    0.00    0.00   clock clk (rise edge)
                          0.00    0.00   clock network delay (ideal)
                          0.25    0.25   clock uncertainty
                          0.00    0.25   clock reconvergence pessimism
                                  0.25 ^ _441_/CLK (sky130_fd_sc_hd__dfrtp_1)
                         -0.02    0.23   library hold time
                                  0.23   data required time
-----------------------------------------------------------------------------
                                  0.23   data required time
                                 -0.55   data arrival time
-----------------------------------------------------------------------------
                                  0.32   slack (MET)


Startpoint: _442_ (rising edge-triggered flip-flop clocked by clk)
Endpoint: _442_ (rising edge-triggered flip-flop clocked by clk)
Path Group: clk
Path Type: min

Fanout     Cap    Slew   Delay    Time   Description
-----------------------------------------------------------------------------
                  0.15    0.00    0.00   clock clk (rise edge)
                          0.00    0.00   clock network delay (ideal)
                  0.15    0.00    0.00 ^ _442_/CLK (sky130_fd_sc_hd__dfrtp_1)
                  0.08    0.36    0.36 ^ _442_/Q (sky130_fd_sc_hd__dfrtp_1)
     2    0.01                           u_am3.max[1] (net)
                  0.08    0.00    0.36 ^ _326_/A0 (sky130_fd_sc_hd__mux2_1)
                  0.04    0.12    0.48 ^ _326_/X (sky130_fd_sc_hd__mux2_1)
     1    0.00                           _158_ (net)
                  0.04    0.00    0.48 ^ _327_/A (sky130_fd_sc_hd__clkbuf_1)
                  0.04    0.07    0.55 ^ _327_/X (sky130_fd_sc_hd__clkbuf_1)
     1    0.00                           _022_ (net)
                  0.04    0.00    0.55 ^ _442_/D (sky130_fd_sc_hd__dfrtp_1)
                                  0.55   data arrival time

                  0.15    0.00    0.00   clock clk (rise edge)
                          0.00    0.00   clock network delay (ideal)
                          0.25    0.25   clock uncertainty
                          0.00    0.25   clock reconvergence pessimism
                                  0.25 ^ _442_/CLK (sky130_fd_sc_hd__dfrtp_1)
                         -0.02    0.23   library hold time
                                  0.23   data required time
-----------------------------------------------------------------------------
                                  0.23   data required time
                                 -0.55   data arrival time
-----------------------------------------------------------------------------
                                  0.32   slack (MET)


Startpoint: _448_ (rising edge-triggered flip-flop clocked by clk)
Endpoint: _448_ (rising edge-triggered flip-flop clocked by clk)
Path Group: clk
Path Type: min

Fanout     Cap    Slew   Delay    Time   Description
-----------------------------------------------------------------------------
                  0.15    0.00    0.00   clock clk (rise edge)
                          0.00    0.00   clock network delay (ideal)
                  0.15    0.00    0.00 ^ _448_/CLK (sky130_fd_sc_hd__dfrtp_1)
                  0.08    0.36    0.36 ^ _448_/Q (sky130_fd_sc_hd__dfrtp_1)
     2    0.01                           u_am4.max[1] (net)
                  0.08    0.00    0.36 ^ _337_/A0 (sky130_fd_sc_hd__mux2_1)
                  0.04    0.12    0.48 ^ _337_/X (sky130_fd_sc_hd__mux2_1)
     1    0.00                           _163_ (net)
                  0.04    0.00    0.48 ^ _338_/A (sky130_fd_sc_hd__clkbuf_1)
                  0.04    0.07    0.55 ^ _338_/X (sky130_fd_sc_hd__clkbuf_1)
     1    0.00                           _028_ (net)
                  0.04    0.00    0.55 ^ _448_/D (sky130_fd_sc_hd__dfrtp_1)
                                  0.55   data arrival time

                  0.15    0.00    0.00   clock clk (rise edge)
                          0.00    0.00   clock network delay (ideal)
                          0.25    0.25   clock uncertainty
                          0.00    0.25   clock reconvergence pessimism
                                  0.25 ^ _448_/CLK (sky130_fd_sc_hd__dfrtp_1)
                         -0.02    0.23   library hold time
                                  0.23   data required time
-----------------------------------------------------------------------------
                                  0.23   data required time
                                 -0.55   data arrival time
-----------------------------------------------------------------------------
                                  0.32   slack (MET)


Startpoint: _427_ (rising edge-triggered flip-flop clocked by clk)
Endpoint: _427_ (rising edge-triggered flip-flop clocked by clk)
Path Group: clk
Path Type: min

Fanout     Cap    Slew   Delay    Time   Description
-----------------------------------------------------------------------------
                  0.15    0.00    0.00   clock clk (rise edge)
                          0.00    0.00   clock network delay (ideal)
                  0.15    0.00    0.00 ^ _427_/CLK (sky130_fd_sc_hd__dfrtp_1)
                  0.08    0.36    0.36 ^ _427_/Q (sky130_fd_sc_hd__dfrtp_1)
     2    0.01                           u_am0.max[1] (net)
                  0.08    0.00    0.36 ^ _281_/A0 (sky130_fd_sc_hd__mux2_1)
                  0.04    0.12    0.48 ^ _281_/X (sky130_fd_sc_hd__mux2_1)
     1    0.00                           _128_ (net)
                  0.04    0.00    0.48 ^ _282_/A (sky130_fd_sc_hd__clkbuf_1)
                  0.04    0.07    0.55 ^ _282_/X (sky130_fd_sc_hd__clkbuf_1)
     1    0.00                           _007_ (net)
                  0.04    0.00    0.55 ^ _427_/D (sky130_fd_sc_hd__dfrtp_1)
                                  0.55   data arrival time

                  0.15    0.00    0.00   clock clk (rise edge)
                          0.00    0.00   clock network delay (ideal)
                          0.25    0.25   clock uncertainty
                          0.00    0.25   clock reconvergence pessimism
                                  0.25 ^ _427_/CLK (sky130_fd_sc_hd__dfrtp_1)
                         -0.02    0.23   library hold time
                                  0.23   data required time
-----------------------------------------------------------------------------
                                  0.23   data required time
                                 -0.55   data arrival time
-----------------------------------------------------------------------------
                                  0.32   slack (MET)


Startpoint: _436_ (rising edge-triggered flip-flop clocked by clk)
Endpoint: _436_ (rising edge-triggered flip-flop clocked by clk)
Path Group: clk
Path Type: min

Fanout     Cap    Slew   Delay    Time   Description
-----------------------------------------------------------------------------
                  0.15    0.00    0.00   clock clk (rise edge)
                          0.00    0.00   clock network delay (ideal)
                  0.15    0.00    0.00 ^ _436_/CLK (sky130_fd_sc_hd__dfrtp_1)
                  0.08    0.36    0.36 ^ _436_/Q (sky130_fd_sc_hd__dfrtp_1)
     2    0.01                           u_am2.max[1] (net)
                  0.08    0.00    0.36 ^ _309_/A0 (sky130_fd_sc_hd__mux2_1)
                  0.04    0.12    0.48 ^ _309_/X (sky130_fd_sc_hd__mux2_1)
     1    0.00                           _147_ (net)
                  0.04    0.00    0.48 ^ _310_/A (sky130_fd_sc_hd__clkbuf_1)
                  0.04    0.07    0.55 ^ _310_/X (sky130_fd_sc_hd__clkbuf_1)
     1    0.00                           _016_ (net)
                  0.04    0.00    0.55 ^ _436_/D (sky130_fd_sc_hd__dfrtp_1)
                                  0.55   data arrival time

                  0.15    0.00    0.00   clock clk (rise edge)
                          0.00    0.00   clock network delay (ideal)
                          0.25    0.25   clock uncertainty
                          0.00    0.25   clock reconvergence pessimism
                                  0.25 ^ _436_/CLK (sky130_fd_sc_hd__dfrtp_1)
                         -0.02    0.23   library hold time
                                  0.23   data required time
-----------------------------------------------------------------------------
                                  0.23   data required time
                                 -0.55   data arrival time
-----------------------------------------------------------------------------
                                  0.32   slack (MET)


Startpoint: _447_ (rising edge-triggered flip-flop clocked by clk)
Endpoint: _447_ (rising edge-triggered flip-flop clocked by clk)
Path Group: clk
Path Type: min

Fanout     Cap    Slew   Delay    Time   Description
-----------------------------------------------------------------------------
                  0.15    0.00    0.00   clock clk (rise edge)
                          0.00    0.00   clock network delay (ideal)
                  0.15    0.00    0.00 ^ _447_/CLK (sky130_fd_sc_hd__dfrtp_1)
                  0.08    0.36    0.36 ^ _447_/Q (sky130_fd_sc_hd__dfrtp_1)
     2    0.01                           u_am4.max[0] (net)
                  0.08    0.00    0.36 ^ _335_/A0 (sky130_fd_sc_hd__mux2_1)
                  0.04    0.12    0.48 ^ _335_/X (sky130_fd_sc_hd__mux2_1)
     1    0.00                           _162_ (net)
                  0.04    0.00    0.48 ^ _336_/A (sky130_fd_sc_hd__clkbuf_1)
                  0.04    0.07    0.55 ^ _336_/X (sky130_fd_sc_hd__clkbuf_1)
     1    0.00                           _027_ (net)
                  0.04    0.00    0.55 ^ _447_/D (sky130_fd_sc_hd__dfrtp_1)
                                  0.55   data arrival time

                  0.15    0.00    0.00   clock clk (rise edge)
                          0.00    0.00   clock network delay (ideal)
                          0.25    0.25   clock uncertainty
                          0.00    0.25   clock reconvergence pessimism
                                  0.25 ^ _447_/CLK (sky130_fd_sc_hd__dfrtp_1)
                         -0.02    0.23   library hold time
                                  0.23   data required time
-----------------------------------------------------------------------------
                                  0.23   data required time
                                 -0.55   data arrival time
-----------------------------------------------------------------------------
                                  0.32   slack (MET)


Startpoint: _426_ (rising edge-triggered flip-flop clocked by clk)
Endpoint: _426_ (rising edge-triggered flip-flop clocked by clk)
Path Group: clk
Path Type: min

Fanout     Cap    Slew   Delay    Time   Description
-----------------------------------------------------------------------------
                  0.15    0.00    0.00   clock clk (rise edge)
                          0.00    0.00   clock network delay (ideal)
                  0.15    0.00    0.00 ^ _426_/CLK (sky130_fd_sc_hd__dfrtp_1)
                  0.08    0.36    0.36 ^ _426_/Q (sky130_fd_sc_hd__dfrtp_1)
     2    0.01                           u_am0.max[0] (net)
                  0.08    0.00    0.36 ^ _279_/A0 (sky130_fd_sc_hd__mux2_1)
                  0.04    0.12    0.48 ^ _279_/X (sky130_fd_sc_hd__mux2_1)
     1    0.00                           _127_ (net)
                  0.04    0.00    0.48 ^ _280_/A (sky130_fd_sc_hd__clkbuf_1)
                  0.04    0.07    0.55 ^ _280_/X (sky130_fd_sc_hd__clkbuf_1)
     1    0.00                           _006_ (net)
                  0.04    0.00    0.55 ^ _426_/D (sky130_fd_sc_hd__dfrtp_1)
                                  0.55   data arrival time

                  0.15    0.00    0.00   clock clk (rise edge)
                          0.00    0.00   clock network delay (ideal)
                          0.25    0.25   clock uncertainty
                          0.00    0.25   clock reconvergence pessimism
                                  0.25 ^ _426_/CLK (sky130_fd_sc_hd__dfrtp_1)
                         -0.02    0.23   library hold time
                                  0.23   data required time
-----------------------------------------------------------------------------
                                  0.23   data required time
                                 -0.55   data arrival time
-----------------------------------------------------------------------------
                                  0.32   slack (MET)


Startpoint: _435_ (rising edge-triggered flip-flop clocked by clk)
Endpoint: _435_ (rising edge-triggered flip-flop clocked by clk)
Path Group: clk
Path Type: min

Fanout     Cap    Slew   Delay    Time   Description
-----------------------------------------------------------------------------
                  0.15    0.00    0.00   clock clk (rise edge)
                          0.00    0.00   clock network delay (ideal)
                  0.15    0.00    0.00 ^ _435_/CLK (sky130_fd_sc_hd__dfrtp_1)
                  0.08    0.36    0.36 ^ _435_/Q (sky130_fd_sc_hd__dfrtp_1)
     2    0.01                           u_am2.max[0] (net)
                  0.08    0.00    0.36 ^ _307_/A0 (sky130_fd_sc_hd__mux2_1)
                  0.04    0.12    0.48 ^ _307_/X (sky130_fd_sc_hd__mux2_1)
     1    0.00                           _146_ (net)
                  0.04    0.00    0.48 ^ _308_/A (sky130_fd_sc_hd__clkbuf_1)
                  0.04    0.07    0.55 ^ _308_/X (sky130_fd_sc_hd__clkbuf_1)
     1    0.00                           _015_ (net)
                  0.04    0.00    0.55 ^ _435_/D (sky130_fd_sc_hd__dfrtp_1)
                                  0.55   data arrival time

                  0.15    0.00    0.00   clock clk (rise edge)
                          0.00    0.00   clock network delay (ideal)
                          0.25    0.25   clock uncertainty
                          0.00    0.25   clock reconvergence pessimism
                                  0.25 ^ _435_/CLK (sky130_fd_sc_hd__dfrtp_1)
                         -0.02    0.23   library hold time
                                  0.23   data required time
-----------------------------------------------------------------------------
                                  0.23   data required time
                                 -0.55   data arrival time
-----------------------------------------------------------------------------
                                  0.32   slack (MET)


Startpoint: _478_ (rising edge-triggered flip-flop clocked by clk)
Endpoint: _478_ (rising edge-triggered flip-flop clocked by clk)
Path Group: clk
Path Type: min

Fanout     Cap    Slew   Delay    Time   Description
-----------------------------------------------------------------------------
                  0.15    0.00    0.00   clock clk (rise edge)
                          0.00    0.00   clock network delay (ideal)
                  0.15    0.00    0.00 ^ _478_/CLK (sky130_fd_sc_hd__dfrtp_1)
                  0.08    0.41    0.41 v _478_/Q (sky130_fd_sc_hd__dfrtp_1)
     4    0.01                           u_sort.busy (net)
                  0.08    0.00    0.41 v _249_/A (sky130_fd_sc_hd__inv_2)
                  0.07    0.09    0.50 ^ _249_/Y (sky130_fd_sc_hd__inv_2)
     5    0.01                           _101_ (net)
                  0.07    0.00    0.50 ^ _260_/A1 (sky130_fd_sc_hd__o21ai_1)
                  0.04    0.06    0.57 v _260_/Y (sky130_fd_sc_hd__o21ai_1)
     1    0.00                           _001_ (net)
                  0.04    0.00    0.57 v _478_/D (sky130_fd_sc_hd__dfrtp_1)
                                  0.57   data arrival time

                  0.15    0.00    0.00   clock clk (rise edge)
                          0.00    0.00   clock network delay (ideal)
                          0.25    0.25   clock uncertainty
                          0.00    0.25   clock reconvergence pessimism
                                  0.25 ^ _478_/CLK (sky130_fd_sc_hd__dfrtp_1)
                         -0.02    0.23   library hold time
                                  0.23   data required time
-----------------------------------------------------------------------------
                                  0.23   data required time
                                 -0.57   data arrival time
-----------------------------------------------------------------------------
                                  0.33   slack (MET)


Startpoint: _422_ (rising edge-triggered flip-flop clocked by clk)
Endpoint: _477_ (rising edge-triggered flip-flop clocked by clk)
Path Group: clk
Path Type: min

Fanout     Cap    Slew   Delay    Time   Description
-----------------------------------------------------------------------------
                  0.15    0.00    0.00   clock clk (rise edge)
                          0.00    0.00   clock network delay (ideal)
                  0.15    0.00    0.00 ^ _422_/CLK (sky130_fd_sc_hd__dfrtp_1)
                  0.06    0.35    0.35 ^ _422_/Q (sky130_fd_sc_hd__dfrtp_1)
     1    0.01                           u_control.o_start_sort (net)
                  0.06    0.00    0.35 ^ _245_/A (sky130_fd_sc_hd__buf_6)
                  0.16    0.19    0.53 ^ _245_/X (sky130_fd_sc_hd__buf_6)
    20    0.08                           _098_ (net)
                  0.16    0.00    0.54 ^ _403_/B1 (sky130_fd_sc_hd__a21oi_1)
                  0.04    0.05    0.59 v _403_/Y (sky130_fd_sc_hd__a21oi_1)
     1    0.00                           _056_ (net)
                  0.04    0.00    0.59 v _477_/D (sky130_fd_sc_hd__dfrtp_1)
                                  0.59   data arrival time

                  0.15    0.00    0.00   clock clk (rise edge)
                          0.00    0.00   clock network delay (ideal)
                          0.25    0.25   clock uncertainty
                          0.00    0.25   clock reconvergence pessimism
                                  0.25 ^ _477_/CLK (sky130_fd_sc_hd__dfrtp_1)
                         -0.02    0.23   library hold time
                                  0.23   data required time
-----------------------------------------------------------------------------
                                  0.23   data required time
                                 -0.59   data arrival time
-----------------------------------------------------------------------------
                                  0.36   slack (MET)


Startpoint: _481_ (rising edge-triggered flip-flop clocked by clk)
Endpoint: _481_ (rising edge-triggered flip-flop clocked by clk)
Path Group: clk
Path Type: min

Fanout     Cap    Slew   Delay    Time   Description
-----------------------------------------------------------------------------
                  0.15    0.00    0.00   clock clk (rise edge)
                          0.00    0.00   clock network delay (ideal)
                  0.15    0.00    0.00 ^ _481_/CLK (sky130_fd_sc_hd__dfrtp_1)
                  0.08    0.36    0.36 ^ _481_/Q (sky130_fd_sc_hd__dfrtp_1)
     3    0.01                           u_sort.valid_reg[2] (net)
                  0.08    0.00    0.36 ^ _408_/B1 (sky130_fd_sc_hd__o31a_1)
                  0.04    0.12    0.48 ^ _408_/X (sky130_fd_sc_hd__o31a_1)
     1    0.00                           _203_ (net)
                  0.04    0.00    0.48 ^ _409_/B (sky130_fd_sc_hd__or2_1)
                  0.04    0.08    0.56 ^ _409_/X (sky130_fd_sc_hd__or2_1)
     1    0.00                           _204_ (net)
                  0.04    0.00    0.56 ^ _410_/A (sky130_fd_sc_hd__clkbuf_1)
                  0.04    0.07    0.63 ^ _410_/X (sky130_fd_sc_hd__clkbuf_1)
     1    0.00                           _059_ (net)
                  0.04    0.00    0.63 ^ _481_/D (sky130_fd_sc_hd__dfrtp_1)
                                  0.63   data arrival time

                  0.15    0.00    0.00   clock clk (rise edge)
                          0.00    0.00   clock network delay (ideal)
                          0.25    0.25   clock uncertainty
                          0.00    0.25   clock reconvergence pessimism
                                  0.25 ^ _481_/CLK (sky130_fd_sc_hd__dfrtp_1)
                         -0.02    0.23   library hold time
                                  0.23   data required time
-----------------------------------------------------------------------------
                                  0.23   data required time
                                 -0.63   data arrival time
-----------------------------------------------------------------------------
                                  0.40   slack (MET)


Startpoint: _483_ (rising edge-triggered flip-flop clocked by clk)
Endpoint: _483_ (rising edge-triggered flip-flop clocked by clk)
Path Group: clk
Path Type: min

Fanout     Cap    Slew   Delay    Time   Description
-----------------------------------------------------------------------------
                  0.15    0.00    0.00   clock clk (rise edge)
                          0.00    0.00   clock network delay (ideal)
                  0.15    0.00    0.00 ^ _483_/CLK (sky130_fd_sc_hd__dfrtp_1)
                  0.06    0.35    0.35 ^ _483_/Q (sky130_fd_sc_hd__dfrtp_1)
     1    0.00                           u_sort.valid_reg[4] (net)
                  0.06    0.00    0.35 ^ _216_/A (sky130_fd_sc_hd__inv_2)
                  0.03    0.04    0.39 v _216_/Y (sky130_fd_sc_hd__inv_2)
     3    0.01                           _069_ (net)
                  0.03    0.00    0.39 v _414_/B1 (sky130_fd_sc_hd__a21oi_1)
                  0.07    0.09    0.48 ^ _414_/Y (sky130_fd_sc_hd__a21oi_1)
     1    0.00                           _207_ (net)
                  0.07    0.00    0.48 ^ _415_/B (sky130_fd_sc_hd__or2_1)
                  0.04    0.09    0.57 ^ _415_/X (sky130_fd_sc_hd__or2_1)
     1    0.00                           _208_ (net)
                  0.04    0.00    0.57 ^ _416_/A (sky130_fd_sc_hd__clkbuf_1)
                  0.04    0.07    0.64 ^ _416_/X (sky130_fd_sc_hd__clkbuf_1)
     1    0.00                           _061_ (net)
                  0.04    0.00    0.64 ^ _483_/D (sky130_fd_sc_hd__dfrtp_1)
                                  0.64   data arrival time

                  0.15    0.00    0.00   clock clk (rise edge)
                          0.00    0.00   clock network delay (ideal)
                          0.25    0.25   clock uncertainty
                          0.00    0.25   clock reconvergence pessimism
                                  0.25 ^ _483_/CLK (sky130_fd_sc_hd__dfrtp_1)
                         -0.02    0.23   library hold time
                                  0.23   data required time
-----------------------------------------------------------------------------
                                  0.23   data required time
                                 -0.64   data arrival time
-----------------------------------------------------------------------------
                                  0.41   slack (MET)


Startpoint: _486_ (rising edge-triggered flip-flop clocked by clk)
Endpoint: _422_ (rising edge-triggered flip-flop clocked by clk)
Path Group: clk
Path Type: min

Fanout     Cap    Slew   Delay    Time   Description
-----------------------------------------------------------------------------
                  0.15    0.00    0.00   clock clk (rise edge)
                          0.00    0.00   clock network delay (ideal)
                  0.15    0.00    0.00 ^ _486_/CLK (sky130_fd_sc_hd__dfrtp_2)
                  0.11    0.42    0.42 ^ _486_/Q (sky130_fd_sc_hd__dfrtp_2)
     7    0.02                           u_am0.i_index[2] (net)
                  0.11    0.00    0.42 ^ _213_/A (sky130_fd_sc_hd__and2_1)
                  0.04    0.12    0.54 ^ _213_/X (sky130_fd_sc_hd__and2_1)
     1    0.00                           _067_ (net)
                  0.04    0.00    0.54 ^ _214_/A (sky130_fd_sc_hd__clkbuf_1)
                  0.07    0.09    0.63 ^ _214_/X (sky130_fd_sc_hd__clkbuf_1)
     2    0.01                           _000_ (net)
                  0.07    0.00    0.63 ^ _422_/D (sky130_fd_sc_hd__dfrtp_1)
                                  0.63   data arrival time

                  0.15    0.00    0.00   clock clk (rise edge)
                          0.00    0.00   clock network delay (ideal)
                          0.25    0.25   clock uncertainty
                          0.00    0.25   clock reconvergence pessimism
                                  0.25 ^ _422_/CLK (sky130_fd_sc_hd__dfrtp_1)
                         -0.03    0.22   library hold time
                                  0.22   data required time
-----------------------------------------------------------------------------
                                  0.22   data required time
                                 -0.63   data arrival time
-----------------------------------------------------------------------------
                                  0.41   slack (MET)


Startpoint: _482_ (rising edge-triggered flip-flop clocked by clk)
Endpoint: _482_ (rising edge-triggered flip-flop clocked by clk)
Path Group: clk
Path Type: min

Fanout     Cap    Slew   Delay    Time   Description
-----------------------------------------------------------------------------
                  0.15    0.00    0.00   clock clk (rise edge)
                          0.00    0.00   clock network delay (ideal)
                  0.15    0.00    0.00 ^ _482_/CLK (sky130_fd_sc_hd__dfrtp_1)
                  0.11    0.38    0.38 ^ _482_/Q (sky130_fd_sc_hd__dfrtp_1)
     3    0.01                           u_sort.valid_reg[3] (net)
                  0.11    0.00    0.38 ^ _411_/B1 (sky130_fd_sc_hd__o31a_1)
                  0.04    0.13    0.51 ^ _411_/X (sky130_fd_sc_hd__o31a_1)
     1    0.00                           _205_ (net)
                  0.04    0.00    0.51 ^ _412_/B (sky130_fd_sc_hd__or2_1)
                  0.04    0.08    0.59 ^ _412_/X (sky130_fd_sc_hd__or2_1)
     1    0.00                           _206_ (net)
                  0.04    0.00    0.59 ^ _413_/A (sky130_fd_sc_hd__clkbuf_1)
                  0.04    0.07    0.66 ^ _413_/X (sky130_fd_sc_hd__clkbuf_1)
     1    0.00                           _060_ (net)
                  0.04    0.00    0.66 ^ _482_/D (sky130_fd_sc_hd__dfrtp_1)
                                  0.66   data arrival time

                  0.15    0.00    0.00   clock clk (rise edge)
                          0.00    0.00   clock network delay (ideal)
                          0.25    0.25   clock uncertainty
                          0.00    0.25   clock reconvergence pessimism
                                  0.25 ^ _482_/CLK (sky130_fd_sc_hd__dfrtp_1)
                         -0.02    0.23   library hold time
                                  0.23   data required time
-----------------------------------------------------------------------------
                                  0.23   data required time
                                 -0.66   data arrival time
-----------------------------------------------------------------------------
                                  0.43   slack (MET)


Startpoint: _476_ (rising edge-triggered flip-flop clocked by clk)
Endpoint: _476_ (rising edge-triggered flip-flop clocked by clk)
Path Group: clk
Path Type: min

Fanout     Cap    Slew   Delay    Time   Description
-----------------------------------------------------------------------------
                  0.15    0.00    0.00   clock clk (rise edge)
                          0.00    0.00   clock network delay (ideal)
                  0.15    0.00    0.00 ^ _476_/CLK (sky130_fd_sc_hd__dfrtp_1)
                  0.04    0.33    0.33 ^ _476_/Q (sky130_fd_sc_hd__dfrtp_1)
     1    0.00                           u_sort.bucket_counter[1] (net)
                  0.04    0.00    0.33 ^ _218_/A (sky130_fd_sc_hd__clkbuf_4)
                  0.13    0.18    0.51 ^ _218_/X (sky130_fd_sc_hd__clkbuf_4)
    10    0.04                           _071_ (net)
                  0.13    0.00    0.51 ^ _400_/A1 (sky130_fd_sc_hd__o211a_1)
                  0.04    0.15    0.67 ^ _400_/X (sky130_fd_sc_hd__o211a_1)
     1    0.00                           _055_ (net)
                  0.04    0.00    0.67 ^ _476_/D (sky130_fd_sc_hd__dfrtp_1)
                                  0.67   data arrival time

                  0.15    0.00    0.00   clock clk (rise edge)
                          0.00    0.00   clock network delay (ideal)
                          0.25    0.25   clock uncertainty
                          0.00    0.25   clock reconvergence pessimism
                                  0.25 ^ _476_/CLK (sky130_fd_sc_hd__dfrtp_1)
                         -0.02    0.23   library hold time
                                  0.23   data required time
-----------------------------------------------------------------------------
                                  0.23   data required time
                                 -0.67   data arrival time
-----------------------------------------------------------------------------
                                  0.44   slack (MET)


Startpoint: _478_ (rising edge-triggered flip-flop clocked by clk)
Endpoint: _471_ (rising edge-triggered flip-flop clocked by clk)
Path Group: clk
Path Type: min

Fanout     Cap    Slew   Delay    Time   Description
-----------------------------------------------------------------------------
                  0.15    0.00    0.00   clock clk (rise edge)
                          0.00    0.00   clock network delay (ideal)
                  0.15    0.00    0.00 ^ _478_/CLK (sky130_fd_sc_hd__dfrtp_1)
                  0.12    0.39    0.39 ^ _478_/Q (sky130_fd_sc_hd__dfrtp_1)
     4    0.01                           u_sort.busy (net)
                  0.12    0.00    0.39 ^ _247_/B (sky130_fd_sc_hd__and3b_1)
                  0.05    0.15    0.54 ^ _247_/X (sky130_fd_sc_hd__and3b_1)
     1    0.00                           _100_ (net)
                  0.05    0.00    0.54 ^ _248_/A (sky130_fd_sc_hd__buf_2)
                  0.14    0.17    0.71 ^ _248_/X (sky130_fd_sc_hd__buf_2)
     7    0.03                           _002_ (net)
                  0.14    0.00    0.71 ^ _471_/D (sky130_fd_sc_hd__dfrtp_1)
                                  0.71   data arrival time

                  0.15    0.00    0.00   clock clk (rise edge)
                          0.00    0.00   clock network delay (ideal)
                          0.25    0.25   clock uncertainty
                          0.00    0.25   clock reconvergence pessimism
                                  0.25 ^ _471_/CLK (sky130_fd_sc_hd__dfrtp_1)
                         -0.04    0.21   library hold time
                                  0.21   data required time
-----------------------------------------------------------------------------
                                  0.21   data required time
                                 -0.71   data arrival time
-----------------------------------------------------------------------------
                                  0.50   slack (MET)


Startpoint: _422_ (rising edge-triggered flip-flop clocked by clk)
Endpoint: _475_ (rising edge-triggered flip-flop clocked by clk)
Path Group: clk
Path Type: min

Fanout     Cap    Slew   Delay    Time   Description
-----------------------------------------------------------------------------
                  0.15    0.00    0.00   clock clk (rise edge)
                          0.00    0.00   clock network delay (ideal)
                  0.15    0.00    0.00 ^ _422_/CLK (sky130_fd_sc_hd__dfrtp_1)
                  0.06    0.35    0.35 ^ _422_/Q (sky130_fd_sc_hd__dfrtp_1)
     1    0.01                           u_control.o_start_sort (net)
                  0.06    0.00    0.35 ^ _245_/A (sky130_fd_sc_hd__buf_6)
                  0.16    0.19    0.53 ^ _245_/X (sky130_fd_sc_hd__buf_6)
    20    0.08                           _098_ (net)
                  0.16    0.00    0.54 ^ _246_/A (sky130_fd_sc_hd__inv_2)
                  0.06    0.08    0.61 v _246_/Y (sky130_fd_sc_hd__inv_2)
     6    0.01                           _099_ (net)
                  0.06    0.00    0.61 v _394_/A (sky130_fd_sc_hd__and3_1)
                  0.03    0.13    0.74 v _394_/X (sky130_fd_sc_hd__and3_1)
     1    0.00                           _194_ (net)
                  0.03    0.00    0.74 v _395_/A (sky130_fd_sc_hd__clkbuf_1)
                  0.02    0.07    0.82 v _395_/X (sky130_fd_sc_hd__clkbuf_1)
     1    0.00                           _054_ (net)
                  0.02    0.00    0.82 v _475_/D (sky130_fd_sc_hd__dfrtp_4)
                                  0.82   data arrival time

                  0.15    0.00    0.00   clock clk (rise edge)
                          0.00    0.00   clock network delay (ideal)
                          0.25    0.25   clock uncertainty
                          0.00    0.25   clock reconvergence pessimism
                                  0.25 ^ _475_/CLK (sky130_fd_sc_hd__dfrtp_4)
                         -0.01    0.24   library hold time
                                  0.24   data required time
-----------------------------------------------------------------------------
                                  0.24   data required time
                                 -0.82   data arrival time
-----------------------------------------------------------------------------
                                  0.58   slack (MET)


Startpoint: rst_n (input port clocked by clk)
Endpoint: _426_ (removal check against rising-edge clock clk)
Path Group: asynchronous
Path Type: min

Fanout     Cap    Slew   Delay    Time   Description
-----------------------------------------------------------------------------
                  0.15    0.00    0.00   clock clk (rise edge)
                          0.00    0.00   clock network delay (ideal)
                          5.00    5.00 ^ input external delay
                  0.05    0.03    5.03 ^ rst_n (in)
     1    0.01                           rst_n (net)
                  0.05    0.00    5.03 ^ input17/A (sky130_fd_sc_hd__buf_12)
                  0.32    0.28    5.32 ^ input17/X (sky130_fd_sc_hd__buf_12)
    65    0.28                           net17 (net)
                  0.32    0.00    5.32 ^ _426_/RESET_B (sky130_fd_sc_hd__dfrtp_1)
                                  5.32   data arrival time

                  0.15    0.00    0.00   clock clk (rise edge)
                          0.00    0.00   clock network delay (ideal)
                          0.25    0.25   clock uncertainty
                          0.00    0.25   clock reconvergence pessimism
                                  0.25 ^ _426_/CLK (sky130_fd_sc_hd__dfrtp_1)
                          0.42    0.67   library removal time
                                  0.67   data required time
-----------------------------------------------------------------------------
                                  0.67   data required time
                                 -5.32   data arrival time
-----------------------------------------------------------------------------
                                  4.64   slack (MET)


Startpoint: rst_n (input port clocked by clk)
Endpoint: _428_ (removal check against rising-edge clock clk)
Path Group: asynchronous
Path Type: min

Fanout     Cap    Slew   Delay    Time   Description
-----------------------------------------------------------------------------
                  0.15    0.00    0.00   clock clk (rise edge)
                          0.00    0.00   clock network delay (ideal)
                          5.00    5.00 ^ input external delay
                  0.05    0.03    5.03 ^ rst_n (in)
     1    0.01                           rst_n (net)
                  0.05    0.00    5.03 ^ input17/A (sky130_fd_sc_hd__buf_12)
                  0.32    0.28    5.32 ^ input17/X (sky130_fd_sc_hd__buf_12)
    65    0.28                           net17 (net)
                  0.32    0.00    5.32 ^ _428_/RESET_B (sky130_fd_sc_hd__dfrtp_1)
                                  5.32   data arrival time

                  0.15    0.00    0.00   clock clk (rise edge)
                          0.00    0.00   clock network delay (ideal)
                          0.25    0.25   clock uncertainty
                          0.00    0.25   clock reconvergence pessimism
                                  0.25 ^ _428_/CLK (sky130_fd_sc_hd__dfrtp_1)
                          0.42    0.67   library removal time
                                  0.67   data required time
-----------------------------------------------------------------------------
                                  0.67   data required time
                                 -5.32   data arrival time
-----------------------------------------------------------------------------
                                  4.65   slack (MET)


Startpoint: rst_n (input port clocked by clk)
Endpoint: _429_ (removal check against rising-edge clock clk)
Path Group: asynchronous
Path Type: min

Fanout     Cap    Slew   Delay    Time   Description
-----------------------------------------------------------------------------
                  0.15    0.00    0.00   clock clk (rise edge)
                          0.00    0.00   clock network delay (ideal)
                          5.00    5.00 ^ input external delay
                  0.05    0.03    5.03 ^ rst_n (in)
     1    0.01                           rst_n (net)
                  0.05    0.00    5.03 ^ input17/A (sky130_fd_sc_hd__buf_12)
                  0.32    0.28    5.32 ^ input17/X (sky130_fd_sc_hd__buf_12)
    65    0.28                           net17 (net)
                  0.32    0.00    5.32 ^ _429_/RESET_B (sky130_fd_sc_hd__dfrtp_1)
                                  5.32   data arrival time

                  0.15    0.00    0.00   clock clk (rise edge)
                          0.00    0.00   clock network delay (ideal)
                          0.25    0.25   clock uncertainty
                          0.00    0.25   clock reconvergence pessimism
                                  0.25 ^ _429_/CLK (sky130_fd_sc_hd__dfrtp_1)
                          0.42    0.67   library removal time
                                  0.67   data required time
-----------------------------------------------------------------------------
                                  0.67   data required time
                                 -5.32   data arrival time
-----------------------------------------------------------------------------
                                  4.65   slack (MET)


Startpoint: rst_n (input port clocked by clk)
Endpoint: _431_ (removal check against rising-edge clock clk)
Path Group: asynchronous
Path Type: min

Fanout     Cap    Slew   Delay    Time   Description
-----------------------------------------------------------------------------
                  0.15    0.00    0.00   clock clk (rise edge)
                          0.00    0.00   clock network delay (ideal)
                          5.00    5.00 ^ input external delay
                  0.05    0.03    5.03 ^ rst_n (in)
     1    0.01                           rst_n (net)
                  0.05    0.00    5.03 ^ input17/A (sky130_fd_sc_hd__buf_12)
                  0.32    0.28    5.32 ^ input17/X (sky130_fd_sc_hd__buf_12)
    65    0.28                           net17 (net)
                  0.32    0.00    5.32 ^ _431_/RESET_B (sky130_fd_sc_hd__dfrtp_1)
                                  5.32   data arrival time

                  0.15    0.00    0.00   clock clk (rise edge)
                          0.00    0.00   clock network delay (ideal)
                          0.25    0.25   clock uncertainty
                          0.00    0.25   clock reconvergence pessimism
                                  0.25 ^ _431_/CLK (sky130_fd_sc_hd__dfrtp_1)
                          0.42    0.67   library removal time
                                  0.67   data required time
-----------------------------------------------------------------------------
                                  0.67   data required time
                                 -5.32   data arrival time
-----------------------------------------------------------------------------
                                  4.65   slack (MET)


Startpoint: rst_n (input port clocked by clk)
Endpoint: _444_ (removal check against rising-edge clock clk)
Path Group: asynchronous
Path Type: min

Fanout     Cap    Slew   Delay    Time   Description
-----------------------------------------------------------------------------
                  0.15    0.00    0.00   clock clk (rise edge)
                          0.00    0.00   clock network delay (ideal)
                          5.00    5.00 ^ input external delay
                  0.05    0.03    5.03 ^ rst_n (in)
     1    0.01                           rst_n (net)
                  0.05    0.00    5.03 ^ input17/A (sky130_fd_sc_hd__buf_12)
                  0.32    0.28    5.32 ^ input17/X (sky130_fd_sc_hd__buf_12)
    65    0.28                           net17 (net)
                  0.32    0.00    5.32 ^ _444_/RESET_B (sky130_fd_sc_hd__dfrtp_1)
                                  5.32   data arrival time

                  0.15    0.00    0.00   clock clk (rise edge)
                          0.00    0.00   clock network delay (ideal)
                          0.25    0.25   clock uncertainty
                          0.00    0.25   clock reconvergence pessimism
                                  0.25 ^ _444_/CLK (sky130_fd_sc_hd__dfrtp_1)
                          0.42    0.67   library removal time
                                  0.67   data required time
-----------------------------------------------------------------------------
                                  0.67   data required time
                                 -5.32   data arrival time
-----------------------------------------------------------------------------
                                  4.65   slack (MET)


Startpoint: rst_n (input port clocked by clk)
Endpoint: _430_ (removal check against rising-edge clock clk)
Path Group: asynchronous
Path Type: min

Fanout     Cap    Slew   Delay    Time   Description
-----------------------------------------------------------------------------
                  0.15    0.00    0.00   clock clk (rise edge)
                          0.00    0.00   clock network delay (ideal)
                          5.00    5.00 ^ input external delay
                  0.05    0.03    5.03 ^ rst_n (in)
     1    0.01                           rst_n (net)
                  0.05    0.00    5.03 ^ input17/A (sky130_fd_sc_hd__buf_12)
                  0.32    0.28    5.32 ^ input17/X (sky130_fd_sc_hd__buf_12)
    65    0.28                           net17 (net)
                  0.32    0.00    5.32 ^ _430_/RESET_B (sky130_fd_sc_hd__dfrtp_1)
                                  5.32   data arrival time

                  0.15    0.00    0.00   clock clk (rise edge)
                          0.00    0.00   clock network delay (ideal)
                          0.25    0.25   clock uncertainty
                          0.00    0.25   clock reconvergence pessimism
                                  0.25 ^ _430_/CLK (sky130_fd_sc_hd__dfrtp_1)
                          0.42    0.67   library removal time
                                  0.67   data required time
-----------------------------------------------------------------------------
                                  0.67   data required time
                                 -5.32   data arrival time
-----------------------------------------------------------------------------
                                  4.65   slack (MET)


Startpoint: rst_n (input port clocked by clk)
Endpoint: _427_ (removal check against rising-edge clock clk)
Path Group: asynchronous
Path Type: min

Fanout     Cap    Slew   Delay    Time   Description
-----------------------------------------------------------------------------
                  0.15    0.00    0.00   clock clk (rise edge)
                          0.00    0.00   clock network delay (ideal)
                          5.00    5.00 ^ input external delay
                  0.05    0.03    5.03 ^ rst_n (in)
     1    0.01                           rst_n (net)
                  0.05    0.00    5.03 ^ input17/A (sky130_fd_sc_hd__buf_12)
                  0.32    0.28    5.32 ^ input17/X (sky130_fd_sc_hd__buf_12)
    65    0.28                           net17 (net)
                  0.32    0.00    5.32 ^ _427_/RESET_B (sky130_fd_sc_hd__dfrtp_1)
                                  5.32   data arrival time

                  0.15    0.00    0.00   clock clk (rise edge)
                          0.00    0.00   clock network delay (ideal)
                          0.25    0.25   clock uncertainty
                          0.00    0.25   clock reconvergence pessimism
                                  0.25 ^ _427_/CLK (sky130_fd_sc_hd__dfrtp_1)
                          0.42    0.67   library removal time
                                  0.67   data required time
-----------------------------------------------------------------------------
                                  0.67   data required time
                                 -5.32   data arrival time
-----------------------------------------------------------------------------
                                  4.65   slack (MET)


Startpoint: rst_n (input port clocked by clk)
Endpoint: _436_ (removal check against rising-edge clock clk)
Path Group: asynchronous
Path Type: min

Fanout     Cap    Slew   Delay    Time   Description
-----------------------------------------------------------------------------
                  0.15    0.00    0.00   clock clk (rise edge)
                          0.00    0.00   clock network delay (ideal)
                          5.00    5.00 ^ input external delay
                  0.05    0.03    5.03 ^ rst_n (in)
     1    0.01                           rst_n (net)
                  0.05    0.00    5.03 ^ input17/A (sky130_fd_sc_hd__buf_12)
                  0.32    0.28    5.32 ^ input17/X (sky130_fd_sc_hd__buf_12)
    65    0.28                           net17 (net)
                  0.32    0.00    5.32 ^ _436_/RESET_B (sky130_fd_sc_hd__dfrtp_1)
                                  5.32   data arrival time

                  0.15    0.00    0.00   clock clk (rise edge)
                          0.00    0.00   clock network delay (ideal)
                          0.25    0.25   clock uncertainty
                          0.00    0.25   clock reconvergence pessimism
                                  0.25 ^ _436_/CLK (sky130_fd_sc_hd__dfrtp_1)
                          0.42    0.67   library removal time
                                  0.67   data required time
-----------------------------------------------------------------------------
                                  0.67   data required time
                                 -5.32   data arrival time
-----------------------------------------------------------------------------
                                  4.65   slack (MET)


Startpoint: rst_n (input port clocked by clk)
Endpoint: _435_ (removal check against rising-edge clock clk)
Path Group: asynchronous
Path Type: min

Fanout     Cap    Slew   Delay    Time   Description
-----------------------------------------------------------------------------
                  0.15    0.00    0.00   clock clk (rise edge)
                          0.00    0.00   clock network delay (ideal)
                          5.00    5.00 ^ input external delay
                  0.05    0.03    5.03 ^ rst_n (in)
     1    0.01                           rst_n (net)
                  0.05    0.00    5.03 ^ input17/A (sky130_fd_sc_hd__buf_12)
                  0.32    0.28    5.32 ^ input17/X (sky130_fd_sc_hd__buf_12)
    65    0.28                           net17 (net)
                  0.32    0.00    5.32 ^ _435_/RESET_B (sky130_fd_sc_hd__dfrtp_1)
                                  5.32   data arrival time

                  0.15    0.00    0.00   clock clk (rise edge)
                          0.00    0.00   clock network delay (ideal)
                          0.25    0.25   clock uncertainty
                          0.00    0.25   clock reconvergence pessimism
                                  0.25 ^ _435_/CLK (sky130_fd_sc_hd__dfrtp_1)
                          0.42    0.67   library removal time
                                  0.67   data required time
-----------------------------------------------------------------------------
                                  0.67   data required time
                                 -5.32   data arrival time
-----------------------------------------------------------------------------
                                  4.65   slack (MET)


Startpoint: rst_n (input port clocked by clk)
Endpoint: _441_ (removal check against rising-edge clock clk)
Path Group: asynchronous
Path Type: min

Fanout     Cap    Slew   Delay    Time   Description
-----------------------------------------------------------------------------
                  0.15    0.00    0.00   clock clk (rise edge)
                          0.00    0.00   clock network delay (ideal)
                          5.00    5.00 ^ input external delay
                  0.05    0.03    5.03 ^ rst_n (in)
     1    0.01                           rst_n (net)
                  0.05    0.00    5.03 ^ input17/A (sky130_fd_sc_hd__buf_12)
                  0.32    0.28    5.32 ^ input17/X (sky130_fd_sc_hd__buf_12)
    65    0.28                           net17 (net)
                  0.32    0.00    5.32 ^ _441_/RESET_B (sky130_fd_sc_hd__dfrtp_1)
                                  5.32   data arrival time

                  0.15    0.00    0.00   clock clk (rise edge)
                          0.00    0.00   clock network delay (ideal)
                          0.25    0.25   clock uncertainty
                          0.00    0.25   clock reconvergence pessimism
                                  0.25 ^ _441_/CLK (sky130_fd_sc_hd__dfrtp_1)
                          0.42    0.67   library removal time
                                  0.67   data required time
-----------------------------------------------------------------------------
                                  0.67   data required time
                                 -5.32   data arrival time
-----------------------------------------------------------------------------
                                  4.65   slack (MET)


Startpoint: rst_n (input port clocked by clk)
Endpoint: _437_ (removal check against rising-edge clock clk)
Path Group: asynchronous
Path Type: min

Fanout     Cap    Slew   Delay    Time   Description
-----------------------------------------------------------------------------
                  0.15    0.00    0.00   clock clk (rise edge)
                          0.00    0.00   clock network delay (ideal)
                          5.00    5.00 ^ input external delay
                  0.05    0.03    5.03 ^ rst_n (in)
     1    0.01                           rst_n (net)
                  0.05    0.00    5.03 ^ input17/A (sky130_fd_sc_hd__buf_12)
                  0.32    0.28    5.32 ^ input17/X (sky130_fd_sc_hd__buf_12)
    65    0.28                           net17 (net)
                  0.32    0.00    5.32 ^ _437_/RESET_B (sky130_fd_sc_hd__dfrtp_1)
                                  5.32   data arrival time

                  0.15    0.00    0.00   clock clk (rise edge)
                          0.00    0.00   clock network delay (ideal)
                          0.25    0.25   clock uncertainty
                          0.00    0.25   clock reconvergence pessimism
                                  0.25 ^ _437_/CLK (sky130_fd_sc_hd__dfrtp_1)
                          0.42    0.67   library removal time
                                  0.67   data required time
-----------------------------------------------------------------------------
                                  0.67   data required time
                                 -5.32   data arrival time
-----------------------------------------------------------------------------
                                  4.65   slack (MET)


Startpoint: rst_n (input port clocked by clk)
Endpoint: _451_ (removal check against rising-edge clock clk)
Path Group: asynchronous
Path Type: min

Fanout     Cap    Slew   Delay    Time   Description
-----------------------------------------------------------------------------
                  0.15    0.00    0.00   clock clk (rise edge)
                          0.00    0.00   clock network delay (ideal)
                          5.00    5.00 ^ input external delay
                  0.05    0.03    5.03 ^ rst_n (in)
     1    0.01                           rst_n (net)
                  0.05    0.00    5.03 ^ input17/A (sky130_fd_sc_hd__buf_12)
                  0.32    0.28    5.32 ^ input17/X (sky130_fd_sc_hd__buf_12)
    65    0.28                           net17 (net)
                  0.32    0.00    5.32 ^ _451_/RESET_B (sky130_fd_sc_hd__dfrtp_1)
                                  5.32   data arrival time

                  0.15    0.00    0.00   clock clk (rise edge)
                          0.00    0.00   clock network delay (ideal)
                          0.25    0.25   clock uncertainty
                          0.00    0.25   clock reconvergence pessimism
                                  0.25 ^ _451_/CLK (sky130_fd_sc_hd__dfrtp_1)
                          0.42    0.67   library removal time
                                  0.67   data required time
-----------------------------------------------------------------------------
                                  0.67   data required time
                                 -5.32   data arrival time
-----------------------------------------------------------------------------
                                  4.65   slack (MET)


Startpoint: rst_n (input port clocked by clk)
Endpoint: _442_ (removal check against rising-edge clock clk)
Path Group: asynchronous
Path Type: min

Fanout     Cap    Slew   Delay    Time   Description
-----------------------------------------------------------------------------
                  0.15    0.00    0.00   clock clk (rise edge)
                          0.00    0.00   clock network delay (ideal)
                          5.00    5.00 ^ input external delay
                  0.05    0.03    5.03 ^ rst_n (in)
     1    0.01                           rst_n (net)
                  0.05    0.00    5.03 ^ input17/A (sky130_fd_sc_hd__buf_12)
                  0.32    0.28    5.32 ^ input17/X (sky130_fd_sc_hd__buf_12)
    65    0.28                           net17 (net)
                  0.32    0.00    5.32 ^ _442_/RESET_B (sky130_fd_sc_hd__dfrtp_1)
                                  5.32   data arrival time

                  0.15    0.00    0.00   clock clk (rise edge)
                          0.00    0.00   clock network delay (ideal)
                          0.25    0.25   clock uncertainty
                          0.00    0.25   clock reconvergence pessimism
                                  0.25 ^ _442_/CLK (sky130_fd_sc_hd__dfrtp_1)
                          0.42    0.67   library removal time
                                  0.67   data required time
-----------------------------------------------------------------------------
                                  0.67   data required time
                                 -5.32   data arrival time
-----------------------------------------------------------------------------
                                  4.65   slack (MET)


Startpoint: rst_n (input port clocked by clk)
Endpoint: _449_ (removal check against rising-edge clock clk)
Path Group: asynchronous
Path Type: min

Fanout     Cap    Slew   Delay    Time   Description
-----------------------------------------------------------------------------
                  0.15    0.00    0.00   clock clk (rise edge)
                          0.00    0.00   clock network delay (ideal)
                          5.00    5.00 ^ input external delay
                  0.05    0.03    5.03 ^ rst_n (in)
     1    0.01                           rst_n (net)
                  0.05    0.00    5.03 ^ input17/A (sky130_fd_sc_hd__buf_12)
                  0.32    0.28    5.32 ^ input17/X (sky130_fd_sc_hd__buf_12)
    65    0.28                           net17 (net)
                  0.32    0.00    5.32 ^ _449_/RESET_B (sky130_fd_sc_hd__dfrtp_1)
                                  5.32   data arrival time

                  0.15    0.00    0.00   clock clk (rise edge)
                          0.00    0.00   clock network delay (ideal)
                          0.25    0.25   clock uncertainty
                          0.00    0.25   clock reconvergence pessimism
                                  0.25 ^ _449_/CLK (sky130_fd_sc_hd__dfrtp_1)
                          0.42    0.67   library removal time
                                  0.67   data required time
-----------------------------------------------------------------------------
                                  0.67   data required time
                                 -5.32   data arrival time
-----------------------------------------------------------------------------
                                  4.65   slack (MET)


Startpoint: rst_n (input port clocked by clk)
Endpoint: _448_ (removal check against rising-edge clock clk)
Path Group: asynchronous
Path Type: min

Fanout     Cap    Slew   Delay    Time   Description
-----------------------------------------------------------------------------
                  0.15    0.00    0.00   clock clk (rise edge)
                          0.00    0.00   clock network delay (ideal)
                          5.00    5.00 ^ input external delay
                  0.05    0.03    5.03 ^ rst_n (in)
     1    0.01                           rst_n (net)
                  0.05    0.00    5.03 ^ input17/A (sky130_fd_sc_hd__buf_12)
                  0.32    0.28    5.32 ^ input17/X (sky130_fd_sc_hd__buf_12)
    65    0.28                           net17 (net)
                  0.32    0.00    5.32 ^ _448_/RESET_B (sky130_fd_sc_hd__dfrtp_1)
                                  5.32   data arrival time

                  0.15    0.00    0.00   clock clk (rise edge)
                          0.00    0.00   clock network delay (ideal)
                          0.25    0.25   clock uncertainty
                          0.00    0.25   clock reconvergence pessimism
                                  0.25 ^ _448_/CLK (sky130_fd_sc_hd__dfrtp_1)
                          0.42    0.67   library removal time
                                  0.67   data required time
-----------------------------------------------------------------------------
                                  0.67   data required time
                                 -5.32   data arrival time
-----------------------------------------------------------------------------
                                  4.65   slack (MET)


Startpoint: rst_n (input port clocked by clk)
Endpoint: _443_ (removal check against rising-edge clock clk)
Path Group: asynchronous
Path Type: min

Fanout     Cap    Slew   Delay    Time   Description
-----------------------------------------------------------------------------
                  0.15    0.00    0.00   clock clk (rise edge)
                          0.00    0.00   clock network delay (ideal)
                          5.00    5.00 ^ input external delay
                  0.05    0.03    5.03 ^ rst_n (in)
     1    0.01                           rst_n (net)
                  0.05    0.00    5.03 ^ input17/A (sky130_fd_sc_hd__buf_12)
                  0.32    0.28    5.32 ^ input17/X (sky130_fd_sc_hd__buf_12)
    65    0.28                           net17 (net)
                  0.32    0.00    5.32 ^ _443_/RESET_B (sky130_fd_sc_hd__dfrtp_1)
                                  5.32   data arrival time

                  0.15    0.00    0.00   clock clk (rise edge)
                          0.00    0.00   clock network delay (ideal)
                          0.25    0.25   clock uncertainty
                          0.00    0.25   clock reconvergence pessimism
                                  0.25 ^ _443_/CLK (sky130_fd_sc_hd__dfrtp_1)
                          0.42    0.67   library removal time
                                  0.67   data required time
-----------------------------------------------------------------------------
                                  0.67   data required time
                                 -5.32   data arrival time
-----------------------------------------------------------------------------
                                  4.65   slack (MET)


Startpoint: rst_n (input port clocked by clk)
Endpoint: _447_ (removal check against rising-edge clock clk)
Path Group: asynchronous
Path Type: min

Fanout     Cap    Slew   Delay    Time   Description
-----------------------------------------------------------------------------
                  0.15    0.00    0.00   clock clk (rise edge)
                          0.00    0.00   clock network delay (ideal)
                          5.00    5.00 ^ input external delay
                  0.05    0.03    5.03 ^ rst_n (in)
     1    0.01                           rst_n (net)
                  0.05    0.00    5.03 ^ input17/A (sky130_fd_sc_hd__buf_12)
                  0.32    0.28    5.32 ^ input17/X (sky130_fd_sc_hd__buf_12)
    65    0.28                           net17 (net)
                  0.32    0.00    5.32 ^ _447_/RESET_B (sky130_fd_sc_hd__dfrtp_1)
                                  5.32   data arrival time

                  0.15    0.00    0.00   clock clk (rise edge)
                          0.00    0.00   clock network delay (ideal)
                          0.25    0.25   clock uncertainty
                          0.00    0.25   clock reconvergence pessimism
                                  0.25 ^ _447_/CLK (sky130_fd_sc_hd__dfrtp_1)
                          0.42    0.67   library removal time
                                  0.67   data required time
-----------------------------------------------------------------------------
                                  0.67   data required time
                                 -5.32   data arrival time
-----------------------------------------------------------------------------
                                  4.65   slack (MET)


Startpoint: rst_n (input port clocked by clk)
Endpoint: _486_ (removal check against rising-edge clock clk)
Path Group: asynchronous
Path Type: min

Fanout     Cap    Slew   Delay    Time   Description
-----------------------------------------------------------------------------
                  0.15    0.00    0.00   clock clk (rise edge)
                          0.00    0.00   clock network delay (ideal)
                          5.00    5.00 ^ input external delay
                  0.05    0.03    5.03 ^ rst_n (in)
     1    0.01                           rst_n (net)
                  0.05    0.00    5.03 ^ input17/A (sky130_fd_sc_hd__buf_12)
                  0.32    0.28    5.32 ^ input17/X (sky130_fd_sc_hd__buf_12)
    65    0.28                           net17 (net)
                  0.32    0.01    5.32 ^ _486_/RESET_B (sky130_fd_sc_hd__dfrtp_2)
                                  5.32   data arrival time

                  0.15    0.00    0.00   clock clk (rise edge)
                          0.00    0.00   clock network delay (ideal)
                          0.25    0.25   clock uncertainty
                          0.00    0.25   clock reconvergence pessimism
                                  0.25 ^ _486_/CLK (sky130_fd_sc_hd__dfrtp_2)
                          0.42    0.67   library removal time
                                  0.67   data required time
-----------------------------------------------------------------------------
                                  0.67   data required time
                                 -5.32   data arrival time
-----------------------------------------------------------------------------
                                  4.65   slack (MET)


Startpoint: rst_n (input port clocked by clk)
Endpoint: _484_ (removal check against rising-edge clock clk)
Path Group: asynchronous
Path Type: min

Fanout     Cap    Slew   Delay    Time   Description
-----------------------------------------------------------------------------
                  0.15    0.00    0.00   clock clk (rise edge)
                          0.00    0.00   clock network delay (ideal)
                          5.00    5.00 ^ input external delay
                  0.05    0.03    5.03 ^ rst_n (in)
     1    0.01                           rst_n (net)
                  0.05    0.00    5.03 ^ input17/A (sky130_fd_sc_hd__buf_12)
                  0.32    0.28    5.32 ^ input17/X (sky130_fd_sc_hd__buf_12)
    65    0.28                           net17 (net)
                  0.32    0.01    5.32 ^ _484_/RESET_B (sky130_fd_sc_hd__dfrtp_4)
                                  5.32   data arrival time

                  0.15    0.00    0.00   clock clk (rise edge)
                          0.00    0.00   clock network delay (ideal)
                          0.25    0.25   clock uncertainty
                          0.00    0.25   clock reconvergence pessimism
                                  0.25 ^ _484_/CLK (sky130_fd_sc_hd__dfrtp_4)
                          0.42    0.67   library removal time
                                  0.67   data required time
-----------------------------------------------------------------------------
                                  0.67   data required time
                                 -5.32   data arrival time
-----------------------------------------------------------------------------
                                  4.65   slack (MET)


Startpoint: rst_n (input port clocked by clk)
Endpoint: _432_ (removal check against rising-edge clock clk)
Path Group: asynchronous
Path Type: min

Fanout     Cap    Slew   Delay    Time   Description
-----------------------------------------------------------------------------
                  0.15    0.00    0.00   clock clk (rise edge)
                          0.00    0.00   clock network delay (ideal)
                          5.00    5.00 ^ input external delay
                  0.05    0.03    5.03 ^ rst_n (in)
     1    0.01                           rst_n (net)
                  0.05    0.00    5.03 ^ input17/A (sky130_fd_sc_hd__buf_12)
                  0.32    0.28    5.32 ^ input17/X (sky130_fd_sc_hd__buf_12)
    65    0.28                           net17 (net)
                  0.32    0.01    5.32 ^ _432_/RESET_B (sky130_fd_sc_hd__dfrtp_1)
                                  5.32   data arrival time

                  0.15    0.00    0.00   clock clk (rise edge)
                          0.00    0.00   clock network delay (ideal)
                          0.25    0.25   clock uncertainty
                          0.00    0.25   clock reconvergence pessimism
                                  0.25 ^ _432_/CLK (sky130_fd_sc_hd__dfrtp_1)
                          0.42    0.67   library removal time
                                  0.67   data required time
-----------------------------------------------------------------------------
                                  0.67   data required time
                                 -5.32   data arrival time
-----------------------------------------------------------------------------
                                  4.65   slack (MET)


Startpoint: rst_n (input port clocked by clk)
Endpoint: _433_ (removal check against rising-edge clock clk)
Path Group: asynchronous
Path Type: min

Fanout     Cap    Slew   Delay    Time   Description
-----------------------------------------------------------------------------
                  0.15    0.00    0.00   clock clk (rise edge)
                          0.00    0.00   clock network delay (ideal)
                          5.00    5.00 ^ input external delay
                  0.05    0.03    5.03 ^ rst_n (in)
     1    0.01                           rst_n (net)
                  0.05    0.00    5.03 ^ input17/A (sky130_fd_sc_hd__buf_12)
                  0.32    0.28    5.32 ^ input17/X (sky130_fd_sc_hd__buf_12)
    65    0.28                           net17 (net)
                  0.32    0.01    5.32 ^ _433_/RESET_B (sky130_fd_sc_hd__dfrtp_1)
                                  5.32   data arrival time

                  0.15    0.00    0.00   clock clk (rise edge)
                          0.00    0.00   clock network delay (ideal)
                          0.25    0.25   clock uncertainty
                          0.00    0.25   clock reconvergence pessimism
                                  0.25 ^ _433_/CLK (sky130_fd_sc_hd__dfrtp_1)
                          0.42    0.67   library removal time
                                  0.67   data required time
-----------------------------------------------------------------------------
                                  0.67   data required time
                                 -5.32   data arrival time
-----------------------------------------------------------------------------
                                  4.65   slack (MET)


Startpoint: rst_n (input port clocked by clk)
Endpoint: _466_ (removal check against rising-edge clock clk)
Path Group: asynchronous
Path Type: min

Fanout     Cap    Slew   Delay    Time   Description
-----------------------------------------------------------------------------
                  0.15    0.00    0.00   clock clk (rise edge)
                          0.00    0.00   clock network delay (ideal)
                          5.00    5.00 ^ input external delay
                  0.05    0.03    5.03 ^ rst_n (in)
     1    0.01                           rst_n (net)
                  0.05    0.00    5.03 ^ input17/A (sky130_fd_sc_hd__buf_12)
                  0.32    0.28    5.32 ^ input17/X (sky130_fd_sc_hd__buf_12)
    65    0.28                           net17 (net)
                  0.32    0.01    5.32 ^ _466_/RESET_B (sky130_fd_sc_hd__dfrtp_1)
                                  5.32   data arrival time

                  0.15    0.00    0.00   clock clk (rise edge)
                          0.00    0.00   clock network delay (ideal)
                          0.25    0.25   clock uncertainty
                          0.00    0.25   clock reconvergence pessimism
                                  0.25 ^ _466_/CLK (sky130_fd_sc_hd__dfrtp_1)
                          0.42    0.67   library removal time
                                  0.67   data required time
-----------------------------------------------------------------------------
                                  0.67   data required time
                                 -5.32   data arrival time
-----------------------------------------------------------------------------
                                  4.65   slack (MET)


Startpoint: rst_n (input port clocked by clk)
Endpoint: _485_ (removal check against rising-edge clock clk)
Path Group: asynchronous
Path Type: min

Fanout     Cap    Slew   Delay    Time   Description
-----------------------------------------------------------------------------
                  0.15    0.00    0.00   clock clk (rise edge)
                          0.00    0.00   clock network delay (ideal)
                          5.00    5.00 ^ input external delay
                  0.05    0.03    5.03 ^ rst_n (in)
     1    0.01                           rst_n (net)
                  0.05    0.00    5.03 ^ input17/A (sky130_fd_sc_hd__buf_12)
                  0.32    0.28    5.32 ^ input17/X (sky130_fd_sc_hd__buf_12)
    65    0.28                           net17 (net)
                  0.32    0.01    5.32 ^ _485_/RESET_B (sky130_fd_sc_hd__dfrtp_2)
                                  5.32   data arrival time

                  0.15    0.00    0.00   clock clk (rise edge)
                          0.00    0.00   clock network delay (ideal)
                          0.25    0.25   clock uncertainty
                          0.00    0.25   clock reconvergence pessimism
                                  0.25 ^ _485_/CLK (sky130_fd_sc_hd__dfrtp_2)
                          0.42    0.67   library removal time
                                  0.67   data required time
-----------------------------------------------------------------------------
                                  0.67   data required time
                                 -5.32   data arrival time
-----------------------------------------------------------------------------
                                  4.65   slack (MET)


Startpoint: rst_n (input port clocked by clk)
Endpoint: _465_ (removal check against rising-edge clock clk)
Path Group: asynchronous
Path Type: min

Fanout     Cap    Slew   Delay    Time   Description
-----------------------------------------------------------------------------
                  0.15    0.00    0.00   clock clk (rise edge)
                          0.00    0.00   clock network delay (ideal)
                          5.00    5.00 ^ input external delay
                  0.05    0.03    5.03 ^ rst_n (in)
     1    0.01                           rst_n (net)
                  0.05    0.00    5.03 ^ input17/A (sky130_fd_sc_hd__buf_12)
                  0.32    0.28    5.32 ^ input17/X (sky130_fd_sc_hd__buf_12)
    65    0.28                           net17 (net)
                  0.32    0.01    5.32 ^ _465_/RESET_B (sky130_fd_sc_hd__dfrtp_1)
                                  5.32   data arrival time

                  0.15    0.00    0.00   clock clk (rise edge)
                          0.00    0.00   clock network delay (ideal)
                          0.25    0.25   clock uncertainty
                          0.00    0.25   clock reconvergence pessimism
                                  0.25 ^ _465_/CLK (sky130_fd_sc_hd__dfrtp_1)
                          0.42    0.67   library removal time
                                  0.67   data required time
-----------------------------------------------------------------------------
                                  0.67   data required time
                                 -5.32   data arrival time
-----------------------------------------------------------------------------
                                  4.65   slack (MET)


Startpoint: rst_n (input port clocked by clk)
Endpoint: _422_ (removal check against rising-edge clock clk)
Path Group: asynchronous
Path Type: min

Fanout     Cap    Slew   Delay    Time   Description
-----------------------------------------------------------------------------
                  0.15    0.00    0.00   clock clk (rise edge)
                          0.00    0.00   clock network delay (ideal)
                          5.00    5.00 ^ input external delay
                  0.05    0.03    5.03 ^ rst_n (in)
     1    0.01                           rst_n (net)
                  0.05    0.00    5.03 ^ input17/A (sky130_fd_sc_hd__buf_12)
                  0.32    0.28    5.32 ^ input17/X (sky130_fd_sc_hd__buf_12)
    65    0.28                           net17 (net)
                  0.32    0.01    5.33 ^ _422_/RESET_B (sky130_fd_sc_hd__dfrtp_1)
                                  5.33   data arrival time

                  0.15    0.00    0.00   clock clk (rise edge)
                          0.00    0.00   clock network delay (ideal)
                          0.25    0.25   clock uncertainty
                          0.00    0.25   clock reconvergence pessimism
                                  0.25 ^ _422_/CLK (sky130_fd_sc_hd__dfrtp_1)
                          0.42    0.67   library removal time
                                  0.67   data required time
-----------------------------------------------------------------------------
                                  0.67   data required time
                                 -5.33   data arrival time
-----------------------------------------------------------------------------
                                  4.65   slack (MET)


Startpoint: rst_n (input port clocked by clk)
Endpoint: _439_ (removal check against rising-edge clock clk)
Path Group: asynchronous
Path Type: min

Fanout     Cap    Slew   Delay    Time   Description
-----------------------------------------------------------------------------
                  0.15    0.00    0.00   clock clk (rise edge)
                          0.00    0.00   clock network delay (ideal)
                          5.00    5.00 ^ input external delay
                  0.05    0.03    5.03 ^ rst_n (in)
     1    0.01                           rst_n (net)
                  0.05    0.00    5.03 ^ input17/A (sky130_fd_sc_hd__buf_12)
                  0.32    0.28    5.32 ^ input17/X (sky130_fd_sc_hd__buf_12)
    65    0.28                           net17 (net)
                  0.32    0.01    5.33 ^ _439_/RESET_B (sky130_fd_sc_hd__dfrtp_1)
                                  5.33   data arrival time

                  0.15    0.00    0.00   clock clk (rise edge)
                          0.00    0.00   clock network delay (ideal)
                          0.25    0.25   clock uncertainty
                          0.00    0.25   clock reconvergence pessimism
                                  0.25 ^ _439_/CLK (sky130_fd_sc_hd__dfrtp_1)
                          0.42    0.67   library removal time
                                  0.67   data required time
-----------------------------------------------------------------------------
                                  0.67   data required time
                                 -5.33   data arrival time
-----------------------------------------------------------------------------
                                  4.65   slack (MET)


Startpoint: rst_n (input port clocked by clk)
Endpoint: _440_ (removal check against rising-edge clock clk)
Path Group: asynchronous
Path Type: min

Fanout     Cap    Slew   Delay    Time   Description
-----------------------------------------------------------------------------
                  0.15    0.00    0.00   clock clk (rise edge)
                          0.00    0.00   clock network delay (ideal)
                          5.00    5.00 ^ input external delay
                  0.05    0.03    5.03 ^ rst_n (in)
     1    0.01                           rst_n (net)
                  0.05    0.00    5.03 ^ input17/A (sky130_fd_sc_hd__buf_12)
                  0.32    0.28    5.32 ^ input17/X (sky130_fd_sc_hd__buf_12)
    65    0.28                           net17 (net)
                  0.32    0.01    5.33 ^ _440_/RESET_B (sky130_fd_sc_hd__dfrtp_1)
                                  5.33   data arrival time

                  0.15    0.00    0.00   clock clk (rise edge)
                          0.00    0.00   clock network delay (ideal)
                          0.25    0.25   clock uncertainty
                          0.00    0.25   clock reconvergence pessimism
                                  0.25 ^ _440_/CLK (sky130_fd_sc_hd__dfrtp_1)
                          0.42    0.67   library removal time
                                  0.67   data required time
-----------------------------------------------------------------------------
                                  0.67   data required time
                                 -5.33   data arrival time
-----------------------------------------------------------------------------
                                  4.65   slack (MET)


Startpoint: rst_n (input port clocked by clk)
Endpoint: _463_ (removal check against rising-edge clock clk)
Path Group: asynchronous
Path Type: min

Fanout     Cap    Slew   Delay    Time   Description
-----------------------------------------------------------------------------
                  0.15    0.00    0.00   clock clk (rise edge)
                          0.00    0.00   clock network delay (ideal)
                          5.00    5.00 ^ input external delay
                  0.05    0.03    5.03 ^ rst_n (in)
     1    0.01                           rst_n (net)
                  0.05    0.00    5.03 ^ input17/A (sky130_fd_sc_hd__buf_12)
                  0.32    0.28    5.32 ^ input17/X (sky130_fd_sc_hd__buf_12)
    65    0.28                           net17 (net)
                  0.32    0.01    5.33 ^ _463_/RESET_B (sky130_fd_sc_hd__dfrtp_1)
                                  5.33   data arrival time

                  0.15    0.00    0.00   clock clk (rise edge)
                          0.00    0.00   clock network delay (ideal)
                          0.25    0.25   clock uncertainty
                          0.00    0.25   clock reconvergence pessimism
                                  0.25 ^ _463_/CLK (sky130_fd_sc_hd__dfrtp_1)
                          0.42    0.67   library removal time
                                  0.67   data required time
-----------------------------------------------------------------------------
                                  0.67   data required time
                                 -5.33   data arrival time
-----------------------------------------------------------------------------
                                  4.65   slack (MET)


Startpoint: rst_n (input port clocked by clk)
Endpoint: _434_ (removal check against rising-edge clock clk)
Path Group: asynchronous
Path Type: min

Fanout     Cap    Slew   Delay    Time   Description
-----------------------------------------------------------------------------
                  0.15    0.00    0.00   clock clk (rise edge)
                          0.00    0.00   clock network delay (ideal)
                          5.00    5.00 ^ input external delay
                  0.05    0.03    5.03 ^ rst_n (in)
     1    0.01                           rst_n (net)
                  0.05    0.00    5.03 ^ input17/A (sky130_fd_sc_hd__buf_12)
                  0.32    0.28    5.32 ^ input17/X (sky130_fd_sc_hd__buf_12)
    65    0.28                           net17 (net)
                  0.32    0.01    5.33 ^ _434_/RESET_B (sky130_fd_sc_hd__dfrtp_1)
                                  5.33   data arrival time

                  0.15    0.00    0.00   clock clk (rise edge)
                          0.00    0.00   clock network delay (ideal)
                          0.25    0.25   clock uncertainty
                          0.00    0.25   clock reconvergence pessimism
                                  0.25 ^ _434_/CLK (sky130_fd_sc_hd__dfrtp_1)
                          0.42    0.67   library removal time
                                  0.67   data required time
-----------------------------------------------------------------------------
                                  0.67   data required time
                                 -5.33   data arrival time
-----------------------------------------------------------------------------
                                  4.65   slack (MET)


Startpoint: rst_n (input port clocked by clk)
Endpoint: _462_ (removal check against rising-edge clock clk)
Path Group: asynchronous
Path Type: min

Fanout     Cap    Slew   Delay    Time   Description
-----------------------------------------------------------------------------
                  0.15    0.00    0.00   clock clk (rise edge)
                          0.00    0.00   clock network delay (ideal)
                          5.00    5.00 ^ input external delay
                  0.05    0.03    5.03 ^ rst_n (in)
     1    0.01                           rst_n (net)
                  0.05    0.00    5.03 ^ input17/A (sky130_fd_sc_hd__buf_12)
                  0.32    0.28    5.32 ^ input17/X (sky130_fd_sc_hd__buf_12)
    65    0.28                           net17 (net)
                  0.32    0.01    5.33 ^ _462_/RESET_B (sky130_fd_sc_hd__dfrtp_1)
                                  5.33   data arrival time

                  0.15    0.00    0.00   clock clk (rise edge)
                          0.00    0.00   clock network delay (ideal)
                          0.25    0.25   clock uncertainty
                          0.00    0.25   clock reconvergence pessimism
                                  0.25 ^ _462_/CLK (sky130_fd_sc_hd__dfrtp_1)
                          0.42    0.67   library removal time
                                  0.67   data required time
-----------------------------------------------------------------------------
                                  0.67   data required time
                                 -5.33   data arrival time
-----------------------------------------------------------------------------
                                  4.65   slack (MET)


Startpoint: rst_n (input port clocked by clk)
Endpoint: _481_ (removal check against rising-edge clock clk)
Path Group: asynchronous
Path Type: min

Fanout     Cap    Slew   Delay    Time   Description
-----------------------------------------------------------------------------
                  0.15    0.00    0.00   clock clk (rise edge)
                          0.00    0.00   clock network delay (ideal)
                          5.00    5.00 ^ input external delay
                  0.05    0.03    5.03 ^ rst_n (in)
     1    0.01                           rst_n (net)
                  0.05    0.00    5.03 ^ input17/A (sky130_fd_sc_hd__buf_12)
                  0.32    0.28    5.32 ^ input17/X (sky130_fd_sc_hd__buf_12)
    65    0.28                           net17 (net)
                  0.32    0.01    5.33 ^ _481_/RESET_B (sky130_fd_sc_hd__dfrtp_1)
                                  5.33   data arrival time

                  0.15    0.00    0.00   clock clk (rise edge)
                          0.00    0.00   clock network delay (ideal)
                          0.25    0.25   clock uncertainty
                          0.00    0.25   clock reconvergence pessimism
                                  0.25 ^ _481_/CLK (sky130_fd_sc_hd__dfrtp_1)
                          0.42    0.67   library removal time
                                  0.67   data required time
-----------------------------------------------------------------------------
                                  0.67   data required time
                                 -5.33   data arrival time
-----------------------------------------------------------------------------
                                  4.65   slack (MET)


Startpoint: rst_n (input port clocked by clk)
Endpoint: _438_ (removal check against rising-edge clock clk)
Path Group: asynchronous
Path Type: min

Fanout     Cap    Slew   Delay    Time   Description
-----------------------------------------------------------------------------
                  0.15    0.00    0.00   clock clk (rise edge)
                          0.00    0.00   clock network delay (ideal)
                          5.00    5.00 ^ input external delay
                  0.05    0.03    5.03 ^ rst_n (in)
     1    0.01                           rst_n (net)
                  0.05    0.00    5.03 ^ input17/A (sky130_fd_sc_hd__buf_12)
                  0.32    0.28    5.32 ^ input17/X (sky130_fd_sc_hd__buf_12)
    65    0.28                           net17 (net)
                  0.32    0.01    5.33 ^ _438_/RESET_B (sky130_fd_sc_hd__dfrtp_1)
                                  5.33   data arrival time

                  0.15    0.00    0.00   clock clk (rise edge)
                          0.00    0.00   clock network delay (ideal)
                          0.25    0.25   clock uncertainty
                          0.00    0.25   clock reconvergence pessimism
                                  0.25 ^ _438_/CLK (sky130_fd_sc_hd__dfrtp_1)
                          0.42    0.67   library removal time
                                  0.67   data required time
-----------------------------------------------------------------------------
                                  0.67   data required time
                                 -5.33   data arrival time
-----------------------------------------------------------------------------
                                  4.65   slack (MET)


Startpoint: rst_n (input port clocked by clk)
Endpoint: _478_ (removal check against rising-edge clock clk)
Path Group: asynchronous
Path Type: min

Fanout     Cap    Slew   Delay    Time   Description
-----------------------------------------------------------------------------
                  0.15    0.00    0.00   clock clk (rise edge)
                          0.00    0.00   clock network delay (ideal)
                          5.00    5.00 ^ input external delay
                  0.05    0.03    5.03 ^ rst_n (in)
     1    0.01                           rst_n (net)
                  0.05    0.00    5.03 ^ input17/A (sky130_fd_sc_hd__buf_12)
                  0.32    0.28    5.32 ^ input17/X (sky130_fd_sc_hd__buf_12)
    65    0.28                           net17 (net)
                  0.32    0.01    5.33 ^ _478_/RESET_B (sky130_fd_sc_hd__dfrtp_1)
                                  5.33   data arrival time

                  0.15    0.00    0.00   clock clk (rise edge)
                          0.00    0.00   clock network delay (ideal)
                          0.25    0.25   clock uncertainty
                          0.00    0.25   clock reconvergence pessimism
                                  0.25 ^ _478_/CLK (sky130_fd_sc_hd__dfrtp_1)
                          0.42    0.67   library removal time
                                  0.67   data required time
-----------------------------------------------------------------------------
                                  0.67   data required time
                                 -5.33   data arrival time
-----------------------------------------------------------------------------
                                  4.65   slack (MET)


Startpoint: rst_n (input port clocked by clk)
Endpoint: _482_ (removal check against rising-edge clock clk)
Path Group: asynchronous
Path Type: min

Fanout     Cap    Slew   Delay    Time   Description
-----------------------------------------------------------------------------
                  0.15    0.00    0.00   clock clk (rise edge)
                          0.00    0.00   clock network delay (ideal)
                          5.00    5.00 ^ input external delay
                  0.05    0.03    5.03 ^ rst_n (in)
     1    0.01                           rst_n (net)
                  0.05    0.00    5.03 ^ input17/A (sky130_fd_sc_hd__buf_12)
                  0.32    0.28    5.32 ^ input17/X (sky130_fd_sc_hd__buf_12)
    65    0.28                           net17 (net)
                  0.32    0.01    5.33 ^ _482_/RESET_B (sky130_fd_sc_hd__dfrtp_1)
                                  5.33   data arrival time

                  0.15    0.00    0.00   clock clk (rise edge)
                          0.00    0.00   clock network delay (ideal)
                          0.25    0.25   clock uncertainty
                          0.00    0.25   clock reconvergence pessimism
                                  0.25 ^ _482_/CLK (sky130_fd_sc_hd__dfrtp_1)
                          0.42    0.67   library removal time
                                  0.67   data required time
-----------------------------------------------------------------------------
                                  0.67   data required time
                                 -5.33   data arrival time
-----------------------------------------------------------------------------
                                  4.65   slack (MET)


Startpoint: rst_n (input port clocked by clk)
Endpoint: _467_ (removal check against rising-edge clock clk)
Path Group: asynchronous
Path Type: min

Fanout     Cap    Slew   Delay    Time   Description
-----------------------------------------------------------------------------
                  0.15    0.00    0.00   clock clk (rise edge)
                          0.00    0.00   clock network delay (ideal)
                          5.00    5.00 ^ input external delay
                  0.05    0.03    5.03 ^ rst_n (in)
     1    0.01                           rst_n (net)
                  0.05    0.00    5.03 ^ input17/A (sky130_fd_sc_hd__buf_12)
                  0.32    0.28    5.32 ^ input17/X (sky130_fd_sc_hd__buf_12)
    65    0.28                           net17 (net)
                  0.32    0.01    5.33 ^ _467_/RESET_B (sky130_fd_sc_hd__dfrtp_1)
                                  5.33   data arrival time

                  0.15    0.00    0.00   clock clk (rise edge)
                          0.00    0.00   clock network delay (ideal)
                          0.25    0.25   clock uncertainty
                          0.00    0.25   clock reconvergence pessimism
                                  0.25 ^ _467_/CLK (sky130_fd_sc_hd__dfrtp_1)
                          0.42    0.67   library removal time
                                  0.67   data required time
-----------------------------------------------------------------------------
                                  0.67   data required time
                                 -5.33   data arrival time
-----------------------------------------------------------------------------
                                  4.65   slack (MET)


Startpoint: rst_n (input port clocked by clk)
Endpoint: _464_ (removal check against rising-edge clock clk)
Path Group: asynchronous
Path Type: min

Fanout     Cap    Slew   Delay    Time   Description
-----------------------------------------------------------------------------
                  0.15    0.00    0.00   clock clk (rise edge)
                          0.00    0.00   clock network delay (ideal)
                          5.00    5.00 ^ input external delay
                  0.05    0.03    5.03 ^ rst_n (in)
     1    0.01                           rst_n (net)
                  0.05    0.00    5.03 ^ input17/A (sky130_fd_sc_hd__buf_12)
                  0.32    0.28    5.32 ^ input17/X (sky130_fd_sc_hd__buf_12)
    65    0.28                           net17 (net)
                  0.32    0.01    5.33 ^ _464_/RESET_B (sky130_fd_sc_hd__dfrtp_1)
                                  5.33   data arrival time

                  0.15    0.00    0.00   clock clk (rise edge)
                          0.00    0.00   clock network delay (ideal)
                          0.25    0.25   clock uncertainty
                          0.00    0.25   clock reconvergence pessimism
                                  0.25 ^ _464_/CLK (sky130_fd_sc_hd__dfrtp_1)
                          0.42    0.67   library removal time
                                  0.67   data required time
-----------------------------------------------------------------------------
                                  0.67   data required time
                                 -5.33   data arrival time
-----------------------------------------------------------------------------
                                  4.65   slack (MET)


Startpoint: rst_n (input port clocked by clk)
Endpoint: _445_ (removal check against rising-edge clock clk)
Path Group: asynchronous
Path Type: min

Fanout     Cap    Slew   Delay    Time   Description
-----------------------------------------------------------------------------
                  0.15    0.00    0.00   clock clk (rise edge)
                          0.00    0.00   clock network delay (ideal)
                          5.00    5.00 ^ input external delay
                  0.05    0.03    5.03 ^ rst_n (in)
     1    0.01                           rst_n (net)
                  0.05    0.00    5.03 ^ input17/A (sky130_fd_sc_hd__buf_12)
                  0.32    0.28    5.32 ^ input17/X (sky130_fd_sc_hd__buf_12)
    65    0.28                           net17 (net)
                  0.32    0.01    5.33 ^ _445_/RESET_B (sky130_fd_sc_hd__dfrtp_1)
                                  5.33   data arrival time

                  0.15    0.00    0.00   clock clk (rise edge)
                          0.00    0.00   clock network delay (ideal)
                          0.25    0.25   clock uncertainty
                          0.00    0.25   clock reconvergence pessimism
                                  0.25 ^ _445_/CLK (sky130_fd_sc_hd__dfrtp_1)
                          0.42    0.67   library removal time
                                  0.67   data required time
-----------------------------------------------------------------------------
                                  0.67   data required time
                                 -5.33   data arrival time
-----------------------------------------------------------------------------
                                  4.65   slack (MET)


Startpoint: rst_n (input port clocked by clk)
Endpoint: _459_ (removal check against rising-edge clock clk)
Path Group: asynchronous
Path Type: min

Fanout     Cap    Slew   Delay    Time   Description
-----------------------------------------------------------------------------
                  0.15    0.00    0.00   clock clk (rise edge)
                          0.00    0.00   clock network delay (ideal)
                          5.00    5.00 ^ input external delay
                  0.05    0.03    5.03 ^ rst_n (in)
     1    0.01                           rst_n (net)
                  0.05    0.00    5.03 ^ input17/A (sky130_fd_sc_hd__buf_12)
                  0.32    0.28    5.32 ^ input17/X (sky130_fd_sc_hd__buf_12)
    65    0.28                           net17 (net)
                  0.32    0.01    5.33 ^ _459_/RESET_B (sky130_fd_sc_hd__dfrtp_1)
                                  5.33   data arrival time

                  0.15    0.00    0.00   clock clk (rise edge)
                          0.00    0.00   clock network delay (ideal)
                          0.25    0.25   clock uncertainty
                          0.00    0.25   clock reconvergence pessimism
                                  0.25 ^ _459_/CLK (sky130_fd_sc_hd__dfrtp_1)
                          0.42    0.67   library removal time
                                  0.67   data required time
-----------------------------------------------------------------------------
                                  0.67   data required time
                                 -5.33   data arrival time
-----------------------------------------------------------------------------
                                  4.65   slack (MET)


Startpoint: rst_n (input port clocked by clk)
Endpoint: _446_ (removal check against rising-edge clock clk)
Path Group: asynchronous
Path Type: min

Fanout     Cap    Slew   Delay    Time   Description
-----------------------------------------------------------------------------
                  0.15    0.00    0.00   clock clk (rise edge)
                          0.00    0.00   clock network delay (ideal)
                          5.00    5.00 ^ input external delay
                  0.05    0.03    5.03 ^ rst_n (in)
     1    0.01                           rst_n (net)
                  0.05    0.00    5.03 ^ input17/A (sky130_fd_sc_hd__buf_12)
                  0.32    0.28    5.32 ^ input17/X (sky130_fd_sc_hd__buf_12)
    65    0.28                           net17 (net)
                  0.32    0.01    5.33 ^ _446_/RESET_B (sky130_fd_sc_hd__dfrtp_1)
                                  5.33   data arrival time

                  0.15    0.00    0.00   clock clk (rise edge)
                          0.00    0.00   clock network delay (ideal)
                          0.25    0.25   clock uncertainty
                          0.00    0.25   clock reconvergence pessimism
                                  0.25 ^ _446_/CLK (sky130_fd_sc_hd__dfrtp_1)
                          0.42    0.67   library removal time
                                  0.67   data required time
-----------------------------------------------------------------------------
                                  0.67   data required time
                                 -5.33   data arrival time
-----------------------------------------------------------------------------
                                  4.65   slack (MET)


Startpoint: rst_n (input port clocked by clk)
Endpoint: _450_ (removal check against rising-edge clock clk)
Path Group: asynchronous
Path Type: min

Fanout     Cap    Slew   Delay    Time   Description
-----------------------------------------------------------------------------
                  0.15    0.00    0.00   clock clk (rise edge)
                          0.00    0.00   clock network delay (ideal)
                          5.00    5.00 ^ input external delay
                  0.05    0.03    5.03 ^ rst_n (in)
     1    0.01                           rst_n (net)
                  0.05    0.00    5.03 ^ input17/A (sky130_fd_sc_hd__buf_12)
                  0.32    0.28    5.32 ^ input17/X (sky130_fd_sc_hd__buf_12)
    65    0.28                           net17 (net)
                  0.32    0.01    5.33 ^ _450_/RESET_B (sky130_fd_sc_hd__dfrtp_1)
                                  5.33   data arrival time

                  0.15    0.00    0.00   clock clk (rise edge)
                          0.00    0.00   clock network delay (ideal)
                          0.25    0.25   clock uncertainty
                          0.00    0.25   clock reconvergence pessimism
                                  0.25 ^ _450_/CLK (sky130_fd_sc_hd__dfrtp_1)
                          0.42    0.67   library removal time
                                  0.67   data required time
-----------------------------------------------------------------------------
                                  0.67   data required time
                                 -5.33   data arrival time
-----------------------------------------------------------------------------
                                  4.65   slack (MET)


Startpoint: rst_n (input port clocked by clk)
Endpoint: _460_ (removal check against rising-edge clock clk)
Path Group: asynchronous
Path Type: min

Fanout     Cap    Slew   Delay    Time   Description
-----------------------------------------------------------------------------
                  0.15    0.00    0.00   clock clk (rise edge)
                          0.00    0.00   clock network delay (ideal)
                          5.00    5.00 ^ input external delay
                  0.05    0.03    5.03 ^ rst_n (in)
     1    0.01                           rst_n (net)
                  0.05    0.00    5.03 ^ input17/A (sky130_fd_sc_hd__buf_12)
                  0.32    0.28    5.32 ^ input17/X (sky130_fd_sc_hd__buf_12)
    65    0.28                           net17 (net)
                  0.32    0.01    5.33 ^ _460_/RESET_B (sky130_fd_sc_hd__dfrtp_1)
                                  5.33   data arrival time

                  0.15    0.00    0.00   clock clk (rise edge)
                          0.00    0.00   clock network delay (ideal)
                          0.25    0.25   clock uncertainty
                          0.00    0.25   clock reconvergence pessimism
                                  0.25 ^ _460_/CLK (sky130_fd_sc_hd__dfrtp_1)
                          0.42    0.67   library removal time
                                  0.67   data required time
-----------------------------------------------------------------------------
                                  0.67   data required time
                                 -5.33   data arrival time
-----------------------------------------------------------------------------
                                  4.65   slack (MET)


Startpoint: rst_n (input port clocked by clk)
Endpoint: _452_ (removal check against rising-edge clock clk)
Path Group: asynchronous
Path Type: min

Fanout     Cap    Slew   Delay    Time   Description
-----------------------------------------------------------------------------
                  0.15    0.00    0.00   clock clk (rise edge)
                          0.00    0.00   clock network delay (ideal)
                          5.00    5.00 ^ input external delay
                  0.05    0.03    5.03 ^ rst_n (in)
     1    0.01                           rst_n (net)
                  0.05    0.00    5.03 ^ input17/A (sky130_fd_sc_hd__buf_12)
                  0.32    0.28    5.32 ^ input17/X (sky130_fd_sc_hd__buf_12)
    65    0.28                           net17 (net)
                  0.32    0.01    5.33 ^ _452_/RESET_B (sky130_fd_sc_hd__dfrtp_1)
                                  5.33   data arrival time

                  0.15    0.00    0.00   clock clk (rise edge)
                          0.00    0.00   clock network delay (ideal)
                          0.25    0.25   clock uncertainty
                          0.00    0.25   clock reconvergence pessimism
                                  0.25 ^ _452_/CLK (sky130_fd_sc_hd__dfrtp_1)
                          0.42    0.67   library removal time
                                  0.67   data required time
-----------------------------------------------------------------------------
                                  0.67   data required time
                                 -5.33   data arrival time
-----------------------------------------------------------------------------
                                  4.65   slack (MET)


Startpoint: rst_n (input port clocked by clk)
Endpoint: _425_ (removal check against rising-edge clock clk)
Path Group: asynchronous
Path Type: min

Fanout     Cap    Slew   Delay    Time   Description
-----------------------------------------------------------------------------
                  0.15    0.00    0.00   clock clk (rise edge)
                          0.00    0.00   clock network delay (ideal)
                          5.00    5.00 ^ input external delay
                  0.05    0.03    5.03 ^ rst_n (in)
     1    0.01                           rst_n (net)
                  0.05    0.00    5.03 ^ input17/A (sky130_fd_sc_hd__buf_12)
                  0.32    0.28    5.32 ^ input17/X (sky130_fd_sc_hd__buf_12)
    65    0.28                           net17 (net)
                  0.32    0.01    5.33 ^ _425_/RESET_B (sky130_fd_sc_hd__dfrtp_1)
                                  5.33   data arrival time

                  0.15    0.00    0.00   clock clk (rise edge)
                          0.00    0.00   clock network delay (ideal)
                          0.25    0.25   clock uncertainty
                          0.00    0.25   clock reconvergence pessimism
                                  0.25 ^ _425_/CLK (sky130_fd_sc_hd__dfrtp_1)
                          0.42    0.67   library removal time
                                  0.67   data required time
-----------------------------------------------------------------------------
                                  0.67   data required time
                                 -5.33   data arrival time
-----------------------------------------------------------------------------
                                  4.65   slack (MET)


Startpoint: rst_n (input port clocked by clk)
Endpoint: _461_ (removal check against rising-edge clock clk)
Path Group: asynchronous
Path Type: min

Fanout     Cap    Slew   Delay    Time   Description
-----------------------------------------------------------------------------
                  0.15    0.00    0.00   clock clk (rise edge)
                          0.00    0.00   clock network delay (ideal)
                          5.00    5.00 ^ input external delay
                  0.05    0.03    5.03 ^ rst_n (in)
     1    0.01                           rst_n (net)
                  0.05    0.00    5.03 ^ input17/A (sky130_fd_sc_hd__buf_12)
                  0.32    0.28    5.32 ^ input17/X (sky130_fd_sc_hd__buf_12)
    65    0.28                           net17 (net)
                  0.32    0.01    5.33 ^ _461_/RESET_B (sky130_fd_sc_hd__dfrtp_1)
                                  5.33   data arrival time

                  0.15    0.00    0.00   clock clk (rise edge)
                          0.00    0.00   clock network delay (ideal)
                          0.25    0.25   clock uncertainty
                          0.00    0.25   clock reconvergence pessimism
                                  0.25 ^ _461_/CLK (sky130_fd_sc_hd__dfrtp_1)
                          0.42    0.67   library removal time
                                  0.67   data required time
-----------------------------------------------------------------------------
                                  0.67   data required time
                                 -5.33   data arrival time
-----------------------------------------------------------------------------
                                  4.65   slack (MET)


Startpoint: rst_n (input port clocked by clk)
Endpoint: _457_ (removal check against rising-edge clock clk)
Path Group: asynchronous
Path Type: min

Fanout     Cap    Slew   Delay    Time   Description
-----------------------------------------------------------------------------
                  0.15    0.00    0.00   clock clk (rise edge)
                          0.00    0.00   clock network delay (ideal)
                          5.00    5.00 ^ input external delay
                  0.05    0.03    5.03 ^ rst_n (in)
     1    0.01                           rst_n (net)
                  0.05    0.00    5.03 ^ input17/A (sky130_fd_sc_hd__buf_12)
                  0.32    0.28    5.32 ^ input17/X (sky130_fd_sc_hd__buf_12)
    65    0.28                           net17 (net)
                  0.32    0.01    5.33 ^ _457_/RESET_B (sky130_fd_sc_hd__dfrtp_1)
                                  5.33   data arrival time

                  0.15    0.00    0.00   clock clk (rise edge)
                          0.00    0.00   clock network delay (ideal)
                          0.25    0.25   clock uncertainty
                          0.00    0.25   clock reconvergence pessimism
                                  0.25 ^ _457_/CLK (sky130_fd_sc_hd__dfrtp_1)
                          0.42    0.67   library removal time
                                  0.67   data required time
-----------------------------------------------------------------------------
                                  0.67   data required time
                                 -5.33   data arrival time
-----------------------------------------------------------------------------
                                  4.65   slack (MET)


Startpoint: rst_n (input port clocked by clk)
Endpoint: _423_ (removal check against rising-edge clock clk)
Path Group: asynchronous
Path Type: min

Fanout     Cap    Slew   Delay    Time   Description
-----------------------------------------------------------------------------
                  0.15    0.00    0.00   clock clk (rise edge)
                          0.00    0.00   clock network delay (ideal)
                          5.00    5.00 ^ input external delay
                  0.05    0.03    5.03 ^ rst_n (in)
     1    0.01                           rst_n (net)
                  0.05    0.00    5.03 ^ input17/A (sky130_fd_sc_hd__buf_12)
                  0.32    0.28    5.32 ^ input17/X (sky130_fd_sc_hd__buf_12)
    65    0.28                           net17 (net)
                  0.32    0.01    5.33 ^ _423_/RESET_B (sky130_fd_sc_hd__dfrtp_1)
                                  5.33   data arrival time

                  0.15    0.00    0.00   clock clk (rise edge)
                          0.00    0.00   clock network delay (ideal)
                          0.25    0.25   clock uncertainty
                          0.00    0.25   clock reconvergence pessimism
                                  0.25 ^ _423_/CLK (sky130_fd_sc_hd__dfrtp_1)
                          0.42    0.67   library removal time
                                  0.67   data required time
-----------------------------------------------------------------------------
                                  0.67   data required time
                                 -5.33   data arrival time
-----------------------------------------------------------------------------
                                  4.65   slack (MET)


Startpoint: rst_n (input port clocked by clk)
Endpoint: _424_ (removal check against rising-edge clock clk)
Path Group: asynchronous
Path Type: min

Fanout     Cap    Slew   Delay    Time   Description
-----------------------------------------------------------------------------
                  0.15    0.00    0.00   clock clk (rise edge)
                          0.00    0.00   clock network delay (ideal)
                          5.00    5.00 ^ input external delay
                  0.05    0.03    5.03 ^ rst_n (in)
     1    0.01                           rst_n (net)
                  0.05    0.00    5.03 ^ input17/A (sky130_fd_sc_hd__buf_12)
                  0.32    0.28    5.32 ^ input17/X (sky130_fd_sc_hd__buf_12)
    65    0.28                           net17 (net)
                  0.32    0.01    5.33 ^ _424_/RESET_B (sky130_fd_sc_hd__dfrtp_1)
                                  5.33   data arrival time

                  0.15    0.00    0.00   clock clk (rise edge)
                          0.00    0.00   clock network delay (ideal)
                          0.25    0.25   clock uncertainty
                          0.00    0.25   clock reconvergence pessimism
                                  0.25 ^ _424_/CLK (sky130_fd_sc_hd__dfrtp_1)
                          0.42    0.67   library removal time
                                  0.67   data required time
-----------------------------------------------------------------------------
                                  0.67   data required time
                                 -5.33   data arrival time
-----------------------------------------------------------------------------
                                  4.65   slack (MET)


Startpoint: rst_n (input port clocked by clk)
Endpoint: _456_ (removal check against rising-edge clock clk)
Path Group: asynchronous
Path Type: min

Fanout     Cap    Slew   Delay    Time   Description
-----------------------------------------------------------------------------
                  0.15    0.00    0.00   clock clk (rise edge)
                          0.00    0.00   clock network delay (ideal)
                          5.00    5.00 ^ input external delay
                  0.05    0.03    5.03 ^ rst_n (in)
     1    0.01                           rst_n (net)
                  0.05    0.00    5.03 ^ input17/A (sky130_fd_sc_hd__buf_12)
                  0.32    0.28    5.32 ^ input17/X (sky130_fd_sc_hd__buf_12)
    65    0.28                           net17 (net)
                  0.32    0.01    5.33 ^ _456_/RESET_B (sky130_fd_sc_hd__dfrtp_1)
                                  5.33   data arrival time

                  0.15    0.00    0.00   clock clk (rise edge)
                          0.00    0.00   clock network delay (ideal)
                          0.25    0.25   clock uncertainty
                          0.00    0.25   clock reconvergence pessimism
                                  0.25 ^ _456_/CLK (sky130_fd_sc_hd__dfrtp_1)
                          0.42    0.67   library removal time
                                  0.67   data required time
-----------------------------------------------------------------------------
                                  0.67   data required time
                                 -5.33   data arrival time
-----------------------------------------------------------------------------
                                  4.65   slack (MET)


Startpoint: rst_n (input port clocked by clk)
Endpoint: _458_ (removal check against rising-edge clock clk)
Path Group: asynchronous
Path Type: min

Fanout     Cap    Slew   Delay    Time   Description
-----------------------------------------------------------------------------
                  0.15    0.00    0.00   clock clk (rise edge)
                          0.00    0.00   clock network delay (ideal)
                          5.00    5.00 ^ input external delay
                  0.05    0.03    5.03 ^ rst_n (in)
     1    0.01                           rst_n (net)
                  0.05    0.00    5.03 ^ input17/A (sky130_fd_sc_hd__buf_12)
                  0.32    0.28    5.32 ^ input17/X (sky130_fd_sc_hd__buf_12)
    65    0.28                           net17 (net)
                  0.32    0.01    5.33 ^ _458_/RESET_B (sky130_fd_sc_hd__dfrtp_1)
                                  5.33   data arrival time

                  0.15    0.00    0.00   clock clk (rise edge)
                          0.00    0.00   clock network delay (ideal)
                          0.25    0.25   clock uncertainty
                          0.00    0.25   clock reconvergence pessimism
                                  0.25 ^ _458_/CLK (sky130_fd_sc_hd__dfrtp_1)
                          0.42    0.67   library removal time
                                  0.67   data required time
-----------------------------------------------------------------------------
                                  0.67   data required time
                                 -5.33   data arrival time
-----------------------------------------------------------------------------
                                  4.65   slack (MET)


Startpoint: rst_n (input port clocked by clk)
Endpoint: _455_ (removal check against rising-edge clock clk)
Path Group: asynchronous
Path Type: min

Fanout     Cap    Slew   Delay    Time   Description
-----------------------------------------------------------------------------
                  0.15    0.00    0.00   clock clk (rise edge)
                          0.00    0.00   clock network delay (ideal)
                          5.00    5.00 ^ input external delay
                  0.05    0.03    5.03 ^ rst_n (in)
     1    0.01                           rst_n (net)
                  0.05    0.00    5.03 ^ input17/A (sky130_fd_sc_hd__buf_12)
                  0.32    0.28    5.32 ^ input17/X (sky130_fd_sc_hd__buf_12)
    65    0.28                           net17 (net)
                  0.32    0.01    5.33 ^ _455_/RESET_B (sky130_fd_sc_hd__dfrtp_1)
                                  5.33   data arrival time

                  0.15    0.00    0.00   clock clk (rise edge)
                          0.00    0.00   clock network delay (ideal)
                          0.25    0.25   clock uncertainty
                          0.00    0.25   clock reconvergence pessimism
                                  0.25 ^ _455_/CLK (sky130_fd_sc_hd__dfrtp_1)
                          0.42    0.67   library removal time
                                  0.67   data required time
-----------------------------------------------------------------------------
                                  0.67   data required time
                                 -5.33   data arrival time
-----------------------------------------------------------------------------
                                  4.65   slack (MET)


Startpoint: rst_n (input port clocked by clk)
Endpoint: _479_ (removal check against rising-edge clock clk)
Path Group: asynchronous
Path Type: min

Fanout     Cap    Slew   Delay    Time   Description
-----------------------------------------------------------------------------
                  0.15    0.00    0.00   clock clk (rise edge)
                          0.00    0.00   clock network delay (ideal)
                          5.00    5.00 ^ input external delay
                  0.05    0.03    5.03 ^ rst_n (in)
     1    0.01                           rst_n (net)
                  0.05    0.00    5.03 ^ input17/A (sky130_fd_sc_hd__buf_12)
                  0.32    0.28    5.32 ^ input17/X (sky130_fd_sc_hd__buf_12)
    65    0.28                           net17 (net)
                  0.32    0.01    5.33 ^ _479_/RESET_B (sky130_fd_sc_hd__dfrtp_1)
                                  5.33   data arrival time

                  0.15    0.00    0.00   clock clk (rise edge)
                          0.00    0.00   clock network delay (ideal)
                          0.25    0.25   clock uncertainty
                          0.00    0.25   clock reconvergence pessimism
                                  0.25 ^ _479_/CLK (sky130_fd_sc_hd__dfrtp_1)
                          0.42    0.67   library removal time
                                  0.67   data required time
-----------------------------------------------------------------------------
                                  0.67   data required time
                                 -5.33   data arrival time
-----------------------------------------------------------------------------
                                  4.65   slack (MET)


Startpoint: rst_n (input port clocked by clk)
Endpoint: _454_ (removal check against rising-edge clock clk)
Path Group: asynchronous
Path Type: min

Fanout     Cap    Slew   Delay    Time   Description
-----------------------------------------------------------------------------
                  0.15    0.00    0.00   clock clk (rise edge)
                          0.00    0.00   clock network delay (ideal)
                          5.00    5.00 ^ input external delay
                  0.05    0.03    5.03 ^ rst_n (in)
     1    0.01                           rst_n (net)
                  0.05    0.00    5.03 ^ input17/A (sky130_fd_sc_hd__buf_12)
                  0.32    0.28    5.32 ^ input17/X (sky130_fd_sc_hd__buf_12)
    65    0.28                           net17 (net)
                  0.32    0.01    5.33 ^ _454_/RESET_B (sky130_fd_sc_hd__dfrtp_1)
                                  5.33   data arrival time

                  0.15    0.00    0.00   clock clk (rise edge)
                          0.00    0.00   clock network delay (ideal)
                          0.25    0.25   clock uncertainty
                          0.00    0.25   clock reconvergence pessimism
                                  0.25 ^ _454_/CLK (sky130_fd_sc_hd__dfrtp_1)
                          0.42    0.67   library removal time
                                  0.67   data required time
-----------------------------------------------------------------------------
                                  0.67   data required time
                                 -5.33   data arrival time
-----------------------------------------------------------------------------
                                  4.65   slack (MET)


Startpoint: rst_n (input port clocked by clk)
Endpoint: _453_ (removal check against rising-edge clock clk)
Path Group: asynchronous
Path Type: min

Fanout     Cap    Slew   Delay    Time   Description
-----------------------------------------------------------------------------
                  0.15    0.00    0.00   clock clk (rise edge)
                          0.00    0.00   clock network delay (ideal)
                          5.00    5.00 ^ input external delay
                  0.05    0.03    5.03 ^ rst_n (in)
     1    0.01                           rst_n (net)
                  0.05    0.00    5.03 ^ input17/A (sky130_fd_sc_hd__buf_12)
                  0.32    0.28    5.32 ^ input17/X (sky130_fd_sc_hd__buf_12)
    65    0.28                           net17 (net)
                  0.32    0.01    5.33 ^ _453_/RESET_B (sky130_fd_sc_hd__dfrtp_1)
                                  5.33   data arrival time

                  0.15    0.00    0.00   clock clk (rise edge)
                          0.00    0.00   clock network delay (ideal)
                          0.25    0.25   clock uncertainty
                          0.00    0.25   clock reconvergence pessimism
                                  0.25 ^ _453_/CLK (sky130_fd_sc_hd__dfrtp_1)
                          0.42    0.67   library removal time
                                  0.67   data required time
-----------------------------------------------------------------------------
                                  0.67   data required time
                                 -5.33   data arrival time
-----------------------------------------------------------------------------
                                  4.65   slack (MET)


Startpoint: rst_n (input port clocked by clk)
Endpoint: _480_ (removal check against rising-edge clock clk)
Path Group: asynchronous
Path Type: min

Fanout     Cap    Slew   Delay    Time   Description
-----------------------------------------------------------------------------
                  0.15    0.00    0.00   clock clk (rise edge)
                          0.00    0.00   clock network delay (ideal)
                          5.00    5.00 ^ input external delay
                  0.05    0.03    5.03 ^ rst_n (in)
     1    0.01                           rst_n (net)
                  0.05    0.00    5.03 ^ input17/A (sky130_fd_sc_hd__buf_12)
                  0.32    0.28    5.32 ^ input17/X (sky130_fd_sc_hd__buf_12)
    65    0.28                           net17 (net)
                  0.32    0.01    5.33 ^ _480_/RESET_B (sky130_fd_sc_hd__dfrtp_1)
                                  5.33   data arrival time

                  0.15    0.00    0.00   clock clk (rise edge)
                          0.00    0.00   clock network delay (ideal)
                          0.25    0.25   clock uncertainty
                          0.00    0.25   clock reconvergence pessimism
                                  0.25 ^ _480_/CLK (sky130_fd_sc_hd__dfrtp_1)
                          0.42    0.67   library removal time
                                  0.67   data required time
-----------------------------------------------------------------------------
                                  0.67   data required time
                                 -5.33   data arrival time
-----------------------------------------------------------------------------
                                  4.65   slack (MET)


Startpoint: rst_n (input port clocked by clk)
Endpoint: _472_ (removal check against rising-edge clock clk)
Path Group: asynchronous
Path Type: min

Fanout     Cap    Slew   Delay    Time   Description
-----------------------------------------------------------------------------
                  0.15    0.00    0.00   clock clk (rise edge)
                          0.00    0.00   clock network delay (ideal)
                          5.00    5.00 ^ input external delay
                  0.05    0.03    5.03 ^ rst_n (in)
     1    0.01                           rst_n (net)
                  0.05    0.00    5.03 ^ input17/A (sky130_fd_sc_hd__buf_12)
                  0.32    0.28    5.32 ^ input17/X (sky130_fd_sc_hd__buf_12)
    65    0.28                           net17 (net)
                  0.32    0.01    5.33 ^ _472_/RESET_B (sky130_fd_sc_hd__dfrtp_1)
                                  5.33   data arrival time

                  0.15    0.00    0.00   clock clk (rise edge)
                          0.00    0.00   clock network delay (ideal)
                          0.25    0.25   clock uncertainty
                          0.00    0.25   clock reconvergence pessimism
                                  0.25 ^ _472_/CLK (sky130_fd_sc_hd__dfrtp_1)
                          0.42    0.67   library removal time
                                  0.67   data required time
-----------------------------------------------------------------------------
                                  0.67   data required time
                                 -5.33   data arrival time
-----------------------------------------------------------------------------
                                  4.65   slack (MET)


Startpoint: rst_n (input port clocked by clk)
Endpoint: _473_ (removal check against rising-edge clock clk)
Path Group: asynchronous
Path Type: min

Fanout     Cap    Slew   Delay    Time   Description
-----------------------------------------------------------------------------
                  0.15    0.00    0.00   clock clk (rise edge)
                          0.00    0.00   clock network delay (ideal)
                          5.00    5.00 ^ input external delay
                  0.05    0.03    5.03 ^ rst_n (in)
     1    0.01                           rst_n (net)
                  0.05    0.00    5.03 ^ input17/A (sky130_fd_sc_hd__buf_12)
                  0.32    0.28    5.32 ^ input17/X (sky130_fd_sc_hd__buf_12)
    65    0.28                           net17 (net)
                  0.32    0.01    5.33 ^ _473_/RESET_B (sky130_fd_sc_hd__dfrtp_1)
                                  5.33   data arrival time

                  0.15    0.00    0.00   clock clk (rise edge)
                          0.00    0.00   clock network delay (ideal)
                          0.25    0.25   clock uncertainty
                          0.00    0.25   clock reconvergence pessimism
                                  0.25 ^ _473_/CLK (sky130_fd_sc_hd__dfrtp_1)
                          0.42    0.67   library removal time
                                  0.67   data required time
-----------------------------------------------------------------------------
                                  0.67   data required time
                                 -5.33   data arrival time
-----------------------------------------------------------------------------
                                  4.65   slack (MET)


Startpoint: rst_n (input port clocked by clk)
Endpoint: _474_ (removal check against rising-edge clock clk)
Path Group: asynchronous
Path Type: min

Fanout     Cap    Slew   Delay    Time   Description
-----------------------------------------------------------------------------
                  0.15    0.00    0.00   clock clk (rise edge)
                          0.00    0.00   clock network delay (ideal)
                          5.00    5.00 ^ input external delay
                  0.05    0.03    5.03 ^ rst_n (in)
     1    0.01                           rst_n (net)
                  0.05    0.00    5.03 ^ input17/A (sky130_fd_sc_hd__buf_12)
                  0.32    0.28    5.32 ^ input17/X (sky130_fd_sc_hd__buf_12)
    65    0.28                           net17 (net)
                  0.32    0.01    5.33 ^ _474_/RESET_B (sky130_fd_sc_hd__dfrtp_1)
                                  5.33   data arrival time

                  0.15    0.00    0.00   clock clk (rise edge)
                          0.00    0.00   clock network delay (ideal)
                          0.25    0.25   clock uncertainty
                          0.00    0.25   clock reconvergence pessimism
                                  0.25 ^ _474_/CLK (sky130_fd_sc_hd__dfrtp_1)
                          0.42    0.67   library removal time
                                  0.67   data required time
-----------------------------------------------------------------------------
                                  0.67   data required time
                                 -5.33   data arrival time
-----------------------------------------------------------------------------
                                  4.65   slack (MET)


Startpoint: rst_n (input port clocked by clk)
Endpoint: _468_ (removal check against rising-edge clock clk)
Path Group: asynchronous
Path Type: min

Fanout     Cap    Slew   Delay    Time   Description
-----------------------------------------------------------------------------
                  0.15    0.00    0.00   clock clk (rise edge)
                          0.00    0.00   clock network delay (ideal)
                          5.00    5.00 ^ input external delay
                  0.05    0.03    5.03 ^ rst_n (in)
     1    0.01                           rst_n (net)
                  0.05    0.00    5.03 ^ input17/A (sky130_fd_sc_hd__buf_12)
                  0.32    0.28    5.32 ^ input17/X (sky130_fd_sc_hd__buf_12)
    65    0.28                           net17 (net)
                  0.32    0.01    5.33 ^ _468_/RESET_B (sky130_fd_sc_hd__dfrtp_1)
                                  5.33   data arrival time

                  0.15    0.00    0.00   clock clk (rise edge)
                          0.00    0.00   clock network delay (ideal)
                          0.25    0.25   clock uncertainty
                          0.00    0.25   clock reconvergence pessimism
                                  0.25 ^ _468_/CLK (sky130_fd_sc_hd__dfrtp_1)
                          0.42    0.67   library removal time
                                  0.67   data required time
-----------------------------------------------------------------------------
                                  0.67   data required time
                                 -5.33   data arrival time
-----------------------------------------------------------------------------
                                  4.65   slack (MET)


Startpoint: rst_n (input port clocked by clk)
Endpoint: _483_ (removal check against rising-edge clock clk)
Path Group: asynchronous
Path Type: min

Fanout     Cap    Slew   Delay    Time   Description
-----------------------------------------------------------------------------
                  0.15    0.00    0.00   clock clk (rise edge)
                          0.00    0.00   clock network delay (ideal)
                          5.00    5.00 ^ input external delay
                  0.05    0.03    5.03 ^ rst_n (in)
     1    0.01                           rst_n (net)
                  0.05    0.00    5.03 ^ input17/A (sky130_fd_sc_hd__buf_12)
                  0.32    0.28    5.32 ^ input17/X (sky130_fd_sc_hd__buf_12)
    65    0.28                           net17 (net)
                  0.32    0.01    5.33 ^ _483_/RESET_B (sky130_fd_sc_hd__dfrtp_1)
                                  5.33   data arrival time

                  0.15    0.00    0.00   clock clk (rise edge)
                          0.00    0.00   clock network delay (ideal)
                          0.25    0.25   clock uncertainty
                          0.00    0.25   clock reconvergence pessimism
                                  0.25 ^ _483_/CLK (sky130_fd_sc_hd__dfrtp_1)
                          0.42    0.67   library removal time
                                  0.67   data required time
-----------------------------------------------------------------------------
                                  0.67   data required time
                                 -5.33   data arrival time
-----------------------------------------------------------------------------
                                  4.65   slack (MET)


Startpoint: rst_n (input port clocked by clk)
Endpoint: _475_ (removal check against rising-edge clock clk)
Path Group: asynchronous
Path Type: min

Fanout     Cap    Slew   Delay    Time   Description
-----------------------------------------------------------------------------
                  0.15    0.00    0.00   clock clk (rise edge)
                          0.00    0.00   clock network delay (ideal)
                          5.00    5.00 ^ input external delay
                  0.05    0.03    5.03 ^ rst_n (in)
     1    0.01                           rst_n (net)
                  0.05    0.00    5.03 ^ input17/A (sky130_fd_sc_hd__buf_12)
                  0.32    0.28    5.32 ^ input17/X (sky130_fd_sc_hd__buf_12)
    65    0.28                           net17 (net)
                  0.32    0.01    5.33 ^ _475_/RESET_B (sky130_fd_sc_hd__dfrtp_4)
                                  5.33   data arrival time

                  0.15    0.00    0.00   clock clk (rise edge)
                          0.00    0.00   clock network delay (ideal)
                          0.25    0.25   clock uncertainty
                          0.00    0.25   clock reconvergence pessimism
                                  0.25 ^ _475_/CLK (sky130_fd_sc_hd__dfrtp_4)
                          0.42    0.67   library removal time
                                  0.67   data required time
-----------------------------------------------------------------------------
                                  0.67   data required time
                                 -5.33   data arrival time
-----------------------------------------------------------------------------
                                  4.65   slack (MET)


Startpoint: rst_n (input port clocked by clk)
Endpoint: _476_ (removal check against rising-edge clock clk)
Path Group: asynchronous
Path Type: min

Fanout     Cap    Slew   Delay    Time   Description
-----------------------------------------------------------------------------
                  0.15    0.00    0.00   clock clk (rise edge)
                          0.00    0.00   clock network delay (ideal)
                          5.00    5.00 ^ input external delay
                  0.05    0.03    5.03 ^ rst_n (in)
     1    0.01                           rst_n (net)
                  0.05    0.00    5.03 ^ input17/A (sky130_fd_sc_hd__buf_12)
                  0.32    0.28    5.32 ^ input17/X (sky130_fd_sc_hd__buf_12)
    65    0.28                           net17 (net)
                  0.32    0.01    5.33 ^ _476_/RESET_B (sky130_fd_sc_hd__dfrtp_1)
                                  5.33   data arrival time

                  0.15    0.00    0.00   clock clk (rise edge)
                          0.00    0.00   clock network delay (ideal)
                          0.25    0.25   clock uncertainty
                          0.00    0.25   clock reconvergence pessimism
                                  0.25 ^ _476_/CLK (sky130_fd_sc_hd__dfrtp_1)
                          0.42    0.67   library removal time
                                  0.67   data required time
-----------------------------------------------------------------------------
                                  0.67   data required time
                                 -5.33   data arrival time
-----------------------------------------------------------------------------
                                  4.65   slack (MET)


Startpoint: rst_n (input port clocked by clk)
Endpoint: _477_ (removal check against rising-edge clock clk)
Path Group: asynchronous
Path Type: min

Fanout     Cap    Slew   Delay    Time   Description
-----------------------------------------------------------------------------
                  0.15    0.00    0.00   clock clk (rise edge)
                          0.00    0.00   clock network delay (ideal)
                          5.00    5.00 ^ input external delay
                  0.05    0.03    5.03 ^ rst_n (in)
     1    0.01                           rst_n (net)
                  0.05    0.00    5.03 ^ input17/A (sky130_fd_sc_hd__buf_12)
                  0.32    0.28    5.32 ^ input17/X (sky130_fd_sc_hd__buf_12)
    65    0.28                           net17 (net)
                  0.32    0.01    5.33 ^ _477_/RESET_B (sky130_fd_sc_hd__dfrtp_1)
                                  5.33   data arrival time

                  0.15    0.00    0.00   clock clk (rise edge)
                          0.00    0.00   clock network delay (ideal)
                          0.25    0.25   clock uncertainty
                          0.00    0.25   clock reconvergence pessimism
                                  0.25 ^ _477_/CLK (sky130_fd_sc_hd__dfrtp_1)
                          0.42    0.67   library removal time
                                  0.67   data required time
-----------------------------------------------------------------------------
                                  0.67   data required time
                                 -5.33   data arrival time
-----------------------------------------------------------------------------
                                  4.65   slack (MET)


Startpoint: rst_n (input port clocked by clk)
Endpoint: _469_ (removal check against rising-edge clock clk)
Path Group: asynchronous
Path Type: min

Fanout     Cap    Slew   Delay    Time   Description
-----------------------------------------------------------------------------
                  0.15    0.00    0.00   clock clk (rise edge)
                          0.00    0.00   clock network delay (ideal)
                          5.00    5.00 ^ input external delay
                  0.05    0.03    5.03 ^ rst_n (in)
     1    0.01                           rst_n (net)
                  0.05    0.00    5.03 ^ input17/A (sky130_fd_sc_hd__buf_12)
                  0.32    0.28    5.32 ^ input17/X (sky130_fd_sc_hd__buf_12)
    65    0.28                           net17 (net)
                  0.32    0.01    5.33 ^ _469_/RESET_B (sky130_fd_sc_hd__dfrtp_1)
                                  5.33   data arrival time

                  0.15    0.00    0.00   clock clk (rise edge)
                          0.00    0.00   clock network delay (ideal)
                          0.25    0.25   clock uncertainty
                          0.00    0.25   clock reconvergence pessimism
                                  0.25 ^ _469_/CLK (sky130_fd_sc_hd__dfrtp_1)
                          0.42    0.67   library removal time
                                  0.67   data required time
-----------------------------------------------------------------------------
                                  0.67   data required time
                                 -5.33   data arrival time
-----------------------------------------------------------------------------
                                  4.66   slack (MET)


Startpoint: rst_n (input port clocked by clk)
Endpoint: _470_ (removal check against rising-edge clock clk)
Path Group: asynchronous
Path Type: min

Fanout     Cap    Slew   Delay    Time   Description
-----------------------------------------------------------------------------
                  0.15    0.00    0.00   clock clk (rise edge)
                          0.00    0.00   clock network delay (ideal)
                          5.00    5.00 ^ input external delay
                  0.05    0.03    5.03 ^ rst_n (in)
     1    0.01                           rst_n (net)
                  0.05    0.00    5.03 ^ input17/A (sky130_fd_sc_hd__buf_12)
                  0.32    0.28    5.32 ^ input17/X (sky130_fd_sc_hd__buf_12)
    65    0.28                           net17 (net)
                  0.32    0.01    5.33 ^ _470_/RESET_B (sky130_fd_sc_hd__dfrtp_1)
                                  5.33   data arrival time

                  0.15    0.00    0.00   clock clk (rise edge)
                          0.00    0.00   clock network delay (ideal)
                          0.25    0.25   clock uncertainty
                          0.00    0.25   clock reconvergence pessimism
                                  0.25 ^ _470_/CLK (sky130_fd_sc_hd__dfrtp_1)
                          0.42    0.67   library removal time
                                  0.67   data required time
-----------------------------------------------------------------------------
                                  0.67   data required time
                                 -5.33   data arrival time
-----------------------------------------------------------------------------
                                  4.66   slack (MET)


Startpoint: rst_n (input port clocked by clk)
Endpoint: _471_ (removal check against rising-edge clock clk)
Path Group: asynchronous
Path Type: min

Fanout     Cap    Slew   Delay    Time   Description
-----------------------------------------------------------------------------
                  0.15    0.00    0.00   clock clk (rise edge)
                          0.00    0.00   clock network delay (ideal)
                          5.00    5.00 ^ input external delay
                  0.05    0.03    5.03 ^ rst_n (in)
     1    0.01                           rst_n (net)
                  0.05    0.00    5.03 ^ input17/A (sky130_fd_sc_hd__buf_12)
                  0.32    0.28    5.32 ^ input17/X (sky130_fd_sc_hd__buf_12)
    65    0.28                           net17 (net)
                  0.32    0.01    5.33 ^ _471_/RESET_B (sky130_fd_sc_hd__dfrtp_1)
                                  5.33   data arrival time

                  0.15    0.00    0.00   clock clk (rise edge)
                          0.00    0.00   clock network delay (ideal)
                          0.25    0.25   clock uncertainty
                          0.00    0.25   clock reconvergence pessimism
                                  0.25 ^ _471_/CLK (sky130_fd_sc_hd__dfrtp_1)
                          0.42    0.67   library removal time
                                  0.67   data required time
-----------------------------------------------------------------------------
                                  0.67   data required time
                                 -5.33   data arrival time
-----------------------------------------------------------------------------
                                  4.66   slack (MET)


Startpoint: _471_ (rising edge-triggered flip-flop clocked by clk)
Endpoint: o_valid (output port clocked by clk)
Path Group: clk
Path Type: min

Fanout     Cap    Slew   Delay    Time   Description
-----------------------------------------------------------------------------
                  0.15    0.00    0.00   clock clk (rise edge)
                          0.00    0.00   clock network delay (ideal)
                  0.15    0.00    0.00 ^ _471_/CLK (sky130_fd_sc_hd__dfrtp_1)
                  0.04    0.33    0.33 ^ _471_/Q (sky130_fd_sc_hd__dfrtp_1)
     1    0.00                           net24 (net)
                  0.04    0.00    0.33 ^ output24/A (sky130_fd_sc_hd__buf_2)
                  0.17    0.19    0.52 ^ output24/X (sky130_fd_sc_hd__buf_2)
     1    0.03                           o_valid (net)
                  0.17    0.00    0.52 ^ o_valid (out)
                                  0.52   data arrival time

                  0.15    0.00    0.00   clock clk (rise edge)
                          0.00    0.00   clock network delay (ideal)
                          0.25    0.25   clock uncertainty
                          0.00    0.25   clock reconvergence pessimism
                         -5.00   -4.75   output external delay
                                 -4.75   data required time
-----------------------------------------------------------------------------
                                 -4.75   data required time
                                 -0.52   data arrival time
-----------------------------------------------------------------------------
                                  5.27   slack (MET)


Startpoint: _469_ (rising edge-triggered flip-flop clocked by clk)
Endpoint: o_bucket[1] (output port clocked by clk)
Path Group: clk
Path Type: min

Fanout     Cap    Slew   Delay    Time   Description
-----------------------------------------------------------------------------
                  0.15    0.00    0.00   clock clk (rise edge)
                          0.00    0.00   clock network delay (ideal)
                  0.15    0.00    0.00 ^ _469_/CLK (sky130_fd_sc_hd__dfrtp_1)
                  0.06    0.34    0.34 ^ _469_/Q (sky130_fd_sc_hd__dfrtp_1)
     2    0.00                           net19 (net)
                  0.06    0.00    0.34 ^ output19/A (sky130_fd_sc_hd__buf_2)
                  0.17    0.19    0.54 ^ output19/X (sky130_fd_sc_hd__buf_2)
     1    0.03                           o_bucket[1] (net)
                  0.17    0.00    0.54 ^ o_bucket[1] (out)
                                  0.54   data arrival time

                  0.15    0.00    0.00   clock clk (rise edge)
                          0.00    0.00   clock network delay (ideal)
                          0.25    0.25   clock uncertainty
                          0.00    0.25   clock reconvergence pessimism
                         -5.00   -4.75   output external delay
                                 -4.75   data required time
-----------------------------------------------------------------------------
                                 -4.75   data required time
                                 -0.54   data arrival time
-----------------------------------------------------------------------------
                                  5.29   slack (MET)


Startpoint: _468_ (rising edge-triggered flip-flop clocked by clk)
Endpoint: o_bucket[0] (output port clocked by clk)
Path Group: clk
Path Type: min

Fanout     Cap    Slew   Delay    Time   Description
-----------------------------------------------------------------------------
                  0.15    0.00    0.00   clock clk (rise edge)
                          0.00    0.00   clock network delay (ideal)
                  0.15    0.00    0.00 ^ _468_/CLK (sky130_fd_sc_hd__dfrtp_1)
                  0.06    0.34    0.34 ^ _468_/Q (sky130_fd_sc_hd__dfrtp_1)
     2    0.00                           net18 (net)
                  0.06    0.00    0.34 ^ output18/A (sky130_fd_sc_hd__buf_2)
                  0.17    0.19    0.54 ^ output18/X (sky130_fd_sc_hd__buf_2)
     1    0.03                           o_bucket[0] (net)
                  0.17    0.00    0.54 ^ o_bucket[0] (out)
                                  0.54   data arrival time

                  0.15    0.00    0.00   clock clk (rise edge)
                          0.00    0.00   clock network delay (ideal)
                          0.25    0.25   clock uncertainty
                          0.00    0.25   clock reconvergence pessimism
                         -5.00   -4.75   output external delay
                                 -4.75   data required time
-----------------------------------------------------------------------------
                                 -4.75   data required time
                                 -0.54   data arrival time
-----------------------------------------------------------------------------
                                  5.29   slack (MET)


Startpoint: _474_ (rising edge-triggered flip-flop clocked by clk)
Endpoint: o_index[2] (output port clocked by clk)
Path Group: clk
Path Type: min

Fanout     Cap    Slew   Delay    Time   Description
-----------------------------------------------------------------------------
                  0.15    0.00    0.00   clock clk (rise edge)
                          0.00    0.00   clock network delay (ideal)
                  0.15    0.00    0.00 ^ _474_/CLK (sky130_fd_sc_hd__dfrtp_1)
                  0.06    0.34    0.34 ^ _474_/Q (sky130_fd_sc_hd__dfrtp_1)
     2    0.00                           net23 (net)
                  0.06    0.00    0.34 ^ output23/A (sky130_fd_sc_hd__buf_2)
                  0.17    0.19    0.54 ^ output23/X (sky130_fd_sc_hd__buf_2)
     1    0.03                           o_index[2] (net)
                  0.17    0.00    0.54 ^ o_index[2] (out)
                                  0.54   data arrival time

                  0.15    0.00    0.00   clock clk (rise edge)
                          0.00    0.00   clock network delay (ideal)
                          0.25    0.25   clock uncertainty
                          0.00    0.25   clock reconvergence pessimism
                         -5.00   -4.75   output external delay
                                 -4.75   data required time
-----------------------------------------------------------------------------
                                 -4.75   data required time
                                 -0.54   data arrival time
-----------------------------------------------------------------------------
                                  5.29   slack (MET)


Startpoint: _470_ (rising edge-triggered flip-flop clocked by clk)
Endpoint: o_bucket[2] (output port clocked by clk)
Path Group: clk
Path Type: min

Fanout     Cap    Slew   Delay    Time   Description
-----------------------------------------------------------------------------
                  0.15    0.00    0.00   clock clk (rise edge)
                          0.00    0.00   clock network delay (ideal)
                  0.15    0.00    0.00 ^ _470_/CLK (sky130_fd_sc_hd__dfrtp_1)
                  0.06    0.35    0.35 ^ _470_/Q (sky130_fd_sc_hd__dfrtp_1)
     2    0.00                           net20 (net)
                  0.06    0.00    0.35 ^ output20/A (sky130_fd_sc_hd__buf_2)
                  0.17    0.19    0.54 ^ output20/X (sky130_fd_sc_hd__buf_2)
     1    0.03                           o_bucket[2] (net)
                  0.17    0.00    0.54 ^ o_bucket[2] (out)
                                  0.54   data arrival time

                  0.15    0.00    0.00   clock clk (rise edge)
                          0.00    0.00   clock network delay (ideal)
                          0.25    0.25   clock uncertainty
                          0.00    0.25   clock reconvergence pessimism
                         -5.00   -4.75   output external delay
                                 -4.75   data required time
-----------------------------------------------------------------------------
                                 -4.75   data required time
                                 -0.54   data arrival time
-----------------------------------------------------------------------------
                                  5.29   slack (MET)


Startpoint: _473_ (rising edge-triggered flip-flop clocked by clk)
Endpoint: o_index[1] (output port clocked by clk)
Path Group: clk
Path Type: min

Fanout     Cap    Slew   Delay    Time   Description
-----------------------------------------------------------------------------
                  0.15    0.00    0.00   clock clk (rise edge)
                          0.00    0.00   clock network delay (ideal)
                  0.15    0.00    0.00 ^ _473_/CLK (sky130_fd_sc_hd__dfrtp_1)
                  0.06    0.35    0.35 ^ _473_/Q (sky130_fd_sc_hd__dfrtp_1)
     2    0.00                           net22 (net)
                  0.06    0.00    0.35 ^ output22/A (sky130_fd_sc_hd__buf_2)
                  0.17    0.19    0.54 ^ output22/X (sky130_fd_sc_hd__buf_2)
     1    0.03                           o_index[1] (net)
                  0.17    0.00    0.54 ^ o_index[1] (out)
                                  0.54   data arrival time

                  0.15    0.00    0.00   clock clk (rise edge)
                          0.00    0.00   clock network delay (ideal)
                          0.25    0.25   clock uncertainty
                          0.00    0.25   clock reconvergence pessimism
                         -5.00   -4.75   output external delay
                                 -4.75   data required time
-----------------------------------------------------------------------------
                                 -4.75   data required time
                                 -0.54   data arrival time
-----------------------------------------------------------------------------
                                  5.29   slack (MET)


Startpoint: _472_ (rising edge-triggered flip-flop clocked by clk)
Endpoint: o_index[0] (output port clocked by clk)
Path Group: clk
Path Type: min

Fanout     Cap    Slew   Delay    Time   Description
-----------------------------------------------------------------------------
                  0.15    0.00    0.00   clock clk (rise edge)
                          0.00    0.00   clock network delay (ideal)
                  0.15    0.00    0.00 ^ _472_/CLK (sky130_fd_sc_hd__dfrtp_1)
                  0.07    0.36    0.36 ^ _472_/Q (sky130_fd_sc_hd__dfrtp_1)
     2    0.01                           net21 (net)
                  0.07    0.00    0.36 ^ output21/A (sky130_fd_sc_hd__buf_2)
                  0.17    0.20    0.55 ^ output21/X (sky130_fd_sc_hd__buf_2)
     1    0.03                           o_index[0] (net)
                  0.17    0.00    0.55 ^ o_index[0] (out)
                                  0.55   data arrival time

                  0.15    0.00    0.00   clock clk (rise edge)
                          0.00    0.00   clock network delay (ideal)
                          0.25    0.25   clock uncertainty
                          0.00    0.25   clock reconvergence pessimism
                         -5.00   -4.75   output external delay
                                 -4.75   data required time
-----------------------------------------------------------------------------
                                 -4.75   data required time
                                 -0.55   data arrival time
-----------------------------------------------------------------------------
                                  5.30   slack (MET)



min_report_end
max_report

===========================================================================
report_checks -path_delay max (Setup)
============================================================================
======================= Typical Corner ===================================

Startpoint: i_value4[1] (input port clocked by clk)
Endpoint: _425_ (rising edge-triggered flip-flop clocked by clk)
Path Group: clk
Path Type: max

Fanout     Cap    Slew   Delay    Time   Description
-----------------------------------------------------------------------------
                  0.15    0.00    0.00   clock clk (rise edge)
                          0.00    0.00   clock network delay (ideal)
                          5.00    5.00 v input external delay
                  0.01    0.00    5.00 v i_value4[1] (in)
     1    0.00                           i_value4[1] (net)
                  0.01    0.00    5.00 v input15/A (sky130_fd_sc_hd__buf_1)
                  0.05    0.10    5.11 v input15/X (sky130_fd_sc_hd__buf_1)
     3    0.01                           net15 (net)
                  0.05    0.00    5.11 v _264_/A1 (sky130_fd_sc_hd__o211a_1)
                  0.04    0.23    5.33 v _264_/X (sky130_fd_sc_hd__o211a_1)
     1    0.00                           _115_ (net)
                  0.04    0.00    5.33 v _266_/B1 (sky130_fd_sc_hd__o221a_2)
                  0.09    0.31    5.64 v _266_/X (sky130_fd_sc_hd__o221a_2)
     5    0.02                           _117_ (net)
                  0.09    0.00    5.64 v _271_/S (sky130_fd_sc_hd__mux2_1)
                  0.05    0.33    5.97 v _271_/X (sky130_fd_sc_hd__mux2_1)
     1    0.00                           _120_ (net)
                  0.05    0.00    5.97 v _272_/A (sky130_fd_sc_hd__clkbuf_1)
                  0.02    0.09    6.07 v _272_/X (sky130_fd_sc_hd__clkbuf_1)
     1    0.00                           _005_ (net)
                  0.02    0.00    6.07 v _425_/D (sky130_fd_sc_hd__dfrtp_1)
                                  6.07   data arrival time

                  0.15   25.00   25.00   clock clk (rise edge)
                          0.00   25.00   clock network delay (ideal)
                         -0.25   24.75   clock uncertainty
                          0.00   24.75   clock reconvergence pessimism
                                 24.75 ^ _425_/CLK (sky130_fd_sc_hd__dfrtp_1)
                         -0.08   24.67   library setup time
                                 24.67   data required time
-----------------------------------------------------------------------------
                                 24.67   data required time
                                 -6.07   data arrival time
-----------------------------------------------------------------------------
                                 18.60   slack (MET)


Startpoint: i_value1[2] (input port clocked by clk)
Endpoint: _440_ (rising edge-triggered flip-flop clocked by clk)
Path Group: clk
Path Type: max

Fanout     Cap    Slew   Delay    Time   Description
-----------------------------------------------------------------------------
                  0.15    0.00    0.00   clock clk (rise edge)
                          0.00    0.00   clock network delay (ideal)
                          5.00    5.00 v input external delay
                  0.01    0.00    5.00 v i_value1[2] (in)
     1    0.00                           i_value1[2] (net)
                  0.01    0.00    5.00 v input7/A (sky130_fd_sc_hd__buf_1)
                  0.06    0.10    5.11 v input7/X (sky130_fd_sc_hd__buf_1)
     3    0.01                           net7 (net)
                  0.06    0.00    5.11 v _288_/A2 (sky130_fd_sc_hd__a22o_1)
                  0.04    0.24    5.35 v _288_/X (sky130_fd_sc_hd__a22o_1)
     1    0.00                           _133_ (net)
                  0.04    0.00    5.35 v _289_/B2 (sky130_fd_sc_hd__o221a_2)
                  0.09    0.29    5.64 v _289_/X (sky130_fd_sc_hd__o221a_2)
     5    0.02                           _134_ (net)
                  0.09    0.00    5.64 v _316_/S (sky130_fd_sc_hd__mux2_1)
                  0.06    0.33    5.97 v _316_/X (sky130_fd_sc_hd__mux2_1)
     1    0.00                           _150_ (net)
                  0.06    0.00    5.97 v _317_/A (sky130_fd_sc_hd__clkbuf_1)
                  0.02    0.09    6.07 v _317_/X (sky130_fd_sc_hd__clkbuf_1)
     1    0.00                           _020_ (net)
                  0.02    0.00    6.07 v _440_/D (sky130_fd_sc_hd__dfrtp_1)
                                  6.07   data arrival time

                  0.15   25.00   25.00   clock clk (rise edge)
                          0.00   25.00   clock network delay (ideal)
                         -0.25   24.75   clock uncertainty
                          0.00   24.75   clock reconvergence pessimism
                                 24.75 ^ _440_/CLK (sky130_fd_sc_hd__dfrtp_1)
                         -0.08   24.67   library setup time
                                 24.67   data required time
-----------------------------------------------------------------------------
                                 24.67   data required time
                                 -6.07   data arrival time
-----------------------------------------------------------------------------
                                 18.60   slack (MET)


Startpoint: i_value4[1] (input port clocked by clk)
Endpoint: _447_ (rising edge-triggered flip-flop clocked by clk)
Path Group: clk
Path Type: max

Fanout     Cap    Slew   Delay    Time   Description
-----------------------------------------------------------------------------
                  0.15    0.00    0.00   clock clk (rise edge)
                          0.00    0.00   clock network delay (ideal)
                          5.00    5.00 v input external delay
                  0.01    0.00    5.00 v i_value4[1] (in)
     1    0.00                           i_value4[1] (net)
                  0.01    0.00    5.00 v input15/A (sky130_fd_sc_hd__buf_1)
                  0.05    0.10    5.11 v input15/X (sky130_fd_sc_hd__buf_1)
     3    0.01                           net15 (net)
                  0.05    0.00    5.11 v _264_/A1 (sky130_fd_sc_hd__o211a_1)
                  0.04    0.23    5.33 v _264_/X (sky130_fd_sc_hd__o211a_1)
     1    0.00                           _115_ (net)
                  0.04    0.00    5.33 v _266_/B1 (sky130_fd_sc_hd__o221a_2)
                  0.09    0.31    5.64 v _266_/X (sky130_fd_sc_hd__o221a_2)
     5    0.02                           _117_ (net)
                  0.09    0.00    5.64 v _335_/S (sky130_fd_sc_hd__mux2_1)
                  0.05    0.33    5.97 v _335_/X (sky130_fd_sc_hd__mux2_1)
     1    0.00                           _162_ (net)
                  0.05    0.00    5.97 v _336_/A (sky130_fd_sc_hd__clkbuf_1)
                  0.02    0.09    6.07 v _336_/X (sky130_fd_sc_hd__clkbuf_1)
     1    0.00                           _027_ (net)
                  0.02    0.00    6.07 v _447_/D (sky130_fd_sc_hd__dfrtp_1)
                                  6.07   data arrival time

                  0.15   25.00   25.00   clock clk (rise edge)
                          0.00   25.00   clock network delay (ideal)
                         -0.25   24.75   clock uncertainty
                          0.00   24.75   clock reconvergence pessimism
                                 24.75 ^ _447_/CLK (sky130_fd_sc_hd__dfrtp_1)
                         -0.08   24.67   library setup time
                                 24.67   data required time
-----------------------------------------------------------------------------
                                 24.67   data required time
                                 -6.07   data arrival time
-----------------------------------------------------------------------------
                                 18.60   slack (MET)


Startpoint: i_value1[2] (input port clocked by clk)
Endpoint: _438_ (rising edge-triggered flip-flop clocked by clk)
Path Group: clk
Path Type: max

Fanout     Cap    Slew   Delay    Time   Description
-----------------------------------------------------------------------------
                  0.15    0.00    0.00   clock clk (rise edge)
                          0.00    0.00   clock network delay (ideal)
                          5.00    5.00 v input external delay
                  0.01    0.00    5.00 v i_value1[2] (in)
     1    0.00                           i_value1[2] (net)
                  0.01    0.00    5.00 v input7/A (sky130_fd_sc_hd__buf_1)
                  0.06    0.10    5.11 v input7/X (sky130_fd_sc_hd__buf_1)
     3    0.01                           net7 (net)
                  0.06    0.00    5.11 v _288_/A2 (sky130_fd_sc_hd__a22o_1)
                  0.04    0.24    5.35 v _288_/X (sky130_fd_sc_hd__a22o_1)
     1    0.00                           _133_ (net)
                  0.04    0.00    5.35 v _289_/B2 (sky130_fd_sc_hd__o221a_2)
                  0.09    0.29    5.64 v _289_/X (sky130_fd_sc_hd__o221a_2)
     5    0.02                           _134_ (net)
                  0.09    0.00    5.64 v _312_/S (sky130_fd_sc_hd__mux2_1)
                  0.05    0.33    5.97 v _312_/X (sky130_fd_sc_hd__mux2_1)
     1    0.00                           _148_ (net)
                  0.05    0.00    5.97 v _313_/A (sky130_fd_sc_hd__clkbuf_1)
                  0.02    0.09    6.06 v _313_/X (sky130_fd_sc_hd__clkbuf_1)
     1    0.00                           _018_ (net)
                  0.02    0.00    6.06 v _438_/D (sky130_fd_sc_hd__dfrtp_1)
                                  6.06   data arrival time

                  0.15   25.00   25.00   clock clk (rise edge)
                          0.00   25.00   clock network delay (ideal)
                         -0.25   24.75   clock uncertainty
                          0.00   24.75   clock reconvergence pessimism
                                 24.75 ^ _438_/CLK (sky130_fd_sc_hd__dfrtp_1)
                         -0.08   24.67   library setup time
                                 24.67   data required time
-----------------------------------------------------------------------------
                                 24.67   data required time
                                 -6.06   data arrival time
-----------------------------------------------------------------------------
                                 18.60   slack (MET)


Startpoint: i_value4[1] (input port clocked by clk)
Endpoint: _423_ (rising edge-triggered flip-flop clocked by clk)
Path Group: clk
Path Type: max

Fanout     Cap    Slew   Delay    Time   Description
-----------------------------------------------------------------------------
                  0.15    0.00    0.00   clock clk (rise edge)
                          0.00    0.00   clock network delay (ideal)
                          5.00    5.00 v input external delay
                  0.01    0.00    5.00 v i_value4[1] (in)
     1    0.00                           i_value4[1] (net)
                  0.01    0.00    5.00 v input15/A (sky130_fd_sc_hd__buf_1)
                  0.05    0.10    5.11 v input15/X (sky130_fd_sc_hd__buf_1)
     3    0.01                           net15 (net)
                  0.05    0.00    5.11 v _264_/A1 (sky130_fd_sc_hd__o211a_1)
                  0.04    0.23    5.33 v _264_/X (sky130_fd_sc_hd__o211a_1)
     1    0.00                           _115_ (net)
                  0.04    0.00    5.33 v _266_/B1 (sky130_fd_sc_hd__o221a_2)
                  0.09    0.31    5.64 v _266_/X (sky130_fd_sc_hd__o221a_2)
     5    0.02                           _117_ (net)
                  0.09    0.00    5.64 v _267_/S (sky130_fd_sc_hd__mux2_1)
                  0.05    0.33    5.97 v _267_/X (sky130_fd_sc_hd__mux2_1)
     1    0.00                           _118_ (net)
                  0.05    0.00    5.97 v _268_/A (sky130_fd_sc_hd__clkbuf_1)
                  0.02    0.09    6.06 v _268_/X (sky130_fd_sc_hd__clkbuf_1)
     1    0.00                           _003_ (net)
                  0.02    0.00    6.06 v _423_/D (sky130_fd_sc_hd__dfrtp_1)
                                  6.06   data arrival time

                  0.15   25.00   25.00   clock clk (rise edge)
                          0.00   25.00   clock network delay (ideal)
                         -0.25   24.75   clock uncertainty
                          0.00   24.75   clock reconvergence pessimism
                                 24.75 ^ _423_/CLK (sky130_fd_sc_hd__dfrtp_1)
                         -0.08   24.67   library setup time
                                 24.67   data required time
-----------------------------------------------------------------------------
                                 24.67   data required time
                                 -6.06   data arrival time
-----------------------------------------------------------------------------
                                 18.60   slack (MET)


Startpoint: i_value4[1] (input port clocked by clk)
Endpoint: _448_ (rising edge-triggered flip-flop clocked by clk)
Path Group: clk
Path Type: max

Fanout     Cap    Slew   Delay    Time   Description
-----------------------------------------------------------------------------
                  0.15    0.00    0.00   clock clk (rise edge)
                          0.00    0.00   clock network delay (ideal)
                          5.00    5.00 v input external delay
                  0.01    0.00    5.00 v i_value4[1] (in)
     1    0.00                           i_value4[1] (net)
                  0.01    0.00    5.00 v input15/A (sky130_fd_sc_hd__buf_1)
                  0.05    0.10    5.11 v input15/X (sky130_fd_sc_hd__buf_1)
     3    0.01                           net15 (net)
                  0.05    0.00    5.11 v _264_/A1 (sky130_fd_sc_hd__o211a_1)
                  0.04    0.23    5.33 v _264_/X (sky130_fd_sc_hd__o211a_1)
     1    0.00                           _115_ (net)
                  0.04    0.00    5.33 v _266_/B1 (sky130_fd_sc_hd__o221a_2)
                  0.09    0.31    5.64 v _266_/X (sky130_fd_sc_hd__o221a_2)
     5    0.02                           _117_ (net)
                  0.09    0.00    5.64 v _337_/S (sky130_fd_sc_hd__mux2_1)
                  0.05    0.33    5.97 v _337_/X (sky130_fd_sc_hd__mux2_1)
     1    0.00                           _163_ (net)
                  0.05    0.00    5.97 v _338_/A (sky130_fd_sc_hd__clkbuf_1)
                  0.02    0.09    6.06 v _338_/X (sky130_fd_sc_hd__clkbuf_1)
     1    0.00                           _028_ (net)
                  0.02    0.00    6.06 v _448_/D (sky130_fd_sc_hd__dfrtp_1)
                                  6.06   data arrival time

                  0.15   25.00   25.00   clock clk (rise edge)
                          0.00   25.00   clock network delay (ideal)
                         -0.25   24.75   clock uncertainty
                          0.00   24.75   clock reconvergence pessimism
                                 24.75 ^ _448_/CLK (sky130_fd_sc_hd__dfrtp_1)
                         -0.08   24.67   library setup time
                                 24.67   data required time
-----------------------------------------------------------------------------
                                 24.67   data required time
                                 -6.06   data arrival time
-----------------------------------------------------------------------------
                                 18.60   slack (MET)


Startpoint: i_value4[1] (input port clocked by clk)
Endpoint: _424_ (rising edge-triggered flip-flop clocked by clk)
Path Group: clk
Path Type: max

Fanout     Cap    Slew   Delay    Time   Description
-----------------------------------------------------------------------------
                  0.15    0.00    0.00   clock clk (rise edge)
                          0.00    0.00   clock network delay (ideal)
                          5.00    5.00 v input external delay
                  0.01    0.00    5.00 v i_value4[1] (in)
     1    0.00                           i_value4[1] (net)
                  0.01    0.00    5.00 v input15/A (sky130_fd_sc_hd__buf_1)
                  0.05    0.10    5.11 v input15/X (sky130_fd_sc_hd__buf_1)
     3    0.01                           net15 (net)
                  0.05    0.00    5.11 v _264_/A1 (sky130_fd_sc_hd__o211a_1)
                  0.04    0.23    5.33 v _264_/X (sky130_fd_sc_hd__o211a_1)
     1    0.00                           _115_ (net)
                  0.04    0.00    5.33 v _266_/B1 (sky130_fd_sc_hd__o221a_2)
                  0.09    0.31    5.64 v _266_/X (sky130_fd_sc_hd__o221a_2)
     5    0.02                           _117_ (net)
                  0.09    0.00    5.64 v _269_/S (sky130_fd_sc_hd__mux2_1)
                  0.05    0.33    5.97 v _269_/X (sky130_fd_sc_hd__mux2_1)
     1    0.00                           _119_ (net)
                  0.05    0.00    5.97 v _270_/A (sky130_fd_sc_hd__clkbuf_1)
                  0.02    0.09    6.06 v _270_/X (sky130_fd_sc_hd__clkbuf_1)
     1    0.00                           _004_ (net)
                  0.02    0.00    6.06 v _424_/D (sky130_fd_sc_hd__dfrtp_1)
                                  6.06   data arrival time

                  0.15   25.00   25.00   clock clk (rise edge)
                          0.00   25.00   clock network delay (ideal)
                         -0.25   24.75   clock uncertainty
                          0.00   24.75   clock reconvergence pessimism
                                 24.75 ^ _424_/CLK (sky130_fd_sc_hd__dfrtp_1)
                         -0.08   24.67   library setup time
                                 24.67   data required time
-----------------------------------------------------------------------------
                                 24.67   data required time
                                 -6.06   data arrival time
-----------------------------------------------------------------------------
                                 18.60   slack (MET)


Startpoint: i_value3[1] (input port clocked by clk)
Endpoint: _450_ (rising edge-triggered flip-flop clocked by clk)
Path Group: clk
Path Type: max

Fanout     Cap    Slew   Delay    Time   Description
-----------------------------------------------------------------------------
                  0.15    0.00    0.00   clock clk (rise edge)
                          0.00    0.00   clock network delay (ideal)
                          5.00    5.00 v input external delay
                  0.01    0.00    5.00 v i_value3[1] (in)
     1    0.00                           i_value3[1] (net)
                  0.01    0.00    5.00 v input12/A (sky130_fd_sc_hd__buf_1)
                  0.05    0.10    5.10 v input12/X (sky130_fd_sc_hd__buf_1)
     3    0.01                           net12 (net)
                  0.05    0.00    5.10 v _321_/A1 (sky130_fd_sc_hd__o211a_1)
                  0.04    0.23    5.33 v _321_/X (sky130_fd_sc_hd__o211a_1)
     1    0.00                           _154_ (net)
                  0.04    0.00    5.33 v _323_/B1 (sky130_fd_sc_hd__o221a_2)
                  0.09    0.31    5.64 v _323_/X (sky130_fd_sc_hd__o221a_2)
     5    0.02                           _156_ (net)
                  0.09    0.00    5.64 v _340_/S (sky130_fd_sc_hd__mux2_1)
                  0.05    0.33    5.97 v _340_/X (sky130_fd_sc_hd__mux2_1)
     1    0.00                           _164_ (net)
                  0.05    0.00    5.97 v _341_/A (sky130_fd_sc_hd__clkbuf_1)
                  0.02    0.09    6.06 v _341_/X (sky130_fd_sc_hd__clkbuf_1)
     1    0.00                           _030_ (net)
                  0.02    0.00    6.06 v _450_/D (sky130_fd_sc_hd__dfrtp_1)
                                  6.06   data arrival time

                  0.15   25.00   25.00   clock clk (rise edge)
                          0.00   25.00   clock network delay (ideal)
                         -0.25   24.75   clock uncertainty
                          0.00   24.75   clock reconvergence pessimism
                                 24.75 ^ _450_/CLK (sky130_fd_sc_hd__dfrtp_1)
                         -0.08   24.67   library setup time
                                 24.67   data required time
-----------------------------------------------------------------------------
                                 24.67   data required time
                                 -6.06   data arrival time
-----------------------------------------------------------------------------
                                 18.61   slack (MET)


Startpoint: i_value3[1] (input port clocked by clk)
Endpoint: _441_ (rising edge-triggered flip-flop clocked by clk)
Path Group: clk
Path Type: max

Fanout     Cap    Slew   Delay    Time   Description
-----------------------------------------------------------------------------
                  0.15    0.00    0.00   clock clk (rise edge)
                          0.00    0.00   clock network delay (ideal)
                          5.00    5.00 v input external delay
                  0.01    0.00    5.00 v i_value3[1] (in)
     1    0.00                           i_value3[1] (net)
                  0.01    0.00    5.00 v input12/A (sky130_fd_sc_hd__buf_1)
                  0.05    0.10    5.10 v input12/X (sky130_fd_sc_hd__buf_1)
     3    0.01                           net12 (net)
                  0.05    0.00    5.10 v _321_/A1 (sky130_fd_sc_hd__o211a_1)
                  0.04    0.23    5.33 v _321_/X (sky130_fd_sc_hd__o211a_1)
     1    0.00                           _154_ (net)
                  0.04    0.00    5.33 v _323_/B1 (sky130_fd_sc_hd__o221a_2)
                  0.09    0.31    5.64 v _323_/X (sky130_fd_sc_hd__o221a_2)
     5    0.02                           _156_ (net)
                  0.09    0.00    5.64 v _324_/S (sky130_fd_sc_hd__mux2_1)
                  0.05    0.33    5.97 v _324_/X (sky130_fd_sc_hd__mux2_1)
     1    0.00                           _157_ (net)
                  0.05    0.00    5.97 v _325_/A (sky130_fd_sc_hd__clkbuf_1)
                  0.02    0.09    6.06 v _325_/X (sky130_fd_sc_hd__clkbuf_1)
     1    0.00                           _021_ (net)
                  0.02    0.00    6.06 v _441_/D (sky130_fd_sc_hd__dfrtp_1)
                                  6.06   data arrival time

                  0.15   25.00   25.00   clock clk (rise edge)
                          0.00   25.00   clock network delay (ideal)
                         -0.25   24.75   clock uncertainty
                          0.00   24.75   clock reconvergence pessimism
                                 24.75 ^ _441_/CLK (sky130_fd_sc_hd__dfrtp_1)
                         -0.08   24.67   library setup time
                                 24.67   data required time
-----------------------------------------------------------------------------
                                 24.67   data required time
                                 -6.06   data arrival time
-----------------------------------------------------------------------------
                                 18.61   slack (MET)


Startpoint: i_value3[1] (input port clocked by clk)
Endpoint: _442_ (rising edge-triggered flip-flop clocked by clk)
Path Group: clk
Path Type: max

Fanout     Cap    Slew   Delay    Time   Description
-----------------------------------------------------------------------------
                  0.15    0.00    0.00   clock clk (rise edge)
                          0.00    0.00   clock network delay (ideal)
                          5.00    5.00 v input external delay
                  0.01    0.00    5.00 v i_value3[1] (in)
     1    0.00                           i_value3[1] (net)
                  0.01    0.00    5.00 v input12/A (sky130_fd_sc_hd__buf_1)
                  0.05    0.10    5.10 v input12/X (sky130_fd_sc_hd__buf_1)
     3    0.01                           net12 (net)
                  0.05    0.00    5.10 v _321_/A1 (sky130_fd_sc_hd__o211a_1)
                  0.04    0.23    5.33 v _321_/X (sky130_fd_sc_hd__o211a_1)
     1    0.00                           _154_ (net)
                  0.04    0.00    5.33 v _323_/B1 (sky130_fd_sc_hd__o221a_2)
                  0.09    0.31    5.64 v _323_/X (sky130_fd_sc_hd__o221a_2)
     5    0.02                           _156_ (net)
                  0.09    0.00    5.64 v _326_/S (sky130_fd_sc_hd__mux2_1)
                  0.05    0.33    5.97 v _326_/X (sky130_fd_sc_hd__mux2_1)
     1    0.00                           _158_ (net)
                  0.05    0.00    5.97 v _327_/A (sky130_fd_sc_hd__clkbuf_1)
                  0.02    0.09    6.06 v _327_/X (sky130_fd_sc_hd__clkbuf_1)
     1    0.00                           _022_ (net)
                  0.02    0.00    6.06 v _442_/D (sky130_fd_sc_hd__dfrtp_1)
                                  6.06   data arrival time

                  0.15   25.00   25.00   clock clk (rise edge)
                          0.00   25.00   clock network delay (ideal)
                         -0.25   24.75   clock uncertainty
                          0.00   24.75   clock reconvergence pessimism
                                 24.75 ^ _442_/CLK (sky130_fd_sc_hd__dfrtp_1)
                         -0.08   24.67   library setup time
                                 24.67   data required time
-----------------------------------------------------------------------------
                                 24.67   data required time
                                 -6.06   data arrival time
-----------------------------------------------------------------------------
                                 18.61   slack (MET)


Startpoint: i_value1[2] (input port clocked by clk)
Endpoint: _439_ (rising edge-triggered flip-flop clocked by clk)
Path Group: clk
Path Type: max

Fanout     Cap    Slew   Delay    Time   Description
-----------------------------------------------------------------------------
                  0.15    0.00    0.00   clock clk (rise edge)
                          0.00    0.00   clock network delay (ideal)
                          5.00    5.00 v input external delay
                  0.01    0.00    5.00 v i_value1[2] (in)
     1    0.00                           i_value1[2] (net)
                  0.01    0.00    5.00 v input7/A (sky130_fd_sc_hd__buf_1)
                  0.06    0.10    5.11 v input7/X (sky130_fd_sc_hd__buf_1)
     3    0.01                           net7 (net)
                  0.06    0.00    5.11 v _288_/A2 (sky130_fd_sc_hd__a22o_1)
                  0.04    0.24    5.35 v _288_/X (sky130_fd_sc_hd__a22o_1)
     1    0.00                           _133_ (net)
                  0.04    0.00    5.35 v _289_/B2 (sky130_fd_sc_hd__o221a_2)
                  0.09    0.29    5.64 v _289_/X (sky130_fd_sc_hd__o221a_2)
     5    0.02                           _134_ (net)
                  0.09    0.00    5.64 v _314_/S (sky130_fd_sc_hd__mux2_1)
                  0.05    0.33    5.97 v _314_/X (sky130_fd_sc_hd__mux2_1)
     1    0.00                           _149_ (net)
                  0.05    0.00    5.97 v _315_/A (sky130_fd_sc_hd__clkbuf_1)
                  0.02    0.09    6.06 v _315_/X (sky130_fd_sc_hd__clkbuf_1)
     1    0.00                           _019_ (net)
                  0.02    0.00    6.06 v _439_/D (sky130_fd_sc_hd__dfrtp_1)
                                  6.06   data arrival time

                  0.15   25.00   25.00   clock clk (rise edge)
                          0.00   25.00   clock network delay (ideal)
                         -0.25   24.75   clock uncertainty
                          0.00   24.75   clock reconvergence pessimism
                                 24.75 ^ _439_/CLK (sky130_fd_sc_hd__dfrtp_1)
                         -0.08   24.67   library setup time
                                 24.67   data required time
-----------------------------------------------------------------------------
                                 24.67   data required time
                                 -6.06   data arrival time
-----------------------------------------------------------------------------
                                 18.61   slack (MET)


Startpoint: i_value2[2] (input port clocked by clk)
Endpoint: _436_ (rising edge-triggered flip-flop clocked by clk)
Path Group: clk
Path Type: max

Fanout     Cap    Slew   Delay    Time   Description
-----------------------------------------------------------------------------
                  0.15    0.00    0.00   clock clk (rise edge)
                          0.00    0.00   clock network delay (ideal)
                          5.00    5.00 v input external delay
                  0.01    0.00    5.00 v i_value2[2] (in)
     1    0.00                           i_value2[2] (net)
                  0.01    0.00    5.00 v input10/A (sky130_fd_sc_hd__buf_1)
                  0.06    0.10    5.11 v input10/X (sky130_fd_sc_hd__buf_1)
     3    0.01                           net10 (net)
                  0.06    0.00    5.11 v _305_/A2 (sky130_fd_sc_hd__a22o_1)
                  0.04    0.24    5.34 v _305_/X (sky130_fd_sc_hd__a22o_1)
     1    0.00                           _144_ (net)
                  0.04    0.00    5.34 v _306_/B2 (sky130_fd_sc_hd__o221a_2)
                  0.09    0.29    5.63 v _306_/X (sky130_fd_sc_hd__o221a_2)
     5    0.02                           _145_ (net)
                  0.09    0.00    5.63 v _309_/S (sky130_fd_sc_hd__mux2_1)
                  0.05    0.33    5.97 v _309_/X (sky130_fd_sc_hd__mux2_1)
     1    0.00                           _147_ (net)
                  0.05    0.00    5.97 v _310_/A (sky130_fd_sc_hd__clkbuf_1)
                  0.02    0.09    6.06 v _310_/X (sky130_fd_sc_hd__clkbuf_1)
     1    0.00                           _016_ (net)
                  0.02    0.00    6.06 v _436_/D (sky130_fd_sc_hd__dfrtp_1)
                                  6.06   data arrival time

                  0.15   25.00   25.00   clock clk (rise edge)
                          0.00   25.00   clock network delay (ideal)
                         -0.25   24.75   clock uncertainty
                          0.00   24.75   clock reconvergence pessimism
                                 24.75 ^ _436_/CLK (sky130_fd_sc_hd__dfrtp_1)
                         -0.08   24.67   library setup time
                                 24.67   data required time
-----------------------------------------------------------------------------
                                 24.67   data required time
                                 -6.06   data arrival time
-----------------------------------------------------------------------------
                                 18.61   slack (MET)


Startpoint: i_value1[2] (input port clocked by clk)
Endpoint: _430_ (rising edge-triggered flip-flop clocked by clk)
Path Group: clk
Path Type: max

Fanout     Cap    Slew   Delay    Time   Description
-----------------------------------------------------------------------------
                  0.15    0.00    0.00   clock clk (rise edge)
                          0.00    0.00   clock network delay (ideal)
                          5.00    5.00 v input external delay
                  0.01    0.00    5.00 v i_value1[2] (in)
     1    0.00                           i_value1[2] (net)
                  0.01    0.00    5.00 v input7/A (sky130_fd_sc_hd__buf_1)
                  0.06    0.10    5.11 v input7/X (sky130_fd_sc_hd__buf_1)
     3    0.01                           net7 (net)
                  0.06    0.00    5.11 v _288_/A2 (sky130_fd_sc_hd__a22o_1)
                  0.04    0.24    5.35 v _288_/X (sky130_fd_sc_hd__a22o_1)
     1    0.00                           _133_ (net)
                  0.04    0.00    5.35 v _289_/B2 (sky130_fd_sc_hd__o221a_2)
                  0.09    0.29    5.64 v _289_/X (sky130_fd_sc_hd__o221a_2)
     5    0.02                           _134_ (net)
                  0.09    0.00    5.64 v _292_/S (sky130_fd_sc_hd__mux2_1)
                  0.05    0.33    5.97 v _292_/X (sky130_fd_sc_hd__mux2_1)
     1    0.00                           _136_ (net)
                  0.05    0.00    5.97 v _293_/A (sky130_fd_sc_hd__clkbuf_1)
                  0.02    0.09    6.06 v _293_/X (sky130_fd_sc_hd__clkbuf_1)
     1    0.00                           _010_ (net)
                  0.02    0.00    6.06 v _430_/D (sky130_fd_sc_hd__dfrtp_1)
                                  6.06   data arrival time

                  0.15   25.00   25.00   clock clk (rise edge)
                          0.00   25.00   clock network delay (ideal)
                         -0.25   24.75   clock uncertainty
                          0.00   24.75   clock reconvergence pessimism
                                 24.75 ^ _430_/CLK (sky130_fd_sc_hd__dfrtp_1)
                         -0.08   24.67   library setup time
                                 24.67   data required time
-----------------------------------------------------------------------------
                                 24.67   data required time
                                 -6.06   data arrival time
-----------------------------------------------------------------------------
                                 18.61   slack (MET)


Startpoint: i_value1[2] (input port clocked by clk)
Endpoint: _429_ (rising edge-triggered flip-flop clocked by clk)
Path Group: clk
Path Type: max

Fanout     Cap    Slew   Delay    Time   Description
-----------------------------------------------------------------------------
                  0.15    0.00    0.00   clock clk (rise edge)
                          0.00    0.00   clock network delay (ideal)
                          5.00    5.00 v input external delay
                  0.01    0.00    5.00 v i_value1[2] (in)
     1    0.00                           i_value1[2] (net)
                  0.01    0.00    5.00 v input7/A (sky130_fd_sc_hd__buf_1)
                  0.06    0.10    5.11 v input7/X (sky130_fd_sc_hd__buf_1)
     3    0.01                           net7 (net)
                  0.06    0.00    5.11 v _288_/A2 (sky130_fd_sc_hd__a22o_1)
                  0.04    0.24    5.35 v _288_/X (sky130_fd_sc_hd__a22o_1)
     1    0.00                           _133_ (net)
                  0.04    0.00    5.35 v _289_/B2 (sky130_fd_sc_hd__o221a_2)
                  0.09    0.29    5.64 v _289_/X (sky130_fd_sc_hd__o221a_2)
     5    0.02                           _134_ (net)
                  0.09    0.00    5.64 v _290_/S (sky130_fd_sc_hd__mux2_1)
                  0.05    0.33    5.97 v _290_/X (sky130_fd_sc_hd__mux2_1)
     1    0.00                           _135_ (net)
                  0.05    0.00    5.97 v _291_/A (sky130_fd_sc_hd__clkbuf_1)
                  0.02    0.09    6.06 v _291_/X (sky130_fd_sc_hd__clkbuf_1)
     1    0.00                           _009_ (net)
                  0.02    0.00    6.06 v _429_/D (sky130_fd_sc_hd__dfrtp_1)
                                  6.06   data arrival time

                  0.15   25.00   25.00   clock clk (rise edge)
                          0.00   25.00   clock network delay (ideal)
                         -0.25   24.75   clock uncertainty
                          0.00   24.75   clock reconvergence pessimism
                                 24.75 ^ _429_/CLK (sky130_fd_sc_hd__dfrtp_1)
                         -0.08   24.67   library setup time
                                 24.67   data required time
-----------------------------------------------------------------------------
                                 24.67   data required time
                                 -6.06   data arrival time
-----------------------------------------------------------------------------
                                 18.61   slack (MET)


Startpoint: i_value3[1] (input port clocked by clk)
Endpoint: _452_ (rising edge-triggered flip-flop clocked by clk)
Path Group: clk
Path Type: max

Fanout     Cap    Slew   Delay    Time   Description
-----------------------------------------------------------------------------
                  0.15    0.00    0.00   clock clk (rise edge)
                          0.00    0.00   clock network delay (ideal)
                          5.00    5.00 v input external delay
                  0.01    0.00    5.00 v i_value3[1] (in)
     1    0.00                           i_value3[1] (net)
                  0.01    0.00    5.00 v input12/A (sky130_fd_sc_hd__buf_1)
                  0.05    0.10    5.10 v input12/X (sky130_fd_sc_hd__buf_1)
     3    0.01                           net12 (net)
                  0.05    0.00    5.10 v _321_/A1 (sky130_fd_sc_hd__o211a_1)
                  0.04    0.23    5.33 v _321_/X (sky130_fd_sc_hd__o211a_1)
     1    0.00                           _154_ (net)
                  0.04    0.00    5.33 v _323_/B1 (sky130_fd_sc_hd__o221a_2)
                  0.09    0.31    5.64 v _323_/X (sky130_fd_sc_hd__o221a_2)
     5    0.02                           _156_ (net)
                  0.09    0.00    5.64 v _344_/S (sky130_fd_sc_hd__mux2_1)
                  0.05    0.33    5.97 v _344_/X (sky130_fd_sc_hd__mux2_1)
     1    0.00                           _166_ (net)
                  0.05    0.00    5.97 v _345_/A (sky130_fd_sc_hd__clkbuf_1)
                  0.02    0.09    6.06 v _345_/X (sky130_fd_sc_hd__clkbuf_1)
     1    0.00                           _032_ (net)
                  0.02    0.00    6.06 v _452_/D (sky130_fd_sc_hd__dfrtp_1)
                                  6.06   data arrival time

                  0.15   25.00   25.00   clock clk (rise edge)
                          0.00   25.00   clock network delay (ideal)
                         -0.25   24.75   clock uncertainty
                          0.00   24.75   clock reconvergence pessimism
                                 24.75 ^ _452_/CLK (sky130_fd_sc_hd__dfrtp_1)
                         -0.08   24.67   library setup time
                                 24.67   data required time
-----------------------------------------------------------------------------
                                 24.67   data required time
                                 -6.06   data arrival time
-----------------------------------------------------------------------------
                                 18.61   slack (MET)


Startpoint: i_value2[2] (input port clocked by clk)
Endpoint: _435_ (rising edge-triggered flip-flop clocked by clk)
Path Group: clk
Path Type: max

Fanout     Cap    Slew   Delay    Time   Description
-----------------------------------------------------------------------------
                  0.15    0.00    0.00   clock clk (rise edge)
                          0.00    0.00   clock network delay (ideal)
                          5.00    5.00 v input external delay
                  0.01    0.00    5.00 v i_value2[2] (in)
     1    0.00                           i_value2[2] (net)
                  0.01    0.00    5.00 v input10/A (sky130_fd_sc_hd__buf_1)
                  0.06    0.10    5.11 v input10/X (sky130_fd_sc_hd__buf_1)
     3    0.01                           net10 (net)
                  0.06    0.00    5.11 v _305_/A2 (sky130_fd_sc_hd__a22o_1)
                  0.04    0.24    5.34 v _305_/X (sky130_fd_sc_hd__a22o_1)
     1    0.00                           _144_ (net)
                  0.04    0.00    5.34 v _306_/B2 (sky130_fd_sc_hd__o221a_2)
                  0.09    0.29    5.63 v _306_/X (sky130_fd_sc_hd__o221a_2)
     5    0.02                           _145_ (net)
                  0.09    0.00    5.63 v _307_/S (sky130_fd_sc_hd__mux2_1)
                  0.05    0.33    5.97 v _307_/X (sky130_fd_sc_hd__mux2_1)
     1    0.00                           _146_ (net)
                  0.05    0.00    5.97 v _308_/A (sky130_fd_sc_hd__clkbuf_1)
                  0.02    0.09    6.06 v _308_/X (sky130_fd_sc_hd__clkbuf_1)
     1    0.00                           _015_ (net)
                  0.02    0.00    6.06 v _435_/D (sky130_fd_sc_hd__dfrtp_1)
                                  6.06   data arrival time

                  0.15   25.00   25.00   clock clk (rise edge)
                          0.00   25.00   clock network delay (ideal)
                         -0.25   24.75   clock uncertainty
                          0.00   24.75   clock reconvergence pessimism
                                 24.75 ^ _435_/CLK (sky130_fd_sc_hd__dfrtp_1)
                         -0.08   24.67   library setup time
                                 24.67   data required time
-----------------------------------------------------------------------------
                                 24.67   data required time
                                 -6.06   data arrival time
-----------------------------------------------------------------------------
                                 18.61   slack (MET)


Startpoint: i_value2[2] (input port clocked by clk)
Endpoint: _446_ (rising edge-triggered flip-flop clocked by clk)
Path Group: clk
Path Type: max

Fanout     Cap    Slew   Delay    Time   Description
-----------------------------------------------------------------------------
                  0.15    0.00    0.00   clock clk (rise edge)
                          0.00    0.00   clock network delay (ideal)
                          5.00    5.00 v input external delay
                  0.01    0.00    5.00 v i_value2[2] (in)
     1    0.00                           i_value2[2] (net)
                  0.01    0.00    5.00 v input10/A (sky130_fd_sc_hd__buf_1)
                  0.06    0.10    5.11 v input10/X (sky130_fd_sc_hd__buf_1)
     3    0.01                           net10 (net)
                  0.06    0.00    5.11 v _305_/A2 (sky130_fd_sc_hd__a22o_1)
                  0.04    0.24    5.34 v _305_/X (sky130_fd_sc_hd__a22o_1)
     1    0.00                           _144_ (net)
                  0.04    0.00    5.34 v _306_/B2 (sky130_fd_sc_hd__o221a_2)
                  0.09    0.29    5.63 v _306_/X (sky130_fd_sc_hd__o221a_2)
     5    0.02                           _145_ (net)
                  0.09    0.00    5.63 v _333_/S (sky130_fd_sc_hd__mux2_1)
                  0.05    0.33    5.97 v _333_/X (sky130_fd_sc_hd__mux2_1)
     1    0.00                           _161_ (net)
                  0.05    0.00    5.97 v _334_/A (sky130_fd_sc_hd__clkbuf_1)
                  0.02    0.09    6.06 v _334_/X (sky130_fd_sc_hd__clkbuf_1)
     1    0.00                           _026_ (net)
                  0.02    0.00    6.06 v _446_/D (sky130_fd_sc_hd__dfrtp_1)
                                  6.06   data arrival time

                  0.15   25.00   25.00   clock clk (rise edge)
                          0.00   25.00   clock network delay (ideal)
                         -0.25   24.75   clock uncertainty
                          0.00   24.75   clock reconvergence pessimism
                                 24.75 ^ _446_/CLK (sky130_fd_sc_hd__dfrtp_1)
                         -0.08   24.67   library setup time
                                 24.67   data required time
-----------------------------------------------------------------------------
                                 24.67   data required time
                                 -6.06   data arrival time
-----------------------------------------------------------------------------
                                 18.61   slack (MET)


Startpoint: i_value3[1] (input port clocked by clk)
Endpoint: _451_ (rising edge-triggered flip-flop clocked by clk)
Path Group: clk
Path Type: max

Fanout     Cap    Slew   Delay    Time   Description
-----------------------------------------------------------------------------
                  0.15    0.00    0.00   clock clk (rise edge)
                          0.00    0.00   clock network delay (ideal)
                          5.00    5.00 v input external delay
                  0.01    0.00    5.00 v i_value3[1] (in)
     1    0.00                           i_value3[1] (net)
                  0.01    0.00    5.00 v input12/A (sky130_fd_sc_hd__buf_1)
                  0.05    0.10    5.10 v input12/X (sky130_fd_sc_hd__buf_1)
     3    0.01                           net12 (net)
                  0.05    0.00    5.10 v _321_/A1 (sky130_fd_sc_hd__o211a_1)
                  0.04    0.23    5.33 v _321_/X (sky130_fd_sc_hd__o211a_1)
     1    0.00                           _154_ (net)
                  0.04    0.00    5.33 v _323_/B1 (sky130_fd_sc_hd__o221a_2)
                  0.09    0.31    5.64 v _323_/X (sky130_fd_sc_hd__o221a_2)
     5    0.02                           _156_ (net)
                  0.09    0.00    5.64 v _342_/S (sky130_fd_sc_hd__mux2_1)
                  0.05    0.33    5.97 v _342_/X (sky130_fd_sc_hd__mux2_1)
     1    0.00                           _165_ (net)
                  0.05    0.00    5.97 v _343_/A (sky130_fd_sc_hd__clkbuf_1)
                  0.02    0.09    6.06 v _343_/X (sky130_fd_sc_hd__clkbuf_1)
     1    0.00                           _031_ (net)
                  0.02    0.00    6.06 v _451_/D (sky130_fd_sc_hd__dfrtp_1)
                                  6.06   data arrival time

                  0.15   25.00   25.00   clock clk (rise edge)
                          0.00   25.00   clock network delay (ideal)
                         -0.25   24.75   clock uncertainty
                          0.00   24.75   clock reconvergence pessimism
                                 24.75 ^ _451_/CLK (sky130_fd_sc_hd__dfrtp_1)
                         -0.08   24.67   library setup time
                                 24.67   data required time
-----------------------------------------------------------------------------
                                 24.67   data required time
                                 -6.06   data arrival time
-----------------------------------------------------------------------------
                                 18.61   slack (MET)


Startpoint: i_value2[2] (input port clocked by clk)
Endpoint: _445_ (rising edge-triggered flip-flop clocked by clk)
Path Group: clk
Path Type: max

Fanout     Cap    Slew   Delay    Time   Description
-----------------------------------------------------------------------------
                  0.15    0.00    0.00   clock clk (rise edge)
                          0.00    0.00   clock network delay (ideal)
                          5.00    5.00 v input external delay
                  0.01    0.00    5.00 v i_value2[2] (in)
     1    0.00                           i_value2[2] (net)
                  0.01    0.00    5.00 v input10/A (sky130_fd_sc_hd__buf_1)
                  0.06    0.10    5.11 v input10/X (sky130_fd_sc_hd__buf_1)
     3    0.01                           net10 (net)
                  0.06    0.00    5.11 v _305_/A2 (sky130_fd_sc_hd__a22o_1)
                  0.04    0.24    5.34 v _305_/X (sky130_fd_sc_hd__a22o_1)
     1    0.00                           _144_ (net)
                  0.04    0.00    5.34 v _306_/B2 (sky130_fd_sc_hd__o221a_2)
                  0.09    0.29    5.63 v _306_/X (sky130_fd_sc_hd__o221a_2)
     5    0.02                           _145_ (net)
                  0.09    0.00    5.63 v _331_/S (sky130_fd_sc_hd__mux2_1)
                  0.05    0.33    5.96 v _331_/X (sky130_fd_sc_hd__mux2_1)
     1    0.00                           _160_ (net)
                  0.05    0.00    5.96 v _332_/A (sky130_fd_sc_hd__clkbuf_1)
                  0.02    0.09    6.06 v _332_/X (sky130_fd_sc_hd__clkbuf_1)
     1    0.00                           _025_ (net)
                  0.02    0.00    6.06 v _445_/D (sky130_fd_sc_hd__dfrtp_1)
                                  6.06   data arrival time

                  0.15   25.00   25.00   clock clk (rise edge)
                          0.00   25.00   clock network delay (ideal)
                         -0.25   24.75   clock uncertainty
                          0.00   24.75   clock reconvergence pessimism
                                 24.75 ^ _445_/CLK (sky130_fd_sc_hd__dfrtp_1)
                         -0.08   24.67   library setup time
                                 24.67   data required time
-----------------------------------------------------------------------------
                                 24.67   data required time
                                 -6.06   data arrival time
-----------------------------------------------------------------------------
                                 18.61   slack (MET)


Startpoint: i_value0[2] (input port clocked by clk)
Endpoint: _427_ (rising edge-triggered flip-flop clocked by clk)
Path Group: clk
Path Type: max

Fanout     Cap    Slew   Delay    Time   Description
-----------------------------------------------------------------------------
                  0.15    0.00    0.00   clock clk (rise edge)
                          0.00    0.00   clock network delay (ideal)
                          5.00    5.00 v input external delay
                  0.01    0.00    5.00 v i_value0[2] (in)
     1    0.00                           i_value0[2] (net)
                  0.01    0.00    5.00 v input4/A (sky130_fd_sc_hd__buf_1)
                  0.05    0.10    5.11 v input4/X (sky130_fd_sc_hd__buf_1)
     3    0.01                           net4 (net)
                  0.05    0.00    5.11 v _277_/A2 (sky130_fd_sc_hd__a22o_1)
                  0.04    0.23    5.34 v _277_/X (sky130_fd_sc_hd__a22o_1)
     1    0.00                           _125_ (net)
                  0.04    0.00    5.34 v _278_/B2 (sky130_fd_sc_hd__o221a_2)
                  0.09    0.29    5.63 v _278_/X (sky130_fd_sc_hd__o221a_2)
     5    0.02                           _126_ (net)
                  0.09    0.00    5.63 v _281_/S (sky130_fd_sc_hd__mux2_1)
                  0.05    0.33    5.96 v _281_/X (sky130_fd_sc_hd__mux2_1)
     1    0.00                           _128_ (net)
                  0.05    0.00    5.96 v _282_/A (sky130_fd_sc_hd__clkbuf_1)
                  0.02    0.09    6.06 v _282_/X (sky130_fd_sc_hd__clkbuf_1)
     1    0.00                           _007_ (net)
                  0.02    0.00    6.06 v _427_/D (sky130_fd_sc_hd__dfrtp_1)
                                  6.06   data arrival time

                  0.15   25.00   25.00   clock clk (rise edge)
                          0.00   25.00   clock network delay (ideal)
                         -0.25   24.75   clock uncertainty
                          0.00   24.75   clock reconvergence pessimism
                                 24.75 ^ _427_/CLK (sky130_fd_sc_hd__dfrtp_1)
                         -0.08   24.67   library setup time
                                 24.67   data required time
-----------------------------------------------------------------------------
                                 24.67   data required time
                                 -6.06   data arrival time
-----------------------------------------------------------------------------
                                 18.61   slack (MET)


Startpoint: i_value0[2] (input port clocked by clk)
Endpoint: _426_ (rising edge-triggered flip-flop clocked by clk)
Path Group: clk
Path Type: max

Fanout     Cap    Slew   Delay    Time   Description
-----------------------------------------------------------------------------
                  0.15    0.00    0.00   clock clk (rise edge)
                          0.00    0.00   clock network delay (ideal)
                          5.00    5.00 v input external delay
                  0.01    0.00    5.00 v i_value0[2] (in)
     1    0.00                           i_value0[2] (net)
                  0.01    0.00    5.00 v input4/A (sky130_fd_sc_hd__buf_1)
                  0.05    0.10    5.11 v input4/X (sky130_fd_sc_hd__buf_1)
     3    0.01                           net4 (net)
                  0.05    0.00    5.11 v _277_/A2 (sky130_fd_sc_hd__a22o_1)
                  0.04    0.23    5.34 v _277_/X (sky130_fd_sc_hd__a22o_1)
     1    0.00                           _125_ (net)
                  0.04    0.00    5.34 v _278_/B2 (sky130_fd_sc_hd__o221a_2)
                  0.09    0.29    5.63 v _278_/X (sky130_fd_sc_hd__o221a_2)
     5    0.02                           _126_ (net)
                  0.09    0.00    5.63 v _279_/S (sky130_fd_sc_hd__mux2_1)
                  0.05    0.33    5.96 v _279_/X (sky130_fd_sc_hd__mux2_1)
     1    0.00                           _127_ (net)
                  0.05    0.00    5.96 v _280_/A (sky130_fd_sc_hd__clkbuf_1)
                  0.02    0.09    6.05 v _280_/X (sky130_fd_sc_hd__clkbuf_1)
     1    0.00                           _006_ (net)
                  0.02    0.00    6.05 v _426_/D (sky130_fd_sc_hd__dfrtp_1)
                                  6.05   data arrival time

                  0.15   25.00   25.00   clock clk (rise edge)
                          0.00   25.00   clock network delay (ideal)
                         -0.25   24.75   clock uncertainty
                          0.00   24.75   clock reconvergence pessimism
                                 24.75 ^ _426_/CLK (sky130_fd_sc_hd__dfrtp_1)
                         -0.08   24.67   library setup time
                                 24.67   data required time
-----------------------------------------------------------------------------
                                 24.67   data required time
                                 -6.05   data arrival time
-----------------------------------------------------------------------------
                                 18.61   slack (MET)


Startpoint: i_value2[2] (input port clocked by clk)
Endpoint: _444_ (rising edge-triggered flip-flop clocked by clk)
Path Group: clk
Path Type: max

Fanout     Cap    Slew   Delay    Time   Description
-----------------------------------------------------------------------------
                  0.15    0.00    0.00   clock clk (rise edge)
                          0.00    0.00   clock network delay (ideal)
                          5.00    5.00 v input external delay
                  0.01    0.00    5.00 v i_value2[2] (in)
     1    0.00                           i_value2[2] (net)
                  0.01    0.00    5.00 v input10/A (sky130_fd_sc_hd__buf_1)
                  0.06    0.10    5.11 v input10/X (sky130_fd_sc_hd__buf_1)
     3    0.01                           net10 (net)
                  0.06    0.00    5.11 v _305_/A2 (sky130_fd_sc_hd__a22o_1)
                  0.04    0.24    5.34 v _305_/X (sky130_fd_sc_hd__a22o_1)
     1    0.00                           _144_ (net)
                  0.04    0.00    5.34 v _306_/B2 (sky130_fd_sc_hd__o221a_2)
                  0.09    0.29    5.63 v _306_/X (sky130_fd_sc_hd__o221a_2)
     5    0.02                           _145_ (net)
                  0.09    0.00    5.63 v _329_/S (sky130_fd_sc_hd__mux2_1)
                  0.05    0.33    5.96 v _329_/X (sky130_fd_sc_hd__mux2_1)
     1    0.00                           _159_ (net)
                  0.05    0.00    5.96 v _330_/A (sky130_fd_sc_hd__clkbuf_1)
                  0.02    0.09    6.05 v _330_/X (sky130_fd_sc_hd__clkbuf_1)
     1    0.00                           _024_ (net)
                  0.02    0.00    6.05 v _444_/D (sky130_fd_sc_hd__dfrtp_1)
                                  6.05   data arrival time

                  0.15   25.00   25.00   clock clk (rise edge)
                          0.00   25.00   clock network delay (ideal)
                         -0.25   24.75   clock uncertainty
                          0.00   24.75   clock reconvergence pessimism
                                 24.75 ^ _444_/CLK (sky130_fd_sc_hd__dfrtp_1)
                         -0.08   24.67   library setup time
                                 24.67   data required time
-----------------------------------------------------------------------------
                                 24.67   data required time
                                 -6.05   data arrival time
-----------------------------------------------------------------------------
                                 18.62   slack (MET)


Startpoint: i_value0[2] (input port clocked by clk)
Endpoint: _433_ (rising edge-triggered flip-flop clocked by clk)
Path Group: clk
Path Type: max

Fanout     Cap    Slew   Delay    Time   Description
-----------------------------------------------------------------------------
                  0.15    0.00    0.00   clock clk (rise edge)
                          0.00    0.00   clock network delay (ideal)
                          5.00    5.00 v input external delay
                  0.01    0.00    5.00 v i_value0[2] (in)
     1    0.00                           i_value0[2] (net)
                  0.01    0.00    5.00 v input4/A (sky130_fd_sc_hd__buf_1)
                  0.05    0.10    5.11 v input4/X (sky130_fd_sc_hd__buf_1)
     3    0.01                           net4 (net)
                  0.05    0.00    5.11 v _277_/A2 (sky130_fd_sc_hd__a22o_1)
                  0.04    0.23    5.34 v _277_/X (sky130_fd_sc_hd__a22o_1)
     1    0.00                           _125_ (net)
                  0.04    0.00    5.34 v _278_/B2 (sky130_fd_sc_hd__o221a_2)
                  0.09    0.29    5.63 v _278_/X (sky130_fd_sc_hd__o221a_2)
     5    0.02                           _126_ (net)
                  0.09    0.00    5.63 v _297_/S (sky130_fd_sc_hd__mux2_1)
                  0.05    0.33    5.96 v _297_/X (sky130_fd_sc_hd__mux2_1)
     1    0.00                           _138_ (net)
                  0.05    0.00    5.96 v _298_/A (sky130_fd_sc_hd__clkbuf_1)
                  0.02    0.09    6.05 v _298_/X (sky130_fd_sc_hd__clkbuf_1)
     1    0.00                           _013_ (net)
                  0.02    0.00    6.05 v _433_/D (sky130_fd_sc_hd__dfrtp_1)
                                  6.05   data arrival time

                  0.15   25.00   25.00   clock clk (rise edge)
                          0.00   25.00   clock network delay (ideal)
                         -0.25   24.75   clock uncertainty
                          0.00   24.75   clock reconvergence pessimism
                                 24.75 ^ _433_/CLK (sky130_fd_sc_hd__dfrtp_1)
                         -0.08   24.67   library setup time
                                 24.67   data required time
-----------------------------------------------------------------------------
                                 24.67   data required time
                                 -6.05   data arrival time
-----------------------------------------------------------------------------
                                 18.62   slack (MET)


Startpoint: i_value0[2] (input port clocked by clk)
Endpoint: _434_ (rising edge-triggered flip-flop clocked by clk)
Path Group: clk
Path Type: max

Fanout     Cap    Slew   Delay    Time   Description
-----------------------------------------------------------------------------
                  0.15    0.00    0.00   clock clk (rise edge)
                          0.00    0.00   clock network delay (ideal)
                          5.00    5.00 v input external delay
                  0.01    0.00    5.00 v i_value0[2] (in)
     1    0.00                           i_value0[2] (net)
                  0.01    0.00    5.00 v input4/A (sky130_fd_sc_hd__buf_1)
                  0.05    0.10    5.11 v input4/X (sky130_fd_sc_hd__buf_1)
     3    0.01                           net4 (net)
                  0.05    0.00    5.11 v _277_/A2 (sky130_fd_sc_hd__a22o_1)
                  0.04    0.23    5.34 v _277_/X (sky130_fd_sc_hd__a22o_1)
     1    0.00                           _125_ (net)
                  0.04    0.00    5.34 v _278_/B2 (sky130_fd_sc_hd__o221a_2)
                  0.09    0.29    5.63 v _278_/X (sky130_fd_sc_hd__o221a_2)
     5    0.02                           _126_ (net)
                  0.09    0.00    5.63 v _299_/S (sky130_fd_sc_hd__mux2_1)
                  0.05    0.33    5.96 v _299_/X (sky130_fd_sc_hd__mux2_1)
     1    0.00                           _139_ (net)
                  0.05    0.00    5.96 v _300_/A (sky130_fd_sc_hd__clkbuf_1)
                  0.02    0.09    6.05 v _300_/X (sky130_fd_sc_hd__clkbuf_1)
     1    0.00                           _014_ (net)
                  0.02    0.00    6.05 v _434_/D (sky130_fd_sc_hd__dfrtp_1)
                                  6.05   data arrival time

                  0.15   25.00   25.00   clock clk (rise edge)
                          0.00   25.00   clock network delay (ideal)
                         -0.25   24.75   clock uncertainty
                          0.00   24.75   clock reconvergence pessimism
                                 24.75 ^ _434_/CLK (sky130_fd_sc_hd__dfrtp_1)
                         -0.08   24.67   library setup time
                                 24.67   data required time
-----------------------------------------------------------------------------
                                 24.67   data required time
                                 -6.05   data arrival time
-----------------------------------------------------------------------------
                                 18.62   slack (MET)


Startpoint: i_value0[2] (input port clocked by clk)
Endpoint: _432_ (rising edge-triggered flip-flop clocked by clk)
Path Group: clk
Path Type: max

Fanout     Cap    Slew   Delay    Time   Description
-----------------------------------------------------------------------------
                  0.15    0.00    0.00   clock clk (rise edge)
                          0.00    0.00   clock network delay (ideal)
                          5.00    5.00 v input external delay
                  0.01    0.00    5.00 v i_value0[2] (in)
     1    0.00                           i_value0[2] (net)
                  0.01    0.00    5.00 v input4/A (sky130_fd_sc_hd__buf_1)
                  0.05    0.10    5.11 v input4/X (sky130_fd_sc_hd__buf_1)
     3    0.01                           net4 (net)
                  0.05    0.00    5.11 v _277_/A2 (sky130_fd_sc_hd__a22o_1)
                  0.04    0.23    5.34 v _277_/X (sky130_fd_sc_hd__a22o_1)
     1    0.00                           _125_ (net)
                  0.04    0.00    5.34 v _278_/B2 (sky130_fd_sc_hd__o221a_2)
                  0.09    0.29    5.63 v _278_/X (sky130_fd_sc_hd__o221a_2)
     5    0.02                           _126_ (net)
                  0.09    0.00    5.63 v _295_/S (sky130_fd_sc_hd__mux2_1)
                  0.05    0.33    5.96 v _295_/X (sky130_fd_sc_hd__mux2_1)
     1    0.00                           _137_ (net)
                  0.05    0.00    5.96 v _296_/A (sky130_fd_sc_hd__clkbuf_1)
                  0.02    0.09    6.05 v _296_/X (sky130_fd_sc_hd__clkbuf_1)
     1    0.00                           _012_ (net)
                  0.02    0.00    6.05 v _432_/D (sky130_fd_sc_hd__dfrtp_1)
                                  6.05   data arrival time

                  0.15   25.00   25.00   clock clk (rise edge)
                          0.00   25.00   clock network delay (ideal)
                         -0.25   24.75   clock uncertainty
                          0.00   24.75   clock reconvergence pessimism
                                 24.75 ^ _432_/CLK (sky130_fd_sc_hd__dfrtp_1)
                         -0.08   24.67   library setup time
                                 24.67   data required time
-----------------------------------------------------------------------------
                                 24.67   data required time
                                 -6.05   data arrival time
-----------------------------------------------------------------------------
                                 18.62   slack (MET)


Startpoint: i_valid (input port clocked by clk)
Endpoint: _486_ (rising edge-triggered flip-flop clocked by clk)
Path Group: clk
Path Type: max

Fanout     Cap    Slew   Delay    Time   Description
-----------------------------------------------------------------------------
                  0.15    0.00    0.00   clock clk (rise edge)
                          0.00    0.00   clock network delay (ideal)
                          5.00    5.00 ^ input external delay
                  0.02    0.01    5.01 ^ i_valid (in)
     1    0.00                           i_valid (net)
                  0.02    0.00    5.01 ^ input1/A (sky130_fd_sc_hd__clkbuf_1)
                  0.04    0.07    5.08 ^ input1/X (sky130_fd_sc_hd__clkbuf_1)
     1    0.00                           net1 (net)
                  0.04    0.00    5.08 ^ _211_/A (sky130_fd_sc_hd__clkbuf_4)
                  0.13    0.21    5.29 ^ _211_/X (sky130_fd_sc_hd__clkbuf_4)
    13    0.04                           _065_ (net)
                  0.13    0.00    5.29 ^ _212_/A (sky130_fd_sc_hd__and3_1)
                  0.09    0.21    5.50 ^ _212_/X (sky130_fd_sc_hd__and3_1)
     3    0.01                           _066_ (net)
                  0.09    0.00    5.50 ^ _213_/B (sky130_fd_sc_hd__and2_1)
                  0.04    0.13    5.63 ^ _213_/X (sky130_fd_sc_hd__and2_1)
     1    0.00                           _067_ (net)
                  0.04    0.00    5.63 ^ _214_/A (sky130_fd_sc_hd__clkbuf_1)
                  0.07    0.10    5.74 ^ _214_/X (sky130_fd_sc_hd__clkbuf_1)
     2    0.01                           _000_ (net)
                  0.07    0.00    5.74 ^ _421_/A (sky130_fd_sc_hd__nor2_1)
                  0.03    0.05    5.79 v _421_/Y (sky130_fd_sc_hd__nor2_1)
     1    0.00                           _064_ (net)
                  0.03    0.00    5.79 v _486_/D (sky130_fd_sc_hd__dfrtp_2)
                                  5.79   data arrival time

                  0.15   25.00   25.00   clock clk (rise edge)
                          0.00   25.00   clock network delay (ideal)
                         -0.25   24.75   clock uncertainty
                          0.00   24.75   clock reconvergence pessimism
                                 24.75 ^ _486_/CLK (sky130_fd_sc_hd__dfrtp_2)
                         -0.08   24.67   library setup time
                                 24.67   data required time
-----------------------------------------------------------------------------
                                 24.67   data required time
                                 -5.79   data arrival time
-----------------------------------------------------------------------------
                                 18.88   slack (MET)


Startpoint: i_valid (input port clocked by clk)
Endpoint: _422_ (rising edge-triggered flip-flop clocked by clk)
Path Group: clk
Path Type: max

Fanout     Cap    Slew   Delay    Time   Description
-----------------------------------------------------------------------------
                  0.15    0.00    0.00   clock clk (rise edge)
                          0.00    0.00   clock network delay (ideal)
                          5.00    5.00 v input external delay
                  0.01    0.00    5.00 v i_valid (in)
     1    0.00                           i_valid (net)
                  0.01    0.00    5.00 v input1/A (sky130_fd_sc_hd__clkbuf_1)
                  0.02    0.07    5.08 v input1/X (sky130_fd_sc_hd__clkbuf_1)
     1    0.00                           net1 (net)
                  0.02    0.00    5.08 v _211_/A (sky130_fd_sc_hd__clkbuf_4)
                  0.09    0.19    5.27 v _211_/X (sky130_fd_sc_hd__clkbuf_4)
    13    0.04                           _065_ (net)
                  0.09    0.00    5.27 v _212_/A (sky130_fd_sc_hd__and3_1)
                  0.06    0.19    5.46 v _212_/X (sky130_fd_sc_hd__and3_1)
     3    0.01                           _066_ (net)
                  0.06    0.00    5.46 v _213_/B (sky130_fd_sc_hd__and2_1)
                  0.03    0.16    5.62 v _213_/X (sky130_fd_sc_hd__and2_1)
     1    0.00                           _067_ (net)
                  0.03    0.00    5.62 v _214_/A (sky130_fd_sc_hd__clkbuf_1)
                  0.04    0.10    5.71 v _214_/X (sky130_fd_sc_hd__clkbuf_1)
     2    0.00                           _000_ (net)
                  0.04    0.00    5.71 v _422_/D (sky130_fd_sc_hd__dfrtp_1)
                                  5.71   data arrival time

                  0.15   25.00   25.00   clock clk (rise edge)
                          0.00   25.00   clock network delay (ideal)
                         -0.25   24.75   clock uncertainty
                          0.00   24.75   clock reconvergence pessimism
                                 24.75 ^ _422_/CLK (sky130_fd_sc_hd__dfrtp_1)
                         -0.09   24.66   library setup time
                                 24.66   data required time
-----------------------------------------------------------------------------
                                 24.66   data required time
                                 -5.71   data arrival time
-----------------------------------------------------------------------------
                                 18.95   slack (MET)


Startpoint: i_valid (input port clocked by clk)
Endpoint: _485_ (rising edge-triggered flip-flop clocked by clk)
Path Group: clk
Path Type: max

Fanout     Cap    Slew   Delay    Time   Description
-----------------------------------------------------------------------------
                  0.15    0.00    0.00   clock clk (rise edge)
                          0.00    0.00   clock network delay (ideal)
                          5.00    5.00 ^ input external delay
                  0.02    0.01    5.01 ^ i_valid (in)
     1    0.00                           i_valid (net)
                  0.02    0.00    5.01 ^ input1/A (sky130_fd_sc_hd__clkbuf_1)
                  0.04    0.07    5.08 ^ input1/X (sky130_fd_sc_hd__clkbuf_1)
     1    0.00                           net1 (net)
                  0.04    0.00    5.08 ^ _211_/A (sky130_fd_sc_hd__clkbuf_4)
                  0.13    0.21    5.29 ^ _211_/X (sky130_fd_sc_hd__clkbuf_4)
    13    0.04                           _065_ (net)
                  0.13    0.00    5.29 ^ _212_/A (sky130_fd_sc_hd__and3_1)
                  0.09    0.21    5.50 ^ _212_/X (sky130_fd_sc_hd__and3_1)
     3    0.01                           _066_ (net)
                  0.09    0.00    5.50 ^ _419_/A (sky130_fd_sc_hd__nor2_1)
                  0.03    0.05    5.56 v _419_/Y (sky130_fd_sc_hd__nor2_1)
     1    0.00                           _063_ (net)
                  0.03    0.00    5.56 v _485_/D (sky130_fd_sc_hd__dfrtp_2)
                                  5.56   data arrival time

                  0.15   25.00   25.00   clock clk (rise edge)
                          0.00   25.00   clock network delay (ideal)
                         -0.25   24.75   clock uncertainty
                          0.00   24.75   clock reconvergence pessimism
                                 24.75 ^ _485_/CLK (sky130_fd_sc_hd__dfrtp_2)
                         -0.09   24.66   library setup time
                                 24.66   data required time
-----------------------------------------------------------------------------
                                 24.66   data required time
                                 -5.56   data arrival time
-----------------------------------------------------------------------------
                                 19.11   slack (MET)


Startpoint: _472_ (rising edge-triggered flip-flop clocked by clk)
Endpoint: o_index[0] (output port clocked by clk)
Path Group: clk
Path Type: max

Fanout     Cap    Slew   Delay    Time   Description
-----------------------------------------------------------------------------
                  0.15    0.00    0.00   clock clk (rise edge)
                          0.00    0.00   clock network delay (ideal)
                  0.15    0.00    0.00 ^ _472_/CLK (sky130_fd_sc_hd__dfrtp_1)
                  0.05    0.43    0.43 v _472_/Q (sky130_fd_sc_hd__dfrtp_1)
     2    0.01                           net21 (net)
                  0.05    0.00    0.43 v output21/A (sky130_fd_sc_hd__buf_2)
                  0.09    0.19    0.62 v output21/X (sky130_fd_sc_hd__buf_2)
     1    0.03                           o_index[0] (net)
                  0.09    0.00    0.62 v o_index[0] (out)
                                  0.62   data arrival time

                  0.15   25.00   25.00   clock clk (rise edge)
                          0.00   25.00   clock network delay (ideal)
                         -0.25   24.75   clock uncertainty
                          0.00   24.75   clock reconvergence pessimism
                         -5.00   19.75   output external delay
                                 19.75   data required time
-----------------------------------------------------------------------------
                                 19.75   data required time
                                 -0.62   data arrival time
-----------------------------------------------------------------------------
                                 19.13   slack (MET)


Startpoint: _473_ (rising edge-triggered flip-flop clocked by clk)
Endpoint: o_index[1] (output port clocked by clk)
Path Group: clk
Path Type: max

Fanout     Cap    Slew   Delay    Time   Description
-----------------------------------------------------------------------------
                  0.15    0.00    0.00   clock clk (rise edge)
                          0.00    0.00   clock network delay (ideal)
                  0.15    0.00    0.00 ^ _473_/CLK (sky130_fd_sc_hd__dfrtp_1)
                  0.05    0.42    0.42 v _473_/Q (sky130_fd_sc_hd__dfrtp_1)
     2    0.00                           net22 (net)
                  0.05    0.00    0.42 v output22/A (sky130_fd_sc_hd__buf_2)
                  0.09    0.19    0.61 v output22/X (sky130_fd_sc_hd__buf_2)
     1    0.03                           o_index[1] (net)
                  0.09    0.00    0.61 v o_index[1] (out)
                                  0.61   data arrival time

                  0.15   25.00   25.00   clock clk (rise edge)
                          0.00   25.00   clock network delay (ideal)
                         -0.25   24.75   clock uncertainty
                          0.00   24.75   clock reconvergence pessimism
                         -5.00   19.75   output external delay
                                 19.75   data required time
-----------------------------------------------------------------------------
                                 19.75   data required time
                                 -0.61   data arrival time
-----------------------------------------------------------------------------
                                 19.14   slack (MET)


Startpoint: _470_ (rising edge-triggered flip-flop clocked by clk)
Endpoint: o_bucket[2] (output port clocked by clk)
Path Group: clk
Path Type: max

Fanout     Cap    Slew   Delay    Time   Description
-----------------------------------------------------------------------------
                  0.15    0.00    0.00   clock clk (rise edge)
                          0.00    0.00   clock network delay (ideal)
                  0.15    0.00    0.00 ^ _470_/CLK (sky130_fd_sc_hd__dfrtp_1)
                  0.05    0.42    0.42 v _470_/Q (sky130_fd_sc_hd__dfrtp_1)
     2    0.00                           net20 (net)
                  0.05    0.00    0.42 v output20/A (sky130_fd_sc_hd__buf_2)
                  0.09    0.19    0.61 v output20/X (sky130_fd_sc_hd__buf_2)
     1    0.03                           o_bucket[2] (net)
                  0.09    0.00    0.61 v o_bucket[2] (out)
                                  0.61   data arrival time

                  0.15   25.00   25.00   clock clk (rise edge)
                          0.00   25.00   clock network delay (ideal)
                         -0.25   24.75   clock uncertainty
                          0.00   24.75   clock reconvergence pessimism
                         -5.00   19.75   output external delay
                                 19.75   data required time
-----------------------------------------------------------------------------
                                 19.75   data required time
                                 -0.61   data arrival time
-----------------------------------------------------------------------------
                                 19.14   slack (MET)


Startpoint: _474_ (rising edge-triggered flip-flop clocked by clk)
Endpoint: o_index[2] (output port clocked by clk)
Path Group: clk
Path Type: max

Fanout     Cap    Slew   Delay    Time   Description
-----------------------------------------------------------------------------
                  0.15    0.00    0.00   clock clk (rise edge)
                          0.00    0.00   clock network delay (ideal)
                  0.15    0.00    0.00 ^ _474_/CLK (sky130_fd_sc_hd__dfrtp_1)
                  0.05    0.42    0.42 v _474_/Q (sky130_fd_sc_hd__dfrtp_1)
     2    0.00                           net23 (net)
                  0.05    0.00    0.42 v output23/A (sky130_fd_sc_hd__buf_2)
                  0.09    0.19    0.61 v output23/X (sky130_fd_sc_hd__buf_2)
     1    0.03                           o_index[2] (net)
                  0.09    0.00    0.61 v o_index[2] (out)
                                  0.61   data arrival time

                  0.15   25.00   25.00   clock clk (rise edge)
                          0.00   25.00   clock network delay (ideal)
                         -0.25   24.75   clock uncertainty
                          0.00   24.75   clock reconvergence pessimism
                         -5.00   19.75   output external delay
                                 19.75   data required time
-----------------------------------------------------------------------------
                                 19.75   data required time
                                 -0.61   data arrival time
-----------------------------------------------------------------------------
                                 19.14   slack (MET)


Startpoint: _468_ (rising edge-triggered flip-flop clocked by clk)
Endpoint: o_bucket[0] (output port clocked by clk)
Path Group: clk
Path Type: max

Fanout     Cap    Slew   Delay    Time   Description
-----------------------------------------------------------------------------
                  0.15    0.00    0.00   clock clk (rise edge)
                          0.00    0.00   clock network delay (ideal)
                  0.15    0.00    0.00 ^ _468_/CLK (sky130_fd_sc_hd__dfrtp_1)
                  0.05    0.42    0.42 v _468_/Q (sky130_fd_sc_hd__dfrtp_1)
     2    0.00                           net18 (net)
                  0.05    0.00    0.42 v output18/A (sky130_fd_sc_hd__buf_2)
                  0.09    0.19    0.61 v output18/X (sky130_fd_sc_hd__buf_2)
     1    0.03                           o_bucket[0] (net)
                  0.09    0.00    0.61 v o_bucket[0] (out)
                                  0.61   data arrival time

                  0.15   25.00   25.00   clock clk (rise edge)
                          0.00   25.00   clock network delay (ideal)
                         -0.25   24.75   clock uncertainty
                          0.00   24.75   clock reconvergence pessimism
                         -5.00   19.75   output external delay
                                 19.75   data required time
-----------------------------------------------------------------------------
                                 19.75   data required time
                                 -0.61   data arrival time
-----------------------------------------------------------------------------
                                 19.14   slack (MET)


Startpoint: _469_ (rising edge-triggered flip-flop clocked by clk)
Endpoint: o_bucket[1] (output port clocked by clk)
Path Group: clk
Path Type: max

Fanout     Cap    Slew   Delay    Time   Description
-----------------------------------------------------------------------------
                  0.15    0.00    0.00   clock clk (rise edge)
                          0.00    0.00   clock network delay (ideal)
                  0.15    0.00    0.00 ^ _469_/CLK (sky130_fd_sc_hd__dfrtp_1)
                  0.05    0.42    0.42 v _469_/Q (sky130_fd_sc_hd__dfrtp_1)
     2    0.00                           net19 (net)
                  0.05    0.00    0.42 v output19/A (sky130_fd_sc_hd__buf_2)
                  0.09    0.19    0.61 v output19/X (sky130_fd_sc_hd__buf_2)
     1    0.03                           o_bucket[1] (net)
                  0.09    0.00    0.61 v o_bucket[1] (out)
                                  0.61   data arrival time

                  0.15   25.00   25.00   clock clk (rise edge)
                          0.00   25.00   clock network delay (ideal)
                         -0.25   24.75   clock uncertainty
                          0.00   24.75   clock reconvergence pessimism
                         -5.00   19.75   output external delay
                                 19.75   data required time
-----------------------------------------------------------------------------
                                 19.75   data required time
                                 -0.61   data arrival time
-----------------------------------------------------------------------------
                                 19.14   slack (MET)


Startpoint: _471_ (rising edge-triggered flip-flop clocked by clk)
Endpoint: o_valid (output port clocked by clk)
Path Group: clk
Path Type: max

Fanout     Cap    Slew   Delay    Time   Description
-----------------------------------------------------------------------------
                  0.15    0.00    0.00   clock clk (rise edge)
                          0.00    0.00   clock network delay (ideal)
                  0.15    0.00    0.00 ^ _471_/CLK (sky130_fd_sc_hd__dfrtp_1)
                  0.04    0.41    0.41 v _471_/Q (sky130_fd_sc_hd__dfrtp_1)
     1    0.00                           net24 (net)
                  0.04    0.00    0.41 v output24/A (sky130_fd_sc_hd__buf_2)
                  0.09    0.19    0.59 v output24/X (sky130_fd_sc_hd__buf_2)
     1    0.03                           o_valid (net)
                  0.09    0.00    0.59 v o_valid (out)
                                  0.59   data arrival time

                  0.15   25.00   25.00   clock clk (rise edge)
                          0.00   25.00   clock network delay (ideal)
                         -0.25   24.75   clock uncertainty
                          0.00   24.75   clock reconvergence pessimism
                         -5.00   19.75   output external delay
                                 19.75   data required time
-----------------------------------------------------------------------------
                                 19.75   data required time
                                 -0.59   data arrival time
-----------------------------------------------------------------------------
                                 19.16   slack (MET)


Startpoint: i_valid (input port clocked by clk)
Endpoint: _449_ (rising edge-triggered flip-flop clocked by clk)
Path Group: clk
Path Type: max

Fanout     Cap    Slew   Delay    Time   Description
-----------------------------------------------------------------------------
                  0.15    0.00    0.00   clock clk (rise edge)
                          0.00    0.00   clock network delay (ideal)
                          5.00    5.00 v input external delay
                  0.01    0.00    5.00 v i_valid (in)
     1    0.00                           i_valid (net)
                  0.01    0.00    5.00 v input1/A (sky130_fd_sc_hd__clkbuf_1)
                  0.02    0.07    5.08 v input1/X (sky130_fd_sc_hd__clkbuf_1)
     1    0.00                           net1 (net)
                  0.02    0.00    5.08 v _211_/A (sky130_fd_sc_hd__clkbuf_4)
                  0.09    0.19    5.27 v _211_/X (sky130_fd_sc_hd__clkbuf_4)
    13    0.04                           _065_ (net)
                  0.09    0.00    5.27 v _339_/A2 (sky130_fd_sc_hd__a21o_1)
                  0.03    0.20    5.47 v _339_/X (sky130_fd_sc_hd__a21o_1)
     1    0.00                           _029_ (net)
                  0.03    0.00    5.47 v _449_/D (sky130_fd_sc_hd__dfrtp_1)
                                  5.47   data arrival time

                  0.15   25.00   25.00   clock clk (rise edge)
                          0.00   25.00   clock network delay (ideal)
                         -0.25   24.75   clock uncertainty
                          0.00   24.75   clock reconvergence pessimism
                                 24.75 ^ _449_/CLK (sky130_fd_sc_hd__dfrtp_1)
                         -0.08   24.67   library setup time
                                 24.67   data required time
-----------------------------------------------------------------------------
                                 24.67   data required time
                                 -5.47   data arrival time
-----------------------------------------------------------------------------
                                 19.20   slack (MET)


Startpoint: i_valid (input port clocked by clk)
Endpoint: _484_ (rising edge-triggered flip-flop clocked by clk)
Path Group: clk
Path Type: max

Fanout     Cap    Slew   Delay    Time   Description
-----------------------------------------------------------------------------
                  0.15    0.00    0.00   clock clk (rise edge)
                          0.00    0.00   clock network delay (ideal)
                          5.00    5.00 v input external delay
                  0.01    0.00    5.00 v i_valid (in)
     1    0.00                           i_valid (net)
                  0.01    0.00    5.00 v input1/A (sky130_fd_sc_hd__clkbuf_1)
                  0.02    0.07    5.08 v input1/X (sky130_fd_sc_hd__clkbuf_1)
     1    0.00                           net1 (net)
                  0.02    0.00    5.08 v _211_/A (sky130_fd_sc_hd__clkbuf_4)
                  0.09    0.19    5.27 v _211_/X (sky130_fd_sc_hd__clkbuf_4)
    13    0.04                           _065_ (net)
                  0.09    0.00    5.27 v _417_/A (sky130_fd_sc_hd__xor2_1)
                  0.05    0.18    5.45 v _417_/X (sky130_fd_sc_hd__xor2_1)
     1    0.00                           _062_ (net)
                  0.05    0.00    5.45 v _484_/D (sky130_fd_sc_hd__dfrtp_4)
                                  5.45   data arrival time

                  0.15   25.00   25.00   clock clk (rise edge)
                          0.00   25.00   clock network delay (ideal)
                         -0.25   24.75   clock uncertainty
                          0.00   24.75   clock reconvergence pessimism
                                 24.75 ^ _484_/CLK (sky130_fd_sc_hd__dfrtp_4)
                         -0.09   24.66   library setup time
                                 24.66   data required time
-----------------------------------------------------------------------------
                                 24.66   data required time
                                 -5.45   data arrival time
-----------------------------------------------------------------------------
                                 19.21   slack (MET)


Startpoint: i_valid (input port clocked by clk)
Endpoint: _431_ (rising edge-triggered flip-flop clocked by clk)
Path Group: clk
Path Type: max

Fanout     Cap    Slew   Delay    Time   Description
-----------------------------------------------------------------------------
                  0.15    0.00    0.00   clock clk (rise edge)
                          0.00    0.00   clock network delay (ideal)
                          5.00    5.00 v input external delay
                  0.01    0.00    5.00 v i_valid (in)
     1    0.00                           i_valid (net)
                  0.01    0.00    5.00 v input1/A (sky130_fd_sc_hd__clkbuf_1)
                  0.02    0.07    5.08 v input1/X (sky130_fd_sc_hd__clkbuf_1)
     1    0.00                           net1 (net)
                  0.02    0.00    5.08 v _211_/A (sky130_fd_sc_hd__clkbuf_4)
                  0.09    0.19    5.27 v _211_/X (sky130_fd_sc_hd__clkbuf_4)
    13    0.04                           _065_ (net)
                  0.09    0.00    5.27 v _294_/A1 (sky130_fd_sc_hd__a21o_1)
                  0.03    0.18    5.45 v _294_/X (sky130_fd_sc_hd__a21o_1)
     1    0.00                           _011_ (net)
                  0.03    0.00    5.45 v _431_/D (sky130_fd_sc_hd__dfrtp_1)
                                  5.45   data arrival time

                  0.15   25.00   25.00   clock clk (rise edge)
                          0.00   25.00   clock network delay (ideal)
                         -0.25   24.75   clock uncertainty
                          0.00   24.75   clock reconvergence pessimism
                                 24.75 ^ _431_/CLK (sky130_fd_sc_hd__dfrtp_1)
                         -0.08   24.67   library setup time
                                 24.67   data required time
-----------------------------------------------------------------------------
                                 24.67   data required time
                                 -5.45   data arrival time
-----------------------------------------------------------------------------
                                 19.22   slack (MET)


Startpoint: i_valid (input port clocked by clk)
Endpoint: _443_ (rising edge-triggered flip-flop clocked by clk)
Path Group: clk
Path Type: max

Fanout     Cap    Slew   Delay    Time   Description
-----------------------------------------------------------------------------
                  0.15    0.00    0.00   clock clk (rise edge)
                          0.00    0.00   clock network delay (ideal)
                          5.00    5.00 v input external delay
                  0.01    0.00    5.00 v i_valid (in)
     1    0.00                           i_valid (net)
                  0.01    0.00    5.00 v input1/A (sky130_fd_sc_hd__clkbuf_1)
                  0.02    0.07    5.08 v input1/X (sky130_fd_sc_hd__clkbuf_1)
     1    0.00                           net1 (net)
                  0.02    0.00    5.08 v _211_/A (sky130_fd_sc_hd__clkbuf_4)
                  0.09    0.19    5.27 v _211_/X (sky130_fd_sc_hd__clkbuf_4)
    13    0.04                           _065_ (net)
                  0.09    0.00    5.27 v _328_/A1 (sky130_fd_sc_hd__a21o_1)
                  0.03    0.17    5.44 v _328_/X (sky130_fd_sc_hd__a21o_1)
     1    0.00                           _023_ (net)
                  0.03    0.00    5.44 v _443_/D (sky130_fd_sc_hd__dfrtp_1)
                                  5.44   data arrival time

                  0.15   25.00   25.00   clock clk (rise edge)
                          0.00   25.00   clock network delay (ideal)
                         -0.25   24.75   clock uncertainty
                          0.00   24.75   clock reconvergence pessimism
                                 24.75 ^ _443_/CLK (sky130_fd_sc_hd__dfrtp_1)
                         -0.08   24.67   library setup time
                                 24.67   data required time
-----------------------------------------------------------------------------
                                 24.67   data required time
                                 -5.44   data arrival time
-----------------------------------------------------------------------------
                                 19.22   slack (MET)


Startpoint: i_valid (input port clocked by clk)
Endpoint: _428_ (rising edge-triggered flip-flop clocked by clk)
Path Group: clk
Path Type: max

Fanout     Cap    Slew   Delay    Time   Description
-----------------------------------------------------------------------------
                  0.15    0.00    0.00   clock clk (rise edge)
                          0.00    0.00   clock network delay (ideal)
                          5.00    5.00 v input external delay
                  0.01    0.00    5.00 v i_valid (in)
     1    0.00                           i_valid (net)
                  0.01    0.00    5.00 v input1/A (sky130_fd_sc_hd__clkbuf_1)
                  0.02    0.07    5.08 v input1/X (sky130_fd_sc_hd__clkbuf_1)
     1    0.00                           net1 (net)
                  0.02    0.00    5.08 v _211_/A (sky130_fd_sc_hd__clkbuf_4)
                  0.09    0.19    5.27 v _211_/X (sky130_fd_sc_hd__clkbuf_4)
    13    0.04                           _065_ (net)
                  0.09    0.00    5.27 v _283_/A1 (sky130_fd_sc_hd__a21o_1)
                  0.03    0.17    5.44 v _283_/X (sky130_fd_sc_hd__a21o_1)
     1    0.00                           _008_ (net)
                  0.03    0.00    5.44 v _428_/D (sky130_fd_sc_hd__dfrtp_1)
                                  5.44   data arrival time

                  0.15   25.00   25.00   clock clk (rise edge)
                          0.00   25.00   clock network delay (ideal)
                         -0.25   24.75   clock uncertainty
                          0.00   24.75   clock reconvergence pessimism
                                 24.75 ^ _428_/CLK (sky130_fd_sc_hd__dfrtp_1)
                         -0.08   24.67   library setup time
                                 24.67   data required time
-----------------------------------------------------------------------------
                                 24.67   data required time
                                 -5.44   data arrival time
-----------------------------------------------------------------------------
                                 19.22   slack (MET)


Startpoint: i_valid (input port clocked by clk)
Endpoint: _437_ (rising edge-triggered flip-flop clocked by clk)
Path Group: clk
Path Type: max

Fanout     Cap    Slew   Delay    Time   Description
-----------------------------------------------------------------------------
                  0.15    0.00    0.00   clock clk (rise edge)
                          0.00    0.00   clock network delay (ideal)
                          5.00    5.00 v input external delay
                  0.01    0.00    5.00 v i_valid (in)
     1    0.00                           i_valid (net)
                  0.01    0.00    5.00 v input1/A (sky130_fd_sc_hd__clkbuf_1)
                  0.02    0.07    5.08 v input1/X (sky130_fd_sc_hd__clkbuf_1)
     1    0.00                           net1 (net)
                  0.02    0.00    5.08 v _211_/A (sky130_fd_sc_hd__clkbuf_4)
                  0.09    0.19    5.27 v _211_/X (sky130_fd_sc_hd__clkbuf_4)
    13    0.04                           _065_ (net)
                  0.09    0.00    5.27 v _311_/A1 (sky130_fd_sc_hd__a21o_1)
                  0.03    0.17    5.44 v _311_/X (sky130_fd_sc_hd__a21o_1)
     1    0.00                           _017_ (net)
                  0.03    0.00    5.44 v _437_/D (sky130_fd_sc_hd__dfrtp_1)
                                  5.44   data arrival time

                  0.15   25.00   25.00   clock clk (rise edge)
                          0.00   25.00   clock network delay (ideal)
                         -0.25   24.75   clock uncertainty
                          0.00   24.75   clock reconvergence pessimism
                                 24.75 ^ _437_/CLK (sky130_fd_sc_hd__dfrtp_1)
                         -0.08   24.67   library setup time
                                 24.67   data required time
-----------------------------------------------------------------------------
                                 24.67   data required time
                                 -5.44   data arrival time
-----------------------------------------------------------------------------
                                 19.22   slack (MET)


Startpoint: rst_n (input port clocked by clk)
Endpoint: _475_ (recovery check against rising-edge clock clk)
Path Group: asynchronous
Path Type: max

Fanout     Cap    Slew   Delay    Time   Description
-----------------------------------------------------------------------------
                  0.15    0.00    0.00   clock clk (rise edge)
                          0.00    0.00   clock network delay (ideal)
                          5.00    5.00 ^ input external delay
                  0.05    0.04    5.04 ^ rst_n (in)
     1    0.01                           rst_n (net)
                  0.05    0.00    5.04 ^ input17/A (sky130_fd_sc_hd__buf_12)
                  0.32    0.31    5.35 ^ input17/X (sky130_fd_sc_hd__buf_12)
    65    0.28                           net17 (net)
                  0.32    0.01    5.36 ^ _475_/RESET_B (sky130_fd_sc_hd__dfrtp_4)
                                  5.36   data arrival time

                  0.15   25.00   25.00   clock clk (rise edge)
                          0.00   25.00   clock network delay (ideal)
                         -0.25   24.75   clock uncertainty
                          0.00   24.75   clock reconvergence pessimism
                                 24.75 ^ _475_/CLK (sky130_fd_sc_hd__dfrtp_4)
                          0.16   24.91   library recovery time
                                 24.91   data required time
-----------------------------------------------------------------------------
                                 24.91   data required time
                                 -5.36   data arrival time
-----------------------------------------------------------------------------
                                 19.55   slack (MET)


Startpoint: rst_n (input port clocked by clk)
Endpoint: _484_ (recovery check against rising-edge clock clk)
Path Group: asynchronous
Path Type: max

Fanout     Cap    Slew   Delay    Time   Description
-----------------------------------------------------------------------------
                  0.15    0.00    0.00   clock clk (rise edge)
                          0.00    0.00   clock network delay (ideal)
                          5.00    5.00 ^ input external delay
                  0.05    0.04    5.04 ^ rst_n (in)
     1    0.01                           rst_n (net)
                  0.05    0.00    5.04 ^ input17/A (sky130_fd_sc_hd__buf_12)
                  0.32    0.31    5.35 ^ input17/X (sky130_fd_sc_hd__buf_12)
    65    0.28                           net17 (net)
                  0.32    0.01    5.36 ^ _484_/RESET_B (sky130_fd_sc_hd__dfrtp_4)
                                  5.36   data arrival time

                  0.15   25.00   25.00   clock clk (rise edge)
                          0.00   25.00   clock network delay (ideal)
                         -0.25   24.75   clock uncertainty
                          0.00   24.75   clock reconvergence pessimism
                                 24.75 ^ _484_/CLK (sky130_fd_sc_hd__dfrtp_4)
                          0.16   24.91   library recovery time
                                 24.91   data required time
-----------------------------------------------------------------------------
                                 24.91   data required time
                                 -5.36   data arrival time
-----------------------------------------------------------------------------
                                 19.55   slack (MET)


Startpoint: rst_n (input port clocked by clk)
Endpoint: _485_ (recovery check against rising-edge clock clk)
Path Group: asynchronous
Path Type: max

Fanout     Cap    Slew   Delay    Time   Description
-----------------------------------------------------------------------------
                  0.15    0.00    0.00   clock clk (rise edge)
                          0.00    0.00   clock network delay (ideal)
                          5.00    5.00 ^ input external delay
                  0.05    0.04    5.04 ^ rst_n (in)
     1    0.01                           rst_n (net)
                  0.05    0.00    5.04 ^ input17/A (sky130_fd_sc_hd__buf_12)
                  0.32    0.31    5.35 ^ input17/X (sky130_fd_sc_hd__buf_12)
    65    0.28                           net17 (net)
                  0.32    0.01    5.36 ^ _485_/RESET_B (sky130_fd_sc_hd__dfrtp_2)
                                  5.36   data arrival time

                  0.15   25.00   25.00   clock clk (rise edge)
                          0.00   25.00   clock network delay (ideal)
                         -0.25   24.75   clock uncertainty
                          0.00   24.75   clock reconvergence pessimism
                                 24.75 ^ _485_/CLK (sky130_fd_sc_hd__dfrtp_2)
                          0.17   24.92   library recovery time
                                 24.92   data required time
-----------------------------------------------------------------------------
                                 24.92   data required time
                                 -5.36   data arrival time
-----------------------------------------------------------------------------
                                 19.56   slack (MET)


Startpoint: rst_n (input port clocked by clk)
Endpoint: _486_ (recovery check against rising-edge clock clk)
Path Group: asynchronous
Path Type: max

Fanout     Cap    Slew   Delay    Time   Description
-----------------------------------------------------------------------------
                  0.15    0.00    0.00   clock clk (rise edge)
                          0.00    0.00   clock network delay (ideal)
                          5.00    5.00 ^ input external delay
                  0.05    0.04    5.04 ^ rst_n (in)
     1    0.01                           rst_n (net)
                  0.05    0.00    5.04 ^ input17/A (sky130_fd_sc_hd__buf_12)
                  0.32    0.31    5.35 ^ input17/X (sky130_fd_sc_hd__buf_12)
    65    0.28                           net17 (net)
                  0.32    0.01    5.36 ^ _486_/RESET_B (sky130_fd_sc_hd__dfrtp_2)
                                  5.36   data arrival time

                  0.15   25.00   25.00   clock clk (rise edge)
                          0.00   25.00   clock network delay (ideal)
                         -0.25   24.75   clock uncertainty
                          0.00   24.75   clock reconvergence pessimism
                                 24.75 ^ _486_/CLK (sky130_fd_sc_hd__dfrtp_2)
                          0.17   24.92   library recovery time
                                 24.92   data required time
-----------------------------------------------------------------------------
                                 24.92   data required time
                                 -5.36   data arrival time
-----------------------------------------------------------------------------
                                 19.56   slack (MET)


Startpoint: rst_n (input port clocked by clk)
Endpoint: _470_ (recovery check against rising-edge clock clk)
Path Group: asynchronous
Path Type: max

Fanout     Cap    Slew   Delay    Time   Description
-----------------------------------------------------------------------------
                  0.15    0.00    0.00   clock clk (rise edge)
                          0.00    0.00   clock network delay (ideal)
                          5.00    5.00 ^ input external delay
                  0.05    0.04    5.04 ^ rst_n (in)
     1    0.01                           rst_n (net)
                  0.05    0.00    5.04 ^ input17/A (sky130_fd_sc_hd__buf_12)
                  0.32    0.31    5.35 ^ input17/X (sky130_fd_sc_hd__buf_12)
    65    0.28                           net17 (net)
                  0.32    0.01    5.36 ^ _470_/RESET_B (sky130_fd_sc_hd__dfrtp_1)
                                  5.36   data arrival time

                  0.15   25.00   25.00   clock clk (rise edge)
                          0.00   25.00   clock network delay (ideal)
                         -0.25   24.75   clock uncertainty
                          0.00   24.75   clock reconvergence pessimism
                                 24.75 ^ _470_/CLK (sky130_fd_sc_hd__dfrtp_1)
                          0.19   24.94   library recovery time
                                 24.94   data required time
-----------------------------------------------------------------------------
                                 24.94   data required time
                                 -5.36   data arrival time
-----------------------------------------------------------------------------
                                 19.58   slack (MET)


Startpoint: rst_n (input port clocked by clk)
Endpoint: _471_ (recovery check against rising-edge clock clk)
Path Group: asynchronous
Path Type: max

Fanout     Cap    Slew   Delay    Time   Description
-----------------------------------------------------------------------------
                  0.15    0.00    0.00   clock clk (rise edge)
                          0.00    0.00   clock network delay (ideal)
                          5.00    5.00 ^ input external delay
                  0.05    0.04    5.04 ^ rst_n (in)
     1    0.01                           rst_n (net)
                  0.05    0.00    5.04 ^ input17/A (sky130_fd_sc_hd__buf_12)
                  0.32    0.31    5.35 ^ input17/X (sky130_fd_sc_hd__buf_12)
    65    0.28                           net17 (net)
                  0.32    0.01    5.36 ^ _471_/RESET_B (sky130_fd_sc_hd__dfrtp_1)
                                  5.36   data arrival time

                  0.15   25.00   25.00   clock clk (rise edge)
                          0.00   25.00   clock network delay (ideal)
                         -0.25   24.75   clock uncertainty
                          0.00   24.75   clock reconvergence pessimism
                                 24.75 ^ _471_/CLK (sky130_fd_sc_hd__dfrtp_1)
                          0.19   24.94   library recovery time
                                 24.94   data required time
-----------------------------------------------------------------------------
                                 24.94   data required time
                                 -5.36   data arrival time
-----------------------------------------------------------------------------
                                 19.58   slack (MET)


Startpoint: rst_n (input port clocked by clk)
Endpoint: _469_ (recovery check against rising-edge clock clk)
Path Group: asynchronous
Path Type: max

Fanout     Cap    Slew   Delay    Time   Description
-----------------------------------------------------------------------------
                  0.15    0.00    0.00   clock clk (rise edge)
                          0.00    0.00   clock network delay (ideal)
                          5.00    5.00 ^ input external delay
                  0.05    0.04    5.04 ^ rst_n (in)
     1    0.01                           rst_n (net)
                  0.05    0.00    5.04 ^ input17/A (sky130_fd_sc_hd__buf_12)
                  0.32    0.31    5.35 ^ input17/X (sky130_fd_sc_hd__buf_12)
    65    0.28                           net17 (net)
                  0.32    0.01    5.36 ^ _469_/RESET_B (sky130_fd_sc_hd__dfrtp_1)
                                  5.36   data arrival time

                  0.15   25.00   25.00   clock clk (rise edge)
                          0.00   25.00   clock network delay (ideal)
                         -0.25   24.75   clock uncertainty
                          0.00   24.75   clock reconvergence pessimism
                                 24.75 ^ _469_/CLK (sky130_fd_sc_hd__dfrtp_1)
                          0.19   24.94   library recovery time
                                 24.94   data required time
-----------------------------------------------------------------------------
                                 24.94   data required time
                                 -5.36   data arrival time
-----------------------------------------------------------------------------
                                 19.58   slack (MET)


Startpoint: rst_n (input port clocked by clk)
Endpoint: _477_ (recovery check against rising-edge clock clk)
Path Group: asynchronous
Path Type: max

Fanout     Cap    Slew   Delay    Time   Description
-----------------------------------------------------------------------------
                  0.15    0.00    0.00   clock clk (rise edge)
                          0.00    0.00   clock network delay (ideal)
                          5.00    5.00 ^ input external delay
                  0.05    0.04    5.04 ^ rst_n (in)
     1    0.01                           rst_n (net)
                  0.05    0.00    5.04 ^ input17/A (sky130_fd_sc_hd__buf_12)
                  0.32    0.31    5.35 ^ input17/X (sky130_fd_sc_hd__buf_12)
    65    0.28                           net17 (net)
                  0.32    0.01    5.36 ^ _477_/RESET_B (sky130_fd_sc_hd__dfrtp_1)
                                  5.36   data arrival time

                  0.15   25.00   25.00   clock clk (rise edge)
                          0.00   25.00   clock network delay (ideal)
                         -0.25   24.75   clock uncertainty
                          0.00   24.75   clock reconvergence pessimism
                                 24.75 ^ _477_/CLK (sky130_fd_sc_hd__dfrtp_1)
                          0.19   24.94   library recovery time
                                 24.94   data required time
-----------------------------------------------------------------------------
                                 24.94   data required time
                                 -5.36   data arrival time
-----------------------------------------------------------------------------
                                 19.58   slack (MET)


Startpoint: rst_n (input port clocked by clk)
Endpoint: _476_ (recovery check against rising-edge clock clk)
Path Group: asynchronous
Path Type: max

Fanout     Cap    Slew   Delay    Time   Description
-----------------------------------------------------------------------------
                  0.15    0.00    0.00   clock clk (rise edge)
                          0.00    0.00   clock network delay (ideal)
                          5.00    5.00 ^ input external delay
                  0.05    0.04    5.04 ^ rst_n (in)
     1    0.01                           rst_n (net)
                  0.05    0.00    5.04 ^ input17/A (sky130_fd_sc_hd__buf_12)
                  0.32    0.31    5.35 ^ input17/X (sky130_fd_sc_hd__buf_12)
    65    0.28                           net17 (net)
                  0.32    0.01    5.36 ^ _476_/RESET_B (sky130_fd_sc_hd__dfrtp_1)
                                  5.36   data arrival time

                  0.15   25.00   25.00   clock clk (rise edge)
                          0.00   25.00   clock network delay (ideal)
                         -0.25   24.75   clock uncertainty
                          0.00   24.75   clock reconvergence pessimism
                                 24.75 ^ _476_/CLK (sky130_fd_sc_hd__dfrtp_1)
                          0.19   24.94   library recovery time
                                 24.94   data required time
-----------------------------------------------------------------------------
                                 24.94   data required time
                                 -5.36   data arrival time
-----------------------------------------------------------------------------
                                 19.58   slack (MET)


Startpoint: rst_n (input port clocked by clk)
Endpoint: _483_ (recovery check against rising-edge clock clk)
Path Group: asynchronous
Path Type: max

Fanout     Cap    Slew   Delay    Time   Description
-----------------------------------------------------------------------------
                  0.15    0.00    0.00   clock clk (rise edge)
                          0.00    0.00   clock network delay (ideal)
                          5.00    5.00 ^ input external delay
                  0.05    0.04    5.04 ^ rst_n (in)
     1    0.01                           rst_n (net)
                  0.05    0.00    5.04 ^ input17/A (sky130_fd_sc_hd__buf_12)
                  0.32    0.31    5.35 ^ input17/X (sky130_fd_sc_hd__buf_12)
    65    0.28                           net17 (net)
                  0.32    0.01    5.36 ^ _483_/RESET_B (sky130_fd_sc_hd__dfrtp_1)
                                  5.36   data arrival time

                  0.15   25.00   25.00   clock clk (rise edge)
                          0.00   25.00   clock network delay (ideal)
                         -0.25   24.75   clock uncertainty
                          0.00   24.75   clock reconvergence pessimism
                                 24.75 ^ _483_/CLK (sky130_fd_sc_hd__dfrtp_1)
                          0.19   24.94   library recovery time
                                 24.94   data required time
-----------------------------------------------------------------------------
                                 24.94   data required time
                                 -5.36   data arrival time
-----------------------------------------------------------------------------
                                 19.58   slack (MET)


Startpoint: rst_n (input port clocked by clk)
Endpoint: _468_ (recovery check against rising-edge clock clk)
Path Group: asynchronous
Path Type: max

Fanout     Cap    Slew   Delay    Time   Description
-----------------------------------------------------------------------------
                  0.15    0.00    0.00   clock clk (rise edge)
                          0.00    0.00   clock network delay (ideal)
                          5.00    5.00 ^ input external delay
                  0.05    0.04    5.04 ^ rst_n (in)
     1    0.01                           rst_n (net)
                  0.05    0.00    5.04 ^ input17/A (sky130_fd_sc_hd__buf_12)
                  0.32    0.31    5.35 ^ input17/X (sky130_fd_sc_hd__buf_12)
    65    0.28                           net17 (net)
                  0.32    0.01    5.36 ^ _468_/RESET_B (sky130_fd_sc_hd__dfrtp_1)
                                  5.36   data arrival time

                  0.15   25.00   25.00   clock clk (rise edge)
                          0.00   25.00   clock network delay (ideal)
                         -0.25   24.75   clock uncertainty
                          0.00   24.75   clock reconvergence pessimism
                                 24.75 ^ _468_/CLK (sky130_fd_sc_hd__dfrtp_1)
                          0.19   24.94   library recovery time
                                 24.94   data required time
-----------------------------------------------------------------------------
                                 24.94   data required time
                                 -5.36   data arrival time
-----------------------------------------------------------------------------
                                 19.58   slack (MET)


Startpoint: rst_n (input port clocked by clk)
Endpoint: _474_ (recovery check against rising-edge clock clk)
Path Group: asynchronous
Path Type: max

Fanout     Cap    Slew   Delay    Time   Description
-----------------------------------------------------------------------------
                  0.15    0.00    0.00   clock clk (rise edge)
                          0.00    0.00   clock network delay (ideal)
                          5.00    5.00 ^ input external delay
                  0.05    0.04    5.04 ^ rst_n (in)
     1    0.01                           rst_n (net)
                  0.05    0.00    5.04 ^ input17/A (sky130_fd_sc_hd__buf_12)
                  0.32    0.31    5.35 ^ input17/X (sky130_fd_sc_hd__buf_12)
    65    0.28                           net17 (net)
                  0.32    0.01    5.36 ^ _474_/RESET_B (sky130_fd_sc_hd__dfrtp_1)
                                  5.36   data arrival time

                  0.15   25.00   25.00   clock clk (rise edge)
                          0.00   25.00   clock network delay (ideal)
                         -0.25   24.75   clock uncertainty
                          0.00   24.75   clock reconvergence pessimism
                                 24.75 ^ _474_/CLK (sky130_fd_sc_hd__dfrtp_1)
                          0.19   24.94   library recovery time
                                 24.94   data required time
-----------------------------------------------------------------------------
                                 24.94   data required time
                                 -5.36   data arrival time
-----------------------------------------------------------------------------
                                 19.58   slack (MET)


Startpoint: rst_n (input port clocked by clk)
Endpoint: _473_ (recovery check against rising-edge clock clk)
Path Group: asynchronous
Path Type: max

Fanout     Cap    Slew   Delay    Time   Description
-----------------------------------------------------------------------------
                  0.15    0.00    0.00   clock clk (rise edge)
                          0.00    0.00   clock network delay (ideal)
                          5.00    5.00 ^ input external delay
                  0.05    0.04    5.04 ^ rst_n (in)
     1    0.01                           rst_n (net)
                  0.05    0.00    5.04 ^ input17/A (sky130_fd_sc_hd__buf_12)
                  0.32    0.31    5.35 ^ input17/X (sky130_fd_sc_hd__buf_12)
    65    0.28                           net17 (net)
                  0.32    0.01    5.36 ^ _473_/RESET_B (sky130_fd_sc_hd__dfrtp_1)
                                  5.36   data arrival time

                  0.15   25.00   25.00   clock clk (rise edge)
                          0.00   25.00   clock network delay (ideal)
                         -0.25   24.75   clock uncertainty
                          0.00   24.75   clock reconvergence pessimism
                                 24.75 ^ _473_/CLK (sky130_fd_sc_hd__dfrtp_1)
                          0.19   24.94   library recovery time
                                 24.94   data required time
-----------------------------------------------------------------------------
                                 24.94   data required time
                                 -5.36   data arrival time
-----------------------------------------------------------------------------
                                 19.58   slack (MET)


Startpoint: rst_n (input port clocked by clk)
Endpoint: _472_ (recovery check against rising-edge clock clk)
Path Group: asynchronous
Path Type: max

Fanout     Cap    Slew   Delay    Time   Description
-----------------------------------------------------------------------------
                  0.15    0.00    0.00   clock clk (rise edge)
                          0.00    0.00   clock network delay (ideal)
                          5.00    5.00 ^ input external delay
                  0.05    0.04    5.04 ^ rst_n (in)
     1    0.01                           rst_n (net)
                  0.05    0.00    5.04 ^ input17/A (sky130_fd_sc_hd__buf_12)
                  0.32    0.31    5.35 ^ input17/X (sky130_fd_sc_hd__buf_12)
    65    0.28                           net17 (net)
                  0.32    0.01    5.36 ^ _472_/RESET_B (sky130_fd_sc_hd__dfrtp_1)
                                  5.36   data arrival time

                  0.15   25.00   25.00   clock clk (rise edge)
                          0.00   25.00   clock network delay (ideal)
                         -0.25   24.75   clock uncertainty
                          0.00   24.75   clock reconvergence pessimism
                                 24.75 ^ _472_/CLK (sky130_fd_sc_hd__dfrtp_1)
                          0.19   24.94   library recovery time
                                 24.94   data required time
-----------------------------------------------------------------------------
                                 24.94   data required time
                                 -5.36   data arrival time
-----------------------------------------------------------------------------
                                 19.58   slack (MET)


Startpoint: rst_n (input port clocked by clk)
Endpoint: _480_ (recovery check against rising-edge clock clk)
Path Group: asynchronous
Path Type: max

Fanout     Cap    Slew   Delay    Time   Description
-----------------------------------------------------------------------------
                  0.15    0.00    0.00   clock clk (rise edge)
                          0.00    0.00   clock network delay (ideal)
                          5.00    5.00 ^ input external delay
                  0.05    0.04    5.04 ^ rst_n (in)
     1    0.01                           rst_n (net)
                  0.05    0.00    5.04 ^ input17/A (sky130_fd_sc_hd__buf_12)
                  0.32    0.31    5.35 ^ input17/X (sky130_fd_sc_hd__buf_12)
    65    0.28                           net17 (net)
                  0.32    0.01    5.36 ^ _480_/RESET_B (sky130_fd_sc_hd__dfrtp_1)
                                  5.36   data arrival time

                  0.15   25.00   25.00   clock clk (rise edge)
                          0.00   25.00   clock network delay (ideal)
                         -0.25   24.75   clock uncertainty
                          0.00   24.75   clock reconvergence pessimism
                                 24.75 ^ _480_/CLK (sky130_fd_sc_hd__dfrtp_1)
                          0.19   24.94   library recovery time
                                 24.94   data required time
-----------------------------------------------------------------------------
                                 24.94   data required time
                                 -5.36   data arrival time
-----------------------------------------------------------------------------
                                 19.58   slack (MET)


Startpoint: rst_n (input port clocked by clk)
Endpoint: _453_ (recovery check against rising-edge clock clk)
Path Group: asynchronous
Path Type: max

Fanout     Cap    Slew   Delay    Time   Description
-----------------------------------------------------------------------------
                  0.15    0.00    0.00   clock clk (rise edge)
                          0.00    0.00   clock network delay (ideal)
                          5.00    5.00 ^ input external delay
                  0.05    0.04    5.04 ^ rst_n (in)
     1    0.01                           rst_n (net)
                  0.05    0.00    5.04 ^ input17/A (sky130_fd_sc_hd__buf_12)
                  0.32    0.31    5.35 ^ input17/X (sky130_fd_sc_hd__buf_12)
    65    0.28                           net17 (net)
                  0.32    0.01    5.36 ^ _453_/RESET_B (sky130_fd_sc_hd__dfrtp_1)
                                  5.36   data arrival time

                  0.15   25.00   25.00   clock clk (rise edge)
                          0.00   25.00   clock network delay (ideal)
                         -0.25   24.75   clock uncertainty
                          0.00   24.75   clock reconvergence pessimism
                                 24.75 ^ _453_/CLK (sky130_fd_sc_hd__dfrtp_1)
                          0.19   24.94   library recovery time
                                 24.94   data required time
-----------------------------------------------------------------------------
                                 24.94   data required time
                                 -5.36   data arrival time
-----------------------------------------------------------------------------
                                 19.58   slack (MET)


Startpoint: rst_n (input port clocked by clk)
Endpoint: _454_ (recovery check against rising-edge clock clk)
Path Group: asynchronous
Path Type: max

Fanout     Cap    Slew   Delay    Time   Description
-----------------------------------------------------------------------------
                  0.15    0.00    0.00   clock clk (rise edge)
                          0.00    0.00   clock network delay (ideal)
                          5.00    5.00 ^ input external delay
                  0.05    0.04    5.04 ^ rst_n (in)
     1    0.01                           rst_n (net)
                  0.05    0.00    5.04 ^ input17/A (sky130_fd_sc_hd__buf_12)
                  0.32    0.31    5.35 ^ input17/X (sky130_fd_sc_hd__buf_12)
    65    0.28                           net17 (net)
                  0.32    0.01    5.36 ^ _454_/RESET_B (sky130_fd_sc_hd__dfrtp_1)
                                  5.36   data arrival time

                  0.15   25.00   25.00   clock clk (rise edge)
                          0.00   25.00   clock network delay (ideal)
                         -0.25   24.75   clock uncertainty
                          0.00   24.75   clock reconvergence pessimism
                                 24.75 ^ _454_/CLK (sky130_fd_sc_hd__dfrtp_1)
                          0.19   24.94   library recovery time
                                 24.94   data required time
-----------------------------------------------------------------------------
                                 24.94   data required time
                                 -5.36   data arrival time
-----------------------------------------------------------------------------
                                 19.58   slack (MET)


Startpoint: rst_n (input port clocked by clk)
Endpoint: _479_ (recovery check against rising-edge clock clk)
Path Group: asynchronous
Path Type: max

Fanout     Cap    Slew   Delay    Time   Description
-----------------------------------------------------------------------------
                  0.15    0.00    0.00   clock clk (rise edge)
                          0.00    0.00   clock network delay (ideal)
                          5.00    5.00 ^ input external delay
                  0.05    0.04    5.04 ^ rst_n (in)
     1    0.01                           rst_n (net)
                  0.05    0.00    5.04 ^ input17/A (sky130_fd_sc_hd__buf_12)
                  0.32    0.31    5.35 ^ input17/X (sky130_fd_sc_hd__buf_12)
    65    0.28                           net17 (net)
                  0.32    0.01    5.36 ^ _479_/RESET_B (sky130_fd_sc_hd__dfrtp_1)
                                  5.36   data arrival time

                  0.15   25.00   25.00   clock clk (rise edge)
                          0.00   25.00   clock network delay (ideal)
                         -0.25   24.75   clock uncertainty
                          0.00   24.75   clock reconvergence pessimism
                                 24.75 ^ _479_/CLK (sky130_fd_sc_hd__dfrtp_1)
                          0.19   24.94   library recovery time
                                 24.94   data required time
-----------------------------------------------------------------------------
                                 24.94   data required time
                                 -5.36   data arrival time
-----------------------------------------------------------------------------
                                 19.58   slack (MET)


Startpoint: rst_n (input port clocked by clk)
Endpoint: _455_ (recovery check against rising-edge clock clk)
Path Group: asynchronous
Path Type: max

Fanout     Cap    Slew   Delay    Time   Description
-----------------------------------------------------------------------------
                  0.15    0.00    0.00   clock clk (rise edge)
                          0.00    0.00   clock network delay (ideal)
                          5.00    5.00 ^ input external delay
                  0.05    0.04    5.04 ^ rst_n (in)
     1    0.01                           rst_n (net)
                  0.05    0.00    5.04 ^ input17/A (sky130_fd_sc_hd__buf_12)
                  0.32    0.31    5.35 ^ input17/X (sky130_fd_sc_hd__buf_12)
    65    0.28                           net17 (net)
                  0.32    0.01    5.36 ^ _455_/RESET_B (sky130_fd_sc_hd__dfrtp_1)
                                  5.36   data arrival time

                  0.15   25.00   25.00   clock clk (rise edge)
                          0.00   25.00   clock network delay (ideal)
                         -0.25   24.75   clock uncertainty
                          0.00   24.75   clock reconvergence pessimism
                                 24.75 ^ _455_/CLK (sky130_fd_sc_hd__dfrtp_1)
                          0.19   24.94   library recovery time
                                 24.94   data required time
-----------------------------------------------------------------------------
                                 24.94   data required time
                                 -5.36   data arrival time
-----------------------------------------------------------------------------
                                 19.58   slack (MET)


Startpoint: rst_n (input port clocked by clk)
Endpoint: _458_ (recovery check against rising-edge clock clk)
Path Group: asynchronous
Path Type: max

Fanout     Cap    Slew   Delay    Time   Description
-----------------------------------------------------------------------------
                  0.15    0.00    0.00   clock clk (rise edge)
                          0.00    0.00   clock network delay (ideal)
                          5.00    5.00 ^ input external delay
                  0.05    0.04    5.04 ^ rst_n (in)
     1    0.01                           rst_n (net)
                  0.05    0.00    5.04 ^ input17/A (sky130_fd_sc_hd__buf_12)
                  0.32    0.31    5.35 ^ input17/X (sky130_fd_sc_hd__buf_12)
    65    0.28                           net17 (net)
                  0.32    0.01    5.36 ^ _458_/RESET_B (sky130_fd_sc_hd__dfrtp_1)
                                  5.36   data arrival time

                  0.15   25.00   25.00   clock clk (rise edge)
                          0.00   25.00   clock network delay (ideal)
                         -0.25   24.75   clock uncertainty
                          0.00   24.75   clock reconvergence pessimism
                                 24.75 ^ _458_/CLK (sky130_fd_sc_hd__dfrtp_1)
                          0.19   24.94   library recovery time
                                 24.94   data required time
-----------------------------------------------------------------------------
                                 24.94   data required time
                                 -5.36   data arrival time
-----------------------------------------------------------------------------
                                 19.58   slack (MET)


Startpoint: rst_n (input port clocked by clk)
Endpoint: _423_ (recovery check against rising-edge clock clk)
Path Group: asynchronous
Path Type: max

Fanout     Cap    Slew   Delay    Time   Description
-----------------------------------------------------------------------------
                  0.15    0.00    0.00   clock clk (rise edge)
                          0.00    0.00   clock network delay (ideal)
                          5.00    5.00 ^ input external delay
                  0.05    0.04    5.04 ^ rst_n (in)
     1    0.01                           rst_n (net)
                  0.05    0.00    5.04 ^ input17/A (sky130_fd_sc_hd__buf_12)
                  0.32    0.31    5.35 ^ input17/X (sky130_fd_sc_hd__buf_12)
    65    0.28                           net17 (net)
                  0.32    0.01    5.36 ^ _423_/RESET_B (sky130_fd_sc_hd__dfrtp_1)
                                  5.36   data arrival time

                  0.15   25.00   25.00   clock clk (rise edge)
                          0.00   25.00   clock network delay (ideal)
                         -0.25   24.75   clock uncertainty
                          0.00   24.75   clock reconvergence pessimism
                                 24.75 ^ _423_/CLK (sky130_fd_sc_hd__dfrtp_1)
                          0.19   24.94   library recovery time
                                 24.94   data required time
-----------------------------------------------------------------------------
                                 24.94   data required time
                                 -5.36   data arrival time
-----------------------------------------------------------------------------
                                 19.58   slack (MET)


Startpoint: rst_n (input port clocked by clk)
Endpoint: _424_ (recovery check against rising-edge clock clk)
Path Group: asynchronous
Path Type: max

Fanout     Cap    Slew   Delay    Time   Description
-----------------------------------------------------------------------------
                  0.15    0.00    0.00   clock clk (rise edge)
                          0.00    0.00   clock network delay (ideal)
                          5.00    5.00 ^ input external delay
                  0.05    0.04    5.04 ^ rst_n (in)
     1    0.01                           rst_n (net)
                  0.05    0.00    5.04 ^ input17/A (sky130_fd_sc_hd__buf_12)
                  0.32    0.31    5.35 ^ input17/X (sky130_fd_sc_hd__buf_12)
    65    0.28                           net17 (net)
                  0.32    0.01    5.36 ^ _424_/RESET_B (sky130_fd_sc_hd__dfrtp_1)
                                  5.36   data arrival time

                  0.15   25.00   25.00   clock clk (rise edge)
                          0.00   25.00   clock network delay (ideal)
                         -0.25   24.75   clock uncertainty
                          0.00   24.75   clock reconvergence pessimism
                                 24.75 ^ _424_/CLK (sky130_fd_sc_hd__dfrtp_1)
                          0.19   24.94   library recovery time
                                 24.94   data required time
-----------------------------------------------------------------------------
                                 24.94   data required time
                                 -5.36   data arrival time
-----------------------------------------------------------------------------
                                 19.58   slack (MET)


Startpoint: rst_n (input port clocked by clk)
Endpoint: _456_ (recovery check against rising-edge clock clk)
Path Group: asynchronous
Path Type: max

Fanout     Cap    Slew   Delay    Time   Description
-----------------------------------------------------------------------------
                  0.15    0.00    0.00   clock clk (rise edge)
                          0.00    0.00   clock network delay (ideal)
                          5.00    5.00 ^ input external delay
                  0.05    0.04    5.04 ^ rst_n (in)
     1    0.01                           rst_n (net)
                  0.05    0.00    5.04 ^ input17/A (sky130_fd_sc_hd__buf_12)
                  0.32    0.31    5.35 ^ input17/X (sky130_fd_sc_hd__buf_12)
    65    0.28                           net17 (net)
                  0.32    0.01    5.36 ^ _456_/RESET_B (sky130_fd_sc_hd__dfrtp_1)
                                  5.36   data arrival time

                  0.15   25.00   25.00   clock clk (rise edge)
                          0.00   25.00   clock network delay (ideal)
                         -0.25   24.75   clock uncertainty
                          0.00   24.75   clock reconvergence pessimism
                                 24.75 ^ _456_/CLK (sky130_fd_sc_hd__dfrtp_1)
                          0.19   24.94   library recovery time
                                 24.94   data required time
-----------------------------------------------------------------------------
                                 24.94   data required time
                                 -5.36   data arrival time
-----------------------------------------------------------------------------
                                 19.58   slack (MET)


Startpoint: rst_n (input port clocked by clk)
Endpoint: _457_ (recovery check against rising-edge clock clk)
Path Group: asynchronous
Path Type: max

Fanout     Cap    Slew   Delay    Time   Description
-----------------------------------------------------------------------------
                  0.15    0.00    0.00   clock clk (rise edge)
                          0.00    0.00   clock network delay (ideal)
                          5.00    5.00 ^ input external delay
                  0.05    0.04    5.04 ^ rst_n (in)
     1    0.01                           rst_n (net)
                  0.05    0.00    5.04 ^ input17/A (sky130_fd_sc_hd__buf_12)
                  0.32    0.31    5.35 ^ input17/X (sky130_fd_sc_hd__buf_12)
    65    0.28                           net17 (net)
                  0.32    0.01    5.36 ^ _457_/RESET_B (sky130_fd_sc_hd__dfrtp_1)
                                  5.36   data arrival time

                  0.15   25.00   25.00   clock clk (rise edge)
                          0.00   25.00   clock network delay (ideal)
                         -0.25   24.75   clock uncertainty
                          0.00   24.75   clock reconvergence pessimism
                                 24.75 ^ _457_/CLK (sky130_fd_sc_hd__dfrtp_1)
                          0.19   24.94   library recovery time
                                 24.94   data required time
-----------------------------------------------------------------------------
                                 24.94   data required time
                                 -5.36   data arrival time
-----------------------------------------------------------------------------
                                 19.58   slack (MET)


Startpoint: rst_n (input port clocked by clk)
Endpoint: _425_ (recovery check against rising-edge clock clk)
Path Group: asynchronous
Path Type: max

Fanout     Cap    Slew   Delay    Time   Description
-----------------------------------------------------------------------------
                  0.15    0.00    0.00   clock clk (rise edge)
                          0.00    0.00   clock network delay (ideal)
                          5.00    5.00 ^ input external delay
                  0.05    0.04    5.04 ^ rst_n (in)
     1    0.01                           rst_n (net)
                  0.05    0.00    5.04 ^ input17/A (sky130_fd_sc_hd__buf_12)
                  0.32    0.31    5.35 ^ input17/X (sky130_fd_sc_hd__buf_12)
    65    0.28                           net17 (net)
                  0.32    0.01    5.36 ^ _425_/RESET_B (sky130_fd_sc_hd__dfrtp_1)
                                  5.36   data arrival time

                  0.15   25.00   25.00   clock clk (rise edge)
                          0.00   25.00   clock network delay (ideal)
                         -0.25   24.75   clock uncertainty
                          0.00   24.75   clock reconvergence pessimism
                                 24.75 ^ _425_/CLK (sky130_fd_sc_hd__dfrtp_1)
                          0.19   24.94   library recovery time
                                 24.94   data required time
-----------------------------------------------------------------------------
                                 24.94   data required time
                                 -5.36   data arrival time
-----------------------------------------------------------------------------
                                 19.58   slack (MET)


Startpoint: rst_n (input port clocked by clk)
Endpoint: _461_ (recovery check against rising-edge clock clk)
Path Group: asynchronous
Path Type: max

Fanout     Cap    Slew   Delay    Time   Description
-----------------------------------------------------------------------------
                  0.15    0.00    0.00   clock clk (rise edge)
                          0.00    0.00   clock network delay (ideal)
                          5.00    5.00 ^ input external delay
                  0.05    0.04    5.04 ^ rst_n (in)
     1    0.01                           rst_n (net)
                  0.05    0.00    5.04 ^ input17/A (sky130_fd_sc_hd__buf_12)
                  0.32    0.31    5.35 ^ input17/X (sky130_fd_sc_hd__buf_12)
    65    0.28                           net17 (net)
                  0.32    0.01    5.36 ^ _461_/RESET_B (sky130_fd_sc_hd__dfrtp_1)
                                  5.36   data arrival time

                  0.15   25.00   25.00   clock clk (rise edge)
                          0.00   25.00   clock network delay (ideal)
                         -0.25   24.75   clock uncertainty
                          0.00   24.75   clock reconvergence pessimism
                                 24.75 ^ _461_/CLK (sky130_fd_sc_hd__dfrtp_1)
                          0.19   24.94   library recovery time
                                 24.94   data required time
-----------------------------------------------------------------------------
                                 24.94   data required time
                                 -5.36   data arrival time
-----------------------------------------------------------------------------
                                 19.58   slack (MET)


Startpoint: rst_n (input port clocked by clk)
Endpoint: _452_ (recovery check against rising-edge clock clk)
Path Group: asynchronous
Path Type: max

Fanout     Cap    Slew   Delay    Time   Description
-----------------------------------------------------------------------------
                  0.15    0.00    0.00   clock clk (rise edge)
                          0.00    0.00   clock network delay (ideal)
                          5.00    5.00 ^ input external delay
                  0.05    0.04    5.04 ^ rst_n (in)
     1    0.01                           rst_n (net)
                  0.05    0.00    5.04 ^ input17/A (sky130_fd_sc_hd__buf_12)
                  0.32    0.31    5.35 ^ input17/X (sky130_fd_sc_hd__buf_12)
    65    0.28                           net17 (net)
                  0.32    0.01    5.36 ^ _452_/RESET_B (sky130_fd_sc_hd__dfrtp_1)
                                  5.36   data arrival time

                  0.15   25.00   25.00   clock clk (rise edge)
                          0.00   25.00   clock network delay (ideal)
                         -0.25   24.75   clock uncertainty
                          0.00   24.75   clock reconvergence pessimism
                                 24.75 ^ _452_/CLK (sky130_fd_sc_hd__dfrtp_1)
                          0.19   24.94   library recovery time
                                 24.94   data required time
-----------------------------------------------------------------------------
                                 24.94   data required time
                                 -5.36   data arrival time
-----------------------------------------------------------------------------
                                 19.58   slack (MET)


Startpoint: rst_n (input port clocked by clk)
Endpoint: _450_ (recovery check against rising-edge clock clk)
Path Group: asynchronous
Path Type: max

Fanout     Cap    Slew   Delay    Time   Description
-----------------------------------------------------------------------------
                  0.15    0.00    0.00   clock clk (rise edge)
                          0.00    0.00   clock network delay (ideal)
                          5.00    5.00 ^ input external delay
                  0.05    0.04    5.04 ^ rst_n (in)
     1    0.01                           rst_n (net)
                  0.05    0.00    5.04 ^ input17/A (sky130_fd_sc_hd__buf_12)
                  0.32    0.31    5.35 ^ input17/X (sky130_fd_sc_hd__buf_12)
    65    0.28                           net17 (net)
                  0.32    0.01    5.36 ^ _450_/RESET_B (sky130_fd_sc_hd__dfrtp_1)
                                  5.36   data arrival time

                  0.15   25.00   25.00   clock clk (rise edge)
                          0.00   25.00   clock network delay (ideal)
                         -0.25   24.75   clock uncertainty
                          0.00   24.75   clock reconvergence pessimism
                                 24.75 ^ _450_/CLK (sky130_fd_sc_hd__dfrtp_1)
                          0.19   24.94   library recovery time
                                 24.94   data required time
-----------------------------------------------------------------------------
                                 24.94   data required time
                                 -5.36   data arrival time
-----------------------------------------------------------------------------
                                 19.58   slack (MET)


Startpoint: rst_n (input port clocked by clk)
Endpoint: _460_ (recovery check against rising-edge clock clk)
Path Group: asynchronous
Path Type: max

Fanout     Cap    Slew   Delay    Time   Description
-----------------------------------------------------------------------------
                  0.15    0.00    0.00   clock clk (rise edge)
                          0.00    0.00   clock network delay (ideal)
                          5.00    5.00 ^ input external delay
                  0.05    0.04    5.04 ^ rst_n (in)
     1    0.01                           rst_n (net)
                  0.05    0.00    5.04 ^ input17/A (sky130_fd_sc_hd__buf_12)
                  0.32    0.31    5.35 ^ input17/X (sky130_fd_sc_hd__buf_12)
    65    0.28                           net17 (net)
                  0.32    0.01    5.36 ^ _460_/RESET_B (sky130_fd_sc_hd__dfrtp_1)
                                  5.36   data arrival time

                  0.15   25.00   25.00   clock clk (rise edge)
                          0.00   25.00   clock network delay (ideal)
                         -0.25   24.75   clock uncertainty
                          0.00   24.75   clock reconvergence pessimism
                                 24.75 ^ _460_/CLK (sky130_fd_sc_hd__dfrtp_1)
                          0.19   24.94   library recovery time
                                 24.94   data required time
-----------------------------------------------------------------------------
                                 24.94   data required time
                                 -5.36   data arrival time
-----------------------------------------------------------------------------
                                 19.58   slack (MET)


Startpoint: rst_n (input port clocked by clk)
Endpoint: _446_ (recovery check against rising-edge clock clk)
Path Group: asynchronous
Path Type: max

Fanout     Cap    Slew   Delay    Time   Description
-----------------------------------------------------------------------------
                  0.15    0.00    0.00   clock clk (rise edge)
                          0.00    0.00   clock network delay (ideal)
                          5.00    5.00 ^ input external delay
                  0.05    0.04    5.04 ^ rst_n (in)
     1    0.01                           rst_n (net)
                  0.05    0.00    5.04 ^ input17/A (sky130_fd_sc_hd__buf_12)
                  0.32    0.31    5.35 ^ input17/X (sky130_fd_sc_hd__buf_12)
    65    0.28                           net17 (net)
                  0.32    0.01    5.36 ^ _446_/RESET_B (sky130_fd_sc_hd__dfrtp_1)
                                  5.36   data arrival time

                  0.15   25.00   25.00   clock clk (rise edge)
                          0.00   25.00   clock network delay (ideal)
                         -0.25   24.75   clock uncertainty
                          0.00   24.75   clock reconvergence pessimism
                                 24.75 ^ _446_/CLK (sky130_fd_sc_hd__dfrtp_1)
                          0.19   24.94   library recovery time
                                 24.94   data required time
-----------------------------------------------------------------------------
                                 24.94   data required time
                                 -5.36   data arrival time
-----------------------------------------------------------------------------
                                 19.58   slack (MET)


Startpoint: rst_n (input port clocked by clk)
Endpoint: _459_ (recovery check against rising-edge clock clk)
Path Group: asynchronous
Path Type: max

Fanout     Cap    Slew   Delay    Time   Description
-----------------------------------------------------------------------------
                  0.15    0.00    0.00   clock clk (rise edge)
                          0.00    0.00   clock network delay (ideal)
                          5.00    5.00 ^ input external delay
                  0.05    0.04    5.04 ^ rst_n (in)
     1    0.01                           rst_n (net)
                  0.05    0.00    5.04 ^ input17/A (sky130_fd_sc_hd__buf_12)
                  0.32    0.31    5.35 ^ input17/X (sky130_fd_sc_hd__buf_12)
    65    0.28                           net17 (net)
                  0.32    0.01    5.36 ^ _459_/RESET_B (sky130_fd_sc_hd__dfrtp_1)
                                  5.36   data arrival time

                  0.15   25.00   25.00   clock clk (rise edge)
                          0.00   25.00   clock network delay (ideal)
                         -0.25   24.75   clock uncertainty
                          0.00   24.75   clock reconvergence pessimism
                                 24.75 ^ _459_/CLK (sky130_fd_sc_hd__dfrtp_1)
                          0.19   24.94   library recovery time
                                 24.94   data required time
-----------------------------------------------------------------------------
                                 24.94   data required time
                                 -5.36   data arrival time
-----------------------------------------------------------------------------
                                 19.58   slack (MET)


Startpoint: rst_n (input port clocked by clk)
Endpoint: _445_ (recovery check against rising-edge clock clk)
Path Group: asynchronous
Path Type: max

Fanout     Cap    Slew   Delay    Time   Description
-----------------------------------------------------------------------------
                  0.15    0.00    0.00   clock clk (rise edge)
                          0.00    0.00   clock network delay (ideal)
                          5.00    5.00 ^ input external delay
                  0.05    0.04    5.04 ^ rst_n (in)
     1    0.01                           rst_n (net)
                  0.05    0.00    5.04 ^ input17/A (sky130_fd_sc_hd__buf_12)
                  0.32    0.31    5.35 ^ input17/X (sky130_fd_sc_hd__buf_12)
    65    0.28                           net17 (net)
                  0.32    0.01    5.36 ^ _445_/RESET_B (sky130_fd_sc_hd__dfrtp_1)
                                  5.36   data arrival time

                  0.15   25.00   25.00   clock clk (rise edge)
                          0.00   25.00   clock network delay (ideal)
                         -0.25   24.75   clock uncertainty
                          0.00   24.75   clock reconvergence pessimism
                                 24.75 ^ _445_/CLK (sky130_fd_sc_hd__dfrtp_1)
                          0.19   24.94   library recovery time
                                 24.94   data required time
-----------------------------------------------------------------------------
                                 24.94   data required time
                                 -5.36   data arrival time
-----------------------------------------------------------------------------
                                 19.58   slack (MET)


Startpoint: rst_n (input port clocked by clk)
Endpoint: _464_ (recovery check against rising-edge clock clk)
Path Group: asynchronous
Path Type: max

Fanout     Cap    Slew   Delay    Time   Description
-----------------------------------------------------------------------------
                  0.15    0.00    0.00   clock clk (rise edge)
                          0.00    0.00   clock network delay (ideal)
                          5.00    5.00 ^ input external delay
                  0.05    0.04    5.04 ^ rst_n (in)
     1    0.01                           rst_n (net)
                  0.05    0.00    5.04 ^ input17/A (sky130_fd_sc_hd__buf_12)
                  0.32    0.31    5.35 ^ input17/X (sky130_fd_sc_hd__buf_12)
    65    0.28                           net17 (net)
                  0.32    0.01    5.36 ^ _464_/RESET_B (sky130_fd_sc_hd__dfrtp_1)
                                  5.36   data arrival time

                  0.15   25.00   25.00   clock clk (rise edge)
                          0.00   25.00   clock network delay (ideal)
                         -0.25   24.75   clock uncertainty
                          0.00   24.75   clock reconvergence pessimism
                                 24.75 ^ _464_/CLK (sky130_fd_sc_hd__dfrtp_1)
                          0.19   24.94   library recovery time
                                 24.94   data required time
-----------------------------------------------------------------------------
                                 24.94   data required time
                                 -5.36   data arrival time
-----------------------------------------------------------------------------
                                 19.58   slack (MET)


Startpoint: rst_n (input port clocked by clk)
Endpoint: _467_ (recovery check against rising-edge clock clk)
Path Group: asynchronous
Path Type: max

Fanout     Cap    Slew   Delay    Time   Description
-----------------------------------------------------------------------------
                  0.15    0.00    0.00   clock clk (rise edge)
                          0.00    0.00   clock network delay (ideal)
                          5.00    5.00 ^ input external delay
                  0.05    0.04    5.04 ^ rst_n (in)
     1    0.01                           rst_n (net)
                  0.05    0.00    5.04 ^ input17/A (sky130_fd_sc_hd__buf_12)
                  0.32    0.31    5.35 ^ input17/X (sky130_fd_sc_hd__buf_12)
    65    0.28                           net17 (net)
                  0.32    0.01    5.36 ^ _467_/RESET_B (sky130_fd_sc_hd__dfrtp_1)
                                  5.36   data arrival time

                  0.15   25.00   25.00   clock clk (rise edge)
                          0.00   25.00   clock network delay (ideal)
                         -0.25   24.75   clock uncertainty
                          0.00   24.75   clock reconvergence pessimism
                                 24.75 ^ _467_/CLK (sky130_fd_sc_hd__dfrtp_1)
                          0.19   24.94   library recovery time
                                 24.94   data required time
-----------------------------------------------------------------------------
                                 24.94   data required time
                                 -5.36   data arrival time
-----------------------------------------------------------------------------
                                 19.58   slack (MET)


Startpoint: rst_n (input port clocked by clk)
Endpoint: _478_ (recovery check against rising-edge clock clk)
Path Group: asynchronous
Path Type: max

Fanout     Cap    Slew   Delay    Time   Description
-----------------------------------------------------------------------------
                  0.15    0.00    0.00   clock clk (rise edge)
                          0.00    0.00   clock network delay (ideal)
                          5.00    5.00 ^ input external delay
                  0.05    0.04    5.04 ^ rst_n (in)
     1    0.01                           rst_n (net)
                  0.05    0.00    5.04 ^ input17/A (sky130_fd_sc_hd__buf_12)
                  0.32    0.31    5.35 ^ input17/X (sky130_fd_sc_hd__buf_12)
    65    0.28                           net17 (net)
                  0.32    0.01    5.36 ^ _478_/RESET_B (sky130_fd_sc_hd__dfrtp_1)
                                  5.36   data arrival time

                  0.15   25.00   25.00   clock clk (rise edge)
                          0.00   25.00   clock network delay (ideal)
                         -0.25   24.75   clock uncertainty
                          0.00   24.75   clock reconvergence pessimism
                                 24.75 ^ _478_/CLK (sky130_fd_sc_hd__dfrtp_1)
                          0.19   24.94   library recovery time
                                 24.94   data required time
-----------------------------------------------------------------------------
                                 24.94   data required time
                                 -5.36   data arrival time
-----------------------------------------------------------------------------
                                 19.58   slack (MET)


Startpoint: rst_n (input port clocked by clk)
Endpoint: _482_ (recovery check against rising-edge clock clk)
Path Group: asynchronous
Path Type: max

Fanout     Cap    Slew   Delay    Time   Description
-----------------------------------------------------------------------------
                  0.15    0.00    0.00   clock clk (rise edge)
                          0.00    0.00   clock network delay (ideal)
                          5.00    5.00 ^ input external delay
                  0.05    0.04    5.04 ^ rst_n (in)
     1    0.01                           rst_n (net)
                  0.05    0.00    5.04 ^ input17/A (sky130_fd_sc_hd__buf_12)
                  0.32    0.31    5.35 ^ input17/X (sky130_fd_sc_hd__buf_12)
    65    0.28                           net17 (net)
                  0.32    0.01    5.36 ^ _482_/RESET_B (sky130_fd_sc_hd__dfrtp_1)
                                  5.36   data arrival time

                  0.15   25.00   25.00   clock clk (rise edge)
                          0.00   25.00   clock network delay (ideal)
                         -0.25   24.75   clock uncertainty
                          0.00   24.75   clock reconvergence pessimism
                                 24.75 ^ _482_/CLK (sky130_fd_sc_hd__dfrtp_1)
                          0.19   24.94   library recovery time
                                 24.94   data required time
-----------------------------------------------------------------------------
                                 24.94   data required time
                                 -5.36   data arrival time
-----------------------------------------------------------------------------
                                 19.58   slack (MET)


Startpoint: rst_n (input port clocked by clk)
Endpoint: _438_ (recovery check against rising-edge clock clk)
Path Group: asynchronous
Path Type: max

Fanout     Cap    Slew   Delay    Time   Description
-----------------------------------------------------------------------------
                  0.15    0.00    0.00   clock clk (rise edge)
                          0.00    0.00   clock network delay (ideal)
                          5.00    5.00 ^ input external delay
                  0.05    0.04    5.04 ^ rst_n (in)
     1    0.01                           rst_n (net)
                  0.05    0.00    5.04 ^ input17/A (sky130_fd_sc_hd__buf_12)
                  0.32    0.31    5.35 ^ input17/X (sky130_fd_sc_hd__buf_12)
    65    0.28                           net17 (net)
                  0.32    0.01    5.36 ^ _438_/RESET_B (sky130_fd_sc_hd__dfrtp_1)
                                  5.36   data arrival time

                  0.15   25.00   25.00   clock clk (rise edge)
                          0.00   25.00   clock network delay (ideal)
                         -0.25   24.75   clock uncertainty
                          0.00   24.75   clock reconvergence pessimism
                                 24.75 ^ _438_/CLK (sky130_fd_sc_hd__dfrtp_1)
                          0.19   24.94   library recovery time
                                 24.94   data required time
-----------------------------------------------------------------------------
                                 24.94   data required time
                                 -5.36   data arrival time
-----------------------------------------------------------------------------
                                 19.58   slack (MET)


Startpoint: rst_n (input port clocked by clk)
Endpoint: _481_ (recovery check against rising-edge clock clk)
Path Group: asynchronous
Path Type: max

Fanout     Cap    Slew   Delay    Time   Description
-----------------------------------------------------------------------------
                  0.15    0.00    0.00   clock clk (rise edge)
                          0.00    0.00   clock network delay (ideal)
                          5.00    5.00 ^ input external delay
                  0.05    0.04    5.04 ^ rst_n (in)
     1    0.01                           rst_n (net)
                  0.05    0.00    5.04 ^ input17/A (sky130_fd_sc_hd__buf_12)
                  0.32    0.31    5.35 ^ input17/X (sky130_fd_sc_hd__buf_12)
    65    0.28                           net17 (net)
                  0.32    0.01    5.36 ^ _481_/RESET_B (sky130_fd_sc_hd__dfrtp_1)
                                  5.36   data arrival time

                  0.15   25.00   25.00   clock clk (rise edge)
                          0.00   25.00   clock network delay (ideal)
                         -0.25   24.75   clock uncertainty
                          0.00   24.75   clock reconvergence pessimism
                                 24.75 ^ _481_/CLK (sky130_fd_sc_hd__dfrtp_1)
                          0.19   24.94   library recovery time
                                 24.94   data required time
-----------------------------------------------------------------------------
                                 24.94   data required time
                                 -5.36   data arrival time
-----------------------------------------------------------------------------
                                 19.58   slack (MET)


Startpoint: rst_n (input port clocked by clk)
Endpoint: _462_ (recovery check against rising-edge clock clk)
Path Group: asynchronous
Path Type: max

Fanout     Cap    Slew   Delay    Time   Description
-----------------------------------------------------------------------------
                  0.15    0.00    0.00   clock clk (rise edge)
                          0.00    0.00   clock network delay (ideal)
                          5.00    5.00 ^ input external delay
                  0.05    0.04    5.04 ^ rst_n (in)
     1    0.01                           rst_n (net)
                  0.05    0.00    5.04 ^ input17/A (sky130_fd_sc_hd__buf_12)
                  0.32    0.31    5.35 ^ input17/X (sky130_fd_sc_hd__buf_12)
    65    0.28                           net17 (net)
                  0.32    0.01    5.36 ^ _462_/RESET_B (sky130_fd_sc_hd__dfrtp_1)
                                  5.36   data arrival time

                  0.15   25.00   25.00   clock clk (rise edge)
                          0.00   25.00   clock network delay (ideal)
                         -0.25   24.75   clock uncertainty
                          0.00   24.75   clock reconvergence pessimism
                                 24.75 ^ _462_/CLK (sky130_fd_sc_hd__dfrtp_1)
                          0.19   24.94   library recovery time
                                 24.94   data required time
-----------------------------------------------------------------------------
                                 24.94   data required time
                                 -5.36   data arrival time
-----------------------------------------------------------------------------
                                 19.58   slack (MET)


Startpoint: rst_n (input port clocked by clk)
Endpoint: _434_ (recovery check against rising-edge clock clk)
Path Group: asynchronous
Path Type: max

Fanout     Cap    Slew   Delay    Time   Description
-----------------------------------------------------------------------------
                  0.15    0.00    0.00   clock clk (rise edge)
                          0.00    0.00   clock network delay (ideal)
                          5.00    5.00 ^ input external delay
                  0.05    0.04    5.04 ^ rst_n (in)
     1    0.01                           rst_n (net)
                  0.05    0.00    5.04 ^ input17/A (sky130_fd_sc_hd__buf_12)
                  0.32    0.31    5.35 ^ input17/X (sky130_fd_sc_hd__buf_12)
    65    0.28                           net17 (net)
                  0.32    0.01    5.36 ^ _434_/RESET_B (sky130_fd_sc_hd__dfrtp_1)
                                  5.36   data arrival time

                  0.15   25.00   25.00   clock clk (rise edge)
                          0.00   25.00   clock network delay (ideal)
                         -0.25   24.75   clock uncertainty
                          0.00   24.75   clock reconvergence pessimism
                                 24.75 ^ _434_/CLK (sky130_fd_sc_hd__dfrtp_1)
                          0.19   24.94   library recovery time
                                 24.94   data required time
-----------------------------------------------------------------------------
                                 24.94   data required time
                                 -5.36   data arrival time
-----------------------------------------------------------------------------
                                 19.58   slack (MET)


Startpoint: rst_n (input port clocked by clk)
Endpoint: _463_ (recovery check against rising-edge clock clk)
Path Group: asynchronous
Path Type: max

Fanout     Cap    Slew   Delay    Time   Description
-----------------------------------------------------------------------------
                  0.15    0.00    0.00   clock clk (rise edge)
                          0.00    0.00   clock network delay (ideal)
                          5.00    5.00 ^ input external delay
                  0.05    0.04    5.04 ^ rst_n (in)
     1    0.01                           rst_n (net)
                  0.05    0.00    5.04 ^ input17/A (sky130_fd_sc_hd__buf_12)
                  0.32    0.31    5.35 ^ input17/X (sky130_fd_sc_hd__buf_12)
    65    0.28                           net17 (net)
                  0.32    0.01    5.36 ^ _463_/RESET_B (sky130_fd_sc_hd__dfrtp_1)
                                  5.36   data arrival time

                  0.15   25.00   25.00   clock clk (rise edge)
                          0.00   25.00   clock network delay (ideal)
                         -0.25   24.75   clock uncertainty
                          0.00   24.75   clock reconvergence pessimism
                                 24.75 ^ _463_/CLK (sky130_fd_sc_hd__dfrtp_1)
                          0.19   24.94   library recovery time
                                 24.94   data required time
-----------------------------------------------------------------------------
                                 24.94   data required time
                                 -5.36   data arrival time
-----------------------------------------------------------------------------
                                 19.58   slack (MET)


Startpoint: rst_n (input port clocked by clk)
Endpoint: _439_ (recovery check against rising-edge clock clk)
Path Group: asynchronous
Path Type: max

Fanout     Cap    Slew   Delay    Time   Description
-----------------------------------------------------------------------------
                  0.15    0.00    0.00   clock clk (rise edge)
                          0.00    0.00   clock network delay (ideal)
                          5.00    5.00 ^ input external delay
                  0.05    0.04    5.04 ^ rst_n (in)
     1    0.01                           rst_n (net)
                  0.05    0.00    5.04 ^ input17/A (sky130_fd_sc_hd__buf_12)
                  0.32    0.31    5.35 ^ input17/X (sky130_fd_sc_hd__buf_12)
    65    0.28                           net17 (net)
                  0.32    0.01    5.36 ^ _439_/RESET_B (sky130_fd_sc_hd__dfrtp_1)
                                  5.36   data arrival time

                  0.15   25.00   25.00   clock clk (rise edge)
                          0.00   25.00   clock network delay (ideal)
                         -0.25   24.75   clock uncertainty
                          0.00   24.75   clock reconvergence pessimism
                                 24.75 ^ _439_/CLK (sky130_fd_sc_hd__dfrtp_1)
                          0.19   24.94   library recovery time
                                 24.94   data required time
-----------------------------------------------------------------------------
                                 24.94   data required time
                                 -5.36   data arrival time
-----------------------------------------------------------------------------
                                 19.58   slack (MET)


Startpoint: rst_n (input port clocked by clk)
Endpoint: _440_ (recovery check against rising-edge clock clk)
Path Group: asynchronous
Path Type: max

Fanout     Cap    Slew   Delay    Time   Description
-----------------------------------------------------------------------------
                  0.15    0.00    0.00   clock clk (rise edge)
                          0.00    0.00   clock network delay (ideal)
                          5.00    5.00 ^ input external delay
                  0.05    0.04    5.04 ^ rst_n (in)
     1    0.01                           rst_n (net)
                  0.05    0.00    5.04 ^ input17/A (sky130_fd_sc_hd__buf_12)
                  0.32    0.31    5.35 ^ input17/X (sky130_fd_sc_hd__buf_12)
    65    0.28                           net17 (net)
                  0.32    0.01    5.36 ^ _440_/RESET_B (sky130_fd_sc_hd__dfrtp_1)
                                  5.36   data arrival time

                  0.15   25.00   25.00   clock clk (rise edge)
                          0.00   25.00   clock network delay (ideal)
                         -0.25   24.75   clock uncertainty
                          0.00   24.75   clock reconvergence pessimism
                                 24.75 ^ _440_/CLK (sky130_fd_sc_hd__dfrtp_1)
                          0.19   24.94   library recovery time
                                 24.94   data required time
-----------------------------------------------------------------------------
                                 24.94   data required time
                                 -5.36   data arrival time
-----------------------------------------------------------------------------
                                 19.58   slack (MET)


Startpoint: rst_n (input port clocked by clk)
Endpoint: _422_ (recovery check against rising-edge clock clk)
Path Group: asynchronous
Path Type: max

Fanout     Cap    Slew   Delay    Time   Description
-----------------------------------------------------------------------------
                  0.15    0.00    0.00   clock clk (rise edge)
                          0.00    0.00   clock network delay (ideal)
                          5.00    5.00 ^ input external delay
                  0.05    0.04    5.04 ^ rst_n (in)
     1    0.01                           rst_n (net)
                  0.05    0.00    5.04 ^ input17/A (sky130_fd_sc_hd__buf_12)
                  0.32    0.31    5.35 ^ input17/X (sky130_fd_sc_hd__buf_12)
    65    0.28                           net17 (net)
                  0.32    0.01    5.36 ^ _422_/RESET_B (sky130_fd_sc_hd__dfrtp_1)
                                  5.36   data arrival time

                  0.15   25.00   25.00   clock clk (rise edge)
                          0.00   25.00   clock network delay (ideal)
                         -0.25   24.75   clock uncertainty
                          0.00   24.75   clock reconvergence pessimism
                                 24.75 ^ _422_/CLK (sky130_fd_sc_hd__dfrtp_1)
                          0.19   24.94   library recovery time
                                 24.94   data required time
-----------------------------------------------------------------------------
                                 24.94   data required time
                                 -5.36   data arrival time
-----------------------------------------------------------------------------
                                 19.58   slack (MET)


Startpoint: rst_n (input port clocked by clk)
Endpoint: _465_ (recovery check against rising-edge clock clk)
Path Group: asynchronous
Path Type: max

Fanout     Cap    Slew   Delay    Time   Description
-----------------------------------------------------------------------------
                  0.15    0.00    0.00   clock clk (rise edge)
                          0.00    0.00   clock network delay (ideal)
                          5.00    5.00 ^ input external delay
                  0.05    0.04    5.04 ^ rst_n (in)
     1    0.01                           rst_n (net)
                  0.05    0.00    5.04 ^ input17/A (sky130_fd_sc_hd__buf_12)
                  0.32    0.31    5.35 ^ input17/X (sky130_fd_sc_hd__buf_12)
    65    0.28                           net17 (net)
                  0.32    0.01    5.36 ^ _465_/RESET_B (sky130_fd_sc_hd__dfrtp_1)
                                  5.36   data arrival time

                  0.15   25.00   25.00   clock clk (rise edge)
                          0.00   25.00   clock network delay (ideal)
                         -0.25   24.75   clock uncertainty
                          0.00   24.75   clock reconvergence pessimism
                                 24.75 ^ _465_/CLK (sky130_fd_sc_hd__dfrtp_1)
                          0.19   24.94   library recovery time
                                 24.94   data required time
-----------------------------------------------------------------------------
                                 24.94   data required time
                                 -5.36   data arrival time
-----------------------------------------------------------------------------
                                 19.58   slack (MET)


Startpoint: rst_n (input port clocked by clk)
Endpoint: _466_ (recovery check against rising-edge clock clk)
Path Group: asynchronous
Path Type: max

Fanout     Cap    Slew   Delay    Time   Description
-----------------------------------------------------------------------------
                  0.15    0.00    0.00   clock clk (rise edge)
                          0.00    0.00   clock network delay (ideal)
                          5.00    5.00 ^ input external delay
                  0.05    0.04    5.04 ^ rst_n (in)
     1    0.01                           rst_n (net)
                  0.05    0.00    5.04 ^ input17/A (sky130_fd_sc_hd__buf_12)
                  0.32    0.31    5.35 ^ input17/X (sky130_fd_sc_hd__buf_12)
    65    0.28                           net17 (net)
                  0.32    0.01    5.36 ^ _466_/RESET_B (sky130_fd_sc_hd__dfrtp_1)
                                  5.36   data arrival time

                  0.15   25.00   25.00   clock clk (rise edge)
                          0.00   25.00   clock network delay (ideal)
                         -0.25   24.75   clock uncertainty
                          0.00   24.75   clock reconvergence pessimism
                                 24.75 ^ _466_/CLK (sky130_fd_sc_hd__dfrtp_1)
                          0.19   24.94   library recovery time
                                 24.94   data required time
-----------------------------------------------------------------------------
                                 24.94   data required time
                                 -5.36   data arrival time
-----------------------------------------------------------------------------
                                 19.58   slack (MET)


Startpoint: rst_n (input port clocked by clk)
Endpoint: _433_ (recovery check against rising-edge clock clk)
Path Group: asynchronous
Path Type: max

Fanout     Cap    Slew   Delay    Time   Description
-----------------------------------------------------------------------------
                  0.15    0.00    0.00   clock clk (rise edge)
                          0.00    0.00   clock network delay (ideal)
                          5.00    5.00 ^ input external delay
                  0.05    0.04    5.04 ^ rst_n (in)
     1    0.01                           rst_n (net)
                  0.05    0.00    5.04 ^ input17/A (sky130_fd_sc_hd__buf_12)
                  0.32    0.31    5.35 ^ input17/X (sky130_fd_sc_hd__buf_12)
    65    0.28                           net17 (net)
                  0.32    0.01    5.36 ^ _433_/RESET_B (sky130_fd_sc_hd__dfrtp_1)
                                  5.36   data arrival time

                  0.15   25.00   25.00   clock clk (rise edge)
                          0.00   25.00   clock network delay (ideal)
                         -0.25   24.75   clock uncertainty
                          0.00   24.75   clock reconvergence pessimism
                                 24.75 ^ _433_/CLK (sky130_fd_sc_hd__dfrtp_1)
                          0.19   24.94   library recovery time
                                 24.94   data required time
-----------------------------------------------------------------------------
                                 24.94   data required time
                                 -5.36   data arrival time
-----------------------------------------------------------------------------
                                 19.58   slack (MET)


Startpoint: rst_n (input port clocked by clk)
Endpoint: _432_ (recovery check against rising-edge clock clk)
Path Group: asynchronous
Path Type: max

Fanout     Cap    Slew   Delay    Time   Description
-----------------------------------------------------------------------------
                  0.15    0.00    0.00   clock clk (rise edge)
                          0.00    0.00   clock network delay (ideal)
                          5.00    5.00 ^ input external delay
                  0.05    0.04    5.04 ^ rst_n (in)
     1    0.01                           rst_n (net)
                  0.05    0.00    5.04 ^ input17/A (sky130_fd_sc_hd__buf_12)
                  0.32    0.31    5.35 ^ input17/X (sky130_fd_sc_hd__buf_12)
    65    0.28                           net17 (net)
                  0.32    0.01    5.36 ^ _432_/RESET_B (sky130_fd_sc_hd__dfrtp_1)
                                  5.36   data arrival time

                  0.15   25.00   25.00   clock clk (rise edge)
                          0.00   25.00   clock network delay (ideal)
                         -0.25   24.75   clock uncertainty
                          0.00   24.75   clock reconvergence pessimism
                                 24.75 ^ _432_/CLK (sky130_fd_sc_hd__dfrtp_1)
                          0.19   24.94   library recovery time
                                 24.94   data required time
-----------------------------------------------------------------------------
                                 24.94   data required time
                                 -5.36   data arrival time
-----------------------------------------------------------------------------
                                 19.58   slack (MET)


Startpoint: rst_n (input port clocked by clk)
Endpoint: _447_ (recovery check against rising-edge clock clk)
Path Group: asynchronous
Path Type: max

Fanout     Cap    Slew   Delay    Time   Description
-----------------------------------------------------------------------------
                  0.15    0.00    0.00   clock clk (rise edge)
                          0.00    0.00   clock network delay (ideal)
                          5.00    5.00 ^ input external delay
                  0.05    0.04    5.04 ^ rst_n (in)
     1    0.01                           rst_n (net)
                  0.05    0.00    5.04 ^ input17/A (sky130_fd_sc_hd__buf_12)
                  0.32    0.31    5.35 ^ input17/X (sky130_fd_sc_hd__buf_12)
    65    0.28                           net17 (net)
                  0.32    0.01    5.36 ^ _447_/RESET_B (sky130_fd_sc_hd__dfrtp_1)
                                  5.36   data arrival time

                  0.15   25.00   25.00   clock clk (rise edge)
                          0.00   25.00   clock network delay (ideal)
                         -0.25   24.75   clock uncertainty
                          0.00   24.75   clock reconvergence pessimism
                                 24.75 ^ _447_/CLK (sky130_fd_sc_hd__dfrtp_1)
                          0.19   24.94   library recovery time
                                 24.94   data required time
-----------------------------------------------------------------------------
                                 24.94   data required time
                                 -5.36   data arrival time
-----------------------------------------------------------------------------
                                 19.59   slack (MET)


Startpoint: rst_n (input port clocked by clk)
Endpoint: _443_ (recovery check against rising-edge clock clk)
Path Group: asynchronous
Path Type: max

Fanout     Cap    Slew   Delay    Time   Description
-----------------------------------------------------------------------------
                  0.15    0.00    0.00   clock clk (rise edge)
                          0.00    0.00   clock network delay (ideal)
                          5.00    5.00 ^ input external delay
                  0.05    0.04    5.04 ^ rst_n (in)
     1    0.01                           rst_n (net)
                  0.05    0.00    5.04 ^ input17/A (sky130_fd_sc_hd__buf_12)
                  0.32    0.31    5.35 ^ input17/X (sky130_fd_sc_hd__buf_12)
    65    0.28                           net17 (net)
                  0.32    0.01    5.36 ^ _443_/RESET_B (sky130_fd_sc_hd__dfrtp_1)
                                  5.36   data arrival time

                  0.15   25.00   25.00   clock clk (rise edge)
                          0.00   25.00   clock network delay (ideal)
                         -0.25   24.75   clock uncertainty
                          0.00   24.75   clock reconvergence pessimism
                                 24.75 ^ _443_/CLK (sky130_fd_sc_hd__dfrtp_1)
                          0.19   24.94   library recovery time
                                 24.94   data required time
-----------------------------------------------------------------------------
                                 24.94   data required time
                                 -5.36   data arrival time
-----------------------------------------------------------------------------
                                 19.59   slack (MET)


Startpoint: rst_n (input port clocked by clk)
Endpoint: _448_ (recovery check against rising-edge clock clk)
Path Group: asynchronous
Path Type: max

Fanout     Cap    Slew   Delay    Time   Description
-----------------------------------------------------------------------------
                  0.15    0.00    0.00   clock clk (rise edge)
                          0.00    0.00   clock network delay (ideal)
                          5.00    5.00 ^ input external delay
                  0.05    0.04    5.04 ^ rst_n (in)
     1    0.01                           rst_n (net)
                  0.05    0.00    5.04 ^ input17/A (sky130_fd_sc_hd__buf_12)
                  0.32    0.31    5.35 ^ input17/X (sky130_fd_sc_hd__buf_12)
    65    0.28                           net17 (net)
                  0.32    0.01    5.36 ^ _448_/RESET_B (sky130_fd_sc_hd__dfrtp_1)
                                  5.36   data arrival time

                  0.15   25.00   25.00   clock clk (rise edge)
                          0.00   25.00   clock network delay (ideal)
                         -0.25   24.75   clock uncertainty
                          0.00   24.75   clock reconvergence pessimism
                                 24.75 ^ _448_/CLK (sky130_fd_sc_hd__dfrtp_1)
                          0.19   24.94   library recovery time
                                 24.94   data required time
-----------------------------------------------------------------------------
                                 24.94   data required time
                                 -5.36   data arrival time
-----------------------------------------------------------------------------
                                 19.59   slack (MET)


Startpoint: rst_n (input port clocked by clk)
Endpoint: _449_ (recovery check against rising-edge clock clk)
Path Group: asynchronous
Path Type: max

Fanout     Cap    Slew   Delay    Time   Description
-----------------------------------------------------------------------------
                  0.15    0.00    0.00   clock clk (rise edge)
                          0.00    0.00   clock network delay (ideal)
                          5.00    5.00 ^ input external delay
                  0.05    0.04    5.04 ^ rst_n (in)
     1    0.01                           rst_n (net)
                  0.05    0.00    5.04 ^ input17/A (sky130_fd_sc_hd__buf_12)
                  0.32    0.31    5.35 ^ input17/X (sky130_fd_sc_hd__buf_12)
    65    0.28                           net17 (net)
                  0.32    0.01    5.36 ^ _449_/RESET_B (sky130_fd_sc_hd__dfrtp_1)
                                  5.36   data arrival time

                  0.15   25.00   25.00   clock clk (rise edge)
                          0.00   25.00   clock network delay (ideal)
                         -0.25   24.75   clock uncertainty
                          0.00   24.75   clock reconvergence pessimism
                                 24.75 ^ _449_/CLK (sky130_fd_sc_hd__dfrtp_1)
                          0.19   24.94   library recovery time
                                 24.94   data required time
-----------------------------------------------------------------------------
                                 24.94   data required time
                                 -5.36   data arrival time
-----------------------------------------------------------------------------
                                 19.59   slack (MET)


Startpoint: rst_n (input port clocked by clk)
Endpoint: _442_ (recovery check against rising-edge clock clk)
Path Group: asynchronous
Path Type: max

Fanout     Cap    Slew   Delay    Time   Description
-----------------------------------------------------------------------------
                  0.15    0.00    0.00   clock clk (rise edge)
                          0.00    0.00   clock network delay (ideal)
                          5.00    5.00 ^ input external delay
                  0.05    0.04    5.04 ^ rst_n (in)
     1    0.01                           rst_n (net)
                  0.05    0.00    5.04 ^ input17/A (sky130_fd_sc_hd__buf_12)
                  0.32    0.31    5.35 ^ input17/X (sky130_fd_sc_hd__buf_12)
    65    0.28                           net17 (net)
                  0.32    0.01    5.36 ^ _442_/RESET_B (sky130_fd_sc_hd__dfrtp_1)
                                  5.36   data arrival time

                  0.15   25.00   25.00   clock clk (rise edge)
                          0.00   25.00   clock network delay (ideal)
                         -0.25   24.75   clock uncertainty
                          0.00   24.75   clock reconvergence pessimism
                                 24.75 ^ _442_/CLK (sky130_fd_sc_hd__dfrtp_1)
                          0.19   24.94   library recovery time
                                 24.94   data required time
-----------------------------------------------------------------------------
                                 24.94   data required time
                                 -5.36   data arrival time
-----------------------------------------------------------------------------
                                 19.59   slack (MET)


Startpoint: rst_n (input port clocked by clk)
Endpoint: _437_ (recovery check against rising-edge clock clk)
Path Group: asynchronous
Path Type: max

Fanout     Cap    Slew   Delay    Time   Description
-----------------------------------------------------------------------------
                  0.15    0.00    0.00   clock clk (rise edge)
                          0.00    0.00   clock network delay (ideal)
                          5.00    5.00 ^ input external delay
                  0.05    0.04    5.04 ^ rst_n (in)
     1    0.01                           rst_n (net)
                  0.05    0.00    5.04 ^ input17/A (sky130_fd_sc_hd__buf_12)
                  0.32    0.31    5.35 ^ input17/X (sky130_fd_sc_hd__buf_12)
    65    0.28                           net17 (net)
                  0.32    0.01    5.36 ^ _437_/RESET_B (sky130_fd_sc_hd__dfrtp_1)
                                  5.36   data arrival time

                  0.15   25.00   25.00   clock clk (rise edge)
                          0.00   25.00   clock network delay (ideal)
                         -0.25   24.75   clock uncertainty
                          0.00   24.75   clock reconvergence pessimism
                                 24.75 ^ _437_/CLK (sky130_fd_sc_hd__dfrtp_1)
                          0.19   24.94   library recovery time
                                 24.94   data required time
-----------------------------------------------------------------------------
                                 24.94   data required time
                                 -5.36   data arrival time
-----------------------------------------------------------------------------
                                 19.59   slack (MET)


Startpoint: rst_n (input port clocked by clk)
Endpoint: _451_ (recovery check against rising-edge clock clk)
Path Group: asynchronous
Path Type: max

Fanout     Cap    Slew   Delay    Time   Description
-----------------------------------------------------------------------------
                  0.15    0.00    0.00   clock clk (rise edge)
                          0.00    0.00   clock network delay (ideal)
                          5.00    5.00 ^ input external delay
                  0.05    0.04    5.04 ^ rst_n (in)
     1    0.01                           rst_n (net)
                  0.05    0.00    5.04 ^ input17/A (sky130_fd_sc_hd__buf_12)
                  0.32    0.31    5.35 ^ input17/X (sky130_fd_sc_hd__buf_12)
    65    0.28                           net17 (net)
                  0.32    0.01    5.36 ^ _451_/RESET_B (sky130_fd_sc_hd__dfrtp_1)
                                  5.36   data arrival time

                  0.15   25.00   25.00   clock clk (rise edge)
                          0.00   25.00   clock network delay (ideal)
                         -0.25   24.75   clock uncertainty
                          0.00   24.75   clock reconvergence pessimism
                                 24.75 ^ _451_/CLK (sky130_fd_sc_hd__dfrtp_1)
                          0.19   24.94   library recovery time
                                 24.94   data required time
-----------------------------------------------------------------------------
                                 24.94   data required time
                                 -5.36   data arrival time
-----------------------------------------------------------------------------
                                 19.59   slack (MET)


Startpoint: rst_n (input port clocked by clk)
Endpoint: _441_ (recovery check against rising-edge clock clk)
Path Group: asynchronous
Path Type: max

Fanout     Cap    Slew   Delay    Time   Description
-----------------------------------------------------------------------------
                  0.15    0.00    0.00   clock clk (rise edge)
                          0.00    0.00   clock network delay (ideal)
                          5.00    5.00 ^ input external delay
                  0.05    0.04    5.04 ^ rst_n (in)
     1    0.01                           rst_n (net)
                  0.05    0.00    5.04 ^ input17/A (sky130_fd_sc_hd__buf_12)
                  0.32    0.31    5.35 ^ input17/X (sky130_fd_sc_hd__buf_12)
    65    0.28                           net17 (net)
                  0.32    0.00    5.36 ^ _441_/RESET_B (sky130_fd_sc_hd__dfrtp_1)
                                  5.36   data arrival time

                  0.15   25.00   25.00   clock clk (rise edge)
                          0.00   25.00   clock network delay (ideal)
                         -0.25   24.75   clock uncertainty
                          0.00   24.75   clock reconvergence pessimism
                                 24.75 ^ _441_/CLK (sky130_fd_sc_hd__dfrtp_1)
                          0.19   24.94   library recovery time
                                 24.94   data required time
-----------------------------------------------------------------------------
                                 24.94   data required time
                                 -5.36   data arrival time
-----------------------------------------------------------------------------
                                 19.59   slack (MET)


Startpoint: rst_n (input port clocked by clk)
Endpoint: _435_ (recovery check against rising-edge clock clk)
Path Group: asynchronous
Path Type: max

Fanout     Cap    Slew   Delay    Time   Description
-----------------------------------------------------------------------------
                  0.15    0.00    0.00   clock clk (rise edge)
                          0.00    0.00   clock network delay (ideal)
                          5.00    5.00 ^ input external delay
                  0.05    0.04    5.04 ^ rst_n (in)
     1    0.01                           rst_n (net)
                  0.05    0.00    5.04 ^ input17/A (sky130_fd_sc_hd__buf_12)
                  0.32    0.31    5.35 ^ input17/X (sky130_fd_sc_hd__buf_12)
    65    0.28                           net17 (net)
                  0.32    0.00    5.36 ^ _435_/RESET_B (sky130_fd_sc_hd__dfrtp_1)
                                  5.36   data arrival time

                  0.15   25.00   25.00   clock clk (rise edge)
                          0.00   25.00   clock network delay (ideal)
                         -0.25   24.75   clock uncertainty
                          0.00   24.75   clock reconvergence pessimism
                                 24.75 ^ _435_/CLK (sky130_fd_sc_hd__dfrtp_1)
                          0.19   24.94   library recovery time
                                 24.94   data required time
-----------------------------------------------------------------------------
                                 24.94   data required time
                                 -5.36   data arrival time
-----------------------------------------------------------------------------
                                 19.59   slack (MET)


Startpoint: rst_n (input port clocked by clk)
Endpoint: _436_ (recovery check against rising-edge clock clk)
Path Group: asynchronous
Path Type: max

Fanout     Cap    Slew   Delay    Time   Description
-----------------------------------------------------------------------------
                  0.15    0.00    0.00   clock clk (rise edge)
                          0.00    0.00   clock network delay (ideal)
                          5.00    5.00 ^ input external delay
                  0.05    0.04    5.04 ^ rst_n (in)
     1    0.01                           rst_n (net)
                  0.05    0.00    5.04 ^ input17/A (sky130_fd_sc_hd__buf_12)
                  0.32    0.31    5.35 ^ input17/X (sky130_fd_sc_hd__buf_12)
    65    0.28                           net17 (net)
                  0.32    0.00    5.36 ^ _436_/RESET_B (sky130_fd_sc_hd__dfrtp_1)
                                  5.36   data arrival time

                  0.15   25.00   25.00   clock clk (rise edge)
                          0.00   25.00   clock network delay (ideal)
                         -0.25   24.75   clock uncertainty
                          0.00   24.75   clock reconvergence pessimism
                                 24.75 ^ _436_/CLK (sky130_fd_sc_hd__dfrtp_1)
                          0.19   24.94   library recovery time
                                 24.94   data required time
-----------------------------------------------------------------------------
                                 24.94   data required time
                                 -5.36   data arrival time
-----------------------------------------------------------------------------
                                 19.59   slack (MET)


Startpoint: rst_n (input port clocked by clk)
Endpoint: _427_ (recovery check against rising-edge clock clk)
Path Group: asynchronous
Path Type: max

Fanout     Cap    Slew   Delay    Time   Description
-----------------------------------------------------------------------------
                  0.15    0.00    0.00   clock clk (rise edge)
                          0.00    0.00   clock network delay (ideal)
                          5.00    5.00 ^ input external delay
                  0.05    0.04    5.04 ^ rst_n (in)
     1    0.01                           rst_n (net)
                  0.05    0.00    5.04 ^ input17/A (sky130_fd_sc_hd__buf_12)
                  0.32    0.31    5.35 ^ input17/X (sky130_fd_sc_hd__buf_12)
    65    0.28                           net17 (net)
                  0.32    0.00    5.36 ^ _427_/RESET_B (sky130_fd_sc_hd__dfrtp_1)
                                  5.36   data arrival time

                  0.15   25.00   25.00   clock clk (rise edge)
                          0.00   25.00   clock network delay (ideal)
                         -0.25   24.75   clock uncertainty
                          0.00   24.75   clock reconvergence pessimism
                                 24.75 ^ _427_/CLK (sky130_fd_sc_hd__dfrtp_1)
                          0.19   24.94   library recovery time
                                 24.94   data required time
-----------------------------------------------------------------------------
                                 24.94   data required time
                                 -5.36   data arrival time
-----------------------------------------------------------------------------
                                 19.59   slack (MET)


Startpoint: rst_n (input port clocked by clk)
Endpoint: _430_ (recovery check against rising-edge clock clk)
Path Group: asynchronous
Path Type: max

Fanout     Cap    Slew   Delay    Time   Description
-----------------------------------------------------------------------------
                  0.15    0.00    0.00   clock clk (rise edge)
                          0.00    0.00   clock network delay (ideal)
                          5.00    5.00 ^ input external delay
                  0.05    0.04    5.04 ^ rst_n (in)
     1    0.01                           rst_n (net)
                  0.05    0.00    5.04 ^ input17/A (sky130_fd_sc_hd__buf_12)
                  0.32    0.31    5.35 ^ input17/X (sky130_fd_sc_hd__buf_12)
    65    0.28                           net17 (net)
                  0.32    0.00    5.36 ^ _430_/RESET_B (sky130_fd_sc_hd__dfrtp_1)
                                  5.36   data arrival time

                  0.15   25.00   25.00   clock clk (rise edge)
                          0.00   25.00   clock network delay (ideal)
                         -0.25   24.75   clock uncertainty
                          0.00   24.75   clock reconvergence pessimism
                                 24.75 ^ _430_/CLK (sky130_fd_sc_hd__dfrtp_1)
                          0.19   24.94   library recovery time
                                 24.94   data required time
-----------------------------------------------------------------------------
                                 24.94   data required time
                                 -5.36   data arrival time
-----------------------------------------------------------------------------
                                 19.59   slack (MET)


Startpoint: rst_n (input port clocked by clk)
Endpoint: _444_ (recovery check against rising-edge clock clk)
Path Group: asynchronous
Path Type: max

Fanout     Cap    Slew   Delay    Time   Description
-----------------------------------------------------------------------------
                  0.15    0.00    0.00   clock clk (rise edge)
                          0.00    0.00   clock network delay (ideal)
                          5.00    5.00 ^ input external delay
                  0.05    0.04    5.04 ^ rst_n (in)
     1    0.01                           rst_n (net)
                  0.05    0.00    5.04 ^ input17/A (sky130_fd_sc_hd__buf_12)
                  0.32    0.31    5.35 ^ input17/X (sky130_fd_sc_hd__buf_12)
    65    0.28                           net17 (net)
                  0.32    0.00    5.36 ^ _444_/RESET_B (sky130_fd_sc_hd__dfrtp_1)
                                  5.36   data arrival time

                  0.15   25.00   25.00   clock clk (rise edge)
                          0.00   25.00   clock network delay (ideal)
                         -0.25   24.75   clock uncertainty
                          0.00   24.75   clock reconvergence pessimism
                                 24.75 ^ _444_/CLK (sky130_fd_sc_hd__dfrtp_1)
                          0.19   24.94   library recovery time
                                 24.94   data required time
-----------------------------------------------------------------------------
                                 24.94   data required time
                                 -5.36   data arrival time
-----------------------------------------------------------------------------
                                 19.59   slack (MET)


Startpoint: rst_n (input port clocked by clk)
Endpoint: _431_ (recovery check against rising-edge clock clk)
Path Group: asynchronous
Path Type: max

Fanout     Cap    Slew   Delay    Time   Description
-----------------------------------------------------------------------------
                  0.15    0.00    0.00   clock clk (rise edge)
                          0.00    0.00   clock network delay (ideal)
                          5.00    5.00 ^ input external delay
                  0.05    0.04    5.04 ^ rst_n (in)
     1    0.01                           rst_n (net)
                  0.05    0.00    5.04 ^ input17/A (sky130_fd_sc_hd__buf_12)
                  0.32    0.31    5.35 ^ input17/X (sky130_fd_sc_hd__buf_12)
    65    0.28                           net17 (net)
                  0.32    0.00    5.36 ^ _431_/RESET_B (sky130_fd_sc_hd__dfrtp_1)
                                  5.36   data arrival time

                  0.15   25.00   25.00   clock clk (rise edge)
                          0.00   25.00   clock network delay (ideal)
                         -0.25   24.75   clock uncertainty
                          0.00   24.75   clock reconvergence pessimism
                                 24.75 ^ _431_/CLK (sky130_fd_sc_hd__dfrtp_1)
                          0.19   24.94   library recovery time
                                 24.94   data required time
-----------------------------------------------------------------------------
                                 24.94   data required time
                                 -5.36   data arrival time
-----------------------------------------------------------------------------
                                 19.59   slack (MET)


Startpoint: rst_n (input port clocked by clk)
Endpoint: _429_ (recovery check against rising-edge clock clk)
Path Group: asynchronous
Path Type: max

Fanout     Cap    Slew   Delay    Time   Description
-----------------------------------------------------------------------------
                  0.15    0.00    0.00   clock clk (rise edge)
                          0.00    0.00   clock network delay (ideal)
                          5.00    5.00 ^ input external delay
                  0.05    0.04    5.04 ^ rst_n (in)
     1    0.01                           rst_n (net)
                  0.05    0.00    5.04 ^ input17/A (sky130_fd_sc_hd__buf_12)
                  0.32    0.31    5.35 ^ input17/X (sky130_fd_sc_hd__buf_12)
    65    0.28                           net17 (net)
                  0.32    0.00    5.36 ^ _429_/RESET_B (sky130_fd_sc_hd__dfrtp_1)
                                  5.36   data arrival time

                  0.15   25.00   25.00   clock clk (rise edge)
                          0.00   25.00   clock network delay (ideal)
                         -0.25   24.75   clock uncertainty
                          0.00   24.75   clock reconvergence pessimism
                                 24.75 ^ _429_/CLK (sky130_fd_sc_hd__dfrtp_1)
                          0.19   24.94   library recovery time
                                 24.94   data required time
-----------------------------------------------------------------------------
                                 24.94   data required time
                                 -5.36   data arrival time
-----------------------------------------------------------------------------
                                 19.59   slack (MET)


Startpoint: rst_n (input port clocked by clk)
Endpoint: _428_ (recovery check against rising-edge clock clk)
Path Group: asynchronous
Path Type: max

Fanout     Cap    Slew   Delay    Time   Description
-----------------------------------------------------------------------------
                  0.15    0.00    0.00   clock clk (rise edge)
                          0.00    0.00   clock network delay (ideal)
                          5.00    5.00 ^ input external delay
                  0.05    0.04    5.04 ^ rst_n (in)
     1    0.01                           rst_n (net)
                  0.05    0.00    5.04 ^ input17/A (sky130_fd_sc_hd__buf_12)
                  0.32    0.31    5.35 ^ input17/X (sky130_fd_sc_hd__buf_12)
    65    0.28                           net17 (net)
                  0.32    0.00    5.35 ^ _428_/RESET_B (sky130_fd_sc_hd__dfrtp_1)
                                  5.35   data arrival time

                  0.15   25.00   25.00   clock clk (rise edge)
                          0.00   25.00   clock network delay (ideal)
                         -0.25   24.75   clock uncertainty
                          0.00   24.75   clock reconvergence pessimism
                                 24.75 ^ _428_/CLK (sky130_fd_sc_hd__dfrtp_1)
                          0.19   24.94   library recovery time
                                 24.94   data required time
-----------------------------------------------------------------------------
                                 24.94   data required time
                                 -5.35   data arrival time
-----------------------------------------------------------------------------
                                 19.59   slack (MET)


Startpoint: rst_n (input port clocked by clk)
Endpoint: _426_ (recovery check against rising-edge clock clk)
Path Group: asynchronous
Path Type: max

Fanout     Cap    Slew   Delay    Time   Description
-----------------------------------------------------------------------------
                  0.15    0.00    0.00   clock clk (rise edge)
                          0.00    0.00   clock network delay (ideal)
                          5.00    5.00 ^ input external delay
                  0.05    0.04    5.04 ^ rst_n (in)
     1    0.01                           rst_n (net)
                  0.05    0.00    5.04 ^ input17/A (sky130_fd_sc_hd__buf_12)
                  0.32    0.31    5.35 ^ input17/X (sky130_fd_sc_hd__buf_12)
    65    0.28                           net17 (net)
                  0.32    0.00    5.35 ^ _426_/RESET_B (sky130_fd_sc_hd__dfrtp_1)
                                  5.35   data arrival time

                  0.15   25.00   25.00   clock clk (rise edge)
                          0.00   25.00   clock network delay (ideal)
                         -0.25   24.75   clock uncertainty
                          0.00   24.75   clock reconvergence pessimism
                                 24.75 ^ _426_/CLK (sky130_fd_sc_hd__dfrtp_1)
                          0.19   24.94   library recovery time
                                 24.94   data required time
-----------------------------------------------------------------------------
                                 24.94   data required time
                                 -5.35   data arrival time
-----------------------------------------------------------------------------
                                 19.59   slack (MET)


Startpoint: _475_ (rising edge-triggered flip-flop clocked by clk)
Endpoint: _477_ (rising edge-triggered flip-flop clocked by clk)
Path Group: clk
Path Type: max

Fanout     Cap    Slew   Delay    Time   Description
-----------------------------------------------------------------------------
                  0.15    0.00    0.00   clock clk (rise edge)
                          0.00    0.00   clock network delay (ideal)
                  0.15    0.00    0.00 ^ _475_/CLK (sky130_fd_sc_hd__dfrtp_4)
                  0.09    0.57    0.57 v _475_/Q (sky130_fd_sc_hd__dfrtp_4)
     7    0.03                           u_sort.bucket_counter[0] (net)
                  0.09    0.00    0.57 v _217_/A (sky130_fd_sc_hd__inv_2)
                  0.13    0.15    0.72 ^ _217_/Y (sky130_fd_sc_hd__inv_2)
     9    0.03                           _070_ (net)
                  0.13    0.00    0.72 ^ _240_/A1 (sky130_fd_sc_hd__o21ai_1)
                  0.05    0.09    0.81 v _240_/Y (sky130_fd_sc_hd__o21ai_1)
     1    0.00                           _093_ (net)
                  0.05    0.00    0.81 v _243_/B1 (sky130_fd_sc_hd__a2111o_2)
                  0.10    0.52    1.32 v _243_/X (sky130_fd_sc_hd__a2111o_2)
     7    0.02                           _096_ (net)
                  0.10    0.00    1.32 v _250_/D (sky130_fd_sc_hd__and4b_1)
                  0.06    0.26    1.59 v _250_/X (sky130_fd_sc_hd__and4b_1)
     3    0.01                           _102_ (net)
                  0.06    0.00    1.59 v _259_/A2 (sky130_fd_sc_hd__o2111a_2)
                  0.07    0.31    1.90 v _259_/X (sky130_fd_sc_hd__o2111a_2)
     7    0.02                           _111_ (net)
                  0.07    0.00    1.90 v _402_/B (sky130_fd_sc_hd__or4_1)
                  0.08    0.52    2.42 v _402_/X (sky130_fd_sc_hd__or4_1)
     1    0.00                           _200_ (net)
                  0.08    0.00    2.42 v _403_/A2 (sky130_fd_sc_hd__a21oi_1)
                  0.10    0.15    2.57 ^ _403_/Y (sky130_fd_sc_hd__a21oi_1)
     1    0.00                           _056_ (net)
                  0.10    0.00    2.57 ^ _477_/D (sky130_fd_sc_hd__dfrtp_1)
                                  2.57   data arrival time

                  0.15   25.00   25.00   clock clk (rise edge)
                          0.00   25.00   clock network delay (ideal)
                         -0.25   24.75   clock uncertainty
                          0.00   24.75   clock reconvergence pessimism
                                 24.75 ^ _477_/CLK (sky130_fd_sc_hd__dfrtp_1)
                         -0.06   24.69   library setup time
                                 24.69   data required time
-----------------------------------------------------------------------------
                                 24.69   data required time
                                 -2.57   data arrival time
-----------------------------------------------------------------------------
                                 22.12   slack (MET)


Startpoint: _475_ (rising edge-triggered flip-flop clocked by clk)
Endpoint: _475_ (rising edge-triggered flip-flop clocked by clk)
Path Group: clk
Path Type: max

Fanout     Cap    Slew   Delay    Time   Description
-----------------------------------------------------------------------------
                  0.15    0.00    0.00   clock clk (rise edge)
                          0.00    0.00   clock network delay (ideal)
                  0.15    0.00    0.00 ^ _475_/CLK (sky130_fd_sc_hd__dfrtp_4)
                  0.09    0.57    0.57 v _475_/Q (sky130_fd_sc_hd__dfrtp_4)
     7    0.03                           u_sort.bucket_counter[0] (net)
                  0.09    0.00    0.57 v _217_/A (sky130_fd_sc_hd__inv_2)
                  0.13    0.15    0.72 ^ _217_/Y (sky130_fd_sc_hd__inv_2)
     9    0.03                           _070_ (net)
                  0.13    0.00    0.72 ^ _240_/A1 (sky130_fd_sc_hd__o21ai_1)
                  0.05    0.09    0.81 v _240_/Y (sky130_fd_sc_hd__o21ai_1)
     1    0.00                           _093_ (net)
                  0.05    0.00    0.81 v _243_/B1 (sky130_fd_sc_hd__a2111o_2)
                  0.10    0.52    1.32 v _243_/X (sky130_fd_sc_hd__a2111o_2)
     7    0.02                           _096_ (net)
                  0.10    0.00    1.32 v _250_/D (sky130_fd_sc_hd__and4b_1)
                  0.06    0.26    1.59 v _250_/X (sky130_fd_sc_hd__and4b_1)
     3    0.01                           _102_ (net)
                  0.06    0.00    1.59 v _259_/A2 (sky130_fd_sc_hd__o2111a_2)
                  0.07    0.31    1.90 v _259_/X (sky130_fd_sc_hd__o2111a_2)
     7    0.02                           _111_ (net)
                  0.07    0.00    1.90 v _392_/B (sky130_fd_sc_hd__or3_1)
                  0.06    0.35    2.25 v _392_/X (sky130_fd_sc_hd__or3_1)
     1    0.00                           _192_ (net)
                  0.06    0.00    2.25 v _394_/B (sky130_fd_sc_hd__and3_1)
                  0.03    0.17    2.41 v _394_/X (sky130_fd_sc_hd__and3_1)
     1    0.00                           _194_ (net)
                  0.03    0.00    2.41 v _395_/A (sky130_fd_sc_hd__clkbuf_1)
                  0.02    0.08    2.50 v _395_/X (sky130_fd_sc_hd__clkbuf_1)
     1    0.00                           _054_ (net)
                  0.02    0.00    2.50 v _475_/D (sky130_fd_sc_hd__dfrtp_4)
                                  2.50   data arrival time

                  0.15   25.00   25.00   clock clk (rise edge)
                          0.00   25.00   clock network delay (ideal)
                         -0.25   24.75   clock uncertainty
                          0.00   24.75   clock reconvergence pessimism
                                 24.75 ^ _475_/CLK (sky130_fd_sc_hd__dfrtp_4)
                         -0.08   24.67   library setup time
                                 24.67   data required time
-----------------------------------------------------------------------------
                                 24.67   data required time
                                 -2.50   data arrival time
-----------------------------------------------------------------------------
                                 22.17   slack (MET)


Startpoint: _475_ (rising edge-triggered flip-flop clocked by clk)
Endpoint: _473_ (rising edge-triggered flip-flop clocked by clk)
Path Group: clk
Path Type: max

Fanout     Cap    Slew   Delay    Time   Description
-----------------------------------------------------------------------------
                  0.15    0.00    0.00   clock clk (rise edge)
                          0.00    0.00   clock network delay (ideal)
                  0.15    0.00    0.00 ^ _475_/CLK (sky130_fd_sc_hd__dfrtp_4)
                  0.09    0.57    0.57 v _475_/Q (sky130_fd_sc_hd__dfrtp_4)
     7    0.03                           u_sort.bucket_counter[0] (net)
                  0.09    0.00    0.57 v _217_/A (sky130_fd_sc_hd__inv_2)
                  0.13    0.15    0.72 ^ _217_/Y (sky130_fd_sc_hd__inv_2)
     9    0.03                           _070_ (net)
                  0.13    0.00    0.72 ^ _240_/A1 (sky130_fd_sc_hd__o21ai_1)
                  0.05    0.09    0.81 v _240_/Y (sky130_fd_sc_hd__o21ai_1)
     1    0.00                           _093_ (net)
                  0.05    0.00    0.81 v _243_/B1 (sky130_fd_sc_hd__a2111o_2)
                  0.10    0.52    1.32 v _243_/X (sky130_fd_sc_hd__a2111o_2)
     7    0.02                           _096_ (net)
                  0.10    0.00    1.32 v _244_/D (sky130_fd_sc_hd__and4_1)
                  0.05    0.24    1.56 v _244_/X (sky130_fd_sc_hd__and4_1)
     2    0.00                           _097_ (net)
                  0.05    0.00    1.56 v _247_/A_N (sky130_fd_sc_hd__and3b_1)
                  0.05    0.20    1.76 ^ _247_/X (sky130_fd_sc_hd__and3b_1)
     1    0.00                           _100_ (net)
                  0.05    0.00    1.76 ^ _248_/A (sky130_fd_sc_hd__buf_2)
                  0.14    0.19    1.95 ^ _248_/X (sky130_fd_sc_hd__buf_2)
     7    0.03                           _002_ (net)
                  0.14    0.00    1.95 ^ _387_/S (sky130_fd_sc_hd__mux2_1)
                  0.06    0.35    2.30 v _387_/X (sky130_fd_sc_hd__mux2_1)
     1    0.00                           _189_ (net)
                  0.06    0.00    2.30 v _388_/A (sky130_fd_sc_hd__clkbuf_1)
                  0.02    0.09    2.39 v _388_/X (sky130_fd_sc_hd__clkbuf_1)
     1    0.00                           _052_ (net)
                  0.02    0.00    2.39 v _473_/D (sky130_fd_sc_hd__dfrtp_1)
                                  2.39   data arrival time

                  0.15   25.00   25.00   clock clk (rise edge)
                          0.00   25.00   clock network delay (ideal)
                         -0.25   24.75   clock uncertainty
                          0.00   24.75   clock reconvergence pessimism
                                 24.75 ^ _473_/CLK (sky130_fd_sc_hd__dfrtp_1)
                         -0.08   24.67   library setup time
                                 24.67   data required time
-----------------------------------------------------------------------------
                                 24.67   data required time
                                 -2.39   data arrival time
-----------------------------------------------------------------------------
                                 22.28   slack (MET)


Startpoint: _475_ (rising edge-triggered flip-flop clocked by clk)
Endpoint: _468_ (rising edge-triggered flip-flop clocked by clk)
Path Group: clk
Path Type: max

Fanout     Cap    Slew   Delay    Time   Description
-----------------------------------------------------------------------------
                  0.15    0.00    0.00   clock clk (rise edge)
                          0.00    0.00   clock network delay (ideal)
                  0.15    0.00    0.00 ^ _475_/CLK (sky130_fd_sc_hd__dfrtp_4)
                  0.09    0.57    0.57 v _475_/Q (sky130_fd_sc_hd__dfrtp_4)
     7    0.03                           u_sort.bucket_counter[0] (net)
                  0.09    0.00    0.57 v _217_/A (sky130_fd_sc_hd__inv_2)
                  0.13    0.15    0.72 ^ _217_/Y (sky130_fd_sc_hd__inv_2)
     9    0.03                           _070_ (net)
                  0.13    0.00    0.72 ^ _240_/A1 (sky130_fd_sc_hd__o21ai_1)
                  0.05    0.09    0.81 v _240_/Y (sky130_fd_sc_hd__o21ai_1)
     1    0.00                           _093_ (net)
                  0.05    0.00    0.81 v _243_/B1 (sky130_fd_sc_hd__a2111o_2)
                  0.10    0.52    1.32 v _243_/X (sky130_fd_sc_hd__a2111o_2)
     7    0.02                           _096_ (net)
                  0.10    0.00    1.32 v _244_/D (sky130_fd_sc_hd__and4_1)
                  0.05    0.24    1.56 v _244_/X (sky130_fd_sc_hd__and4_1)
     2    0.00                           _097_ (net)
                  0.05    0.00    1.56 v _247_/A_N (sky130_fd_sc_hd__and3b_1)
                  0.05    0.20    1.76 ^ _247_/X (sky130_fd_sc_hd__and3b_1)
     1    0.00                           _100_ (net)
                  0.05    0.00    1.76 ^ _248_/A (sky130_fd_sc_hd__buf_2)
                  0.14    0.19    1.95 ^ _248_/X (sky130_fd_sc_hd__buf_2)
     7    0.03                           _002_ (net)
                  0.14    0.00    1.95 ^ _376_/S (sky130_fd_sc_hd__mux2_1)
                  0.05    0.35    2.30 v _376_/X (sky130_fd_sc_hd__mux2_1)
     1    0.00                           _182_ (net)
                  0.05    0.00    2.30 v _377_/A (sky130_fd_sc_hd__clkbuf_1)
                  0.02    0.09    2.39 v _377_/X (sky130_fd_sc_hd__clkbuf_1)
     1    0.00                           _048_ (net)
                  0.02    0.00    2.39 v _468_/D (sky130_fd_sc_hd__dfrtp_1)
                                  2.39   data arrival time

                  0.15   25.00   25.00   clock clk (rise edge)
                          0.00   25.00   clock network delay (ideal)
                         -0.25   24.75   clock uncertainty
                          0.00   24.75   clock reconvergence pessimism
                                 24.75 ^ _468_/CLK (sky130_fd_sc_hd__dfrtp_1)
                         -0.08   24.67   library setup time
                                 24.67   data required time
-----------------------------------------------------------------------------
                                 24.67   data required time
                                 -2.39   data arrival time
-----------------------------------------------------------------------------
                                 22.28   slack (MET)


Startpoint: _475_ (rising edge-triggered flip-flop clocked by clk)
Endpoint: _469_ (rising edge-triggered flip-flop clocked by clk)
Path Group: clk
Path Type: max

Fanout     Cap    Slew   Delay    Time   Description
-----------------------------------------------------------------------------
                  0.15    0.00    0.00   clock clk (rise edge)
                          0.00    0.00   clock network delay (ideal)
                  0.15    0.00    0.00 ^ _475_/CLK (sky130_fd_sc_hd__dfrtp_4)
                  0.09    0.57    0.57 v _475_/Q (sky130_fd_sc_hd__dfrtp_4)
     7    0.03                           u_sort.bucket_counter[0] (net)
                  0.09    0.00    0.57 v _217_/A (sky130_fd_sc_hd__inv_2)
                  0.13    0.15    0.72 ^ _217_/Y (sky130_fd_sc_hd__inv_2)
     9    0.03                           _070_ (net)
                  0.13    0.00    0.72 ^ _240_/A1 (sky130_fd_sc_hd__o21ai_1)
                  0.05    0.09    0.81 v _240_/Y (sky130_fd_sc_hd__o21ai_1)
     1    0.00                           _093_ (net)
                  0.05    0.00    0.81 v _243_/B1 (sky130_fd_sc_hd__a2111o_2)
                  0.10    0.52    1.32 v _243_/X (sky130_fd_sc_hd__a2111o_2)
     7    0.02                           _096_ (net)
                  0.10    0.00    1.32 v _244_/D (sky130_fd_sc_hd__and4_1)
                  0.05    0.24    1.56 v _244_/X (sky130_fd_sc_hd__and4_1)
     2    0.00                           _097_ (net)
                  0.05    0.00    1.56 v _247_/A_N (sky130_fd_sc_hd__and3b_1)
                  0.05    0.20    1.76 ^ _247_/X (sky130_fd_sc_hd__and3b_1)
     1    0.00                           _100_ (net)
                  0.05    0.00    1.76 ^ _248_/A (sky130_fd_sc_hd__buf_2)
                  0.14    0.19    1.95 ^ _248_/X (sky130_fd_sc_hd__buf_2)
     7    0.03                           _002_ (net)
                  0.14    0.00    1.95 ^ _378_/S (sky130_fd_sc_hd__mux2_1)
                  0.06    0.35    2.30 v _378_/X (sky130_fd_sc_hd__mux2_1)
     1    0.00                           _183_ (net)
                  0.06    0.00    2.30 v _379_/A (sky130_fd_sc_hd__clkbuf_1)
                  0.02    0.09    2.39 v _379_/X (sky130_fd_sc_hd__clkbuf_1)
     1    0.00                           _049_ (net)
                  0.02    0.00    2.39 v _469_/D (sky130_fd_sc_hd__dfrtp_1)
                                  2.39   data arrival time

                  0.15   25.00   25.00   clock clk (rise edge)
                          0.00   25.00   clock network delay (ideal)
                         -0.25   24.75   clock uncertainty
                          0.00   24.75   clock reconvergence pessimism
                                 24.75 ^ _469_/CLK (sky130_fd_sc_hd__dfrtp_1)
                         -0.08   24.67   library setup time
                                 24.67   data required time
-----------------------------------------------------------------------------
                                 24.67   data required time
                                 -2.39   data arrival time
-----------------------------------------------------------------------------
                                 22.28   slack (MET)


Startpoint: _475_ (rising edge-triggered flip-flop clocked by clk)
Endpoint: _474_ (rising edge-triggered flip-flop clocked by clk)
Path Group: clk
Path Type: max

Fanout     Cap    Slew   Delay    Time   Description
-----------------------------------------------------------------------------
                  0.15    0.00    0.00   clock clk (rise edge)
                          0.00    0.00   clock network delay (ideal)
                  0.15    0.00    0.00 ^ _475_/CLK (sky130_fd_sc_hd__dfrtp_4)
                  0.09    0.57    0.57 v _475_/Q (sky130_fd_sc_hd__dfrtp_4)
     7    0.03                           u_sort.bucket_counter[0] (net)
                  0.09    0.00    0.57 v _217_/A (sky130_fd_sc_hd__inv_2)
                  0.13    0.15    0.72 ^ _217_/Y (sky130_fd_sc_hd__inv_2)
     9    0.03                           _070_ (net)
                  0.13    0.00    0.72 ^ _240_/A1 (sky130_fd_sc_hd__o21ai_1)
                  0.05    0.09    0.81 v _240_/Y (sky130_fd_sc_hd__o21ai_1)
     1    0.00                           _093_ (net)
                  0.05    0.00    0.81 v _243_/B1 (sky130_fd_sc_hd__a2111o_2)
                  0.10    0.52    1.32 v _243_/X (sky130_fd_sc_hd__a2111o_2)
     7    0.02                           _096_ (net)
                  0.10    0.00    1.32 v _244_/D (sky130_fd_sc_hd__and4_1)
                  0.05    0.24    1.56 v _244_/X (sky130_fd_sc_hd__and4_1)
     2    0.00                           _097_ (net)
                  0.05    0.00    1.56 v _247_/A_N (sky130_fd_sc_hd__and3b_1)
                  0.05    0.20    1.76 ^ _247_/X (sky130_fd_sc_hd__and3b_1)
     1    0.00                           _100_ (net)
                  0.05    0.00    1.76 ^ _248_/A (sky130_fd_sc_hd__buf_2)
                  0.14    0.19    1.95 ^ _248_/X (sky130_fd_sc_hd__buf_2)
     7    0.03                           _002_ (net)
                  0.14    0.00    1.95 ^ _389_/S (sky130_fd_sc_hd__mux2_1)
                  0.05    0.34    2.30 v _389_/X (sky130_fd_sc_hd__mux2_1)
     1    0.00                           _190_ (net)
                  0.05    0.00    2.30 v _390_/A (sky130_fd_sc_hd__clkbuf_1)
                  0.02    0.09    2.39 v _390_/X (sky130_fd_sc_hd__clkbuf_1)
     1    0.00                           _053_ (net)
                  0.02    0.00    2.39 v _474_/D (sky130_fd_sc_hd__dfrtp_1)
                                  2.39   data arrival time

                  0.15   25.00   25.00   clock clk (rise edge)
                          0.00   25.00   clock network delay (ideal)
                         -0.25   24.75   clock uncertainty
                          0.00   24.75   clock reconvergence pessimism
                                 24.75 ^ _474_/CLK (sky130_fd_sc_hd__dfrtp_1)
                         -0.08   24.67   library setup time
                                 24.67   data required time
-----------------------------------------------------------------------------
                                 24.67   data required time
                                 -2.39   data arrival time
-----------------------------------------------------------------------------
                                 22.28   slack (MET)


Startpoint: _475_ (rising edge-triggered flip-flop clocked by clk)
Endpoint: _470_ (rising edge-triggered flip-flop clocked by clk)
Path Group: clk
Path Type: max

Fanout     Cap    Slew   Delay    Time   Description
-----------------------------------------------------------------------------
                  0.15    0.00    0.00   clock clk (rise edge)
                          0.00    0.00   clock network delay (ideal)
                  0.15    0.00    0.00 ^ _475_/CLK (sky130_fd_sc_hd__dfrtp_4)
                  0.09    0.57    0.57 v _475_/Q (sky130_fd_sc_hd__dfrtp_4)
     7    0.03                           u_sort.bucket_counter[0] (net)
                  0.09    0.00    0.57 v _217_/A (sky130_fd_sc_hd__inv_2)
                  0.13    0.15    0.72 ^ _217_/Y (sky130_fd_sc_hd__inv_2)
     9    0.03                           _070_ (net)
                  0.13    0.00    0.72 ^ _240_/A1 (sky130_fd_sc_hd__o21ai_1)
                  0.05    0.09    0.81 v _240_/Y (sky130_fd_sc_hd__o21ai_1)
     1    0.00                           _093_ (net)
                  0.05    0.00    0.81 v _243_/B1 (sky130_fd_sc_hd__a2111o_2)
                  0.10    0.52    1.32 v _243_/X (sky130_fd_sc_hd__a2111o_2)
     7    0.02                           _096_ (net)
                  0.10    0.00    1.32 v _244_/D (sky130_fd_sc_hd__and4_1)
                  0.05    0.24    1.56 v _244_/X (sky130_fd_sc_hd__and4_1)
     2    0.00                           _097_ (net)
                  0.05    0.00    1.56 v _247_/A_N (sky130_fd_sc_hd__and3b_1)
                  0.05    0.20    1.76 ^ _247_/X (sky130_fd_sc_hd__and3b_1)
     1    0.00                           _100_ (net)
                  0.05    0.00    1.76 ^ _248_/A (sky130_fd_sc_hd__buf_2)
                  0.14    0.19    1.95 ^ _248_/X (sky130_fd_sc_hd__buf_2)
     7    0.03                           _002_ (net)
                  0.14    0.00    1.95 ^ _380_/S (sky130_fd_sc_hd__mux2_1)
                  0.05    0.34    2.30 v _380_/X (sky130_fd_sc_hd__mux2_1)
     1    0.00                           _184_ (net)
                  0.05    0.00    2.30 v _381_/A (sky130_fd_sc_hd__clkbuf_1)
                  0.02    0.09    2.39 v _381_/X (sky130_fd_sc_hd__clkbuf_1)
     1    0.00                           _050_ (net)
                  0.02    0.00    2.39 v _470_/D (sky130_fd_sc_hd__dfrtp_1)
                                  2.39   data arrival time

                  0.15   25.00   25.00   clock clk (rise edge)
                          0.00   25.00   clock network delay (ideal)
                         -0.25   24.75   clock uncertainty
                          0.00   24.75   clock reconvergence pessimism
                                 24.75 ^ _470_/CLK (sky130_fd_sc_hd__dfrtp_1)
                         -0.08   24.67   library setup time
                                 24.67   data required time
-----------------------------------------------------------------------------
                                 24.67   data required time
                                 -2.39   data arrival time
-----------------------------------------------------------------------------
                                 22.28   slack (MET)


Startpoint: _475_ (rising edge-triggered flip-flop clocked by clk)
Endpoint: _472_ (rising edge-triggered flip-flop clocked by clk)
Path Group: clk
Path Type: max

Fanout     Cap    Slew   Delay    Time   Description
-----------------------------------------------------------------------------
                  0.15    0.00    0.00   clock clk (rise edge)
                          0.00    0.00   clock network delay (ideal)
                  0.15    0.00    0.00 ^ _475_/CLK (sky130_fd_sc_hd__dfrtp_4)
                  0.09    0.57    0.57 v _475_/Q (sky130_fd_sc_hd__dfrtp_4)
     7    0.03                           u_sort.bucket_counter[0] (net)
                  0.09    0.00    0.57 v _217_/A (sky130_fd_sc_hd__inv_2)
                  0.13    0.15    0.72 ^ _217_/Y (sky130_fd_sc_hd__inv_2)
     9    0.03                           _070_ (net)
                  0.13    0.00    0.72 ^ _240_/A1 (sky130_fd_sc_hd__o21ai_1)
                  0.05    0.09    0.81 v _240_/Y (sky130_fd_sc_hd__o21ai_1)
     1    0.00                           _093_ (net)
                  0.05    0.00    0.81 v _243_/B1 (sky130_fd_sc_hd__a2111o_2)
                  0.10    0.52    1.32 v _243_/X (sky130_fd_sc_hd__a2111o_2)
     7    0.02                           _096_ (net)
                  0.10    0.00    1.32 v _244_/D (sky130_fd_sc_hd__and4_1)
                  0.05    0.24    1.56 v _244_/X (sky130_fd_sc_hd__and4_1)
     2    0.00                           _097_ (net)
                  0.05    0.00    1.56 v _247_/A_N (sky130_fd_sc_hd__and3b_1)
                  0.05    0.20    1.76 ^ _247_/X (sky130_fd_sc_hd__and3b_1)
     1    0.00                           _100_ (net)
                  0.05    0.00    1.76 ^ _248_/A (sky130_fd_sc_hd__buf_2)
                  0.14    0.19    1.95 ^ _248_/X (sky130_fd_sc_hd__buf_2)
     7    0.03                           _002_ (net)
                  0.14    0.00    1.95 ^ _384_/S (sky130_fd_sc_hd__mux2_1)
                  0.05    0.34    2.29 v _384_/X (sky130_fd_sc_hd__mux2_1)
     1    0.00                           _187_ (net)
                  0.05    0.00    2.29 v _385_/A (sky130_fd_sc_hd__clkbuf_1)
                  0.02    0.09    2.39 v _385_/X (sky130_fd_sc_hd__clkbuf_1)
     1    0.00                           _051_ (net)
                  0.02    0.00    2.39 v _472_/D (sky130_fd_sc_hd__dfrtp_1)
                                  2.39   data arrival time

                  0.15   25.00   25.00   clock clk (rise edge)
                          0.00   25.00   clock network delay (ideal)
                         -0.25   24.75   clock uncertainty
                          0.00   24.75   clock reconvergence pessimism
                                 24.75 ^ _472_/CLK (sky130_fd_sc_hd__dfrtp_1)
                         -0.08   24.67   library setup time
                                 24.67   data required time
-----------------------------------------------------------------------------
                                 24.67   data required time
                                 -2.39   data arrival time
-----------------------------------------------------------------------------
                                 22.28   slack (MET)


Startpoint: _475_ (rising edge-triggered flip-flop clocked by clk)
Endpoint: _476_ (rising edge-triggered flip-flop clocked by clk)
Path Group: clk
Path Type: max

Fanout     Cap    Slew   Delay    Time   Description
-----------------------------------------------------------------------------
                  0.15    0.00    0.00   clock clk (rise edge)
                          0.00    0.00   clock network delay (ideal)
                  0.15    0.00    0.00 ^ _475_/CLK (sky130_fd_sc_hd__dfrtp_4)
                  0.09    0.57    0.57 v _475_/Q (sky130_fd_sc_hd__dfrtp_4)
     7    0.03                           u_sort.bucket_counter[0] (net)
                  0.09    0.00    0.57 v _217_/A (sky130_fd_sc_hd__inv_2)
                  0.13    0.15    0.72 ^ _217_/Y (sky130_fd_sc_hd__inv_2)
     9    0.03                           _070_ (net)
                  0.13    0.00    0.72 ^ _240_/A1 (sky130_fd_sc_hd__o21ai_1)
                  0.05    0.09    0.81 v _240_/Y (sky130_fd_sc_hd__o21ai_1)
     1    0.00                           _093_ (net)
                  0.05    0.00    0.81 v _243_/B1 (sky130_fd_sc_hd__a2111o_2)
                  0.10    0.52    1.32 v _243_/X (sky130_fd_sc_hd__a2111o_2)
     7    0.02                           _096_ (net)
                  0.10    0.00    1.32 v _250_/D (sky130_fd_sc_hd__and4b_1)
                  0.06    0.26    1.59 v _250_/X (sky130_fd_sc_hd__and4b_1)
     3    0.01                           _102_ (net)
                  0.06    0.00    1.59 v _259_/A2 (sky130_fd_sc_hd__o2111a_2)
                  0.07    0.31    1.90 v _259_/X (sky130_fd_sc_hd__o2111a_2)
     7    0.02                           _111_ (net)
                  0.07    0.00    1.90 v _399_/B1 (sky130_fd_sc_hd__a211o_1)
                  0.05    0.28    2.17 v _399_/X (sky130_fd_sc_hd__a211o_1)
     1    0.00                           _198_ (net)
                  0.05    0.00    2.17 v _400_/B1 (sky130_fd_sc_hd__o211a_1)
                  0.04    0.12    2.30 v _400_/X (sky130_fd_sc_hd__o211a_1)
     1    0.00                           _055_ (net)
                  0.04    0.00    2.30 v _476_/D (sky130_fd_sc_hd__dfrtp_1)
                                  2.30   data arrival time

                  0.15   25.00   25.00   clock clk (rise edge)
                          0.00   25.00   clock network delay (ideal)
                         -0.25   24.75   clock uncertainty
                          0.00   24.75   clock reconvergence pessimism
                                 24.75 ^ _476_/CLK (sky130_fd_sc_hd__dfrtp_1)
                         -0.09   24.66   library setup time
                                 24.66   data required time
-----------------------------------------------------------------------------
                                 24.66   data required time
                                 -2.30   data arrival time
-----------------------------------------------------------------------------
                                 22.37   slack (MET)


Startpoint: _476_ (rising edge-triggered flip-flop clocked by clk)
Endpoint: _483_ (rising edge-triggered flip-flop clocked by clk)
Path Group: clk
Path Type: max

Fanout     Cap    Slew   Delay    Time   Description
-----------------------------------------------------------------------------
                  0.15    0.00    0.00   clock clk (rise edge)
                          0.00    0.00   clock network delay (ideal)
                  0.15    0.00    0.00 ^ _476_/CLK (sky130_fd_sc_hd__dfrtp_1)
                  0.04    0.40    0.40 v _476_/Q (sky130_fd_sc_hd__dfrtp_1)
     1    0.00                           u_sort.bucket_counter[1] (net)
                  0.04    0.00    0.40 v _218_/A (sky130_fd_sc_hd__clkbuf_4)
                  0.08    0.19    0.60 v _218_/X (sky130_fd_sc_hd__clkbuf_4)
    10    0.04                           _071_ (net)
                  0.08    0.00    0.60 v _219_/A (sky130_fd_sc_hd__or2_1)
                  0.05    0.24    0.84 v _219_/X (sky130_fd_sc_hd__or2_1)
     1    0.00                           _072_ (net)
                  0.05    0.00    0.84 v _223_/B1 (sky130_fd_sc_hd__a221o_1)
                  0.05    0.30    1.14 v _223_/X (sky130_fd_sc_hd__a221o_1)
     1    0.00                           _076_ (net)
                  0.05    0.00    1.14 v _224_/C1 (sky130_fd_sc_hd__a211o_1)
                  0.06    0.25    1.38 v _224_/X (sky130_fd_sc_hd__a211o_1)
     2    0.00                           _077_ (net)
                  0.06    0.00    1.38 v _250_/A_N (sky130_fd_sc_hd__and4b_1)
                  0.11    0.30    1.69 ^ _250_/X (sky130_fd_sc_hd__and4b_1)
     3    0.01                           _102_ (net)
                  0.11    0.00    1.69 ^ _414_/A2 (sky130_fd_sc_hd__a21oi_1)
                  0.05    0.08    1.76 v _414_/Y (sky130_fd_sc_hd__a21oi_1)
     1    0.00                           _207_ (net)
                  0.05    0.00    1.76 v _415_/B (sky130_fd_sc_hd__or2_1)
                  0.05    0.21    1.97 v _415_/X (sky130_fd_sc_hd__or2_1)
     1    0.00                           _208_ (net)
                  0.05    0.00    1.97 v _416_/A (sky130_fd_sc_hd__clkbuf_1)
                  0.02    0.09    2.06 v _416_/X (sky130_fd_sc_hd__clkbuf_1)
     1    0.00                           _061_ (net)
                  0.02    0.00    2.06 v _483_/D (sky130_fd_sc_hd__dfrtp_1)
                                  2.06   data arrival time

                  0.15   25.00   25.00   clock clk (rise edge)
                          0.00   25.00   clock network delay (ideal)
                         -0.25   24.75   clock uncertainty
                          0.00   24.75   clock reconvergence pessimism
                                 24.75 ^ _483_/CLK (sky130_fd_sc_hd__dfrtp_1)
                         -0.08   24.67   library setup time
                                 24.67   data required time
-----------------------------------------------------------------------------
                                 24.67   data required time
                                 -2.06   data arrival time
-----------------------------------------------------------------------------
                                 22.61   slack (MET)


Startpoint: _476_ (rising edge-triggered flip-flop clocked by clk)
Endpoint: _478_ (rising edge-triggered flip-flop clocked by clk)
Path Group: clk
Path Type: max

Fanout     Cap    Slew   Delay    Time   Description
-----------------------------------------------------------------------------
                  0.15    0.00    0.00   clock clk (rise edge)
                          0.00    0.00   clock network delay (ideal)
                  0.15    0.00    0.00 ^ _476_/CLK (sky130_fd_sc_hd__dfrtp_1)
                  0.04    0.40    0.40 v _476_/Q (sky130_fd_sc_hd__dfrtp_1)
     1    0.00                           u_sort.bucket_counter[1] (net)
                  0.04    0.00    0.40 v _218_/A (sky130_fd_sc_hd__clkbuf_4)
                  0.08    0.19    0.60 v _218_/X (sky130_fd_sc_hd__clkbuf_4)
    10    0.04                           _071_ (net)
                  0.08    0.00    0.60 v _219_/A (sky130_fd_sc_hd__or2_1)
                  0.05    0.24    0.84 v _219_/X (sky130_fd_sc_hd__or2_1)
     1    0.00                           _072_ (net)
                  0.05    0.00    0.84 v _223_/B1 (sky130_fd_sc_hd__a221o_1)
                  0.05    0.30    1.14 v _223_/X (sky130_fd_sc_hd__a221o_1)
     1    0.00                           _076_ (net)
                  0.05    0.00    1.14 v _224_/C1 (sky130_fd_sc_hd__a211o_1)
                  0.06    0.25    1.38 v _224_/X (sky130_fd_sc_hd__a211o_1)
     2    0.00                           _077_ (net)
                  0.06    0.00    1.38 v _250_/A_N (sky130_fd_sc_hd__and4b_1)
                  0.11    0.30    1.69 ^ _250_/X (sky130_fd_sc_hd__and4b_1)
     3    0.01                           _102_ (net)
                  0.11    0.00    1.69 ^ _259_/A2 (sky130_fd_sc_hd__o2111a_2)
                  0.12    0.27    1.95 ^ _259_/X (sky130_fd_sc_hd__o2111a_2)
     7    0.02                           _111_ (net)
                  0.12    0.00    1.95 ^ _260_/A2 (sky130_fd_sc_hd__o21ai_1)
                  0.04    0.07    2.02 v _260_/Y (sky130_fd_sc_hd__o21ai_1)
     1    0.00                           _001_ (net)
                  0.04    0.00    2.02 v _478_/D (sky130_fd_sc_hd__dfrtp_1)
                                  2.02   data arrival time

                  0.15   25.00   25.00   clock clk (rise edge)
                          0.00   25.00   clock network delay (ideal)
                         -0.25   24.75   clock uncertainty
                          0.00   24.75   clock reconvergence pessimism
                                 24.75 ^ _478_/CLK (sky130_fd_sc_hd__dfrtp_1)
                         -0.09   24.66   library setup time
                                 24.66   data required time
-----------------------------------------------------------------------------
                                 24.66   data required time
                                 -2.02   data arrival time
-----------------------------------------------------------------------------
                                 22.64   slack (MET)


Startpoint: _475_ (rising edge-triggered flip-flop clocked by clk)
Endpoint: _482_ (rising edge-triggered flip-flop clocked by clk)
Path Group: clk
Path Type: max

Fanout     Cap    Slew   Delay    Time   Description
-----------------------------------------------------------------------------
                  0.15    0.00    0.00   clock clk (rise edge)
                          0.00    0.00   clock network delay (ideal)
                  0.15    0.00    0.00 ^ _475_/CLK (sky130_fd_sc_hd__dfrtp_4)
                  0.09    0.57    0.57 v _475_/Q (sky130_fd_sc_hd__dfrtp_4)
     7    0.03                           u_sort.bucket_counter[0] (net)
                  0.09    0.00    0.57 v _217_/A (sky130_fd_sc_hd__inv_2)
                  0.13    0.15    0.72 ^ _217_/Y (sky130_fd_sc_hd__inv_2)
     9    0.03                           _070_ (net)
                  0.13    0.00    0.72 ^ _236_/A1 (sky130_fd_sc_hd__o21ai_1)
                  0.07    0.10    0.82 v _236_/Y (sky130_fd_sc_hd__o21ai_1)
     2    0.01                           _089_ (net)
                  0.07    0.00    0.82 v _251_/B1 (sky130_fd_sc_hd__a2111oi_1)
                  0.33    0.38    1.21 ^ _251_/Y (sky130_fd_sc_hd__a2111oi_1)
     1    0.00                           _103_ (net)
                  0.33    0.00    1.21 ^ wire26/A (sky130_fd_sc_hd__clkbuf_1)
                  0.07    0.15    1.36 ^ wire26/X (sky130_fd_sc_hd__clkbuf_1)
     2    0.01                           net26 (net)
                  0.07    0.00    1.36 ^ _382_/A (sky130_fd_sc_hd__nand2_1)
                  0.06    0.08    1.44 v _382_/Y (sky130_fd_sc_hd__nand2_1)
     2    0.01                           _185_ (net)
                  0.06    0.00    1.44 v _411_/A3 (sky130_fd_sc_hd__o31a_1)
                  0.04    0.24    1.67 v _411_/X (sky130_fd_sc_hd__o31a_1)
     1    0.00                           _205_ (net)
                  0.04    0.00    1.67 v _412_/B (sky130_fd_sc_hd__or2_1)
                  0.05    0.21    1.88 v _412_/X (sky130_fd_sc_hd__or2_1)
     1    0.00                           _206_ (net)
                  0.05    0.00    1.88 v _413_/A (sky130_fd_sc_hd__clkbuf_1)
                  0.02    0.09    1.97 v _413_/X (sky130_fd_sc_hd__clkbuf_1)
     1    0.00                           _060_ (net)
                  0.02    0.00    1.97 v _482_/D (sky130_fd_sc_hd__dfrtp_1)
                                  1.97   data arrival time

                  0.15   25.00   25.00   clock clk (rise edge)
                          0.00   25.00   clock network delay (ideal)
                         -0.25   24.75   clock uncertainty
                          0.00   24.75   clock reconvergence pessimism
                                 24.75 ^ _482_/CLK (sky130_fd_sc_hd__dfrtp_1)
                         -0.08   24.67   library setup time
                                 24.67   data required time
-----------------------------------------------------------------------------
                                 24.67   data required time
                                 -1.97   data arrival time
-----------------------------------------------------------------------------
                                 22.70   slack (MET)


Startpoint: _475_ (rising edge-triggered flip-flop clocked by clk)
Endpoint: _471_ (rising edge-triggered flip-flop clocked by clk)
Path Group: clk
Path Type: max

Fanout     Cap    Slew   Delay    Time   Description
-----------------------------------------------------------------------------
                  0.15    0.00    0.00   clock clk (rise edge)
                          0.00    0.00   clock network delay (ideal)
                  0.15    0.00    0.00 ^ _475_/CLK (sky130_fd_sc_hd__dfrtp_4)
                  0.09    0.57    0.57 v _475_/Q (sky130_fd_sc_hd__dfrtp_4)
     7    0.03                           u_sort.bucket_counter[0] (net)
                  0.09    0.00    0.57 v _217_/A (sky130_fd_sc_hd__inv_2)
                  0.13    0.15    0.72 ^ _217_/Y (sky130_fd_sc_hd__inv_2)
     9    0.03                           _070_ (net)
                  0.13    0.00    0.72 ^ _240_/A1 (sky130_fd_sc_hd__o21ai_1)
                  0.05    0.09    0.81 v _240_/Y (sky130_fd_sc_hd__o21ai_1)
     1    0.00                           _093_ (net)
                  0.05    0.00    0.81 v _243_/B1 (sky130_fd_sc_hd__a2111o_2)
                  0.10    0.52    1.32 v _243_/X (sky130_fd_sc_hd__a2111o_2)
     7    0.02                           _096_ (net)
                  0.10    0.00    1.32 v _244_/D (sky130_fd_sc_hd__and4_1)
                  0.05    0.24    1.56 v _244_/X (sky130_fd_sc_hd__and4_1)
     2    0.00                           _097_ (net)
                  0.05    0.00    1.56 v _247_/A_N (sky130_fd_sc_hd__and3b_1)
                  0.05    0.20    1.76 ^ _247_/X (sky130_fd_sc_hd__and3b_1)
     1    0.00                           _100_ (net)
                  0.05    0.00    1.76 ^ _248_/A (sky130_fd_sc_hd__buf_2)
                  0.14    0.19    1.95 ^ _248_/X (sky130_fd_sc_hd__buf_2)
     7    0.03                           _002_ (net)
                  0.14    0.00    1.95 ^ _471_/D (sky130_fd_sc_hd__dfrtp_1)
                                  1.95   data arrival time

                  0.15   25.00   25.00   clock clk (rise edge)
                          0.00   25.00   clock network delay (ideal)
                         -0.25   24.75   clock uncertainty
                          0.00   24.75   clock reconvergence pessimism
                                 24.75 ^ _471_/CLK (sky130_fd_sc_hd__dfrtp_1)
                         -0.07   24.68   library setup time
                                 24.68   data required time
-----------------------------------------------------------------------------
                                 24.68   data required time
                                 -1.95   data arrival time
-----------------------------------------------------------------------------
                                 22.73   slack (MET)


Startpoint: _475_ (rising edge-triggered flip-flop clocked by clk)
Endpoint: _481_ (rising edge-triggered flip-flop clocked by clk)
Path Group: clk
Path Type: max

Fanout     Cap    Slew   Delay    Time   Description
-----------------------------------------------------------------------------
                  0.15    0.00    0.00   clock clk (rise edge)
                          0.00    0.00   clock network delay (ideal)
                  0.15    0.00    0.00 ^ _475_/CLK (sky130_fd_sc_hd__dfrtp_4)
                  0.09    0.57    0.57 v _475_/Q (sky130_fd_sc_hd__dfrtp_4)
     7    0.03                           u_sort.bucket_counter[0] (net)
                  0.09    0.00    0.57 v _217_/A (sky130_fd_sc_hd__inv_2)
                  0.13    0.15    0.72 ^ _217_/Y (sky130_fd_sc_hd__inv_2)
     9    0.03                           _070_ (net)
                  0.13    0.00    0.72 ^ _240_/A1 (sky130_fd_sc_hd__o21ai_1)
                  0.05    0.09    0.81 v _240_/Y (sky130_fd_sc_hd__o21ai_1)
     1    0.00                           _093_ (net)
                  0.05    0.00    0.81 v _243_/B1 (sky130_fd_sc_hd__a2111o_2)
                  0.10    0.52    1.32 v _243_/X (sky130_fd_sc_hd__a2111o_2)
     7    0.02                           _096_ (net)
                  0.10    0.00    1.32 v _408_/A3 (sky130_fd_sc_hd__o31a_1)
                  0.04    0.26    1.58 v _408_/X (sky130_fd_sc_hd__o31a_1)
     1    0.00                           _203_ (net)
                  0.04    0.00    1.58 v _409_/B (sky130_fd_sc_hd__or2_1)
                  0.05    0.21    1.79 v _409_/X (sky130_fd_sc_hd__or2_1)
     1    0.00                           _204_ (net)
                  0.05    0.00    1.79 v _410_/A (sky130_fd_sc_hd__clkbuf_1)
                  0.02    0.09    1.88 v _410_/X (sky130_fd_sc_hd__clkbuf_1)
     1    0.00                           _059_ (net)
                  0.02    0.00    1.88 v _481_/D (sky130_fd_sc_hd__dfrtp_1)
                                  1.88   data arrival time

                  0.15   25.00   25.00   clock clk (rise edge)
                          0.00   25.00   clock network delay (ideal)
                         -0.25   24.75   clock uncertainty
                          0.00   24.75   clock reconvergence pessimism
                                 24.75 ^ _481_/CLK (sky130_fd_sc_hd__dfrtp_1)
                         -0.08   24.67   library setup time
                                 24.67   data required time
-----------------------------------------------------------------------------
                                 24.67   data required time
                                 -1.88   data arrival time
-----------------------------------------------------------------------------
                                 22.79   slack (MET)


Startpoint: _476_ (rising edge-triggered flip-flop clocked by clk)
Endpoint: _480_ (rising edge-triggered flip-flop clocked by clk)
Path Group: clk
Path Type: max

Fanout     Cap    Slew   Delay    Time   Description
-----------------------------------------------------------------------------
                  0.15    0.00    0.00   clock clk (rise edge)
                          0.00    0.00   clock network delay (ideal)
                  0.15    0.00    0.00 ^ _476_/CLK (sky130_fd_sc_hd__dfrtp_1)
                  0.04    0.40    0.40 v _476_/Q (sky130_fd_sc_hd__dfrtp_1)
     1    0.00                           u_sort.bucket_counter[1] (net)
                  0.04    0.00    0.40 v _218_/A (sky130_fd_sc_hd__clkbuf_4)
                  0.08    0.19    0.60 v _218_/X (sky130_fd_sc_hd__clkbuf_4)
    10    0.04                           _071_ (net)
                  0.08    0.00    0.60 v _232_/B (sky130_fd_sc_hd__xnor2_1)
                  0.06    0.15    0.75 v _232_/Y (sky130_fd_sc_hd__xnor2_1)
     2    0.00                           _085_ (net)
                  0.06    0.00    0.75 v _234_/C (sky130_fd_sc_hd__and4_1)
                  0.07    0.23    0.98 v _234_/X (sky130_fd_sc_hd__and4_1)
     4    0.01                           _087_ (net)
                  0.07    0.00    0.98 v _255_/A_N (sky130_fd_sc_hd__nand3b_1)
                  0.11    0.20    1.18 v _255_/Y (sky130_fd_sc_hd__nand3b_1)
     3    0.01                           _107_ (net)
                  0.11    0.00    1.18 v _406_/A2 (sky130_fd_sc_hd__o21ai_1)
                  0.10    0.14    1.32 ^ _406_/Y (sky130_fd_sc_hd__o21ai_1)
     1    0.00                           _202_ (net)
                  0.10    0.00    1.32 ^ _407_/B (sky130_fd_sc_hd__nand2_1)
                  0.04    0.06    1.38 v _407_/Y (sky130_fd_sc_hd__nand2_1)
     1    0.00                           _058_ (net)
                  0.04    0.00    1.38 v _480_/D (sky130_fd_sc_hd__dfrtp_1)
                                  1.38   data arrival time

                  0.15   25.00   25.00   clock clk (rise edge)
                          0.00   25.00   clock network delay (ideal)
                         -0.25   24.75   clock uncertainty
                          0.00   24.75   clock reconvergence pessimism
                                 24.75 ^ _480_/CLK (sky130_fd_sc_hd__dfrtp_1)
                         -0.09   24.66   library setup time
                                 24.66   data required time
-----------------------------------------------------------------------------
                                 24.66   data required time
                                 -1.38   data arrival time
-----------------------------------------------------------------------------
                                 23.28   slack (MET)


Startpoint: _476_ (rising edge-triggered flip-flop clocked by clk)
Endpoint: _479_ (rising edge-triggered flip-flop clocked by clk)
Path Group: clk
Path Type: max

Fanout     Cap    Slew   Delay    Time   Description
-----------------------------------------------------------------------------
                  0.15    0.00    0.00   clock clk (rise edge)
                          0.00    0.00   clock network delay (ideal)
                  0.15    0.00    0.00 ^ _476_/CLK (sky130_fd_sc_hd__dfrtp_1)
                  0.04    0.40    0.40 v _476_/Q (sky130_fd_sc_hd__dfrtp_1)
     1    0.00                           u_sort.bucket_counter[1] (net)
                  0.04    0.00    0.40 v _218_/A (sky130_fd_sc_hd__clkbuf_4)
                  0.08    0.19    0.60 v _218_/X (sky130_fd_sc_hd__clkbuf_4)
    10    0.04                           _071_ (net)
                  0.08    0.00    0.60 v _232_/B (sky130_fd_sc_hd__xnor2_1)
                  0.16    0.18    0.78 ^ _232_/Y (sky130_fd_sc_hd__xnor2_1)
     2    0.00                           _085_ (net)
                  0.16    0.00    0.78 ^ _254_/B (sky130_fd_sc_hd__nand3_1)
                  0.09    0.12    0.90 v _254_/Y (sky130_fd_sc_hd__nand3_1)
     2    0.01                           _106_ (net)
                  0.09    0.00    0.90 v _404_/A2 (sky130_fd_sc_hd__o21ai_1)
                  0.10    0.13    1.03 ^ _404_/Y (sky130_fd_sc_hd__o21ai_1)
     1    0.00                           _201_ (net)
                  0.10    0.00    1.03 ^ _405_/B (sky130_fd_sc_hd__nand2_1)
                  0.03    0.06    1.09 v _405_/Y (sky130_fd_sc_hd__nand2_1)
     1    0.00                           _057_ (net)
                  0.03    0.00    1.09 v _479_/D (sky130_fd_sc_hd__dfrtp_1)
                                  1.09   data arrival time

                  0.15   25.00   25.00   clock clk (rise edge)
                          0.00   25.00   clock network delay (ideal)
                         -0.25   24.75   clock uncertainty
                          0.00   24.75   clock reconvergence pessimism
                                 24.75 ^ _479_/CLK (sky130_fd_sc_hd__dfrtp_1)
                         -0.09   24.66   library setup time
                                 24.66   data required time
-----------------------------------------------------------------------------
                                 24.66   data required time
                                 -1.09   data arrival time
-----------------------------------------------------------------------------
                                 23.58   slack (MET)


Startpoint: _422_ (rising edge-triggered flip-flop clocked by clk)
Endpoint: _455_ (rising edge-triggered flip-flop clocked by clk)
Path Group: clk
Path Type: max

Fanout     Cap    Slew   Delay    Time   Description
-----------------------------------------------------------------------------
                  0.15    0.00    0.00   clock clk (rise edge)
                          0.00    0.00   clock network delay (ideal)
                  0.15    0.00    0.00 ^ _422_/CLK (sky130_fd_sc_hd__dfrtp_1)
                  0.06    0.39    0.39 ^ _422_/Q (sky130_fd_sc_hd__dfrtp_1)
     1    0.01                           u_control.o_start_sort (net)
                  0.06    0.00    0.39 ^ _245_/A (sky130_fd_sc_hd__buf_6)
                  0.16    0.20    0.59 ^ _245_/X (sky130_fd_sc_hd__buf_6)
    20    0.08                           _098_ (net)
                  0.16    0.00    0.59 ^ _350_/S (sky130_fd_sc_hd__mux2_1)
                  0.06    0.35    0.94 v _350_/X (sky130_fd_sc_hd__mux2_1)
     1    0.00                           _169_ (net)
                  0.06    0.00    0.94 v _351_/A (sky130_fd_sc_hd__clkbuf_1)
                  0.02    0.09    1.04 v _351_/X (sky130_fd_sc_hd__clkbuf_1)
     1    0.00                           _035_ (net)
                  0.02    0.00    1.04 v _455_/D (sky130_fd_sc_hd__dfrtp_1)
                                  1.04   data arrival time

                  0.15   25.00   25.00   clock clk (rise edge)
                          0.00   25.00   clock network delay (ideal)
                         -0.25   24.75   clock uncertainty
                          0.00   24.75   clock reconvergence pessimism
                                 24.75 ^ _455_/CLK (sky130_fd_sc_hd__dfrtp_1)
                         -0.08   24.67   library setup time
                                 24.67   data required time
-----------------------------------------------------------------------------
                                 24.67   data required time
                                 -1.04   data arrival time
-----------------------------------------------------------------------------
                                 23.63   slack (MET)


Startpoint: _422_ (rising edge-triggered flip-flop clocked by clk)
Endpoint: _456_ (rising edge-triggered flip-flop clocked by clk)
Path Group: clk
Path Type: max

Fanout     Cap    Slew   Delay    Time   Description
-----------------------------------------------------------------------------
                  0.15    0.00    0.00   clock clk (rise edge)
                          0.00    0.00   clock network delay (ideal)
                  0.15    0.00    0.00 ^ _422_/CLK (sky130_fd_sc_hd__dfrtp_1)
                  0.06    0.39    0.39 ^ _422_/Q (sky130_fd_sc_hd__dfrtp_1)
     1    0.01                           u_control.o_start_sort (net)
                  0.06    0.00    0.39 ^ _245_/A (sky130_fd_sc_hd__buf_6)
                  0.16    0.20    0.59 ^ _245_/X (sky130_fd_sc_hd__buf_6)
    20    0.08                           _098_ (net)
                  0.16    0.00    0.59 ^ _352_/S (sky130_fd_sc_hd__mux2_1)
                  0.06    0.35    0.94 v _352_/X (sky130_fd_sc_hd__mux2_1)
     1    0.00                           _170_ (net)
                  0.06    0.00    0.94 v _353_/A (sky130_fd_sc_hd__clkbuf_1)
                  0.02    0.09    1.04 v _353_/X (sky130_fd_sc_hd__clkbuf_1)
     1    0.00                           _036_ (net)
                  0.02    0.00    1.04 v _456_/D (sky130_fd_sc_hd__dfrtp_1)
                                  1.04   data arrival time

                  0.15   25.00   25.00   clock clk (rise edge)
                          0.00   25.00   clock network delay (ideal)
                         -0.25   24.75   clock uncertainty
                          0.00   24.75   clock reconvergence pessimism
                                 24.75 ^ _456_/CLK (sky130_fd_sc_hd__dfrtp_1)
                         -0.08   24.67   library setup time
                                 24.67   data required time
-----------------------------------------------------------------------------
                                 24.67   data required time
                                 -1.04   data arrival time
-----------------------------------------------------------------------------
                                 23.63   slack (MET)


Startpoint: _422_ (rising edge-triggered flip-flop clocked by clk)
Endpoint: _458_ (rising edge-triggered flip-flop clocked by clk)
Path Group: clk
Path Type: max

Fanout     Cap    Slew   Delay    Time   Description
-----------------------------------------------------------------------------
                  0.15    0.00    0.00   clock clk (rise edge)
                          0.00    0.00   clock network delay (ideal)
                  0.15    0.00    0.00 ^ _422_/CLK (sky130_fd_sc_hd__dfrtp_1)
                  0.06    0.39    0.39 ^ _422_/Q (sky130_fd_sc_hd__dfrtp_1)
     1    0.01                           u_control.o_start_sort (net)
                  0.06    0.00    0.39 ^ _245_/A (sky130_fd_sc_hd__buf_6)
                  0.16    0.20    0.59 ^ _245_/X (sky130_fd_sc_hd__buf_6)
    20    0.08                           _098_ (net)
                  0.16    0.00    0.59 ^ _356_/S (sky130_fd_sc_hd__mux2_1)
                  0.06    0.35    0.94 v _356_/X (sky130_fd_sc_hd__mux2_1)
     1    0.00                           _172_ (net)
                  0.06    0.00    0.94 v _357_/A (sky130_fd_sc_hd__clkbuf_1)
                  0.02    0.09    1.04 v _357_/X (sky130_fd_sc_hd__clkbuf_1)
     1    0.00                           _038_ (net)
                  0.02    0.00    1.04 v _458_/D (sky130_fd_sc_hd__dfrtp_1)
                                  1.04   data arrival time

                  0.15   25.00   25.00   clock clk (rise edge)
                          0.00   25.00   clock network delay (ideal)
                         -0.25   24.75   clock uncertainty
                          0.00   24.75   clock reconvergence pessimism
                                 24.75 ^ _458_/CLK (sky130_fd_sc_hd__dfrtp_1)
                         -0.08   24.67   library setup time
                                 24.67   data required time
-----------------------------------------------------------------------------
                                 24.67   data required time
                                 -1.04   data arrival time
-----------------------------------------------------------------------------
                                 23.63   slack (MET)


Startpoint: _422_ (rising edge-triggered flip-flop clocked by clk)
Endpoint: _454_ (rising edge-triggered flip-flop clocked by clk)
Path Group: clk
Path Type: max

Fanout     Cap    Slew   Delay    Time   Description
-----------------------------------------------------------------------------
                  0.15    0.00    0.00   clock clk (rise edge)
                          0.00    0.00   clock network delay (ideal)
                  0.15    0.00    0.00 ^ _422_/CLK (sky130_fd_sc_hd__dfrtp_1)
                  0.06    0.39    0.39 ^ _422_/Q (sky130_fd_sc_hd__dfrtp_1)
     1    0.01                           u_control.o_start_sort (net)
                  0.06    0.00    0.39 ^ _245_/A (sky130_fd_sc_hd__buf_6)
                  0.16    0.20    0.59 ^ _245_/X (sky130_fd_sc_hd__buf_6)
    20    0.08                           _098_ (net)
                  0.16    0.00    0.59 ^ _348_/S (sky130_fd_sc_hd__mux2_1)
                  0.05    0.35    0.94 v _348_/X (sky130_fd_sc_hd__mux2_1)
     1    0.00                           _168_ (net)
                  0.05    0.00    0.94 v _349_/A (sky130_fd_sc_hd__clkbuf_1)
                  0.02    0.09    1.03 v _349_/X (sky130_fd_sc_hd__clkbuf_1)
     1    0.00                           _034_ (net)
                  0.02    0.00    1.03 v _454_/D (sky130_fd_sc_hd__dfrtp_1)
                                  1.03   data arrival time

                  0.15   25.00   25.00   clock clk (rise edge)
                          0.00   25.00   clock network delay (ideal)
                         -0.25   24.75   clock uncertainty
                          0.00   24.75   clock reconvergence pessimism
                                 24.75 ^ _454_/CLK (sky130_fd_sc_hd__dfrtp_1)
                         -0.08   24.67   library setup time
                                 24.67   data required time
-----------------------------------------------------------------------------
                                 24.67   data required time
                                 -1.03   data arrival time
-----------------------------------------------------------------------------
                                 23.63   slack (MET)


Startpoint: _422_ (rising edge-triggered flip-flop clocked by clk)
Endpoint: _453_ (rising edge-triggered flip-flop clocked by clk)
Path Group: clk
Path Type: max

Fanout     Cap    Slew   Delay    Time   Description
-----------------------------------------------------------------------------
                  0.15    0.00    0.00   clock clk (rise edge)
                          0.00    0.00   clock network delay (ideal)
                  0.15    0.00    0.00 ^ _422_/CLK (sky130_fd_sc_hd__dfrtp_1)
                  0.06    0.39    0.39 ^ _422_/Q (sky130_fd_sc_hd__dfrtp_1)
     1    0.01                           u_control.o_start_sort (net)
                  0.06    0.00    0.39 ^ _245_/A (sky130_fd_sc_hd__buf_6)
                  0.16    0.20    0.59 ^ _245_/X (sky130_fd_sc_hd__buf_6)
    20    0.08                           _098_ (net)
                  0.16    0.00    0.59 ^ _346_/S (sky130_fd_sc_hd__mux2_1)
                  0.05    0.35    0.94 v _346_/X (sky130_fd_sc_hd__mux2_1)
     1    0.00                           _167_ (net)
                  0.05    0.00    0.94 v _347_/A (sky130_fd_sc_hd__clkbuf_1)
                  0.02    0.09    1.03 v _347_/X (sky130_fd_sc_hd__clkbuf_1)
     1    0.00                           _033_ (net)
                  0.02    0.00    1.03 v _453_/D (sky130_fd_sc_hd__dfrtp_1)
                                  1.03   data arrival time

                  0.15   25.00   25.00   clock clk (rise edge)
                          0.00   25.00   clock network delay (ideal)
                         -0.25   24.75   clock uncertainty
                          0.00   24.75   clock reconvergence pessimism
                                 24.75 ^ _453_/CLK (sky130_fd_sc_hd__dfrtp_1)
                         -0.08   24.67   library setup time
                                 24.67   data required time
-----------------------------------------------------------------------------
                                 24.67   data required time
                                 -1.03   data arrival time
-----------------------------------------------------------------------------
                                 23.63   slack (MET)


Startpoint: _422_ (rising edge-triggered flip-flop clocked by clk)
Endpoint: _461_ (rising edge-triggered flip-flop clocked by clk)
Path Group: clk
Path Type: max

Fanout     Cap    Slew   Delay    Time   Description
-----------------------------------------------------------------------------
                  0.15    0.00    0.00   clock clk (rise edge)
                          0.00    0.00   clock network delay (ideal)
                  0.15    0.00    0.00 ^ _422_/CLK (sky130_fd_sc_hd__dfrtp_1)
                  0.06    0.39    0.39 ^ _422_/Q (sky130_fd_sc_hd__dfrtp_1)
     1    0.01                           u_control.o_start_sort (net)
                  0.06    0.00    0.39 ^ _245_/A (sky130_fd_sc_hd__buf_6)
                  0.16    0.20    0.59 ^ _245_/X (sky130_fd_sc_hd__buf_6)
    20    0.08                           _098_ (net)
                  0.16    0.00    0.59 ^ _362_/S (sky130_fd_sc_hd__mux2_1)
                  0.05    0.35    0.94 v _362_/X (sky130_fd_sc_hd__mux2_1)
     1    0.00                           _175_ (net)
                  0.05    0.00    0.94 v _363_/A (sky130_fd_sc_hd__clkbuf_1)
                  0.02    0.09    1.03 v _363_/X (sky130_fd_sc_hd__clkbuf_1)
     1    0.00                           _041_ (net)
                  0.02    0.00    1.03 v _461_/D (sky130_fd_sc_hd__dfrtp_1)
                                  1.03   data arrival time

                  0.15   25.00   25.00   clock clk (rise edge)
                          0.00   25.00   clock network delay (ideal)
                         -0.25   24.75   clock uncertainty
                          0.00   24.75   clock reconvergence pessimism
                                 24.75 ^ _461_/CLK (sky130_fd_sc_hd__dfrtp_1)
                         -0.08   24.67   library setup time
                                 24.67   data required time
-----------------------------------------------------------------------------
                                 24.67   data required time
                                 -1.03   data arrival time
-----------------------------------------------------------------------------
                                 23.64   slack (MET)


Startpoint: _422_ (rising edge-triggered flip-flop clocked by clk)
Endpoint: _462_ (rising edge-triggered flip-flop clocked by clk)
Path Group: clk
Path Type: max

Fanout     Cap    Slew   Delay    Time   Description
-----------------------------------------------------------------------------
                  0.15    0.00    0.00   clock clk (rise edge)
                          0.00    0.00   clock network delay (ideal)
                  0.15    0.00    0.00 ^ _422_/CLK (sky130_fd_sc_hd__dfrtp_1)
                  0.06    0.39    0.39 ^ _422_/Q (sky130_fd_sc_hd__dfrtp_1)
     1    0.01                           u_control.o_start_sort (net)
                  0.06    0.00    0.39 ^ _245_/A (sky130_fd_sc_hd__buf_6)
                  0.16    0.20    0.59 ^ _245_/X (sky130_fd_sc_hd__buf_6)
    20    0.08                           _098_ (net)
                  0.16    0.00    0.59 ^ _364_/S (sky130_fd_sc_hd__mux2_1)
                  0.05    0.35    0.94 v _364_/X (sky130_fd_sc_hd__mux2_1)
     1    0.00                           _176_ (net)
                  0.05    0.00    0.94 v _365_/A (sky130_fd_sc_hd__clkbuf_1)
                  0.02    0.09    1.03 v _365_/X (sky130_fd_sc_hd__clkbuf_1)
     1    0.00                           _042_ (net)
                  0.02    0.00    1.03 v _462_/D (sky130_fd_sc_hd__dfrtp_1)
                                  1.03   data arrival time

                  0.15   25.00   25.00   clock clk (rise edge)
                          0.00   25.00   clock network delay (ideal)
                         -0.25   24.75   clock uncertainty
                          0.00   24.75   clock reconvergence pessimism
                                 24.75 ^ _462_/CLK (sky130_fd_sc_hd__dfrtp_1)
                         -0.08   24.67   library setup time
                                 24.67   data required time
-----------------------------------------------------------------------------
                                 24.67   data required time
                                 -1.03   data arrival time
-----------------------------------------------------------------------------
                                 23.64   slack (MET)


Startpoint: _422_ (rising edge-triggered flip-flop clocked by clk)
Endpoint: _465_ (rising edge-triggered flip-flop clocked by clk)
Path Group: clk
Path Type: max

Fanout     Cap    Slew   Delay    Time   Description
-----------------------------------------------------------------------------
                  0.15    0.00    0.00   clock clk (rise edge)
                          0.00    0.00   clock network delay (ideal)
                  0.15    0.00    0.00 ^ _422_/CLK (sky130_fd_sc_hd__dfrtp_1)
                  0.06    0.39    0.39 ^ _422_/Q (sky130_fd_sc_hd__dfrtp_1)
     1    0.01                           u_control.o_start_sort (net)
                  0.06    0.00    0.39 ^ _245_/A (sky130_fd_sc_hd__buf_6)
                  0.16    0.20    0.59 ^ _245_/X (sky130_fd_sc_hd__buf_6)
    20    0.08                           _098_ (net)
                  0.16    0.00    0.59 ^ _370_/S (sky130_fd_sc_hd__mux2_1)
                  0.05    0.35    0.94 v _370_/X (sky130_fd_sc_hd__mux2_1)
     1    0.00                           _179_ (net)
                  0.05    0.00    0.94 v _371_/A (sky130_fd_sc_hd__clkbuf_1)
                  0.02    0.09    1.03 v _371_/X (sky130_fd_sc_hd__clkbuf_1)
     1    0.00                           _045_ (net)
                  0.02    0.00    1.03 v _465_/D (sky130_fd_sc_hd__dfrtp_1)
                                  1.03   data arrival time

                  0.15   25.00   25.00   clock clk (rise edge)
                          0.00   25.00   clock network delay (ideal)
                         -0.25   24.75   clock uncertainty
                          0.00   24.75   clock reconvergence pessimism
                                 24.75 ^ _465_/CLK (sky130_fd_sc_hd__dfrtp_1)
                         -0.08   24.67   library setup time
                                 24.67   data required time
-----------------------------------------------------------------------------
                                 24.67   data required time
                                 -1.03   data arrival time
-----------------------------------------------------------------------------
                                 23.64   slack (MET)


Startpoint: _422_ (rising edge-triggered flip-flop clocked by clk)
Endpoint: _457_ (rising edge-triggered flip-flop clocked by clk)
Path Group: clk
Path Type: max

Fanout     Cap    Slew   Delay    Time   Description
-----------------------------------------------------------------------------
                  0.15    0.00    0.00   clock clk (rise edge)
                          0.00    0.00   clock network delay (ideal)
                  0.15    0.00    0.00 ^ _422_/CLK (sky130_fd_sc_hd__dfrtp_1)
                  0.06    0.39    0.39 ^ _422_/Q (sky130_fd_sc_hd__dfrtp_1)
     1    0.01                           u_control.o_start_sort (net)
                  0.06    0.00    0.39 ^ _245_/A (sky130_fd_sc_hd__buf_6)
                  0.16    0.20    0.59 ^ _245_/X (sky130_fd_sc_hd__buf_6)
    20    0.08                           _098_ (net)
                  0.16    0.00    0.59 ^ _354_/S (sky130_fd_sc_hd__mux2_1)
                  0.05    0.35    0.94 v _354_/X (sky130_fd_sc_hd__mux2_1)
     1    0.00                           _171_ (net)
                  0.05    0.00    0.94 v _355_/A (sky130_fd_sc_hd__clkbuf_1)
                  0.02    0.09    1.03 v _355_/X (sky130_fd_sc_hd__clkbuf_1)
     1    0.00                           _037_ (net)
                  0.02    0.00    1.03 v _457_/D (sky130_fd_sc_hd__dfrtp_1)
                                  1.03   data arrival time

                  0.15   25.00   25.00   clock clk (rise edge)
                          0.00   25.00   clock network delay (ideal)
                         -0.25   24.75   clock uncertainty
                          0.00   24.75   clock reconvergence pessimism
                                 24.75 ^ _457_/CLK (sky130_fd_sc_hd__dfrtp_1)
                         -0.08   24.67   library setup time
                                 24.67   data required time
-----------------------------------------------------------------------------
                                 24.67   data required time
                                 -1.03   data arrival time
-----------------------------------------------------------------------------
                                 23.64   slack (MET)


Startpoint: _422_ (rising edge-triggered flip-flop clocked by clk)
Endpoint: _460_ (rising edge-triggered flip-flop clocked by clk)
Path Group: clk
Path Type: max

Fanout     Cap    Slew   Delay    Time   Description
-----------------------------------------------------------------------------
                  0.15    0.00    0.00   clock clk (rise edge)
                          0.00    0.00   clock network delay (ideal)
                  0.15    0.00    0.00 ^ _422_/CLK (sky130_fd_sc_hd__dfrtp_1)
                  0.06    0.39    0.39 ^ _422_/Q (sky130_fd_sc_hd__dfrtp_1)
     1    0.01                           u_control.o_start_sort (net)
                  0.06    0.00    0.39 ^ _245_/A (sky130_fd_sc_hd__buf_6)
                  0.16    0.20    0.59 ^ _245_/X (sky130_fd_sc_hd__buf_6)
    20    0.08                           _098_ (net)
                  0.16    0.00    0.59 ^ _360_/S (sky130_fd_sc_hd__mux2_1)
                  0.05    0.35    0.94 v _360_/X (sky130_fd_sc_hd__mux2_1)
     1    0.00                           _174_ (net)
                  0.05    0.00    0.94 v _361_/A (sky130_fd_sc_hd__clkbuf_1)
                  0.02    0.09    1.03 v _361_/X (sky130_fd_sc_hd__clkbuf_1)
     1    0.00                           _040_ (net)
                  0.02    0.00    1.03 v _460_/D (sky130_fd_sc_hd__dfrtp_1)
                                  1.03   data arrival time

                  0.15   25.00   25.00   clock clk (rise edge)
                          0.00   25.00   clock network delay (ideal)
                         -0.25   24.75   clock uncertainty
                          0.00   24.75   clock reconvergence pessimism
                                 24.75 ^ _460_/CLK (sky130_fd_sc_hd__dfrtp_1)
                         -0.08   24.67   library setup time
                                 24.67   data required time
-----------------------------------------------------------------------------
                                 24.67   data required time
                                 -1.03   data arrival time
-----------------------------------------------------------------------------
                                 23.64   slack (MET)


Startpoint: _422_ (rising edge-triggered flip-flop clocked by clk)
Endpoint: _464_ (rising edge-triggered flip-flop clocked by clk)
Path Group: clk
Path Type: max

Fanout     Cap    Slew   Delay    Time   Description
-----------------------------------------------------------------------------
                  0.15    0.00    0.00   clock clk (rise edge)
                          0.00    0.00   clock network delay (ideal)
                  0.15    0.00    0.00 ^ _422_/CLK (sky130_fd_sc_hd__dfrtp_1)
                  0.06    0.39    0.39 ^ _422_/Q (sky130_fd_sc_hd__dfrtp_1)
     1    0.01                           u_control.o_start_sort (net)
                  0.06    0.00    0.39 ^ _245_/A (sky130_fd_sc_hd__buf_6)
                  0.16    0.20    0.59 ^ _245_/X (sky130_fd_sc_hd__buf_6)
    20    0.08                           _098_ (net)
                  0.16    0.00    0.59 ^ _368_/S (sky130_fd_sc_hd__mux2_1)
                  0.05    0.35    0.94 v _368_/X (sky130_fd_sc_hd__mux2_1)
     1    0.00                           _178_ (net)
                  0.05    0.00    0.94 v _369_/A (sky130_fd_sc_hd__clkbuf_1)
                  0.02    0.09    1.03 v _369_/X (sky130_fd_sc_hd__clkbuf_1)
     1    0.00                           _044_ (net)
                  0.02    0.00    1.03 v _464_/D (sky130_fd_sc_hd__dfrtp_1)
                                  1.03   data arrival time

                  0.15   25.00   25.00   clock clk (rise edge)
                          0.00   25.00   clock network delay (ideal)
                         -0.25   24.75   clock uncertainty
                          0.00   24.75   clock reconvergence pessimism
                                 24.75 ^ _464_/CLK (sky130_fd_sc_hd__dfrtp_1)
                         -0.08   24.67   library setup time
                                 24.67   data required time
-----------------------------------------------------------------------------
                                 24.67   data required time
                                 -1.03   data arrival time
-----------------------------------------------------------------------------
                                 23.64   slack (MET)


Startpoint: _422_ (rising edge-triggered flip-flop clocked by clk)
Endpoint: _467_ (rising edge-triggered flip-flop clocked by clk)
Path Group: clk
Path Type: max

Fanout     Cap    Slew   Delay    Time   Description
-----------------------------------------------------------------------------
                  0.15    0.00    0.00   clock clk (rise edge)
                          0.00    0.00   clock network delay (ideal)
                  0.15    0.00    0.00 ^ _422_/CLK (sky130_fd_sc_hd__dfrtp_1)
                  0.06    0.39    0.39 ^ _422_/Q (sky130_fd_sc_hd__dfrtp_1)
     1    0.01                           u_control.o_start_sort (net)
                  0.06    0.00    0.39 ^ _245_/A (sky130_fd_sc_hd__buf_6)
                  0.16    0.20    0.59 ^ _245_/X (sky130_fd_sc_hd__buf_6)
    20    0.08                           _098_ (net)
                  0.16    0.00    0.59 ^ _374_/S (sky130_fd_sc_hd__mux2_1)
                  0.05    0.35    0.94 v _374_/X (sky130_fd_sc_hd__mux2_1)
     1    0.00                           _181_ (net)
                  0.05    0.00    0.94 v _375_/A (sky130_fd_sc_hd__clkbuf_1)
                  0.02    0.09    1.03 v _375_/X (sky130_fd_sc_hd__clkbuf_1)
     1    0.00                           _047_ (net)
                  0.02    0.00    1.03 v _467_/D (sky130_fd_sc_hd__dfrtp_1)
                                  1.03   data arrival time

                  0.15   25.00   25.00   clock clk (rise edge)
                          0.00   25.00   clock network delay (ideal)
                         -0.25   24.75   clock uncertainty
                          0.00   24.75   clock reconvergence pessimism
                                 24.75 ^ _467_/CLK (sky130_fd_sc_hd__dfrtp_1)
                         -0.08   24.67   library setup time
                                 24.67   data required time
-----------------------------------------------------------------------------
                                 24.67   data required time
                                 -1.03   data arrival time
-----------------------------------------------------------------------------
                                 23.64   slack (MET)


Startpoint: _422_ (rising edge-triggered flip-flop clocked by clk)
Endpoint: _459_ (rising edge-triggered flip-flop clocked by clk)
Path Group: clk
Path Type: max

Fanout     Cap    Slew   Delay    Time   Description
-----------------------------------------------------------------------------
                  0.15    0.00    0.00   clock clk (rise edge)
                          0.00    0.00   clock network delay (ideal)
                  0.15    0.00    0.00 ^ _422_/CLK (sky130_fd_sc_hd__dfrtp_1)
                  0.06    0.39    0.39 ^ _422_/Q (sky130_fd_sc_hd__dfrtp_1)
     1    0.01                           u_control.o_start_sort (net)
                  0.06    0.00    0.39 ^ _245_/A (sky130_fd_sc_hd__buf_6)
                  0.16    0.20    0.59 ^ _245_/X (sky130_fd_sc_hd__buf_6)
    20    0.08                           _098_ (net)
                  0.16    0.00    0.59 ^ _358_/S (sky130_fd_sc_hd__mux2_1)
                  0.05    0.35    0.94 v _358_/X (sky130_fd_sc_hd__mux2_1)
     1    0.00                           _173_ (net)
                  0.05    0.00    0.94 v _359_/A (sky130_fd_sc_hd__clkbuf_1)
                  0.02    0.09    1.03 v _359_/X (sky130_fd_sc_hd__clkbuf_1)
     1    0.00                           _039_ (net)
                  0.02    0.00    1.03 v _459_/D (sky130_fd_sc_hd__dfrtp_1)
                                  1.03   data arrival time

                  0.15   25.00   25.00   clock clk (rise edge)
                          0.00   25.00   clock network delay (ideal)
                         -0.25   24.75   clock uncertainty
                          0.00   24.75   clock reconvergence pessimism
                                 24.75 ^ _459_/CLK (sky130_fd_sc_hd__dfrtp_1)
                         -0.08   24.67   library setup time
                                 24.67   data required time
-----------------------------------------------------------------------------
                                 24.67   data required time
                                 -1.03   data arrival time
-----------------------------------------------------------------------------
                                 23.64   slack (MET)


Startpoint: _422_ (rising edge-triggered flip-flop clocked by clk)
Endpoint: _463_ (rising edge-triggered flip-flop clocked by clk)
Path Group: clk
Path Type: max

Fanout     Cap    Slew   Delay    Time   Description
-----------------------------------------------------------------------------
                  0.15    0.00    0.00   clock clk (rise edge)
                          0.00    0.00   clock network delay (ideal)
                  0.15    0.00    0.00 ^ _422_/CLK (sky130_fd_sc_hd__dfrtp_1)
                  0.06    0.39    0.39 ^ _422_/Q (sky130_fd_sc_hd__dfrtp_1)
     1    0.01                           u_control.o_start_sort (net)
                  0.06    0.00    0.39 ^ _245_/A (sky130_fd_sc_hd__buf_6)
                  0.16    0.20    0.59 ^ _245_/X (sky130_fd_sc_hd__buf_6)
    20    0.08                           _098_ (net)
                  0.16    0.00    0.59 ^ _366_/S (sky130_fd_sc_hd__mux2_1)
                  0.05    0.35    0.94 v _366_/X (sky130_fd_sc_hd__mux2_1)
     1    0.00                           _177_ (net)
                  0.05    0.00    0.94 v _367_/A (sky130_fd_sc_hd__clkbuf_1)
                  0.02    0.09    1.03 v _367_/X (sky130_fd_sc_hd__clkbuf_1)
     1    0.00                           _043_ (net)
                  0.02    0.00    1.03 v _463_/D (sky130_fd_sc_hd__dfrtp_1)
                                  1.03   data arrival time

                  0.15   25.00   25.00   clock clk (rise edge)
                          0.00   25.00   clock network delay (ideal)
                         -0.25   24.75   clock uncertainty
                          0.00   24.75   clock reconvergence pessimism
                                 24.75 ^ _463_/CLK (sky130_fd_sc_hd__dfrtp_1)
                         -0.08   24.67   library setup time
                                 24.67   data required time
-----------------------------------------------------------------------------
                                 24.67   data required time
                                 -1.03   data arrival time
-----------------------------------------------------------------------------
                                 23.64   slack (MET)


Startpoint: _422_ (rising edge-triggered flip-flop clocked by clk)
Endpoint: _466_ (rising edge-triggered flip-flop clocked by clk)
Path Group: clk
Path Type: max

Fanout     Cap    Slew   Delay    Time   Description
-----------------------------------------------------------------------------
                  0.15    0.00    0.00   clock clk (rise edge)
                          0.00    0.00   clock network delay (ideal)
                  0.15    0.00    0.00 ^ _422_/CLK (sky130_fd_sc_hd__dfrtp_1)
                  0.06    0.39    0.39 ^ _422_/Q (sky130_fd_sc_hd__dfrtp_1)
     1    0.01                           u_control.o_start_sort (net)
                  0.06    0.00    0.39 ^ _245_/A (sky130_fd_sc_hd__buf_6)
                  0.16    0.20    0.59 ^ _245_/X (sky130_fd_sc_hd__buf_6)
    20    0.08                           _098_ (net)
                  0.16    0.00    0.59 ^ _372_/S (sky130_fd_sc_hd__mux2_1)
                  0.05    0.35    0.94 v _372_/X (sky130_fd_sc_hd__mux2_1)
     1    0.00                           _180_ (net)
                  0.05    0.00    0.94 v _373_/A (sky130_fd_sc_hd__clkbuf_1)
                  0.02    0.09    1.03 v _373_/X (sky130_fd_sc_hd__clkbuf_1)
     1    0.00                           _046_ (net)
                  0.02    0.00    1.03 v _466_/D (sky130_fd_sc_hd__dfrtp_1)
                                  1.03   data arrival time

                  0.15   25.00   25.00   clock clk (rise edge)
                          0.00   25.00   clock network delay (ideal)
                         -0.25   24.75   clock uncertainty
                          0.00   24.75   clock reconvergence pessimism
                                 24.75 ^ _466_/CLK (sky130_fd_sc_hd__dfrtp_1)
                         -0.08   24.67   library setup time
                                 24.67   data required time
-----------------------------------------------------------------------------
                                 24.67   data required time
                                 -1.03   data arrival time
-----------------------------------------------------------------------------
                                 23.64   slack (MET)



max_report_end
checks_report

===========================================================================
report_checks -unconstrained
===========================================================================
======================= Typical Corner ===================================

Startpoint: rst_n (input port clocked by clk)
Endpoint: _475_ (recovery check against rising-edge clock clk)
Path Group: asynchronous
Path Type: max

Fanout     Cap    Slew   Delay    Time   Description
-----------------------------------------------------------------------------
                  0.15    0.00    0.00   clock clk (rise edge)
                          0.00    0.00   clock network delay (ideal)
                          5.00    5.00 ^ input external delay
                  0.05    0.04    5.04 ^ rst_n (in)
     1    0.01                           rst_n (net)
                  0.05    0.00    5.04 ^ input17/A (sky130_fd_sc_hd__buf_12)
                  0.32    0.31    5.35 ^ input17/X (sky130_fd_sc_hd__buf_12)
    65    0.28                           net17 (net)
                  0.32    0.01    5.36 ^ _475_/RESET_B (sky130_fd_sc_hd__dfrtp_4)
                                  5.36   data arrival time

                  0.15   25.00   25.00   clock clk (rise edge)
                          0.00   25.00   clock network delay (ideal)
                         -0.25   24.75   clock uncertainty
                          0.00   24.75   clock reconvergence pessimism
                                 24.75 ^ _475_/CLK (sky130_fd_sc_hd__dfrtp_4)
                          0.16   24.91   library recovery time
                                 24.91   data required time
-----------------------------------------------------------------------------
                                 24.91   data required time
                                 -5.36   data arrival time
-----------------------------------------------------------------------------
                                 19.55   slack (MET)


Startpoint: i_value4[1] (input port clocked by clk)
Endpoint: _425_ (rising edge-triggered flip-flop clocked by clk)
Path Group: clk
Path Type: max

Fanout     Cap    Slew   Delay    Time   Description
-----------------------------------------------------------------------------
                  0.15    0.00    0.00   clock clk (rise edge)
                          0.00    0.00   clock network delay (ideal)
                          5.00    5.00 v input external delay
                  0.01    0.00    5.00 v i_value4[1] (in)
     1    0.00                           i_value4[1] (net)
                  0.01    0.00    5.00 v input15/A (sky130_fd_sc_hd__buf_1)
                  0.05    0.10    5.11 v input15/X (sky130_fd_sc_hd__buf_1)
     3    0.01                           net15 (net)
                  0.05    0.00    5.11 v _264_/A1 (sky130_fd_sc_hd__o211a_1)
                  0.04    0.23    5.33 v _264_/X (sky130_fd_sc_hd__o211a_1)
     1    0.00                           _115_ (net)
                  0.04    0.00    5.33 v _266_/B1 (sky130_fd_sc_hd__o221a_2)
                  0.09    0.31    5.64 v _266_/X (sky130_fd_sc_hd__o221a_2)
     5    0.02                           _117_ (net)
                  0.09    0.00    5.64 v _271_/S (sky130_fd_sc_hd__mux2_1)
                  0.05    0.33    5.97 v _271_/X (sky130_fd_sc_hd__mux2_1)
     1    0.00                           _120_ (net)
                  0.05    0.00    5.97 v _272_/A (sky130_fd_sc_hd__clkbuf_1)
                  0.02    0.09    6.07 v _272_/X (sky130_fd_sc_hd__clkbuf_1)
     1    0.00                           _005_ (net)
                  0.02    0.00    6.07 v _425_/D (sky130_fd_sc_hd__dfrtp_1)
                                  6.07   data arrival time

                  0.15   25.00   25.00   clock clk (rise edge)
                          0.00   25.00   clock network delay (ideal)
                         -0.25   24.75   clock uncertainty
                          0.00   24.75   clock reconvergence pessimism
                                 24.75 ^ _425_/CLK (sky130_fd_sc_hd__dfrtp_1)
                         -0.08   24.67   library setup time
                                 24.67   data required time
-----------------------------------------------------------------------------
                                 24.67   data required time
                                 -6.07   data arrival time
-----------------------------------------------------------------------------
                                 18.60   slack (MET)




===========================================================================
report_checks --slack_max -0.01
============================================================================
======================= Typical Corner ===================================

No paths found.


===========================================================================
 report_check_types -max_slew -max_cap -max_fanout -violators
============================================================================
======================= Typical Corner ===================================



===========================================================================
report_parasitic_annotation -report_unannotated
============================================================================
Found 320 unannotated drivers.
 clk
 i_valid
 i_value0[0]
 i_value0[1]
 i_value0[2]
 i_value1[0]
 i_value1[1]
 i_value1[2]
 i_value2[0]
 i_value2[1]
 i_value2[2]
 i_value3[0]
 i_value3[1]
 i_value3[2]
 i_value4[0]
 i_value4[1]
 i_value4[2]
 rst_n
 _211_/X
 _212_/X
 _213_/X
 _214_/X
 _215_/Y
 _216_/Y
 _217_/Y
 _218_/X
 _219_/X
 _220_/Y
 _221_/X
 _222_/X
 _223_/X
 _224_/X
 _225_/Y
 _226_/X
 _227_/Y
 _228_/X
 _229_/X
 _230_/X
 _231_/Y
 _232_/Y
 _233_/Y
 _234_/X
 _235_/Y
 _236_/Y
 _237_/X
 _238_/X
 _239_/X
 _240_/Y
 _241_/X
 _242_/X
 _243_/X
 _244_/X
 _245_/X
 _246_/Y
 _247_/X
 _248_/X
 _249_/Y
 _250_/X
 _251_/Y
 _252_/Y
 _253_/X
 _254_/Y
 _255_/Y
 _256_/Y
 _257_/X
 _258_/Y
 _259_/X
 _260_/Y
 _261_/Y
 _262_/Y
 _263_/Y
 _264_/X
 _265_/X
 _266_/X
 _267_/X
 _268_/X
 _269_/X
 _270_/X
 _271_/X
 _272_/X
 _273_/Y
 _274_/Y
 _275_/Y
 _276_/X
 _277_/X
 _278_/X
 _279_/X
 _280_/X
 _281_/X
 _282_/X
 _283_/X
 _284_/Y
 _285_/Y
 _286_/Y
 _287_/X
 _288_/X
 _289_/X
 _290_/X
 _291_/X
 _292_/X
 _293_/X
 _294_/X
 _295_/X
 _296_/X
 _297_/X
 _298_/X
 _299_/X
 _300_/X
 _301_/Y
 _302_/Y
 _303_/Y
 _304_/X
 _305_/X
 _306_/X
 _307_/X
 _308_/X
 _309_/X
 _310_/X
 _311_/X
 _312_/X
 _313_/X
 _314_/X
 _315_/X
 _316_/X
 _317_/X
 _318_/Y
 _319_/Y
 _320_/Y
 _321_/X
 _322_/X
 _323_/X
 _324_/X
 _325_/X
 _326_/X
 _327_/X
 _328_/X
 _329_/X
 _330_/X
 _331_/X
 _332_/X
 _333_/X
 _334_/X
 _335_/X
 _336_/X
 _337_/X
 _338_/X
 _339_/X
 _340_/X
 _341_/X
 _342_/X
 _343_/X
 _344_/X
 _345_/X
 _346_/X
 _347_/X
 _348_/X
 _349_/X
 _350_/X
 _351_/X
 _352_/X
 _353_/X
 _354_/X
 _355_/X
 _356_/X
 _357_/X
 _358_/X
 _359_/X
 _360_/X
 _361_/X
 _362_/X
 _363_/X
 _364_/X
 _365_/X
 _366_/X
 _367_/X
 _368_/X
 _369_/X
 _370_/X
 _371_/X
 _372_/X
 _373_/X
 _374_/X
 _375_/X
 _376_/X
 _377_/X
 _378_/X
 _379_/X
 _380_/X
 _381_/X
 _382_/Y
 _383_/Y
 _384_/X
 _385_/X
 _386_/Y
 _387_/X
 _388_/X
 _389_/X
 _390_/X
 _391_/Y
 _392_/X
 _393_/Y
 _394_/X
 _395_/X
 _396_/Y
 _397_/Y
 _398_/X
 _399_/X
 _400_/X
 _401_/Y
 _402_/X
 _403_/Y
 _404_/Y
 _405_/Y
 _406_/Y
 _407_/Y
 _408_/X
 _409_/X
 _410_/X
 _411_/X
 _412_/X
 _413_/X
 _414_/Y
 _415_/X
 _416_/X
 _417_/X
 _418_/Y
 _419_/Y
 _420_/Y
 _421_/Y
 _422_/Q
 _423_/Q
 _424_/Q
 _425_/Q
 _426_/Q
 _427_/Q
 _428_/Q
 _429_/Q
 _430_/Q
 _431_/Q
 _432_/Q
 _433_/Q
 _434_/Q
 _435_/Q
 _436_/Q
 _437_/Q
 _438_/Q
 _439_/Q
 _440_/Q
 _441_/Q
 _442_/Q
 _443_/Q
 _444_/Q
 _445_/Q
 _446_/Q
 _447_/Q
 _448_/Q
 _449_/Q
 _450_/Q
 _451_/Q
 _452_/Q
 _453_/Q
 _454_/Q
 _455_/Q
 _456_/Q
 _457_/Q
 _458_/Q
 _459_/Q
 _460_/Q
 _461_/Q
 _462_/Q
 _463_/Q
 _464_/Q
 _465_/Q
 _466_/Q
 _467_/Q
 _468_/Q
 _469_/Q
 _470_/Q
 _471_/Q
 _472_/Q
 _473_/Q
 _474_/Q
 _475_/Q
 _476_/Q
 _477_/Q
 _478_/Q
 _479_/Q
 _480_/Q
 _481_/Q
 _482_/Q
 _483_/Q
 _484_/Q
 _485_/Q
 _486_/Q
 input1/X
 input10/X
 input11/X
 input12/X
 input13/X
 input14/X
 input15/X
 input16/X
 input17/X
 input2/X
 input3/X
 input4/X
 input5/X
 input6/X
 input7/X
 input8/X
 input9/X
 max_cap25/X
 output18/X
 output19/X
 output20/X
 output21/X
 output22/X
 output23/X
 output24/X
 wire26/X
Found 0 partially unannotated drivers.

===========================================================================
max slew violation count 0
max fanout violation count 0
max cap violation count 0
============================================================================

===========================================================================
check_setup -verbose -unconstrained_endpoints -multiple_clock -no_clock -no_input_delay -loops -generated_clocks
===========================================================================
checks_report_end
power_report

===========================================================================
 report_power
============================================================================
======================= Typical Corner ===================================

Group                  Internal  Switching    Leakage      Total
                          Power      Power      Power      Power (Watts)
----------------------------------------------------------------
Sequential             1.47e-04   2.76e-05   7.54e-10   1.74e-04  46.3%
Combinational          1.10e-04   9.21e-05   9.36e-10   2.02e-04  53.7%
Macro                  0.00e+00   0.00e+00   0.00e+00   0.00e+00   0.0%
Pad                    0.00e+00   0.00e+00   0.00e+00   0.00e+00   0.0%
----------------------------------------------------------------
Total                  2.57e-04   1.20e-04   1.69e-09   3.77e-04 100.0%
                          68.2%      31.8%       0.0%

power_report_end
skew_report

===========================================================================
report_clock_skew
============================================================================
Clock clk
Latency      CRPR       Skew
_422_/CLK ^
   0.40
_453_/CLK ^
   0.36      0.00       0.04

skew_report_end
summary_report

===========================================================================
report_tns
============================================================================
tns 0.00

===========================================================================
report_wns
============================================================================
wns 0.00

===========================================================================
report_worst_slack -max (Setup)
============================================================================
worst slack 18.60

===========================================================================
report_worst_slack -min (Hold)
============================================================================
worst slack 0.22
summary_report_end
area_report

===========================================================================
report_design_area
============================================================================
Design area 3384 u^2 41% utilization.
area_report_end
[WARNING] Did not save OpenROAD database!
Writing SDF to '/openlane/designs/Reformer/runs/MS3/results/signoff/top.sdf'…
