
===========================================================================
report_checks -path_delay min (Hold)
============================================================================
======================= Typical Corner ===================================

Startpoint: _467_ (rising edge-triggered flip-flop clocked by clk)
Endpoint: _467_ (rising edge-triggered flip-flop clocked by clk)
Path Group: clk
Path Type: min

Fanout     Cap    Slew   Delay    Time   Description
-----------------------------------------------------------------------------
                          0.00    0.00   clock clk (rise edge)
                          0.00    0.00   clock source latency
                  0.04    0.03    0.03 ^ clk (in)
     1    0.01                           clk (net)
                  0.04    0.00    0.03 ^ clkbuf_0_clk/A (sky130_fd_sc_hd__clkbuf_16)
                  0.08    0.15    0.18 ^ clkbuf_0_clk/X (sky130_fd_sc_hd__clkbuf_16)
     8    0.06                           clknet_0_clk (net)
                  0.08    0.00    0.18 ^ clkbuf_3_6__f_clk/A (sky130_fd_sc_hd__clkbuf_16)
                  0.04    0.13    0.30 ^ clkbuf_3_6__f_clk/X (sky130_fd_sc_hd__clkbuf_16)
     8    0.01                           clknet_3_6__leaf_clk (net)
                  0.04    0.00    0.30 ^ _467_/CLK (sky130_fd_sc_hd__dfrtp_1)
                  0.07    0.32    0.62 ^ _467_/Q (sky130_fd_sc_hd__dfrtp_1)
     2    0.01                           u_sort.bucket_reg[0][2] (net)
                  0.07    0.00    0.62 ^ _374_/A0 (sky130_fd_sc_hd__mux2_1)
                  0.04    0.11    0.74 ^ _374_/X (sky130_fd_sc_hd__mux2_1)
     1    0.00                           _181_ (net)
                  0.04    0.00    0.74 ^ _375_/A (sky130_fd_sc_hd__clkbuf_1)
                  0.04    0.07    0.81 ^ _375_/X (sky130_fd_sc_hd__clkbuf_1)
     1    0.00                           _047_ (net)
                  0.04    0.00    0.81 ^ _467_/D (sky130_fd_sc_hd__dfrtp_1)
                                  0.81   data arrival time

                          0.00    0.00   clock clk (rise edge)
                          0.00    0.00   clock source latency
                  0.04    0.03    0.03 ^ clk (in)
     1    0.01                           clk (net)
                  0.04    0.00    0.03 ^ clkbuf_0_clk/A (sky130_fd_sc_hd__clkbuf_16)
                  0.08    0.17    0.20 ^ clkbuf_0_clk/X (sky130_fd_sc_hd__clkbuf_16)
     8    0.06                           clknet_0_clk (net)
                  0.08    0.00    0.20 ^ clkbuf_3_6__f_clk/A (sky130_fd_sc_hd__clkbuf_16)
                  0.04    0.14    0.34 ^ clkbuf_3_6__f_clk/X (sky130_fd_sc_hd__clkbuf_16)
     8    0.01                           clknet_3_6__leaf_clk (net)
                  0.04    0.00    0.34 ^ _467_/CLK (sky130_fd_sc_hd__dfrtp_1)
                          0.25    0.59   clock uncertainty
                         -0.03    0.55   clock reconvergence pessimism
                         -0.03    0.52   library hold time
                                  0.52   data required time
-----------------------------------------------------------------------------
                                  0.52   data required time
                                 -0.81   data arrival time
-----------------------------------------------------------------------------
                                  0.28   slack (MET)


Startpoint: _442_ (rising edge-triggered flip-flop clocked by clk)
Endpoint: _442_ (rising edge-triggered flip-flop clocked by clk)
Path Group: clk
Path Type: min

Fanout     Cap    Slew   Delay    Time   Description
-----------------------------------------------------------------------------
                          0.00    0.00   clock clk (rise edge)
                          0.00    0.00   clock source latency
                  0.04    0.03    0.03 ^ clk (in)
     1    0.01                           clk (net)
                  0.04    0.00    0.03 ^ clkbuf_0_clk/A (sky130_fd_sc_hd__clkbuf_16)
                  0.08    0.15    0.18 ^ clkbuf_0_clk/X (sky130_fd_sc_hd__clkbuf_16)
     8    0.06                           clknet_0_clk (net)
                  0.08    0.00    0.18 ^ clkbuf_3_0__f_clk/A (sky130_fd_sc_hd__clkbuf_16)
                  0.04    0.13    0.31 ^ clkbuf_3_0__f_clk/X (sky130_fd_sc_hd__clkbuf_16)
    11    0.02                           clknet_3_0__leaf_clk (net)
                  0.04    0.00    0.31 ^ _442_/CLK (sky130_fd_sc_hd__dfrtp_1)
                  0.07    0.32    0.63 ^ _442_/Q (sky130_fd_sc_hd__dfrtp_1)
     2    0.01                           u_am3.max[1] (net)
                  0.07    0.00    0.63 ^ _326_/A0 (sky130_fd_sc_hd__mux2_1)
                  0.04    0.11    0.74 ^ _326_/X (sky130_fd_sc_hd__mux2_1)
     1    0.00                           _158_ (net)
                  0.04    0.00    0.74 ^ _327_/A (sky130_fd_sc_hd__clkbuf_1)
                  0.04    0.07    0.81 ^ _327_/X (sky130_fd_sc_hd__clkbuf_1)
     1    0.00                           _022_ (net)
                  0.04    0.00    0.81 ^ _442_/D (sky130_fd_sc_hd__dfrtp_1)
                                  0.81   data arrival time

                          0.00    0.00   clock clk (rise edge)
                          0.00    0.00   clock source latency
                  0.04    0.03    0.03 ^ clk (in)
     1    0.01                           clk (net)
                  0.04    0.00    0.03 ^ clkbuf_0_clk/A (sky130_fd_sc_hd__clkbuf_16)
                  0.08    0.17    0.20 ^ clkbuf_0_clk/X (sky130_fd_sc_hd__clkbuf_16)
     8    0.06                           clknet_0_clk (net)
                  0.08    0.00    0.20 ^ clkbuf_3_0__f_clk/A (sky130_fd_sc_hd__clkbuf_16)
                  0.04    0.15    0.34 ^ clkbuf_3_0__f_clk/X (sky130_fd_sc_hd__clkbuf_16)
    11    0.02                           clknet_3_0__leaf_clk (net)
                  0.04    0.00    0.34 ^ _442_/CLK (sky130_fd_sc_hd__dfrtp_1)
                          0.25    0.59   clock uncertainty
                         -0.03    0.56   clock reconvergence pessimism
                         -0.03    0.53   library hold time
                                  0.53   data required time
-----------------------------------------------------------------------------
                                  0.53   data required time
                                 -0.81   data arrival time
-----------------------------------------------------------------------------
                                  0.29   slack (MET)


Startpoint: _459_ (rising edge-triggered flip-flop clocked by clk)
Endpoint: _459_ (rising edge-triggered flip-flop clocked by clk)
Path Group: clk
Path Type: min

Fanout     Cap    Slew   Delay    Time   Description
-----------------------------------------------------------------------------
                          0.00    0.00   clock clk (rise edge)
                          0.00    0.00   clock source latency
                  0.04    0.03    0.03 ^ clk (in)
     1    0.01                           clk (net)
                  0.04    0.00    0.03 ^ clkbuf_0_clk/A (sky130_fd_sc_hd__clkbuf_16)
                  0.08    0.15    0.18 ^ clkbuf_0_clk/X (sky130_fd_sc_hd__clkbuf_16)
     8    0.06                           clknet_0_clk (net)
                  0.08    0.00    0.18 ^ clkbuf_3_1__f_clk/A (sky130_fd_sc_hd__clkbuf_16)
                  0.03    0.12    0.30 ^ clkbuf_3_1__f_clk/X (sky130_fd_sc_hd__clkbuf_16)
     6    0.01                           clknet_3_1__leaf_clk (net)
                  0.03    0.00    0.30 ^ _459_/CLK (sky130_fd_sc_hd__dfrtp_1)
                  0.08    0.32    0.62 ^ _459_/Q (sky130_fd_sc_hd__dfrtp_1)
     3    0.01                           u_sort.bucket_reg[2][0] (net)
                  0.08    0.00    0.62 ^ _358_/A0 (sky130_fd_sc_hd__mux2_1)
                  0.04    0.11    0.74 ^ _358_/X (sky130_fd_sc_hd__mux2_1)
     1    0.00                           _173_ (net)
                  0.04    0.00    0.74 ^ _359_/A (sky130_fd_sc_hd__clkbuf_1)
                  0.04    0.07    0.80 ^ _359_/X (sky130_fd_sc_hd__clkbuf_1)
     1    0.00                           _039_ (net)
                  0.04    0.00    0.80 ^ _459_/D (sky130_fd_sc_hd__dfrtp_1)
                                  0.80   data arrival time

                          0.00    0.00   clock clk (rise edge)
                          0.00    0.00   clock source latency
                  0.04    0.03    0.03 ^ clk (in)
     1    0.01                           clk (net)
                  0.04    0.00    0.03 ^ clkbuf_0_clk/A (sky130_fd_sc_hd__clkbuf_16)
                  0.08    0.17    0.20 ^ clkbuf_0_clk/X (sky130_fd_sc_hd__clkbuf_16)
     8    0.06                           clknet_0_clk (net)
                  0.08    0.00    0.20 ^ clkbuf_3_1__f_clk/A (sky130_fd_sc_hd__clkbuf_16)
                  0.03    0.14    0.33 ^ clkbuf_3_1__f_clk/X (sky130_fd_sc_hd__clkbuf_16)
     6    0.01                           clknet_3_1__leaf_clk (net)
                  0.03    0.00    0.33 ^ _459_/CLK (sky130_fd_sc_hd__dfrtp_1)
                          0.25    0.58   clock uncertainty
                         -0.03    0.55   clock reconvergence pessimism
                         -0.03    0.52   library hold time
                                  0.52   data required time
-----------------------------------------------------------------------------
                                  0.52   data required time
                                 -0.80   data arrival time
-----------------------------------------------------------------------------
                                  0.29   slack (MET)


Startpoint: _485_ (rising edge-triggered flip-flop clocked by clk)
Endpoint: _485_ (rising edge-triggered flip-flop clocked by clk)
Path Group: clk
Path Type: min

Fanout     Cap    Slew   Delay    Time   Description
-----------------------------------------------------------------------------
                          0.00    0.00   clock clk (rise edge)
                          0.00    0.00   clock source latency
                  0.04    0.03    0.03 ^ clk (in)
     1    0.01                           clk (net)
                  0.04    0.00    0.03 ^ clkbuf_0_clk/A (sky130_fd_sc_hd__clkbuf_16)
                  0.08    0.15    0.18 ^ clkbuf_0_clk/X (sky130_fd_sc_hd__clkbuf_16)
     8    0.06                           clknet_0_clk (net)
                  0.08    0.00    0.18 ^ clkbuf_3_2__f_clk/A (sky130_fd_sc_hd__clkbuf_16)
                  0.04    0.13    0.30 ^ clkbuf_3_2__f_clk/X (sky130_fd_sc_hd__clkbuf_16)
     8    0.01                           clknet_3_2__leaf_clk (net)
                  0.04    0.00    0.30 ^ _485_/CLK (sky130_fd_sc_hd__dfrtp_4)
                  0.08    0.40    0.70 ^ _485_/Q (sky130_fd_sc_hd__dfrtp_4)
     7    0.01                           u_am0.i_index[1] (net)
                  0.08    0.00    0.70 ^ _418_/B1 (sky130_fd_sc_hd__a21oi_1)
                  0.03    0.04    0.74 v _418_/Y (sky130_fd_sc_hd__a21oi_1)
     1    0.00                           _209_ (net)
                  0.03    0.00    0.74 v _419_/B (sky130_fd_sc_hd__nor2_1)
                  0.06    0.06    0.80 ^ _419_/Y (sky130_fd_sc_hd__nor2_1)
     1    0.00                           _063_ (net)
                  0.06    0.00    0.80 ^ _485_/D (sky130_fd_sc_hd__dfrtp_4)
                                  0.80   data arrival time

                          0.00    0.00   clock clk (rise edge)
                          0.00    0.00   clock source latency
                  0.04    0.03    0.03 ^ clk (in)
     1    0.01                           clk (net)
                  0.04    0.00    0.03 ^ clkbuf_0_clk/A (sky130_fd_sc_hd__clkbuf_16)
                  0.08    0.17    0.20 ^ clkbuf_0_clk/X (sky130_fd_sc_hd__clkbuf_16)
     8    0.06                           clknet_0_clk (net)
                  0.08    0.00    0.20 ^ clkbuf_3_2__f_clk/A (sky130_fd_sc_hd__clkbuf_16)
                  0.04    0.14    0.34 ^ clkbuf_3_2__f_clk/X (sky130_fd_sc_hd__clkbuf_16)
     8    0.01                           clknet_3_2__leaf_clk (net)
                  0.04    0.00    0.34 ^ _485_/CLK (sky130_fd_sc_hd__dfrtp_4)
                          0.25    0.59   clock uncertainty
                         -0.03    0.55   clock reconvergence pessimism
                         -0.04    0.51   library hold time
                                  0.51   data required time
-----------------------------------------------------------------------------
                                  0.51   data required time
                                 -0.80   data arrival time
-----------------------------------------------------------------------------
                                  0.29   slack (MET)


Startpoint: _486_ (rising edge-triggered flip-flop clocked by clk)
Endpoint: _486_ (rising edge-triggered flip-flop clocked by clk)
Path Group: clk
Path Type: min

Fanout     Cap    Slew   Delay    Time   Description
-----------------------------------------------------------------------------
                          0.00    0.00   clock clk (rise edge)
                          0.00    0.00   clock source latency
                  0.04    0.03    0.03 ^ clk (in)
     1    0.01                           clk (net)
                  0.04    0.00    0.03 ^ clkbuf_0_clk/A (sky130_fd_sc_hd__clkbuf_16)
                  0.08    0.15    0.18 ^ clkbuf_0_clk/X (sky130_fd_sc_hd__clkbuf_16)
     8    0.06                           clknet_0_clk (net)
                  0.08    0.00    0.18 ^ clkbuf_3_2__f_clk/A (sky130_fd_sc_hd__clkbuf_16)
                  0.04    0.13    0.30 ^ clkbuf_3_2__f_clk/X (sky130_fd_sc_hd__clkbuf_16)
     8    0.01                           clknet_3_2__leaf_clk (net)
                  0.04    0.00    0.30 ^ _486_/CLK (sky130_fd_sc_hd__dfrtp_4)
                  0.08    0.40    0.70 ^ _486_/Q (sky130_fd_sc_hd__dfrtp_4)
     7    0.01                           u_am0.i_index[2] (net)
                  0.08    0.00    0.70 ^ _420_/A (sky130_fd_sc_hd__nor2_1)
                  0.03    0.04    0.74 v _420_/Y (sky130_fd_sc_hd__nor2_1)
     1    0.00                           _210_ (net)
                  0.03    0.00    0.74 v _421_/B (sky130_fd_sc_hd__nor2_1)
                  0.06    0.06    0.81 ^ _421_/Y (sky130_fd_sc_hd__nor2_1)
     1    0.00                           _064_ (net)
                  0.06    0.00    0.81 ^ _486_/D (sky130_fd_sc_hd__dfrtp_4)
                                  0.81   data arrival time

                          0.00    0.00   clock clk (rise edge)
                          0.00    0.00   clock source latency
                  0.04    0.03    0.03 ^ clk (in)
     1    0.01                           clk (net)
                  0.04    0.00    0.03 ^ clkbuf_0_clk/A (sky130_fd_sc_hd__clkbuf_16)
                  0.08    0.17    0.20 ^ clkbuf_0_clk/X (sky130_fd_sc_hd__clkbuf_16)
     8    0.06                           clknet_0_clk (net)
                  0.08    0.00    0.20 ^ clkbuf_3_2__f_clk/A (sky130_fd_sc_hd__clkbuf_16)
                  0.04    0.14    0.34 ^ clkbuf_3_2__f_clk/X (sky130_fd_sc_hd__clkbuf_16)
     8    0.01                           clknet_3_2__leaf_clk (net)
                  0.04    0.00    0.34 ^ _486_/CLK (sky130_fd_sc_hd__dfrtp_4)
                          0.25    0.59   clock uncertainty
                         -0.03    0.55   clock reconvergence pessimism
                         -0.04    0.51   library hold time
                                  0.51   data required time
-----------------------------------------------------------------------------
                                  0.51   data required time
                                 -0.81   data arrival time
-----------------------------------------------------------------------------
                                  0.29   slack (MET)


Startpoint: _422_ (rising edge-triggered flip-flop clocked by clk)
Endpoint: _477_ (rising edge-triggered flip-flop clocked by clk)
Path Group: clk
Path Type: min

Fanout     Cap    Slew   Delay    Time   Description
-----------------------------------------------------------------------------
                          0.00    0.00   clock clk (rise edge)
                          0.00    0.00   clock source latency
                  0.04    0.03    0.03 ^ clk (in)
     1    0.01                           clk (net)
                  0.04    0.00    0.03 ^ clkbuf_0_clk/A (sky130_fd_sc_hd__clkbuf_16)
                  0.08    0.15    0.18 ^ clkbuf_0_clk/X (sky130_fd_sc_hd__clkbuf_16)
     8    0.06                           clknet_0_clk (net)
                  0.08    0.00    0.18 ^ clkbuf_3_2__f_clk/A (sky130_fd_sc_hd__clkbuf_16)
                  0.04    0.13    0.30 ^ clkbuf_3_2__f_clk/X (sky130_fd_sc_hd__clkbuf_16)
     8    0.01                           clknet_3_2__leaf_clk (net)
                  0.04    0.00    0.30 ^ _422_/CLK (sky130_fd_sc_hd__dfrtp_1)
                  0.06    0.31    0.61 ^ _422_/Q (sky130_fd_sc_hd__dfrtp_1)
     1    0.00                           u_control.o_start_sort (net)
                  0.06    0.00    0.61 ^ _245_/A (sky130_fd_sc_hd__buf_6)
                  0.14    0.16    0.78 ^ _245_/X (sky130_fd_sc_hd__buf_6)
    20    0.06                           _098_ (net)
                  0.14    0.00    0.78 ^ _403_/B1 (sky130_fd_sc_hd__a21oi_1)
                  0.03    0.05    0.83 v _403_/Y (sky130_fd_sc_hd__a21oi_1)
     1    0.00                           _056_ (net)
                  0.03    0.00    0.83 v _477_/D (sky130_fd_sc_hd__dfrtp_1)
                                  0.83   data arrival time

                          0.00    0.00   clock clk (rise edge)
                          0.00    0.00   clock source latency
                  0.04    0.03    0.03 ^ clk (in)
     1    0.01                           clk (net)
                  0.04    0.00    0.03 ^ clkbuf_0_clk/A (sky130_fd_sc_hd__clkbuf_16)
                  0.08    0.17    0.20 ^ clkbuf_0_clk/X (sky130_fd_sc_hd__clkbuf_16)
     8    0.06                           clknet_0_clk (net)
                  0.08    0.00    0.20 ^ clkbuf_3_7__f_clk/A (sky130_fd_sc_hd__clkbuf_16)
                  0.04    0.15    0.34 ^ clkbuf_3_7__f_clk/X (sky130_fd_sc_hd__clkbuf_16)
    11    0.02                           clknet_3_7__leaf_clk (net)
                  0.04    0.00    0.34 ^ _477_/CLK (sky130_fd_sc_hd__dfrtp_1)
                          0.25    0.59   clock uncertainty
                         -0.02    0.57   clock reconvergence pessimism
                         -0.04    0.53   library hold time
                                  0.53   data required time
-----------------------------------------------------------------------------
                                  0.53   data required time
                                 -0.83   data arrival time
-----------------------------------------------------------------------------
                                  0.29   slack (MET)


Startpoint: _462_ (rising edge-triggered flip-flop clocked by clk)
Endpoint: _462_ (rising edge-triggered flip-flop clocked by clk)
Path Group: clk
Path Type: min

Fanout     Cap    Slew   Delay    Time   Description
-----------------------------------------------------------------------------
                          0.00    0.00   clock clk (rise edge)
                          0.00    0.00   clock source latency
                  0.04    0.03    0.03 ^ clk (in)
     1    0.01                           clk (net)
                  0.04    0.00    0.03 ^ clkbuf_0_clk/A (sky130_fd_sc_hd__clkbuf_16)
                  0.08    0.15    0.18 ^ clkbuf_0_clk/X (sky130_fd_sc_hd__clkbuf_16)
     8    0.06                           clknet_0_clk (net)
                  0.08    0.00    0.18 ^ clkbuf_3_5__f_clk/A (sky130_fd_sc_hd__clkbuf_16)
                  0.04    0.13    0.30 ^ clkbuf_3_5__f_clk/X (sky130_fd_sc_hd__clkbuf_16)
     7    0.01                           clknet_3_5__leaf_clk (net)
                  0.04    0.00    0.30 ^ _462_/CLK (sky130_fd_sc_hd__dfrtp_1)
                  0.09    0.33    0.64 ^ _462_/Q (sky130_fd_sc_hd__dfrtp_1)
     3    0.01                           u_sort.bucket_reg[1][0] (net)
                  0.09    0.00    0.64 ^ _364_/A0 (sky130_fd_sc_hd__mux2_1)
                  0.04    0.12    0.75 ^ _364_/X (sky130_fd_sc_hd__mux2_1)
     1    0.00                           _176_ (net)
                  0.04    0.00    0.75 ^ _365_/A (sky130_fd_sc_hd__clkbuf_1)
                  0.04    0.07    0.82 ^ _365_/X (sky130_fd_sc_hd__clkbuf_1)
     1    0.00                           _042_ (net)
                  0.04    0.00    0.82 ^ _462_/D (sky130_fd_sc_hd__dfrtp_1)
                                  0.82   data arrival time

                          0.00    0.00   clock clk (rise edge)
                          0.00    0.00   clock source latency
                  0.04    0.03    0.03 ^ clk (in)
     1    0.01                           clk (net)
                  0.04    0.00    0.03 ^ clkbuf_0_clk/A (sky130_fd_sc_hd__clkbuf_16)
                  0.08    0.17    0.20 ^ clkbuf_0_clk/X (sky130_fd_sc_hd__clkbuf_16)
     8    0.06                           clknet_0_clk (net)
                  0.08    0.00    0.20 ^ clkbuf_3_5__f_clk/A (sky130_fd_sc_hd__clkbuf_16)
                  0.04    0.14    0.33 ^ clkbuf_3_5__f_clk/X (sky130_fd_sc_hd__clkbuf_16)
     7    0.01                           clknet_3_5__leaf_clk (net)
                  0.04    0.00    0.33 ^ _462_/CLK (sky130_fd_sc_hd__dfrtp_1)
                          0.25    0.58   clock uncertainty
                         -0.03    0.55   clock reconvergence pessimism
                         -0.03    0.52   library hold time
                                  0.52   data required time
-----------------------------------------------------------------------------
                                  0.52   data required time
                                 -0.82   data arrival time
-----------------------------------------------------------------------------
                                  0.30   slack (MET)


Startpoint: _463_ (rising edge-triggered flip-flop clocked by clk)
Endpoint: _463_ (rising edge-triggered flip-flop clocked by clk)
Path Group: clk
Path Type: min

Fanout     Cap    Slew   Delay    Time   Description
-----------------------------------------------------------------------------
                          0.00    0.00   clock clk (rise edge)
                          0.00    0.00   clock source latency
                  0.04    0.03    0.03 ^ clk (in)
     1    0.01                           clk (net)
                  0.04    0.00    0.03 ^ clkbuf_0_clk/A (sky130_fd_sc_hd__clkbuf_16)
                  0.08    0.15    0.18 ^ clkbuf_0_clk/X (sky130_fd_sc_hd__clkbuf_16)
     8    0.06                           clknet_0_clk (net)
                  0.08    0.00    0.18 ^ clkbuf_3_4__f_clk/A (sky130_fd_sc_hd__clkbuf_16)
                  0.03    0.12    0.30 ^ clkbuf_3_4__f_clk/X (sky130_fd_sc_hd__clkbuf_16)
     6    0.01                           clknet_3_4__leaf_clk (net)
                  0.03    0.00    0.30 ^ _463_/CLK (sky130_fd_sc_hd__dfrtp_1)
                  0.09    0.33    0.63 ^ _463_/Q (sky130_fd_sc_hd__dfrtp_1)
     3    0.01                           u_sort.bucket_reg[1][1] (net)
                  0.09    0.00    0.63 ^ _366_/A0 (sky130_fd_sc_hd__mux2_1)
                  0.04    0.12    0.75 ^ _366_/X (sky130_fd_sc_hd__mux2_1)
     1    0.00                           _177_ (net)
                  0.04    0.00    0.75 ^ _367_/A (sky130_fd_sc_hd__clkbuf_1)
                  0.04    0.07    0.82 ^ _367_/X (sky130_fd_sc_hd__clkbuf_1)
     1    0.00                           _043_ (net)
                  0.04    0.00    0.82 ^ _463_/D (sky130_fd_sc_hd__dfrtp_1)
                                  0.82   data arrival time

                          0.00    0.00   clock clk (rise edge)
                          0.00    0.00   clock source latency
                  0.04    0.03    0.03 ^ clk (in)
     1    0.01                           clk (net)
                  0.04    0.00    0.03 ^ clkbuf_0_clk/A (sky130_fd_sc_hd__clkbuf_16)
                  0.08    0.17    0.20 ^ clkbuf_0_clk/X (sky130_fd_sc_hd__clkbuf_16)
     8    0.06                           clknet_0_clk (net)
                  0.08    0.00    0.20 ^ clkbuf_3_4__f_clk/A (sky130_fd_sc_hd__clkbuf_16)
                  0.03    0.14    0.33 ^ clkbuf_3_4__f_clk/X (sky130_fd_sc_hd__clkbuf_16)
     6    0.01                           clknet_3_4__leaf_clk (net)
                  0.03    0.00    0.33 ^ _463_/CLK (sky130_fd_sc_hd__dfrtp_1)
                          0.25    0.58   clock uncertainty
                         -0.03    0.55   clock reconvergence pessimism
                         -0.03    0.52   library hold time
                                  0.52   data required time
-----------------------------------------------------------------------------
                                  0.52   data required time
                                 -0.82   data arrival time
-----------------------------------------------------------------------------
                                  0.31   slack (MET)


Startpoint: _453_ (rising edge-triggered flip-flop clocked by clk)
Endpoint: _453_ (rising edge-triggered flip-flop clocked by clk)
Path Group: clk
Path Type: min

Fanout     Cap    Slew   Delay    Time   Description
-----------------------------------------------------------------------------
                          0.00    0.00   clock clk (rise edge)
                          0.00    0.00   clock source latency
                  0.04    0.03    0.03 ^ clk (in)
     1    0.01                           clk (net)
                  0.04    0.00    0.03 ^ clkbuf_0_clk/A (sky130_fd_sc_hd__clkbuf_16)
                  0.08    0.15    0.18 ^ clkbuf_0_clk/X (sky130_fd_sc_hd__clkbuf_16)
     8    0.06                           clknet_0_clk (net)
                  0.08    0.00    0.18 ^ clkbuf_3_3__f_clk/A (sky130_fd_sc_hd__clkbuf_16)
                  0.04    0.13    0.30 ^ clkbuf_3_3__f_clk/X (sky130_fd_sc_hd__clkbuf_16)
     8    0.01                           clknet_3_3__leaf_clk (net)
                  0.04    0.00    0.30 ^ _453_/CLK (sky130_fd_sc_hd__dfrtp_1)
                  0.09    0.34    0.64 ^ _453_/Q (sky130_fd_sc_hd__dfrtp_1)
     3    0.01                           u_sort.bucket_reg[4][0] (net)
                  0.09    0.00    0.64 ^ _346_/A0 (sky130_fd_sc_hd__mux2_1)
                  0.04    0.12    0.76 ^ _346_/X (sky130_fd_sc_hd__mux2_1)
     1    0.00                           _167_ (net)
                  0.04    0.00    0.76 ^ _347_/A (sky130_fd_sc_hd__clkbuf_1)
                  0.04    0.07    0.83 ^ _347_/X (sky130_fd_sc_hd__clkbuf_1)
     1    0.00                           _033_ (net)
                  0.04    0.00    0.83 ^ _453_/D (sky130_fd_sc_hd__dfrtp_1)
                                  0.83   data arrival time

                          0.00    0.00   clock clk (rise edge)
                          0.00    0.00   clock source latency
                  0.04    0.03    0.03 ^ clk (in)
     1    0.01                           clk (net)
                  0.04    0.00    0.03 ^ clkbuf_0_clk/A (sky130_fd_sc_hd__clkbuf_16)
                  0.08    0.17    0.20 ^ clkbuf_0_clk/X (sky130_fd_sc_hd__clkbuf_16)
     8    0.06                           clknet_0_clk (net)
                  0.08    0.00    0.20 ^ clkbuf_3_3__f_clk/A (sky130_fd_sc_hd__clkbuf_16)
                  0.04    0.14    0.34 ^ clkbuf_3_3__f_clk/X (sky130_fd_sc_hd__clkbuf_16)
     8    0.01                           clknet_3_3__leaf_clk (net)
                  0.04    0.00    0.34 ^ _453_/CLK (sky130_fd_sc_hd__dfrtp_1)
                          0.25    0.59   clock uncertainty
                         -0.03    0.55   clock reconvergence pessimism
                         -0.03    0.52   library hold time
                                  0.52   data required time
-----------------------------------------------------------------------------
                                  0.52   data required time
                                 -0.83   data arrival time
-----------------------------------------------------------------------------
                                  0.31   slack (MET)


Startpoint: _456_ (rising edge-triggered flip-flop clocked by clk)
Endpoint: _456_ (rising edge-triggered flip-flop clocked by clk)
Path Group: clk
Path Type: min

Fanout     Cap    Slew   Delay    Time   Description
-----------------------------------------------------------------------------
                          0.00    0.00   clock clk (rise edge)
                          0.00    0.00   clock source latency
                  0.04    0.03    0.03 ^ clk (in)
     1    0.01                           clk (net)
                  0.04    0.00    0.03 ^ clkbuf_0_clk/A (sky130_fd_sc_hd__clkbuf_16)
                  0.08    0.15    0.18 ^ clkbuf_0_clk/X (sky130_fd_sc_hd__clkbuf_16)
     8    0.06                           clknet_0_clk (net)
                  0.08    0.00    0.18 ^ clkbuf_3_2__f_clk/A (sky130_fd_sc_hd__clkbuf_16)
                  0.04    0.13    0.30 ^ clkbuf_3_2__f_clk/X (sky130_fd_sc_hd__clkbuf_16)
     8    0.01                           clknet_3_2__leaf_clk (net)
                  0.04    0.00    0.30 ^ _456_/CLK (sky130_fd_sc_hd__dfrtp_1)
                  0.10    0.34    0.64 ^ _456_/Q (sky130_fd_sc_hd__dfrtp_1)
     4    0.01                           u_sort.bucket_reg[3][0] (net)
                  0.10    0.00    0.64 ^ _352_/A0 (sky130_fd_sc_hd__mux2_1)
                  0.04    0.12    0.76 ^ _352_/X (sky130_fd_sc_hd__mux2_1)
     1    0.00                           _170_ (net)
                  0.04    0.00    0.76 ^ _353_/A (sky130_fd_sc_hd__clkbuf_1)
                  0.04    0.07    0.83 ^ _353_/X (sky130_fd_sc_hd__clkbuf_1)
     1    0.00                           _036_ (net)
                  0.04    0.00    0.83 ^ _456_/D (sky130_fd_sc_hd__dfrtp_1)
                                  0.83   data arrival time

                          0.00    0.00   clock clk (rise edge)
                          0.00    0.00   clock source latency
                  0.04    0.03    0.03 ^ clk (in)
     1    0.01                           clk (net)
                  0.04    0.00    0.03 ^ clkbuf_0_clk/A (sky130_fd_sc_hd__clkbuf_16)
                  0.08    0.17    0.20 ^ clkbuf_0_clk/X (sky130_fd_sc_hd__clkbuf_16)
     8    0.06                           clknet_0_clk (net)
                  0.08    0.00    0.20 ^ clkbuf_3_2__f_clk/A (sky130_fd_sc_hd__clkbuf_16)
                  0.04    0.14    0.34 ^ clkbuf_3_2__f_clk/X (sky130_fd_sc_hd__clkbuf_16)
     8    0.01                           clknet_3_2__leaf_clk (net)
                  0.04    0.00    0.34 ^ _456_/CLK (sky130_fd_sc_hd__dfrtp_1)
                          0.25    0.59   clock uncertainty
                         -0.03    0.55   clock reconvergence pessimism
                         -0.03    0.52   library hold time
                                  0.52   data required time
-----------------------------------------------------------------------------
                                  0.52   data required time
                                 -0.83   data arrival time
-----------------------------------------------------------------------------
                                  0.31   slack (MET)


Startpoint: _478_ (rising edge-triggered flip-flop clocked by clk)
Endpoint: _478_ (rising edge-triggered flip-flop clocked by clk)
Path Group: clk
Path Type: min

Fanout     Cap    Slew   Delay    Time   Description
-----------------------------------------------------------------------------
                          0.00    0.00   clock clk (rise edge)
                          0.00    0.00   clock source latency
                  0.04    0.03    0.03 ^ clk (in)
     1    0.01                           clk (net)
                  0.04    0.00    0.03 ^ clkbuf_0_clk/A (sky130_fd_sc_hd__clkbuf_16)
                  0.08    0.15    0.18 ^ clkbuf_0_clk/X (sky130_fd_sc_hd__clkbuf_16)
     8    0.06                           clknet_0_clk (net)
                  0.08    0.00    0.18 ^ clkbuf_3_6__f_clk/A (sky130_fd_sc_hd__clkbuf_16)
                  0.04    0.13    0.30 ^ clkbuf_3_6__f_clk/X (sky130_fd_sc_hd__clkbuf_16)
     8    0.01                           clknet_3_6__leaf_clk (net)
                  0.04    0.00    0.30 ^ _478_/CLK (sky130_fd_sc_hd__dfrtp_1)
                  0.08    0.38    0.68 v _478_/Q (sky130_fd_sc_hd__dfrtp_1)
     4    0.01                           u_sort.busy (net)
                  0.08    0.00    0.68 v _249_/A (sky130_fd_sc_hd__inv_2)
                  0.07    0.08    0.77 ^ _249_/Y (sky130_fd_sc_hd__inv_2)
     5    0.01                           _101_ (net)
                  0.07    0.00    0.77 ^ _260_/A1 (sky130_fd_sc_hd__o21ai_1)
                  0.03    0.06    0.83 v _260_/Y (sky130_fd_sc_hd__o21ai_1)
     1    0.00                           _001_ (net)
                  0.03    0.00    0.83 v _478_/D (sky130_fd_sc_hd__dfrtp_1)
                                  0.83   data arrival time

                          0.00    0.00   clock clk (rise edge)
                          0.00    0.00   clock source latency
                  0.04    0.03    0.03 ^ clk (in)
     1    0.01                           clk (net)
                  0.04    0.00    0.03 ^ clkbuf_0_clk/A (sky130_fd_sc_hd__clkbuf_16)
                  0.08    0.17    0.20 ^ clkbuf_0_clk/X (sky130_fd_sc_hd__clkbuf_16)
     8    0.06                           clknet_0_clk (net)
                  0.08    0.00    0.20 ^ clkbuf_3_6__f_clk/A (sky130_fd_sc_hd__clkbuf_16)
                  0.04    0.14    0.34 ^ clkbuf_3_6__f_clk/X (sky130_fd_sc_hd__clkbuf_16)
     8    0.01                           clknet_3_6__leaf_clk (net)
                  0.04    0.00    0.34 ^ _478_/CLK (sky130_fd_sc_hd__dfrtp_1)
                          0.25    0.59   clock uncertainty
                         -0.03    0.55   clock reconvergence pessimism
                         -0.04    0.51   library hold time
                                  0.51   data required time
-----------------------------------------------------------------------------
                                  0.51   data required time
                                 -0.83   data arrival time
-----------------------------------------------------------------------------
                                  0.31   slack (MET)


Startpoint: _478_ (rising edge-triggered flip-flop clocked by clk)
Endpoint: _480_ (rising edge-triggered flip-flop clocked by clk)
Path Group: clk
Path Type: min

Fanout     Cap    Slew   Delay    Time   Description
-----------------------------------------------------------------------------
                          0.00    0.00   clock clk (rise edge)
                          0.00    0.00   clock source latency
                  0.04    0.03    0.03 ^ clk (in)
     1    0.01                           clk (net)
                  0.04    0.00    0.03 ^ clkbuf_0_clk/A (sky130_fd_sc_hd__clkbuf_16)
                  0.08    0.15    0.18 ^ clkbuf_0_clk/X (sky130_fd_sc_hd__clkbuf_16)
     8    0.06                           clknet_0_clk (net)
                  0.08    0.00    0.18 ^ clkbuf_3_6__f_clk/A (sky130_fd_sc_hd__clkbuf_16)
                  0.04    0.13    0.30 ^ clkbuf_3_6__f_clk/X (sky130_fd_sc_hd__clkbuf_16)
     8    0.01                           clknet_3_6__leaf_clk (net)
                  0.04    0.00    0.30 ^ _478_/CLK (sky130_fd_sc_hd__dfrtp_1)
                  0.08    0.38    0.68 v _478_/Q (sky130_fd_sc_hd__dfrtp_1)
     4    0.01                           u_sort.busy (net)
                  0.08    0.00    0.68 v _249_/A (sky130_fd_sc_hd__inv_2)
                  0.07    0.08    0.77 ^ _249_/Y (sky130_fd_sc_hd__inv_2)
     5    0.01                           _101_ (net)
                  0.07    0.00    0.77 ^ _406_/A1 (sky130_fd_sc_hd__o21ai_1)
                  0.03    0.06    0.83 v _406_/Y (sky130_fd_sc_hd__o21ai_1)
     1    0.00                           _202_ (net)
                  0.03    0.00    0.83 v _407_/B (sky130_fd_sc_hd__nand2_1)
                  0.03    0.05    0.88 ^ _407_/Y (sky130_fd_sc_hd__nand2_1)
     1    0.00                           _058_ (net)
                  0.03    0.00    0.88 ^ _480_/D (sky130_fd_sc_hd__dfrtp_1)
                                  0.88   data arrival time

                          0.00    0.00   clock clk (rise edge)
                          0.00    0.00   clock source latency
                  0.04    0.03    0.03 ^ clk (in)
     1    0.01                           clk (net)
                  0.04    0.00    0.03 ^ clkbuf_0_clk/A (sky130_fd_sc_hd__clkbuf_16)
                  0.08    0.17    0.20 ^ clkbuf_0_clk/X (sky130_fd_sc_hd__clkbuf_16)
     8    0.06                           clknet_0_clk (net)
                  0.08    0.00    0.20 ^ clkbuf_3_7__f_clk/A (sky130_fd_sc_hd__clkbuf_16)
                  0.04    0.15    0.34 ^ clkbuf_3_7__f_clk/X (sky130_fd_sc_hd__clkbuf_16)
    11    0.02                           clknet_3_7__leaf_clk (net)
                  0.04    0.00    0.34 ^ _480_/CLK (sky130_fd_sc_hd__dfrtp_1)
                          0.25    0.59   clock uncertainty
                         -0.02    0.57   clock reconvergence pessimism
                         -0.03    0.54   library hold time
                                  0.54   data required time
-----------------------------------------------------------------------------
                                  0.54   data required time
                                 -0.88   data arrival time
-----------------------------------------------------------------------------
                                  0.33   slack (MET)


Startpoint: _486_ (rising edge-triggered flip-flop clocked by clk)
Endpoint: _452_ (rising edge-triggered flip-flop clocked by clk)
Path Group: clk
Path Type: min

Fanout     Cap    Slew   Delay    Time   Description
-----------------------------------------------------------------------------
                          0.00    0.00   clock clk (rise edge)
                          0.00    0.00   clock source latency
                  0.04    0.03    0.03 ^ clk (in)
     1    0.01                           clk (net)
                  0.04    0.00    0.03 ^ clkbuf_0_clk/A (sky130_fd_sc_hd__clkbuf_16)
                  0.08    0.15    0.18 ^ clkbuf_0_clk/X (sky130_fd_sc_hd__clkbuf_16)
     8    0.06                           clknet_0_clk (net)
                  0.08    0.00    0.18 ^ clkbuf_3_2__f_clk/A (sky130_fd_sc_hd__clkbuf_16)
                  0.04    0.13    0.30 ^ clkbuf_3_2__f_clk/X (sky130_fd_sc_hd__clkbuf_16)
     8    0.01                           clknet_3_2__leaf_clk (net)
                  0.04    0.00    0.30 ^ _486_/CLK (sky130_fd_sc_hd__dfrtp_4)
                  0.08    0.40    0.70 ^ _486_/Q (sky130_fd_sc_hd__dfrtp_4)
     7    0.01                           u_am0.i_index[2] (net)
                  0.08    0.00    0.70 ^ _344_/A1 (sky130_fd_sc_hd__mux2_1)
                  0.04    0.12    0.82 ^ _344_/X (sky130_fd_sc_hd__mux2_1)
     1    0.00                           _166_ (net)
                  0.04    0.00    0.82 ^ _345_/A (sky130_fd_sc_hd__clkbuf_1)
                  0.04    0.07    0.88 ^ _345_/X (sky130_fd_sc_hd__clkbuf_1)
     1    0.00                           _032_ (net)
                  0.04    0.00    0.88 ^ _452_/D (sky130_fd_sc_hd__dfrtp_1)
                                  0.88   data arrival time

                          0.00    0.00   clock clk (rise edge)
                          0.00    0.00   clock source latency
                  0.04    0.03    0.03 ^ clk (in)
     1    0.01                           clk (net)
                  0.04    0.00    0.03 ^ clkbuf_0_clk/A (sky130_fd_sc_hd__clkbuf_16)
                  0.08    0.17    0.20 ^ clkbuf_0_clk/X (sky130_fd_sc_hd__clkbuf_16)
     8    0.06                           clknet_0_clk (net)
                  0.08    0.00    0.20 ^ clkbuf_3_0__f_clk/A (sky130_fd_sc_hd__clkbuf_16)
                  0.04    0.15    0.34 ^ clkbuf_3_0__f_clk/X (sky130_fd_sc_hd__clkbuf_16)
    11    0.02                           clknet_3_0__leaf_clk (net)
                  0.04    0.00    0.34 ^ _452_/CLK (sky130_fd_sc_hd__dfrtp_1)
                          0.25    0.59   clock uncertainty
                         -0.02    0.57   clock reconvergence pessimism
                         -0.03    0.54   library hold time
                                  0.54   data required time
-----------------------------------------------------------------------------
                                  0.54   data required time
                                 -0.88   data arrival time
-----------------------------------------------------------------------------
                                  0.34   slack (MET)


Startpoint: _485_ (rising edge-triggered flip-flop clocked by clk)
Endpoint: _451_ (rising edge-triggered flip-flop clocked by clk)
Path Group: clk
Path Type: min

Fanout     Cap    Slew   Delay    Time   Description
-----------------------------------------------------------------------------
                          0.00    0.00   clock clk (rise edge)
                          0.00    0.00   clock source latency
                  0.04    0.03    0.03 ^ clk (in)
     1    0.01                           clk (net)
                  0.04    0.00    0.03 ^ clkbuf_0_clk/A (sky130_fd_sc_hd__clkbuf_16)
                  0.08    0.15    0.18 ^ clkbuf_0_clk/X (sky130_fd_sc_hd__clkbuf_16)
     8    0.06                           clknet_0_clk (net)
                  0.08    0.00    0.18 ^ clkbuf_3_2__f_clk/A (sky130_fd_sc_hd__clkbuf_16)
                  0.04    0.13    0.30 ^ clkbuf_3_2__f_clk/X (sky130_fd_sc_hd__clkbuf_16)
     8    0.01                           clknet_3_2__leaf_clk (net)
                  0.04    0.00    0.30 ^ _485_/CLK (sky130_fd_sc_hd__dfrtp_4)
                  0.08    0.40    0.70 ^ _485_/Q (sky130_fd_sc_hd__dfrtp_4)
     7    0.01                           u_am0.i_index[1] (net)
                  0.08    0.00    0.70 ^ _342_/A1 (sky130_fd_sc_hd__mux2_1)
                  0.04    0.12    0.82 ^ _342_/X (sky130_fd_sc_hd__mux2_1)
     1    0.00                           _165_ (net)
                  0.04    0.00    0.82 ^ _343_/A (sky130_fd_sc_hd__clkbuf_1)
                  0.04    0.07    0.89 ^ _343_/X (sky130_fd_sc_hd__clkbuf_1)
     1    0.00                           _031_ (net)
                  0.04    0.00    0.89 ^ _451_/D (sky130_fd_sc_hd__dfrtp_1)
                                  0.89   data arrival time

                          0.00    0.00   clock clk (rise edge)
                          0.00    0.00   clock source latency
                  0.04    0.03    0.03 ^ clk (in)
     1    0.01                           clk (net)
                  0.04    0.00    0.03 ^ clkbuf_0_clk/A (sky130_fd_sc_hd__clkbuf_16)
                  0.08    0.17    0.20 ^ clkbuf_0_clk/X (sky130_fd_sc_hd__clkbuf_16)
     8    0.06                           clknet_0_clk (net)
                  0.08    0.00    0.20 ^ clkbuf_3_0__f_clk/A (sky130_fd_sc_hd__clkbuf_16)
                  0.04    0.15    0.34 ^ clkbuf_3_0__f_clk/X (sky130_fd_sc_hd__clkbuf_16)
    11    0.02                           clknet_3_0__leaf_clk (net)
                  0.04    0.00    0.34 ^ _451_/CLK (sky130_fd_sc_hd__dfrtp_1)
                          0.25    0.59   clock uncertainty
                         -0.02    0.57   clock reconvergence pessimism
                         -0.03    0.54   library hold time
                                  0.54   data required time
-----------------------------------------------------------------------------
                                  0.54   data required time
                                 -0.89   data arrival time
-----------------------------------------------------------------------------
                                  0.34   slack (MET)


Startpoint: _467_ (rising edge-triggered flip-flop clocked by clk)
Endpoint: _479_ (rising edge-triggered flip-flop clocked by clk)
Path Group: clk
Path Type: min

Fanout     Cap    Slew   Delay    Time   Description
-----------------------------------------------------------------------------
                          0.00    0.00   clock clk (rise edge)
                          0.00    0.00   clock source latency
                  0.04    0.03    0.03 ^ clk (in)
     1    0.01                           clk (net)
                  0.04    0.00    0.03 ^ clkbuf_0_clk/A (sky130_fd_sc_hd__clkbuf_16)
                  0.08    0.15    0.18 ^ clkbuf_0_clk/X (sky130_fd_sc_hd__clkbuf_16)
     8    0.06                           clknet_0_clk (net)
                  0.08    0.00    0.18 ^ clkbuf_3_6__f_clk/A (sky130_fd_sc_hd__clkbuf_16)
                  0.04    0.13    0.30 ^ clkbuf_3_6__f_clk/X (sky130_fd_sc_hd__clkbuf_16)
     8    0.01                           clknet_3_6__leaf_clk (net)
                  0.04    0.00    0.30 ^ _467_/CLK (sky130_fd_sc_hd__dfrtp_1)
                  0.07    0.32    0.62 ^ _467_/Q (sky130_fd_sc_hd__dfrtp_1)
     2    0.01                           u_sort.bucket_reg[0][2] (net)
                  0.07    0.00    0.62 ^ _231_/A (sky130_fd_sc_hd__xnor2_1)
                  0.04    0.07    0.70 v _231_/Y (sky130_fd_sc_hd__xnor2_1)
     2    0.00                           _084_ (net)
                  0.04    0.00    0.70 v _254_/A (sky130_fd_sc_hd__nand3_1)
                  0.07    0.07    0.77 ^ _254_/Y (sky130_fd_sc_hd__nand3_1)
     2    0.01                           _106_ (net)
                  0.07    0.00    0.77 ^ _404_/A2 (sky130_fd_sc_hd__o21ai_1)
                  0.03    0.05    0.82 v _404_/Y (sky130_fd_sc_hd__o21ai_1)
     1    0.00                           _201_ (net)
                  0.03    0.00    0.82 v _405_/B (sky130_fd_sc_hd__nand2_1)
                  0.03    0.05    0.87 ^ _405_/Y (sky130_fd_sc_hd__nand2_1)
     1    0.00                           _057_ (net)
                  0.03    0.00    0.87 ^ _479_/D (sky130_fd_sc_hd__dfrtp_1)
                                  0.87   data arrival time

                          0.00    0.00   clock clk (rise edge)
                          0.00    0.00   clock source latency
                  0.04    0.03    0.03 ^ clk (in)
     1    0.01                           clk (net)
                  0.04    0.00    0.03 ^ clkbuf_0_clk/A (sky130_fd_sc_hd__clkbuf_16)
                  0.08    0.17    0.20 ^ clkbuf_0_clk/X (sky130_fd_sc_hd__clkbuf_16)
     8    0.06                           clknet_0_clk (net)
                  0.08    0.00    0.20 ^ clkbuf_3_6__f_clk/A (sky130_fd_sc_hd__clkbuf_16)
                  0.04    0.14    0.34 ^ clkbuf_3_6__f_clk/X (sky130_fd_sc_hd__clkbuf_16)
     8    0.01                           clknet_3_6__leaf_clk (net)
                  0.04    0.00    0.34 ^ _479_/CLK (sky130_fd_sc_hd__dfrtp_1)
                          0.25    0.59   clock uncertainty
                         -0.03    0.55   clock reconvergence pessimism
                         -0.03    0.52   library hold time
                                  0.52   data required time
-----------------------------------------------------------------------------
                                  0.52   data required time
                                 -0.87   data arrival time
-----------------------------------------------------------------------------
                                  0.35   slack (MET)


Startpoint: _486_ (rising edge-triggered flip-flop clocked by clk)
Endpoint: _425_ (rising edge-triggered flip-flop clocked by clk)
Path Group: clk
Path Type: min

Fanout     Cap    Slew   Delay    Time   Description
-----------------------------------------------------------------------------
                          0.00    0.00   clock clk (rise edge)
                          0.00    0.00   clock source latency
                  0.04    0.03    0.03 ^ clk (in)
     1    0.01                           clk (net)
                  0.04    0.00    0.03 ^ clkbuf_0_clk/A (sky130_fd_sc_hd__clkbuf_16)
                  0.08    0.15    0.18 ^ clkbuf_0_clk/X (sky130_fd_sc_hd__clkbuf_16)
     8    0.06                           clknet_0_clk (net)
                  0.08    0.00    0.18 ^ clkbuf_3_2__f_clk/A (sky130_fd_sc_hd__clkbuf_16)
                  0.04    0.13    0.30 ^ clkbuf_3_2__f_clk/X (sky130_fd_sc_hd__clkbuf_16)
     8    0.01                           clknet_3_2__leaf_clk (net)
                  0.04    0.00    0.30 ^ _486_/CLK (sky130_fd_sc_hd__dfrtp_4)
                  0.08    0.40    0.70 ^ _486_/Q (sky130_fd_sc_hd__dfrtp_4)
     7    0.01                           u_am0.i_index[2] (net)
                  0.08    0.00    0.70 ^ _271_/A1 (sky130_fd_sc_hd__mux2_1)
                  0.04    0.12    0.82 ^ _271_/X (sky130_fd_sc_hd__mux2_1)
     1    0.00                           _120_ (net)
                  0.04    0.00    0.82 ^ _272_/A (sky130_fd_sc_hd__clkbuf_1)
                  0.04    0.07    0.88 ^ _272_/X (sky130_fd_sc_hd__clkbuf_1)
     1    0.00                           _005_ (net)
                  0.04    0.00    0.88 ^ _425_/D (sky130_fd_sc_hd__dfrtp_1)
                                  0.88   data arrival time

                          0.00    0.00   clock clk (rise edge)
                          0.00    0.00   clock source latency
                  0.04    0.03    0.03 ^ clk (in)
     1    0.01                           clk (net)
                  0.04    0.00    0.03 ^ clkbuf_0_clk/A (sky130_fd_sc_hd__clkbuf_16)
                  0.08    0.17    0.20 ^ clkbuf_0_clk/X (sky130_fd_sc_hd__clkbuf_16)
     8    0.06                           clknet_0_clk (net)
                  0.08    0.00    0.20 ^ clkbuf_3_3__f_clk/A (sky130_fd_sc_hd__clkbuf_16)
                  0.04    0.14    0.34 ^ clkbuf_3_3__f_clk/X (sky130_fd_sc_hd__clkbuf_16)
     8    0.01                           clknet_3_3__leaf_clk (net)
                  0.04    0.00    0.34 ^ _425_/CLK (sky130_fd_sc_hd__dfrtp_1)
                          0.25    0.59   clock uncertainty
                         -0.02    0.57   clock reconvergence pessimism
                         -0.03    0.53   library hold time
                                  0.53   data required time
-----------------------------------------------------------------------------
                                  0.53   data required time
                                 -0.88   data arrival time
-----------------------------------------------------------------------------
                                  0.35   slack (MET)


Startpoint: _486_ (rising edge-triggered flip-flop clocked by clk)
Endpoint: _434_ (rising edge-triggered flip-flop clocked by clk)
Path Group: clk
Path Type: min

Fanout     Cap    Slew   Delay    Time   Description
-----------------------------------------------------------------------------
                          0.00    0.00   clock clk (rise edge)
                          0.00    0.00   clock source latency
                  0.04    0.03    0.03 ^ clk (in)
     1    0.01                           clk (net)
                  0.04    0.00    0.03 ^ clkbuf_0_clk/A (sky130_fd_sc_hd__clkbuf_16)
                  0.08    0.15    0.18 ^ clkbuf_0_clk/X (sky130_fd_sc_hd__clkbuf_16)
     8    0.06                           clknet_0_clk (net)
                  0.08    0.00    0.18 ^ clkbuf_3_2__f_clk/A (sky130_fd_sc_hd__clkbuf_16)
                  0.04    0.13    0.30 ^ clkbuf_3_2__f_clk/X (sky130_fd_sc_hd__clkbuf_16)
     8    0.01                           clknet_3_2__leaf_clk (net)
                  0.04    0.00    0.30 ^ _486_/CLK (sky130_fd_sc_hd__dfrtp_4)
                  0.08    0.40    0.70 ^ _486_/Q (sky130_fd_sc_hd__dfrtp_4)
     7    0.01                           u_am0.i_index[2] (net)
                  0.08    0.00    0.70 ^ _299_/A1 (sky130_fd_sc_hd__mux2_1)
                  0.04    0.12    0.82 ^ _299_/X (sky130_fd_sc_hd__mux2_1)
     1    0.00                           _139_ (net)
                  0.04    0.00    0.82 ^ _300_/A (sky130_fd_sc_hd__clkbuf_1)
                  0.04    0.07    0.88 ^ _300_/X (sky130_fd_sc_hd__clkbuf_1)
     1    0.00                           _014_ (net)
                  0.04    0.00    0.88 ^ _434_/D (sky130_fd_sc_hd__dfrtp_1)
                                  0.88   data arrival time

                          0.00    0.00   clock clk (rise edge)
                          0.00    0.00   clock source latency
                  0.04    0.03    0.03 ^ clk (in)
     1    0.01                           clk (net)
                  0.04    0.00    0.03 ^ clkbuf_0_clk/A (sky130_fd_sc_hd__clkbuf_16)
                  0.08    0.17    0.20 ^ clkbuf_0_clk/X (sky130_fd_sc_hd__clkbuf_16)
     8    0.06                           clknet_0_clk (net)
                  0.08    0.00    0.20 ^ clkbuf_3_6__f_clk/A (sky130_fd_sc_hd__clkbuf_16)
                  0.04    0.14    0.34 ^ clkbuf_3_6__f_clk/X (sky130_fd_sc_hd__clkbuf_16)
     8    0.01                           clknet_3_6__leaf_clk (net)
                  0.04    0.00    0.34 ^ _434_/CLK (sky130_fd_sc_hd__dfrtp_1)
                          0.25    0.59   clock uncertainty
                         -0.02    0.57   clock reconvergence pessimism
                         -0.03    0.53   library hold time
                                  0.53   data required time
-----------------------------------------------------------------------------
                                  0.53   data required time
                                 -0.88   data arrival time
-----------------------------------------------------------------------------
                                  0.35   slack (MET)


Startpoint: _485_ (rising edge-triggered flip-flop clocked by clk)
Endpoint: _424_ (rising edge-triggered flip-flop clocked by clk)
Path Group: clk
Path Type: min

Fanout     Cap    Slew   Delay    Time   Description
-----------------------------------------------------------------------------
                          0.00    0.00   clock clk (rise edge)
                          0.00    0.00   clock source latency
                  0.04    0.03    0.03 ^ clk (in)
     1    0.01                           clk (net)
                  0.04    0.00    0.03 ^ clkbuf_0_clk/A (sky130_fd_sc_hd__clkbuf_16)
                  0.08    0.15    0.18 ^ clkbuf_0_clk/X (sky130_fd_sc_hd__clkbuf_16)
     8    0.06                           clknet_0_clk (net)
                  0.08    0.00    0.18 ^ clkbuf_3_2__f_clk/A (sky130_fd_sc_hd__clkbuf_16)
                  0.04    0.13    0.30 ^ clkbuf_3_2__f_clk/X (sky130_fd_sc_hd__clkbuf_16)
     8    0.01                           clknet_3_2__leaf_clk (net)
                  0.04    0.00    0.30 ^ _485_/CLK (sky130_fd_sc_hd__dfrtp_4)
                  0.08    0.40    0.70 ^ _485_/Q (sky130_fd_sc_hd__dfrtp_4)
     7    0.01                           u_am0.i_index[1] (net)
                  0.08    0.00    0.70 ^ _269_/A1 (sky130_fd_sc_hd__mux2_1)
                  0.04    0.12    0.82 ^ _269_/X (sky130_fd_sc_hd__mux2_1)
     1    0.00                           _119_ (net)
                  0.04    0.00    0.82 ^ _270_/A (sky130_fd_sc_hd__clkbuf_1)
                  0.04    0.07    0.89 ^ _270_/X (sky130_fd_sc_hd__clkbuf_1)
     1    0.00                           _004_ (net)
                  0.04    0.00    0.89 ^ _424_/D (sky130_fd_sc_hd__dfrtp_1)
                                  0.89   data arrival time

                          0.00    0.00   clock clk (rise edge)
                          0.00    0.00   clock source latency
                  0.04    0.03    0.03 ^ clk (in)
     1    0.01                           clk (net)
                  0.04    0.00    0.03 ^ clkbuf_0_clk/A (sky130_fd_sc_hd__clkbuf_16)
                  0.08    0.17    0.20 ^ clkbuf_0_clk/X (sky130_fd_sc_hd__clkbuf_16)
     8    0.06                           clknet_0_clk (net)
                  0.08    0.00    0.20 ^ clkbuf_3_3__f_clk/A (sky130_fd_sc_hd__clkbuf_16)
                  0.04    0.14    0.34 ^ clkbuf_3_3__f_clk/X (sky130_fd_sc_hd__clkbuf_16)
     8    0.01                           clknet_3_3__leaf_clk (net)
                  0.04    0.00    0.34 ^ _424_/CLK (sky130_fd_sc_hd__dfrtp_1)
                          0.25    0.59   clock uncertainty
                         -0.02    0.57   clock reconvergence pessimism
                         -0.03    0.53   library hold time
                                  0.53   data required time
-----------------------------------------------------------------------------
                                  0.53   data required time
                                 -0.89   data arrival time
-----------------------------------------------------------------------------
                                  0.35   slack (MET)


Startpoint: _485_ (rising edge-triggered flip-flop clocked by clk)
Endpoint: _433_ (rising edge-triggered flip-flop clocked by clk)
Path Group: clk
Path Type: min

Fanout     Cap    Slew   Delay    Time   Description
-----------------------------------------------------------------------------
                          0.00    0.00   clock clk (rise edge)
                          0.00    0.00   clock source latency
                  0.04    0.03    0.03 ^ clk (in)
     1    0.01                           clk (net)
                  0.04    0.00    0.03 ^ clkbuf_0_clk/A (sky130_fd_sc_hd__clkbuf_16)
                  0.08    0.15    0.18 ^ clkbuf_0_clk/X (sky130_fd_sc_hd__clkbuf_16)
     8    0.06                           clknet_0_clk (net)
                  0.08    0.00    0.18 ^ clkbuf_3_2__f_clk/A (sky130_fd_sc_hd__clkbuf_16)
                  0.04    0.13    0.30 ^ clkbuf_3_2__f_clk/X (sky130_fd_sc_hd__clkbuf_16)
     8    0.01                           clknet_3_2__leaf_clk (net)
                  0.04    0.00    0.30 ^ _485_/CLK (sky130_fd_sc_hd__dfrtp_4)
                  0.08    0.40    0.70 ^ _485_/Q (sky130_fd_sc_hd__dfrtp_4)
     7    0.01                           u_am0.i_index[1] (net)
                  0.08    0.00    0.70 ^ _297_/A1 (sky130_fd_sc_hd__mux2_1)
                  0.04    0.12    0.82 ^ _297_/X (sky130_fd_sc_hd__mux2_1)
     1    0.00                           _138_ (net)
                  0.04    0.00    0.82 ^ _298_/A (sky130_fd_sc_hd__clkbuf_1)
                  0.04    0.07    0.89 ^ _298_/X (sky130_fd_sc_hd__clkbuf_1)
     1    0.00                           _013_ (net)
                  0.04    0.00    0.89 ^ _433_/D (sky130_fd_sc_hd__dfrtp_1)
                                  0.89   data arrival time

                          0.00    0.00   clock clk (rise edge)
                          0.00    0.00   clock source latency
                  0.04    0.03    0.03 ^ clk (in)
     1    0.01                           clk (net)
                  0.04    0.00    0.03 ^ clkbuf_0_clk/A (sky130_fd_sc_hd__clkbuf_16)
                  0.08    0.17    0.20 ^ clkbuf_0_clk/X (sky130_fd_sc_hd__clkbuf_16)
     8    0.06                           clknet_0_clk (net)
                  0.08    0.00    0.20 ^ clkbuf_3_6__f_clk/A (sky130_fd_sc_hd__clkbuf_16)
                  0.04    0.14    0.34 ^ clkbuf_3_6__f_clk/X (sky130_fd_sc_hd__clkbuf_16)
     8    0.01                           clknet_3_6__leaf_clk (net)
                  0.04    0.00    0.34 ^ _433_/CLK (sky130_fd_sc_hd__dfrtp_1)
                          0.25    0.59   clock uncertainty
                         -0.02    0.57   clock reconvergence pessimism
                         -0.03    0.53   library hold time
                                  0.53   data required time
-----------------------------------------------------------------------------
                                  0.53   data required time
                                 -0.89   data arrival time
-----------------------------------------------------------------------------
                                  0.35   slack (MET)


Startpoint: _484_ (rising edge-triggered flip-flop clocked by clk)
Endpoint: _450_ (rising edge-triggered flip-flop clocked by clk)
Path Group: clk
Path Type: min

Fanout     Cap    Slew   Delay    Time   Description
-----------------------------------------------------------------------------
                          0.00    0.00   clock clk (rise edge)
                          0.00    0.00   clock source latency
                  0.04    0.03    0.03 ^ clk (in)
     1    0.01                           clk (net)
                  0.04    0.00    0.03 ^ clkbuf_0_clk/A (sky130_fd_sc_hd__clkbuf_16)
                  0.08    0.15    0.18 ^ clkbuf_0_clk/X (sky130_fd_sc_hd__clkbuf_16)
     8    0.06                           clknet_0_clk (net)
                  0.08    0.00    0.18 ^ clkbuf_3_2__f_clk/A (sky130_fd_sc_hd__clkbuf_16)
                  0.04    0.13    0.30 ^ clkbuf_3_2__f_clk/X (sky130_fd_sc_hd__clkbuf_16)
     8    0.01                           clknet_3_2__leaf_clk (net)
                  0.04    0.00    0.30 ^ _484_/CLK (sky130_fd_sc_hd__dfrtp_4)
                  0.08    0.40    0.71 ^ _484_/Q (sky130_fd_sc_hd__dfrtp_4)
     8    0.02                           u_am0.i_index[0] (net)
                  0.08    0.00    0.71 ^ _340_/A1 (sky130_fd_sc_hd__mux2_1)
                  0.04    0.12    0.82 ^ _340_/X (sky130_fd_sc_hd__mux2_1)
     1    0.00                           _164_ (net)
                  0.04    0.00    0.82 ^ _341_/A (sky130_fd_sc_hd__clkbuf_1)
                  0.04    0.07    0.89 ^ _341_/X (sky130_fd_sc_hd__clkbuf_1)
     1    0.00                           _030_ (net)
                  0.04    0.00    0.89 ^ _450_/D (sky130_fd_sc_hd__dfrtp_1)
                                  0.89   data arrival time

                          0.00    0.00   clock clk (rise edge)
                          0.00    0.00   clock source latency
                  0.04    0.03    0.03 ^ clk (in)
     1    0.01                           clk (net)
                  0.04    0.00    0.03 ^ clkbuf_0_clk/A (sky130_fd_sc_hd__clkbuf_16)
                  0.08    0.17    0.20 ^ clkbuf_0_clk/X (sky130_fd_sc_hd__clkbuf_16)
     8    0.06                           clknet_0_clk (net)
                  0.08    0.00    0.20 ^ clkbuf_3_0__f_clk/A (sky130_fd_sc_hd__clkbuf_16)
                  0.04    0.15    0.34 ^ clkbuf_3_0__f_clk/X (sky130_fd_sc_hd__clkbuf_16)
    11    0.02                           clknet_3_0__leaf_clk (net)
                  0.04    0.00    0.34 ^ _450_/CLK (sky130_fd_sc_hd__dfrtp_1)
                          0.25    0.59   clock uncertainty
                         -0.02    0.57   clock reconvergence pessimism
                         -0.03    0.54   library hold time
                                  0.54   data required time
-----------------------------------------------------------------------------
                                  0.54   data required time
                                 -0.89   data arrival time
-----------------------------------------------------------------------------
                                  0.35   slack (MET)


Startpoint: _484_ (rising edge-triggered flip-flop clocked by clk)
Endpoint: _432_ (rising edge-triggered flip-flop clocked by clk)
Path Group: clk
Path Type: min

Fanout     Cap    Slew   Delay    Time   Description
-----------------------------------------------------------------------------
                          0.00    0.00   clock clk (rise edge)
                          0.00    0.00   clock source latency
                  0.04    0.03    0.03 ^ clk (in)
     1    0.01                           clk (net)
                  0.04    0.00    0.03 ^ clkbuf_0_clk/A (sky130_fd_sc_hd__clkbuf_16)
                  0.08    0.15    0.18 ^ clkbuf_0_clk/X (sky130_fd_sc_hd__clkbuf_16)
     8    0.06                           clknet_0_clk (net)
                  0.08    0.00    0.18 ^ clkbuf_3_2__f_clk/A (sky130_fd_sc_hd__clkbuf_16)
                  0.04    0.13    0.30 ^ clkbuf_3_2__f_clk/X (sky130_fd_sc_hd__clkbuf_16)
     8    0.01                           clknet_3_2__leaf_clk (net)
                  0.04    0.00    0.30 ^ _484_/CLK (sky130_fd_sc_hd__dfrtp_4)
                  0.08    0.40    0.71 ^ _484_/Q (sky130_fd_sc_hd__dfrtp_4)
     8    0.02                           u_am0.i_index[0] (net)
                  0.08    0.00    0.71 ^ _295_/A1 (sky130_fd_sc_hd__mux2_1)
                  0.04    0.12    0.82 ^ _295_/X (sky130_fd_sc_hd__mux2_1)
     1    0.00                           _137_ (net)
                  0.04    0.00    0.82 ^ _296_/A (sky130_fd_sc_hd__clkbuf_1)
                  0.04    0.07    0.89 ^ _296_/X (sky130_fd_sc_hd__clkbuf_1)
     1    0.00                           _012_ (net)
                  0.04    0.00    0.89 ^ _432_/D (sky130_fd_sc_hd__dfrtp_1)
                                  0.89   data arrival time

                          0.00    0.00   clock clk (rise edge)
                          0.00    0.00   clock source latency
                  0.04    0.03    0.03 ^ clk (in)
     1    0.01                           clk (net)
                  0.04    0.00    0.03 ^ clkbuf_0_clk/A (sky130_fd_sc_hd__clkbuf_16)
                  0.08    0.17    0.20 ^ clkbuf_0_clk/X (sky130_fd_sc_hd__clkbuf_16)
     8    0.06                           clknet_0_clk (net)
                  0.08    0.00    0.20 ^ clkbuf_3_7__f_clk/A (sky130_fd_sc_hd__clkbuf_16)
                  0.04    0.15    0.34 ^ clkbuf_3_7__f_clk/X (sky130_fd_sc_hd__clkbuf_16)
    11    0.02                           clknet_3_7__leaf_clk (net)
                  0.04    0.00    0.34 ^ _432_/CLK (sky130_fd_sc_hd__dfrtp_1)
                          0.25    0.59   clock uncertainty
                         -0.02    0.57   clock reconvergence pessimism
                         -0.03    0.54   library hold time
                                  0.54   data required time
-----------------------------------------------------------------------------
                                  0.54   data required time
                                 -0.89   data arrival time
-----------------------------------------------------------------------------
                                  0.35   slack (MET)


Startpoint: _486_ (rising edge-triggered flip-flop clocked by clk)
Endpoint: _440_ (rising edge-triggered flip-flop clocked by clk)
Path Group: clk
Path Type: min

Fanout     Cap    Slew   Delay    Time   Description
-----------------------------------------------------------------------------
                          0.00    0.00   clock clk (rise edge)
                          0.00    0.00   clock source latency
                  0.04    0.03    0.03 ^ clk (in)
     1    0.01                           clk (net)
                  0.04    0.00    0.03 ^ clkbuf_0_clk/A (sky130_fd_sc_hd__clkbuf_16)
                  0.08    0.15    0.18 ^ clkbuf_0_clk/X (sky130_fd_sc_hd__clkbuf_16)
     8    0.06                           clknet_0_clk (net)
                  0.08    0.00    0.18 ^ clkbuf_3_2__f_clk/A (sky130_fd_sc_hd__clkbuf_16)
                  0.04    0.13    0.30 ^ clkbuf_3_2__f_clk/X (sky130_fd_sc_hd__clkbuf_16)
     8    0.01                           clknet_3_2__leaf_clk (net)
                  0.04    0.00    0.30 ^ _486_/CLK (sky130_fd_sc_hd__dfrtp_4)
                  0.08    0.40    0.70 ^ _486_/Q (sky130_fd_sc_hd__dfrtp_4)
     7    0.01                           u_am0.i_index[2] (net)
                  0.08    0.00    0.70 ^ _316_/A1 (sky130_fd_sc_hd__mux2_1)
                  0.04    0.12    0.82 ^ _316_/X (sky130_fd_sc_hd__mux2_1)
     1    0.00                           _150_ (net)
                  0.04    0.00    0.82 ^ _317_/A (sky130_fd_sc_hd__clkbuf_1)
                  0.04    0.07    0.88 ^ _317_/X (sky130_fd_sc_hd__clkbuf_1)
     1    0.00                           _020_ (net)
                  0.04    0.00    0.88 ^ _440_/D (sky130_fd_sc_hd__dfrtp_1)
                                  0.88   data arrival time

                          0.00    0.00   clock clk (rise edge)
                          0.00    0.00   clock source latency
                  0.04    0.03    0.03 ^ clk (in)
     1    0.01                           clk (net)
                  0.04    0.00    0.03 ^ clkbuf_0_clk/A (sky130_fd_sc_hd__clkbuf_16)
                  0.08    0.17    0.20 ^ clkbuf_0_clk/X (sky130_fd_sc_hd__clkbuf_16)
     8    0.06                           clknet_0_clk (net)
                  0.08    0.00    0.20 ^ clkbuf_3_4__f_clk/A (sky130_fd_sc_hd__clkbuf_16)
                  0.03    0.14    0.33 ^ clkbuf_3_4__f_clk/X (sky130_fd_sc_hd__clkbuf_16)
     6    0.01                           clknet_3_4__leaf_clk (net)
                  0.03    0.00    0.33 ^ _440_/CLK (sky130_fd_sc_hd__dfrtp_1)
                          0.25    0.58   clock uncertainty
                         -0.02    0.56   clock reconvergence pessimism
                         -0.03    0.53   library hold time
                                  0.53   data required time
-----------------------------------------------------------------------------
                                  0.53   data required time
                                 -0.88   data arrival time
-----------------------------------------------------------------------------
                                  0.35   slack (MET)


Startpoint: _486_ (rising edge-triggered flip-flop clocked by clk)
Endpoint: _446_ (rising edge-triggered flip-flop clocked by clk)
Path Group: clk
Path Type: min

Fanout     Cap    Slew   Delay    Time   Description
-----------------------------------------------------------------------------
                          0.00    0.00   clock clk (rise edge)
                          0.00    0.00   clock source latency
                  0.04    0.03    0.03 ^ clk (in)
     1    0.01                           clk (net)
                  0.04    0.00    0.03 ^ clkbuf_0_clk/A (sky130_fd_sc_hd__clkbuf_16)
                  0.08    0.15    0.18 ^ clkbuf_0_clk/X (sky130_fd_sc_hd__clkbuf_16)
     8    0.06                           clknet_0_clk (net)
                  0.08    0.00    0.18 ^ clkbuf_3_2__f_clk/A (sky130_fd_sc_hd__clkbuf_16)
                  0.04    0.13    0.30 ^ clkbuf_3_2__f_clk/X (sky130_fd_sc_hd__clkbuf_16)
     8    0.01                           clknet_3_2__leaf_clk (net)
                  0.04    0.00    0.30 ^ _486_/CLK (sky130_fd_sc_hd__dfrtp_4)
                  0.08    0.40    0.70 ^ _486_/Q (sky130_fd_sc_hd__dfrtp_4)
     7    0.01                           u_am0.i_index[2] (net)
                  0.08    0.00    0.70 ^ _333_/A1 (sky130_fd_sc_hd__mux2_1)
                  0.04    0.12    0.82 ^ _333_/X (sky130_fd_sc_hd__mux2_1)
     1    0.00                           _161_ (net)
                  0.04    0.00    0.82 ^ _334_/A (sky130_fd_sc_hd__clkbuf_1)
                  0.04    0.07    0.88 ^ _334_/X (sky130_fd_sc_hd__clkbuf_1)
     1    0.00                           _026_ (net)
                  0.04    0.00    0.88 ^ _446_/D (sky130_fd_sc_hd__dfrtp_1)
                                  0.88   data arrival time

                          0.00    0.00   clock clk (rise edge)
                          0.00    0.00   clock source latency
                  0.04    0.03    0.03 ^ clk (in)
     1    0.01                           clk (net)
                  0.04    0.00    0.03 ^ clkbuf_0_clk/A (sky130_fd_sc_hd__clkbuf_16)
                  0.08    0.17    0.20 ^ clkbuf_0_clk/X (sky130_fd_sc_hd__clkbuf_16)
     8    0.06                           clknet_0_clk (net)
                  0.08    0.00    0.20 ^ clkbuf_3_1__f_clk/A (sky130_fd_sc_hd__clkbuf_16)
                  0.03    0.14    0.33 ^ clkbuf_3_1__f_clk/X (sky130_fd_sc_hd__clkbuf_16)
     6    0.01                           clknet_3_1__leaf_clk (net)
                  0.03    0.00    0.33 ^ _446_/CLK (sky130_fd_sc_hd__dfrtp_1)
                          0.25    0.58   clock uncertainty
                         -0.02    0.56   clock reconvergence pessimism
                         -0.03    0.53   library hold time
                                  0.53   data required time
-----------------------------------------------------------------------------
                                  0.53   data required time
                                 -0.88   data arrival time
-----------------------------------------------------------------------------
                                  0.35   slack (MET)


Startpoint: _485_ (rising edge-triggered flip-flop clocked by clk)
Endpoint: _439_ (rising edge-triggered flip-flop clocked by clk)
Path Group: clk
Path Type: min

Fanout     Cap    Slew   Delay    Time   Description
-----------------------------------------------------------------------------
                          0.00    0.00   clock clk (rise edge)
                          0.00    0.00   clock source latency
                  0.04    0.03    0.03 ^ clk (in)
     1    0.01                           clk (net)
                  0.04    0.00    0.03 ^ clkbuf_0_clk/A (sky130_fd_sc_hd__clkbuf_16)
                  0.08    0.15    0.18 ^ clkbuf_0_clk/X (sky130_fd_sc_hd__clkbuf_16)
     8    0.06                           clknet_0_clk (net)
                  0.08    0.00    0.18 ^ clkbuf_3_2__f_clk/A (sky130_fd_sc_hd__clkbuf_16)
                  0.04    0.13    0.30 ^ clkbuf_3_2__f_clk/X (sky130_fd_sc_hd__clkbuf_16)
     8    0.01                           clknet_3_2__leaf_clk (net)
                  0.04    0.00    0.30 ^ _485_/CLK (sky130_fd_sc_hd__dfrtp_4)
                  0.08    0.40    0.70 ^ _485_/Q (sky130_fd_sc_hd__dfrtp_4)
     7    0.01                           u_am0.i_index[1] (net)
                  0.08    0.00    0.70 ^ _314_/A1 (sky130_fd_sc_hd__mux2_1)
                  0.04    0.12    0.82 ^ _314_/X (sky130_fd_sc_hd__mux2_1)
     1    0.00                           _149_ (net)
                  0.04    0.00    0.82 ^ _315_/A (sky130_fd_sc_hd__clkbuf_1)
                  0.04    0.07    0.89 ^ _315_/X (sky130_fd_sc_hd__clkbuf_1)
     1    0.00                           _019_ (net)
                  0.04    0.00    0.89 ^ _439_/D (sky130_fd_sc_hd__dfrtp_1)
                                  0.89   data arrival time

                          0.00    0.00   clock clk (rise edge)
                          0.00    0.00   clock source latency
                  0.04    0.03    0.03 ^ clk (in)
     1    0.01                           clk (net)
                  0.04    0.00    0.03 ^ clkbuf_0_clk/A (sky130_fd_sc_hd__clkbuf_16)
                  0.08    0.17    0.20 ^ clkbuf_0_clk/X (sky130_fd_sc_hd__clkbuf_16)
     8    0.06                           clknet_0_clk (net)
                  0.08    0.00    0.20 ^ clkbuf_3_4__f_clk/A (sky130_fd_sc_hd__clkbuf_16)
                  0.03    0.14    0.33 ^ clkbuf_3_4__f_clk/X (sky130_fd_sc_hd__clkbuf_16)
     6    0.01                           clknet_3_4__leaf_clk (net)
                  0.03    0.00    0.33 ^ _439_/CLK (sky130_fd_sc_hd__dfrtp_1)
                          0.25    0.58   clock uncertainty
                         -0.02    0.56   clock reconvergence pessimism
                         -0.03    0.53   library hold time
                                  0.53   data required time
-----------------------------------------------------------------------------
                                  0.53   data required time
                                 -0.89   data arrival time
-----------------------------------------------------------------------------
                                  0.36   slack (MET)


Startpoint: _485_ (rising edge-triggered flip-flop clocked by clk)
Endpoint: _445_ (rising edge-triggered flip-flop clocked by clk)
Path Group: clk
Path Type: min

Fanout     Cap    Slew   Delay    Time   Description
-----------------------------------------------------------------------------
                          0.00    0.00   clock clk (rise edge)
                          0.00    0.00   clock source latency
                  0.04    0.03    0.03 ^ clk (in)
     1    0.01                           clk (net)
                  0.04    0.00    0.03 ^ clkbuf_0_clk/A (sky130_fd_sc_hd__clkbuf_16)
                  0.08    0.15    0.18 ^ clkbuf_0_clk/X (sky130_fd_sc_hd__clkbuf_16)
     8    0.06                           clknet_0_clk (net)
                  0.08    0.00    0.18 ^ clkbuf_3_2__f_clk/A (sky130_fd_sc_hd__clkbuf_16)
                  0.04    0.13    0.30 ^ clkbuf_3_2__f_clk/X (sky130_fd_sc_hd__clkbuf_16)
     8    0.01                           clknet_3_2__leaf_clk (net)
                  0.04    0.00    0.30 ^ _485_/CLK (sky130_fd_sc_hd__dfrtp_4)
                  0.08    0.40    0.70 ^ _485_/Q (sky130_fd_sc_hd__dfrtp_4)
     7    0.01                           u_am0.i_index[1] (net)
                  0.08    0.00    0.70 ^ _331_/A1 (sky130_fd_sc_hd__mux2_1)
                  0.04    0.12    0.82 ^ _331_/X (sky130_fd_sc_hd__mux2_1)
     1    0.00                           _160_ (net)
                  0.04    0.00    0.82 ^ _332_/A (sky130_fd_sc_hd__clkbuf_1)
                  0.04    0.07    0.89 ^ _332_/X (sky130_fd_sc_hd__clkbuf_1)
     1    0.00                           _025_ (net)
                  0.04    0.00    0.89 ^ _445_/D (sky130_fd_sc_hd__dfrtp_1)
                                  0.89   data arrival time

                          0.00    0.00   clock clk (rise edge)
                          0.00    0.00   clock source latency
                  0.04    0.03    0.03 ^ clk (in)
     1    0.01                           clk (net)
                  0.04    0.00    0.03 ^ clkbuf_0_clk/A (sky130_fd_sc_hd__clkbuf_16)
                  0.08    0.17    0.20 ^ clkbuf_0_clk/X (sky130_fd_sc_hd__clkbuf_16)
     8    0.06                           clknet_0_clk (net)
                  0.08    0.00    0.20 ^ clkbuf_3_1__f_clk/A (sky130_fd_sc_hd__clkbuf_16)
                  0.03    0.14    0.33 ^ clkbuf_3_1__f_clk/X (sky130_fd_sc_hd__clkbuf_16)
     6    0.01                           clknet_3_1__leaf_clk (net)
                  0.03    0.00    0.33 ^ _445_/CLK (sky130_fd_sc_hd__dfrtp_1)
                          0.25    0.58   clock uncertainty
                         -0.02    0.56   clock reconvergence pessimism
                         -0.03    0.53   library hold time
                                  0.53   data required time
-----------------------------------------------------------------------------
                                  0.53   data required time
                                 -0.89   data arrival time
-----------------------------------------------------------------------------
                                  0.36   slack (MET)


Startpoint: _484_ (rising edge-triggered flip-flop clocked by clk)
Endpoint: _423_ (rising edge-triggered flip-flop clocked by clk)
Path Group: clk
Path Type: min

Fanout     Cap    Slew   Delay    Time   Description
-----------------------------------------------------------------------------
                          0.00    0.00   clock clk (rise edge)
                          0.00    0.00   clock source latency
                  0.04    0.03    0.03 ^ clk (in)
     1    0.01                           clk (net)
                  0.04    0.00    0.03 ^ clkbuf_0_clk/A (sky130_fd_sc_hd__clkbuf_16)
                  0.08    0.15    0.18 ^ clkbuf_0_clk/X (sky130_fd_sc_hd__clkbuf_16)
     8    0.06                           clknet_0_clk (net)
                  0.08    0.00    0.18 ^ clkbuf_3_2__f_clk/A (sky130_fd_sc_hd__clkbuf_16)
                  0.04    0.13    0.30 ^ clkbuf_3_2__f_clk/X (sky130_fd_sc_hd__clkbuf_16)
     8    0.01                           clknet_3_2__leaf_clk (net)
                  0.04    0.00    0.30 ^ _484_/CLK (sky130_fd_sc_hd__dfrtp_4)
                  0.08    0.40    0.71 ^ _484_/Q (sky130_fd_sc_hd__dfrtp_4)
     8    0.02                           u_am0.i_index[0] (net)
                  0.08    0.00    0.71 ^ _267_/A1 (sky130_fd_sc_hd__mux2_1)
                  0.04    0.12    0.82 ^ _267_/X (sky130_fd_sc_hd__mux2_1)
     1    0.00                           _118_ (net)
                  0.04    0.00    0.82 ^ _268_/A (sky130_fd_sc_hd__clkbuf_1)
                  0.04    0.07    0.89 ^ _268_/X (sky130_fd_sc_hd__clkbuf_1)
     1    0.00                           _003_ (net)
                  0.04    0.00    0.89 ^ _423_/D (sky130_fd_sc_hd__dfrtp_1)
                                  0.89   data arrival time

                          0.00    0.00   clock clk (rise edge)
                          0.00    0.00   clock source latency
                  0.04    0.03    0.03 ^ clk (in)
     1    0.01                           clk (net)
                  0.04    0.00    0.03 ^ clkbuf_0_clk/A (sky130_fd_sc_hd__clkbuf_16)
                  0.08    0.17    0.20 ^ clkbuf_0_clk/X (sky130_fd_sc_hd__clkbuf_16)
     8    0.06                           clknet_0_clk (net)
                  0.08    0.00    0.20 ^ clkbuf_3_3__f_clk/A (sky130_fd_sc_hd__clkbuf_16)
                  0.04    0.14    0.34 ^ clkbuf_3_3__f_clk/X (sky130_fd_sc_hd__clkbuf_16)
     8    0.01                           clknet_3_3__leaf_clk (net)
                  0.04    0.00    0.34 ^ _423_/CLK (sky130_fd_sc_hd__dfrtp_1)
                          0.25    0.59   clock uncertainty
                         -0.02    0.57   clock reconvergence pessimism
                         -0.03    0.53   library hold time
                                  0.53   data required time
-----------------------------------------------------------------------------
                                  0.53   data required time
                                 -0.89   data arrival time
-----------------------------------------------------------------------------
                                  0.36   slack (MET)


Startpoint: _481_ (rising edge-triggered flip-flop clocked by clk)
Endpoint: _481_ (rising edge-triggered flip-flop clocked by clk)
Path Group: clk
Path Type: min

Fanout     Cap    Slew   Delay    Time   Description
-----------------------------------------------------------------------------
                          0.00    0.00   clock clk (rise edge)
                          0.00    0.00   clock source latency
                  0.04    0.03    0.03 ^ clk (in)
     1    0.01                           clk (net)
                  0.04    0.00    0.03 ^ clkbuf_0_clk/A (sky130_fd_sc_hd__clkbuf_16)
                  0.08    0.15    0.18 ^ clkbuf_0_clk/X (sky130_fd_sc_hd__clkbuf_16)
     8    0.06                           clknet_0_clk (net)
                  0.08    0.00    0.18 ^ clkbuf_3_4__f_clk/A (sky130_fd_sc_hd__clkbuf_16)
                  0.03    0.12    0.30 ^ clkbuf_3_4__f_clk/X (sky130_fd_sc_hd__clkbuf_16)
     6    0.01                           clknet_3_4__leaf_clk (net)
                  0.03    0.00    0.30 ^ _481_/CLK (sky130_fd_sc_hd__dfrtp_1)
                  0.08    0.32    0.62 ^ _481_/Q (sky130_fd_sc_hd__dfrtp_1)
     3    0.01                           u_sort.valid_reg[2] (net)
                  0.08    0.00    0.62 ^ _408_/B1 (sky130_fd_sc_hd__o31a_1)
                  0.03    0.11    0.73 ^ _408_/X (sky130_fd_sc_hd__o31a_1)
     1    0.00                           _203_ (net)
                  0.03    0.00    0.73 ^ _409_/B (sky130_fd_sc_hd__or2_1)
                  0.04    0.08    0.81 ^ _409_/X (sky130_fd_sc_hd__or2_1)
     1    0.00                           _204_ (net)
                  0.04    0.00    0.81 ^ _410_/A (sky130_fd_sc_hd__clkbuf_1)
                  0.04    0.07    0.88 ^ _410_/X (sky130_fd_sc_hd__clkbuf_1)
     1    0.00                           _059_ (net)
                  0.04    0.00    0.88 ^ _481_/D (sky130_fd_sc_hd__dfrtp_1)
                                  0.88   data arrival time

                          0.00    0.00   clock clk (rise edge)
                          0.00    0.00   clock source latency
                  0.04    0.03    0.03 ^ clk (in)
     1    0.01                           clk (net)
                  0.04    0.00    0.03 ^ clkbuf_0_clk/A (sky130_fd_sc_hd__clkbuf_16)
                  0.08    0.17    0.20 ^ clkbuf_0_clk/X (sky130_fd_sc_hd__clkbuf_16)
     8    0.06                           clknet_0_clk (net)
                  0.08    0.00    0.20 ^ clkbuf_3_4__f_clk/A (sky130_fd_sc_hd__clkbuf_16)
                  0.03    0.14    0.33 ^ clkbuf_3_4__f_clk/X (sky130_fd_sc_hd__clkbuf_16)
     6    0.01                           clknet_3_4__leaf_clk (net)
                  0.03    0.00    0.33 ^ _481_/CLK (sky130_fd_sc_hd__dfrtp_1)
                          0.25    0.58   clock uncertainty
                         -0.03    0.55   clock reconvergence pessimism
                         -0.03    0.52   library hold time
                                  0.52   data required time
-----------------------------------------------------------------------------
                                  0.52   data required time
                                 -0.88   data arrival time
-----------------------------------------------------------------------------
                                  0.36   slack (MET)


Startpoint: _484_ (rising edge-triggered flip-flop clocked by clk)
Endpoint: _438_ (rising edge-triggered flip-flop clocked by clk)
Path Group: clk
Path Type: min

Fanout     Cap    Slew   Delay    Time   Description
-----------------------------------------------------------------------------
                          0.00    0.00   clock clk (rise edge)
                          0.00    0.00   clock source latency
                  0.04    0.03    0.03 ^ clk (in)
     1    0.01                           clk (net)
                  0.04    0.00    0.03 ^ clkbuf_0_clk/A (sky130_fd_sc_hd__clkbuf_16)
                  0.08    0.15    0.18 ^ clkbuf_0_clk/X (sky130_fd_sc_hd__clkbuf_16)
     8    0.06                           clknet_0_clk (net)
                  0.08    0.00    0.18 ^ clkbuf_3_2__f_clk/A (sky130_fd_sc_hd__clkbuf_16)
                  0.04    0.13    0.30 ^ clkbuf_3_2__f_clk/X (sky130_fd_sc_hd__clkbuf_16)
     8    0.01                           clknet_3_2__leaf_clk (net)
                  0.04    0.00    0.30 ^ _484_/CLK (sky130_fd_sc_hd__dfrtp_4)
                  0.08    0.40    0.71 ^ _484_/Q (sky130_fd_sc_hd__dfrtp_4)
     8    0.02                           u_am0.i_index[0] (net)
                  0.08    0.00    0.71 ^ _312_/A1 (sky130_fd_sc_hd__mux2_1)
                  0.04    0.12    0.82 ^ _312_/X (sky130_fd_sc_hd__mux2_1)
     1    0.00                           _148_ (net)
                  0.04    0.00    0.82 ^ _313_/A (sky130_fd_sc_hd__clkbuf_1)
                  0.04    0.07    0.89 ^ _313_/X (sky130_fd_sc_hd__clkbuf_1)
     1    0.00                           _018_ (net)
                  0.04    0.00    0.89 ^ _438_/D (sky130_fd_sc_hd__dfrtp_1)
                                  0.89   data arrival time

                          0.00    0.00   clock clk (rise edge)
                          0.00    0.00   clock source latency
                  0.04    0.03    0.03 ^ clk (in)
     1    0.01                           clk (net)
                  0.04    0.00    0.03 ^ clkbuf_0_clk/A (sky130_fd_sc_hd__clkbuf_16)
                  0.08    0.17    0.20 ^ clkbuf_0_clk/X (sky130_fd_sc_hd__clkbuf_16)
     8    0.06                           clknet_0_clk (net)
                  0.08    0.00    0.20 ^ clkbuf_3_5__f_clk/A (sky130_fd_sc_hd__clkbuf_16)
                  0.04    0.14    0.33 ^ clkbuf_3_5__f_clk/X (sky130_fd_sc_hd__clkbuf_16)
     7    0.01                           clknet_3_5__leaf_clk (net)
                  0.04    0.00    0.33 ^ _438_/CLK (sky130_fd_sc_hd__dfrtp_1)
                          0.25    0.58   clock uncertainty
                         -0.02    0.57   clock reconvergence pessimism
                         -0.03    0.53   library hold time
                                  0.53   data required time
-----------------------------------------------------------------------------
                                  0.53   data required time
                                 -0.89   data arrival time
-----------------------------------------------------------------------------
                                  0.36   slack (MET)


Startpoint: _484_ (rising edge-triggered flip-flop clocked by clk)
Endpoint: _444_ (rising edge-triggered flip-flop clocked by clk)
Path Group: clk
Path Type: min

Fanout     Cap    Slew   Delay    Time   Description
-----------------------------------------------------------------------------
                          0.00    0.00   clock clk (rise edge)
                          0.00    0.00   clock source latency
                  0.04    0.03    0.03 ^ clk (in)
     1    0.01                           clk (net)
                  0.04    0.00    0.03 ^ clkbuf_0_clk/A (sky130_fd_sc_hd__clkbuf_16)
                  0.08    0.15    0.18 ^ clkbuf_0_clk/X (sky130_fd_sc_hd__clkbuf_16)
     8    0.06                           clknet_0_clk (net)
                  0.08    0.00    0.18 ^ clkbuf_3_2__f_clk/A (sky130_fd_sc_hd__clkbuf_16)
                  0.04    0.13    0.30 ^ clkbuf_3_2__f_clk/X (sky130_fd_sc_hd__clkbuf_16)
     8    0.01                           clknet_3_2__leaf_clk (net)
                  0.04    0.00    0.30 ^ _484_/CLK (sky130_fd_sc_hd__dfrtp_4)
                  0.08    0.40    0.71 ^ _484_/Q (sky130_fd_sc_hd__dfrtp_4)
     8    0.02                           u_am0.i_index[0] (net)
                  0.08    0.00    0.71 ^ _329_/A1 (sky130_fd_sc_hd__mux2_1)
                  0.04    0.12    0.82 ^ _329_/X (sky130_fd_sc_hd__mux2_1)
     1    0.00                           _159_ (net)
                  0.04    0.00    0.82 ^ _330_/A (sky130_fd_sc_hd__clkbuf_1)
                  0.04    0.07    0.89 ^ _330_/X (sky130_fd_sc_hd__clkbuf_1)
     1    0.00                           _024_ (net)
                  0.04    0.00    0.89 ^ _444_/D (sky130_fd_sc_hd__dfrtp_1)
                                  0.89   data arrival time

                          0.00    0.00   clock clk (rise edge)
                          0.00    0.00   clock source latency
                  0.04    0.03    0.03 ^ clk (in)
     1    0.01                           clk (net)
                  0.04    0.00    0.03 ^ clkbuf_0_clk/A (sky130_fd_sc_hd__clkbuf_16)
                  0.08    0.17    0.20 ^ clkbuf_0_clk/X (sky130_fd_sc_hd__clkbuf_16)
     8    0.06                           clknet_0_clk (net)
                  0.08    0.00    0.20 ^ clkbuf_3_1__f_clk/A (sky130_fd_sc_hd__clkbuf_16)
                  0.03    0.14    0.33 ^ clkbuf_3_1__f_clk/X (sky130_fd_sc_hd__clkbuf_16)
     6    0.01                           clknet_3_1__leaf_clk (net)
                  0.03    0.00    0.33 ^ _444_/CLK (sky130_fd_sc_hd__dfrtp_1)
                          0.25    0.58   clock uncertainty
                         -0.02    0.56   clock reconvergence pessimism
                         -0.03    0.53   library hold time
                                  0.53   data required time
-----------------------------------------------------------------------------
                                  0.53   data required time
                                 -0.89   data arrival time
-----------------------------------------------------------------------------
                                  0.36   slack (MET)


Startpoint: _483_ (rising edge-triggered flip-flop clocked by clk)
Endpoint: _483_ (rising edge-triggered flip-flop clocked by clk)
Path Group: clk
Path Type: min

Fanout     Cap    Slew   Delay    Time   Description
-----------------------------------------------------------------------------
                          0.00    0.00   clock clk (rise edge)
                          0.00    0.00   clock source latency
                  0.04    0.03    0.03 ^ clk (in)
     1    0.01                           clk (net)
                  0.04    0.00    0.03 ^ clkbuf_0_clk/A (sky130_fd_sc_hd__clkbuf_16)
                  0.08    0.15    0.18 ^ clkbuf_0_clk/X (sky130_fd_sc_hd__clkbuf_16)
     8    0.06                           clknet_0_clk (net)
                  0.08    0.00    0.18 ^ clkbuf_3_6__f_clk/A (sky130_fd_sc_hd__clkbuf_16)
                  0.04    0.13    0.30 ^ clkbuf_3_6__f_clk/X (sky130_fd_sc_hd__clkbuf_16)
     8    0.01                           clknet_3_6__leaf_clk (net)
                  0.04    0.00    0.30 ^ _483_/CLK (sky130_fd_sc_hd__dfrtp_1)
                  0.06    0.31    0.61 ^ _483_/Q (sky130_fd_sc_hd__dfrtp_1)
     1    0.00                           u_sort.valid_reg[4] (net)
                  0.06    0.00    0.61 ^ _216_/A (sky130_fd_sc_hd__inv_2)
                  0.03    0.04    0.65 v _216_/Y (sky130_fd_sc_hd__inv_2)
     3    0.01                           _069_ (net)
                  0.03    0.00    0.65 v _414_/B1 (sky130_fd_sc_hd__a21oi_1)
                  0.07    0.08    0.73 ^ _414_/Y (sky130_fd_sc_hd__a21oi_1)
     1    0.00                           _207_ (net)
                  0.07    0.00    0.73 ^ _415_/B (sky130_fd_sc_hd__or2_1)
                  0.04    0.09    0.82 ^ _415_/X (sky130_fd_sc_hd__or2_1)
     1    0.00                           _208_ (net)
                  0.04    0.00    0.82 ^ _416_/A (sky130_fd_sc_hd__clkbuf_1)
                  0.04    0.07    0.88 ^ _416_/X (sky130_fd_sc_hd__clkbuf_1)
     1    0.00                           _061_ (net)
                  0.04    0.00    0.88 ^ _483_/D (sky130_fd_sc_hd__dfrtp_1)
                                  0.88   data arrival time

                          0.00    0.00   clock clk (rise edge)
                          0.00    0.00   clock source latency
                  0.04    0.03    0.03 ^ clk (in)
     1    0.01                           clk (net)
                  0.04    0.00    0.03 ^ clkbuf_0_clk/A (sky130_fd_sc_hd__clkbuf_16)
                  0.08    0.17    0.20 ^ clkbuf_0_clk/X (sky130_fd_sc_hd__clkbuf_16)
     8    0.06                           clknet_0_clk (net)
                  0.08    0.00    0.20 ^ clkbuf_3_6__f_clk/A (sky130_fd_sc_hd__clkbuf_16)
                  0.04    0.14    0.34 ^ clkbuf_3_6__f_clk/X (sky130_fd_sc_hd__clkbuf_16)
     8    0.01                           clknet_3_6__leaf_clk (net)
                  0.04    0.00    0.34 ^ _483_/CLK (sky130_fd_sc_hd__dfrtp_1)
                          0.25    0.59   clock uncertainty
                         -0.03    0.55   clock reconvergence pessimism
                         -0.03    0.52   library hold time
                                  0.52   data required time
-----------------------------------------------------------------------------
                                  0.52   data required time
                                 -0.88   data arrival time
-----------------------------------------------------------------------------
                                  0.36   slack (MET)


Startpoint: _475_ (rising edge-triggered flip-flop clocked by clk)
Endpoint: _468_ (rising edge-triggered flip-flop clocked by clk)
Path Group: clk
Path Type: min

Fanout     Cap    Slew   Delay    Time   Description
-----------------------------------------------------------------------------
                          0.00    0.00   clock clk (rise edge)
                          0.00    0.00   clock source latency
                  0.04    0.03    0.03 ^ clk (in)
     1    0.01                           clk (net)
                  0.04    0.00    0.03 ^ clkbuf_0_clk/A (sky130_fd_sc_hd__clkbuf_16)
                  0.08    0.15    0.18 ^ clkbuf_0_clk/X (sky130_fd_sc_hd__clkbuf_16)
     8    0.06                           clknet_0_clk (net)
                  0.08    0.00    0.18 ^ clkbuf_3_7__f_clk/A (sky130_fd_sc_hd__clkbuf_16)
                  0.04    0.13    0.31 ^ clkbuf_3_7__f_clk/X (sky130_fd_sc_hd__clkbuf_16)
    11    0.02                           clknet_3_7__leaf_clk (net)
                  0.04    0.00    0.31 ^ _475_/CLK (sky130_fd_sc_hd__dfrtp_4)
                  0.09    0.41    0.72 ^ _475_/Q (sky130_fd_sc_hd__dfrtp_4)
     7    0.02                           u_sort.bucket_counter[0] (net)
                  0.09    0.00    0.72 ^ _376_/A1 (sky130_fd_sc_hd__mux2_1)
                  0.04    0.12    0.84 ^ _376_/X (sky130_fd_sc_hd__mux2_1)
     1    0.00                           _182_ (net)
                  0.04    0.00    0.84 ^ _377_/A (sky130_fd_sc_hd__clkbuf_1)
                  0.04    0.07    0.91 ^ _377_/X (sky130_fd_sc_hd__clkbuf_1)
     1    0.00                           _048_ (net)
                  0.04    0.00    0.91 ^ _468_/D (sky130_fd_sc_hd__dfrtp_1)
                                  0.91   data arrival time

                          0.00    0.00   clock clk (rise edge)
                          0.00    0.00   clock source latency
                  0.04    0.03    0.03 ^ clk (in)
     1    0.01                           clk (net)
                  0.04    0.00    0.03 ^ clkbuf_0_clk/A (sky130_fd_sc_hd__clkbuf_16)
                  0.08    0.17    0.20 ^ clkbuf_0_clk/X (sky130_fd_sc_hd__clkbuf_16)
     8    0.06                           clknet_0_clk (net)
                  0.08    0.00    0.20 ^ clkbuf_3_6__f_clk/A (sky130_fd_sc_hd__clkbuf_16)
                  0.04    0.14    0.34 ^ clkbuf_3_6__f_clk/X (sky130_fd_sc_hd__clkbuf_16)
     8    0.01                           clknet_3_6__leaf_clk (net)
                  0.04    0.00    0.34 ^ _468_/CLK (sky130_fd_sc_hd__dfrtp_1)
                          0.25    0.59   clock uncertainty
                         -0.02    0.57   clock reconvergence pessimism
                         -0.03    0.53   library hold time
                                  0.53   data required time
-----------------------------------------------------------------------------
                                  0.53   data required time
                                 -0.91   data arrival time
-----------------------------------------------------------------------------
                                  0.38   slack (MET)


Startpoint: _482_ (rising edge-triggered flip-flop clocked by clk)
Endpoint: _482_ (rising edge-triggered flip-flop clocked by clk)
Path Group: clk
Path Type: min

Fanout     Cap    Slew   Delay    Time   Description
-----------------------------------------------------------------------------
                          0.00    0.00   clock clk (rise edge)
                          0.00    0.00   clock source latency
                  0.04    0.03    0.03 ^ clk (in)
     1    0.01                           clk (net)
                  0.04    0.00    0.03 ^ clkbuf_0_clk/A (sky130_fd_sc_hd__clkbuf_16)
                  0.08    0.15    0.18 ^ clkbuf_0_clk/X (sky130_fd_sc_hd__clkbuf_16)
     8    0.06                           clknet_0_clk (net)
                  0.08    0.00    0.18 ^ clkbuf_3_3__f_clk/A (sky130_fd_sc_hd__clkbuf_16)
                  0.04    0.13    0.30 ^ clkbuf_3_3__f_clk/X (sky130_fd_sc_hd__clkbuf_16)
     8    0.01                           clknet_3_3__leaf_clk (net)
                  0.04    0.00    0.30 ^ _482_/CLK (sky130_fd_sc_hd__dfrtp_1)
                  0.10    0.34    0.64 ^ _482_/Q (sky130_fd_sc_hd__dfrtp_1)
     3    0.01                           u_sort.valid_reg[3] (net)
                  0.10    0.00    0.64 ^ _411_/B1 (sky130_fd_sc_hd__o31a_1)
                  0.03    0.12    0.76 ^ _411_/X (sky130_fd_sc_hd__o31a_1)
     1    0.00                           _205_ (net)
                  0.03    0.00    0.76 ^ _412_/B (sky130_fd_sc_hd__or2_1)
                  0.04    0.08    0.84 ^ _412_/X (sky130_fd_sc_hd__or2_1)
     1    0.00                           _206_ (net)
                  0.04    0.00    0.84 ^ _413_/A (sky130_fd_sc_hd__clkbuf_1)
                  0.04    0.07    0.90 ^ _413_/X (sky130_fd_sc_hd__clkbuf_1)
     1    0.00                           _060_ (net)
                  0.04    0.00    0.90 ^ _482_/D (sky130_fd_sc_hd__dfrtp_1)
                                  0.90   data arrival time

                          0.00    0.00   clock clk (rise edge)
                          0.00    0.00   clock source latency
                  0.04    0.03    0.03 ^ clk (in)
     1    0.01                           clk (net)
                  0.04    0.00    0.03 ^ clkbuf_0_clk/A (sky130_fd_sc_hd__clkbuf_16)
                  0.08    0.17    0.20 ^ clkbuf_0_clk/X (sky130_fd_sc_hd__clkbuf_16)
     8    0.06                           clknet_0_clk (net)
                  0.08    0.00    0.20 ^ clkbuf_3_3__f_clk/A (sky130_fd_sc_hd__clkbuf_16)
                  0.04    0.14    0.34 ^ clkbuf_3_3__f_clk/X (sky130_fd_sc_hd__clkbuf_16)
     8    0.01                           clknet_3_3__leaf_clk (net)
                  0.04    0.00    0.34 ^ _482_/CLK (sky130_fd_sc_hd__dfrtp_1)
                          0.25    0.59   clock uncertainty
                         -0.03    0.55   clock reconvergence pessimism
                         -0.03    0.52   library hold time
                                  0.52   data required time
-----------------------------------------------------------------------------
                                  0.52   data required time
                                 -0.90   data arrival time
-----------------------------------------------------------------------------
                                  0.38   slack (MET)


Startpoint: _486_ (rising edge-triggered flip-flop clocked by clk)
Endpoint: _422_ (rising edge-triggered flip-flop clocked by clk)
Path Group: clk
Path Type: min

Fanout     Cap    Slew   Delay    Time   Description
-----------------------------------------------------------------------------
                          0.00    0.00   clock clk (rise edge)
                          0.00    0.00   clock source latency
                  0.04    0.03    0.03 ^ clk (in)
     1    0.01                           clk (net)
                  0.04    0.00    0.03 ^ clkbuf_0_clk/A (sky130_fd_sc_hd__clkbuf_16)
                  0.08    0.15    0.18 ^ clkbuf_0_clk/X (sky130_fd_sc_hd__clkbuf_16)
     8    0.06                           clknet_0_clk (net)
                  0.08    0.00    0.18 ^ clkbuf_3_2__f_clk/A (sky130_fd_sc_hd__clkbuf_16)
                  0.04    0.13    0.30 ^ clkbuf_3_2__f_clk/X (sky130_fd_sc_hd__clkbuf_16)
     8    0.01                           clknet_3_2__leaf_clk (net)
                  0.04    0.00    0.30 ^ _486_/CLK (sky130_fd_sc_hd__dfrtp_4)
                  0.08    0.40    0.70 ^ _486_/Q (sky130_fd_sc_hd__dfrtp_4)
     7    0.01                           u_am0.i_index[2] (net)
                  0.08    0.00    0.70 ^ _213_/A (sky130_fd_sc_hd__and2_1)
                  0.04    0.11    0.81 ^ _213_/X (sky130_fd_sc_hd__and2_1)
     1    0.00                           _067_ (net)
                  0.04    0.00    0.81 ^ _214_/A (sky130_fd_sc_hd__clkbuf_1)
                  0.06    0.09    0.90 ^ _214_/X (sky130_fd_sc_hd__clkbuf_1)
     2    0.00                           _000_ (net)
                  0.06    0.00    0.90 ^ _422_/D (sky130_fd_sc_hd__dfrtp_1)
                                  0.90   data arrival time

                          0.00    0.00   clock clk (rise edge)
                          0.00    0.00   clock source latency
                  0.04    0.03    0.03 ^ clk (in)
     1    0.01                           clk (net)
                  0.04    0.00    0.03 ^ clkbuf_0_clk/A (sky130_fd_sc_hd__clkbuf_16)
                  0.08    0.17    0.20 ^ clkbuf_0_clk/X (sky130_fd_sc_hd__clkbuf_16)
     8    0.06                           clknet_0_clk (net)
                  0.08    0.00    0.20 ^ clkbuf_3_2__f_clk/A (sky130_fd_sc_hd__clkbuf_16)
                  0.04    0.14    0.34 ^ clkbuf_3_2__f_clk/X (sky130_fd_sc_hd__clkbuf_16)
     8    0.01                           clknet_3_2__leaf_clk (net)
                  0.04    0.00    0.34 ^ _422_/CLK (sky130_fd_sc_hd__dfrtp_1)
                          0.25    0.59   clock uncertainty
                         -0.03    0.55   clock reconvergence pessimism
                         -0.04    0.51   library hold time
                                  0.51   data required time
-----------------------------------------------------------------------------
                                  0.51   data required time
                                 -0.90   data arrival time
-----------------------------------------------------------------------------
                                  0.38   slack (MET)


Startpoint: _476_ (rising edge-triggered flip-flop clocked by clk)
Endpoint: _476_ (rising edge-triggered flip-flop clocked by clk)
Path Group: clk
Path Type: min

Fanout     Cap    Slew   Delay    Time   Description
-----------------------------------------------------------------------------
                          0.00    0.00   clock clk (rise edge)
                          0.00    0.00   clock source latency
                  0.04    0.03    0.03 ^ clk (in)
     1    0.01                           clk (net)
                  0.04    0.00    0.03 ^ clkbuf_0_clk/A (sky130_fd_sc_hd__clkbuf_16)
                  0.08    0.15    0.18 ^ clkbuf_0_clk/X (sky130_fd_sc_hd__clkbuf_16)
     8    0.06                           clknet_0_clk (net)
                  0.08    0.00    0.18 ^ clkbuf_3_7__f_clk/A (sky130_fd_sc_hd__clkbuf_16)
                  0.04    0.13    0.31 ^ clkbuf_3_7__f_clk/X (sky130_fd_sc_hd__clkbuf_16)
    11    0.02                           clknet_3_7__leaf_clk (net)
                  0.04    0.00    0.31 ^ _476_/CLK (sky130_fd_sc_hd__dfrtp_1)
                  0.04    0.29    0.60 ^ _476_/Q (sky130_fd_sc_hd__dfrtp_1)
     1    0.00                           u_sort.bucket_counter[1] (net)
                  0.04    0.00    0.60 ^ _218_/A (sky130_fd_sc_hd__clkbuf_4)
                  0.11    0.17    0.77 ^ _218_/X (sky130_fd_sc_hd__clkbuf_4)
    10    0.03                           _071_ (net)
                  0.11    0.00    0.77 ^ _400_/A1 (sky130_fd_sc_hd__o211a_1)
                  0.04    0.15    0.92 ^ _400_/X (sky130_fd_sc_hd__o211a_1)
     1    0.00                           _055_ (net)
                  0.04    0.00    0.92 ^ _476_/D (sky130_fd_sc_hd__dfrtp_1)
                                  0.92   data arrival time

                          0.00    0.00   clock clk (rise edge)
                          0.00    0.00   clock source latency
                  0.04    0.03    0.03 ^ clk (in)
     1    0.01                           clk (net)
                  0.04    0.00    0.03 ^ clkbuf_0_clk/A (sky130_fd_sc_hd__clkbuf_16)
                  0.08    0.17    0.20 ^ clkbuf_0_clk/X (sky130_fd_sc_hd__clkbuf_16)
     8    0.06                           clknet_0_clk (net)
                  0.08    0.00    0.20 ^ clkbuf_3_7__f_clk/A (sky130_fd_sc_hd__clkbuf_16)
                  0.04    0.15    0.34 ^ clkbuf_3_7__f_clk/X (sky130_fd_sc_hd__clkbuf_16)
    11    0.02                           clknet_3_7__leaf_clk (net)
                  0.04    0.00    0.34 ^ _476_/CLK (sky130_fd_sc_hd__dfrtp_1)
                          0.25    0.59   clock uncertainty
                         -0.03    0.56   clock reconvergence pessimism
                         -0.03    0.53   library hold time
                                  0.53   data required time
-----------------------------------------------------------------------------
                                  0.53   data required time
                                 -0.92   data arrival time
-----------------------------------------------------------------------------
                                  0.39   slack (MET)


Startpoint: _477_ (rising edge-triggered flip-flop clocked by clk)
Endpoint: _470_ (rising edge-triggered flip-flop clocked by clk)
Path Group: clk
Path Type: min

Fanout     Cap    Slew   Delay    Time   Description
-----------------------------------------------------------------------------
                          0.00    0.00   clock clk (rise edge)
                          0.00    0.00   clock source latency
                  0.04    0.03    0.03 ^ clk (in)
     1    0.01                           clk (net)
                  0.04    0.00    0.03 ^ clkbuf_0_clk/A (sky130_fd_sc_hd__clkbuf_16)
                  0.08    0.15    0.18 ^ clkbuf_0_clk/X (sky130_fd_sc_hd__clkbuf_16)
     8    0.06                           clknet_0_clk (net)
                  0.08    0.00    0.18 ^ clkbuf_3_7__f_clk/A (sky130_fd_sc_hd__clkbuf_16)
                  0.04    0.13    0.31 ^ clkbuf_3_7__f_clk/X (sky130_fd_sc_hd__clkbuf_16)
    11    0.02                           clknet_3_7__leaf_clk (net)
                  0.04    0.00    0.31 ^ _477_/CLK (sky130_fd_sc_hd__dfrtp_1)
                  0.04    0.29    0.60 ^ _477_/Q (sky130_fd_sc_hd__dfrtp_1)
     1    0.00                           u_sort.bucket_counter[2] (net)
                  0.04    0.00    0.60 ^ _221_/A (sky130_fd_sc_hd__clkbuf_4)
                  0.10    0.16    0.76 ^ _221_/X (sky130_fd_sc_hd__clkbuf_4)
     9    0.03                           _074_ (net)
                  0.10    0.00    0.76 ^ _380_/A1 (sky130_fd_sc_hd__mux2_1)
                  0.04    0.12    0.89 ^ _380_/X (sky130_fd_sc_hd__mux2_1)
     1    0.00                           _184_ (net)
                  0.04    0.00    0.89 ^ _381_/A (sky130_fd_sc_hd__clkbuf_1)
                  0.04    0.07    0.96 ^ _381_/X (sky130_fd_sc_hd__clkbuf_1)
     1    0.00                           _050_ (net)
                  0.04    0.00    0.96 ^ _470_/D (sky130_fd_sc_hd__dfrtp_1)
                                  0.96   data arrival time

                          0.00    0.00   clock clk (rise edge)
                          0.00    0.00   clock source latency
                  0.04    0.03    0.03 ^ clk (in)
     1    0.01                           clk (net)
                  0.04    0.00    0.03 ^ clkbuf_0_clk/A (sky130_fd_sc_hd__clkbuf_16)
                  0.08    0.17    0.20 ^ clkbuf_0_clk/X (sky130_fd_sc_hd__clkbuf_16)
     8    0.06                           clknet_0_clk (net)
                  0.08    0.00    0.20 ^ clkbuf_3_5__f_clk/A (sky130_fd_sc_hd__clkbuf_16)
                  0.04    0.14    0.33 ^ clkbuf_3_5__f_clk/X (sky130_fd_sc_hd__clkbuf_16)
     7    0.01                           clknet_3_5__leaf_clk (net)
                  0.04    0.00    0.33 ^ _470_/CLK (sky130_fd_sc_hd__dfrtp_1)
                          0.25    0.58   clock uncertainty
                         -0.02    0.57   clock reconvergence pessimism
                         -0.03    0.53   library hold time
                                  0.53   data required time
-----------------------------------------------------------------------------
                                  0.53   data required time
                                 -0.96   data arrival time
-----------------------------------------------------------------------------
                                  0.42   slack (MET)


Startpoint: _476_ (rising edge-triggered flip-flop clocked by clk)
Endpoint: _469_ (rising edge-triggered flip-flop clocked by clk)
Path Group: clk
Path Type: min

Fanout     Cap    Slew   Delay    Time   Description
-----------------------------------------------------------------------------
                          0.00    0.00   clock clk (rise edge)
                          0.00    0.00   clock source latency
                  0.04    0.03    0.03 ^ clk (in)
     1    0.01                           clk (net)
                  0.04    0.00    0.03 ^ clkbuf_0_clk/A (sky130_fd_sc_hd__clkbuf_16)
                  0.08    0.15    0.18 ^ clkbuf_0_clk/X (sky130_fd_sc_hd__clkbuf_16)
     8    0.06                           clknet_0_clk (net)
                  0.08    0.00    0.18 ^ clkbuf_3_7__f_clk/A (sky130_fd_sc_hd__clkbuf_16)
                  0.04    0.13    0.31 ^ clkbuf_3_7__f_clk/X (sky130_fd_sc_hd__clkbuf_16)
    11    0.02                           clknet_3_7__leaf_clk (net)
                  0.04    0.00    0.31 ^ _476_/CLK (sky130_fd_sc_hd__dfrtp_1)
                  0.04    0.29    0.60 ^ _476_/Q (sky130_fd_sc_hd__dfrtp_1)
     1    0.00                           u_sort.bucket_counter[1] (net)
                  0.04    0.00    0.60 ^ _218_/A (sky130_fd_sc_hd__clkbuf_4)
                  0.11    0.17    0.77 ^ _218_/X (sky130_fd_sc_hd__clkbuf_4)
    10    0.03                           _071_ (net)
                  0.11    0.00    0.77 ^ _378_/A1 (sky130_fd_sc_hd__mux2_1)
                  0.04    0.13    0.90 ^ _378_/X (sky130_fd_sc_hd__mux2_1)
     1    0.00                           _183_ (net)
                  0.04    0.00    0.90 ^ _379_/A (sky130_fd_sc_hd__clkbuf_1)
                  0.04    0.07    0.97 ^ _379_/X (sky130_fd_sc_hd__clkbuf_1)
     1    0.00                           _049_ (net)
                  0.04    0.00    0.97 ^ _469_/D (sky130_fd_sc_hd__dfrtp_1)
                                  0.97   data arrival time

                          0.00    0.00   clock clk (rise edge)
                          0.00    0.00   clock source latency
                  0.04    0.03    0.03 ^ clk (in)
     1    0.01                           clk (net)
                  0.04    0.00    0.03 ^ clkbuf_0_clk/A (sky130_fd_sc_hd__clkbuf_16)
                  0.08    0.17    0.20 ^ clkbuf_0_clk/X (sky130_fd_sc_hd__clkbuf_16)
     8    0.06                           clknet_0_clk (net)
                  0.08    0.00    0.20 ^ clkbuf_3_7__f_clk/A (sky130_fd_sc_hd__clkbuf_16)
                  0.04    0.15    0.34 ^ clkbuf_3_7__f_clk/X (sky130_fd_sc_hd__clkbuf_16)
    11    0.02                           clknet_3_7__leaf_clk (net)
                  0.04    0.00    0.34 ^ _469_/CLK (sky130_fd_sc_hd__dfrtp_1)
                          0.25    0.59   clock uncertainty
                         -0.03    0.56   clock reconvergence pessimism
                         -0.03    0.53   library hold time
                                  0.53   data required time
-----------------------------------------------------------------------------
                                  0.53   data required time
                                 -0.97   data arrival time
-----------------------------------------------------------------------------
                                  0.44   slack (MET)


Startpoint: _422_ (rising edge-triggered flip-flop clocked by clk)
Endpoint: _457_ (rising edge-triggered flip-flop clocked by clk)
Path Group: clk
Path Type: min

Fanout     Cap    Slew   Delay    Time   Description
-----------------------------------------------------------------------------
                          0.00    0.00   clock clk (rise edge)
                          0.00    0.00   clock source latency
                  0.04    0.03    0.03 ^ clk (in)
     1    0.01                           clk (net)
                  0.04    0.00    0.03 ^ clkbuf_0_clk/A (sky130_fd_sc_hd__clkbuf_16)
                  0.08    0.15    0.18 ^ clkbuf_0_clk/X (sky130_fd_sc_hd__clkbuf_16)
     8    0.06                           clknet_0_clk (net)
                  0.08    0.00    0.18 ^ clkbuf_3_2__f_clk/A (sky130_fd_sc_hd__clkbuf_16)
                  0.04    0.13    0.30 ^ clkbuf_3_2__f_clk/X (sky130_fd_sc_hd__clkbuf_16)
     8    0.01                           clknet_3_2__leaf_clk (net)
                  0.04    0.00    0.30 ^ _422_/CLK (sky130_fd_sc_hd__dfrtp_1)
                  0.06    0.31    0.61 ^ _422_/Q (sky130_fd_sc_hd__dfrtp_1)
     1    0.00                           u_control.o_start_sort (net)
                  0.06    0.00    0.61 ^ _245_/A (sky130_fd_sc_hd__buf_6)
                  0.14    0.16    0.78 ^ _245_/X (sky130_fd_sc_hd__buf_6)
    20    0.06                           _098_ (net)
                  0.14    0.00    0.78 ^ _354_/S (sky130_fd_sc_hd__mux2_1)
                  0.04    0.14    0.92 ^ _354_/X (sky130_fd_sc_hd__mux2_1)
     1    0.00                           _171_ (net)
                  0.04    0.00    0.92 ^ _355_/A (sky130_fd_sc_hd__clkbuf_1)
                  0.04    0.07    0.98 ^ _355_/X (sky130_fd_sc_hd__clkbuf_1)
     1    0.00                           _037_ (net)
                  0.04    0.00    0.98 ^ _457_/D (sky130_fd_sc_hd__dfrtp_1)
                                  0.98   data arrival time

                          0.00    0.00   clock clk (rise edge)
                          0.00    0.00   clock source latency
                  0.04    0.03    0.03 ^ clk (in)
     1    0.01                           clk (net)
                  0.04    0.00    0.03 ^ clkbuf_0_clk/A (sky130_fd_sc_hd__clkbuf_16)
                  0.08    0.17    0.20 ^ clkbuf_0_clk/X (sky130_fd_sc_hd__clkbuf_16)
     8    0.06                           clknet_0_clk (net)
                  0.08    0.00    0.20 ^ clkbuf_3_0__f_clk/A (sky130_fd_sc_hd__clkbuf_16)
                  0.04    0.15    0.34 ^ clkbuf_3_0__f_clk/X (sky130_fd_sc_hd__clkbuf_16)
    11    0.02                           clknet_3_0__leaf_clk (net)
                  0.04    0.00    0.34 ^ _457_/CLK (sky130_fd_sc_hd__dfrtp_1)
                          0.25    0.59   clock uncertainty
                         -0.02    0.57   clock reconvergence pessimism
                         -0.03    0.54   library hold time
                                  0.54   data required time
-----------------------------------------------------------------------------
                                  0.54   data required time
                                 -0.98   data arrival time
-----------------------------------------------------------------------------
                                  0.44   slack (MET)


Startpoint: _422_ (rising edge-triggered flip-flop clocked by clk)
Endpoint: _458_ (rising edge-triggered flip-flop clocked by clk)
Path Group: clk
Path Type: min

Fanout     Cap    Slew   Delay    Time   Description
-----------------------------------------------------------------------------
                          0.00    0.00   clock clk (rise edge)
                          0.00    0.00   clock source latency
                  0.04    0.03    0.03 ^ clk (in)
     1    0.01                           clk (net)
                  0.04    0.00    0.03 ^ clkbuf_0_clk/A (sky130_fd_sc_hd__clkbuf_16)
                  0.08    0.15    0.18 ^ clkbuf_0_clk/X (sky130_fd_sc_hd__clkbuf_16)
     8    0.06                           clknet_0_clk (net)
                  0.08    0.00    0.18 ^ clkbuf_3_2__f_clk/A (sky130_fd_sc_hd__clkbuf_16)
                  0.04    0.13    0.30 ^ clkbuf_3_2__f_clk/X (sky130_fd_sc_hd__clkbuf_16)
     8    0.01                           clknet_3_2__leaf_clk (net)
                  0.04    0.00    0.30 ^ _422_/CLK (sky130_fd_sc_hd__dfrtp_1)
                  0.06    0.31    0.61 ^ _422_/Q (sky130_fd_sc_hd__dfrtp_1)
     1    0.00                           u_control.o_start_sort (net)
                  0.06    0.00    0.61 ^ _245_/A (sky130_fd_sc_hd__buf_6)
                  0.14    0.16    0.78 ^ _245_/X (sky130_fd_sc_hd__buf_6)
    20    0.06                           _098_ (net)
                  0.14    0.00    0.78 ^ _356_/S (sky130_fd_sc_hd__mux2_1)
                  0.04    0.14    0.92 ^ _356_/X (sky130_fd_sc_hd__mux2_1)
     1    0.00                           _172_ (net)
                  0.04    0.00    0.92 ^ _357_/A (sky130_fd_sc_hd__clkbuf_1)
                  0.04    0.07    0.98 ^ _357_/X (sky130_fd_sc_hd__clkbuf_1)
     1    0.00                           _038_ (net)
                  0.04    0.00    0.98 ^ _458_/D (sky130_fd_sc_hd__dfrtp_1)
                                  0.98   data arrival time

                          0.00    0.00   clock clk (rise edge)
                          0.00    0.00   clock source latency
                  0.04    0.03    0.03 ^ clk (in)
     1    0.01                           clk (net)
                  0.04    0.00    0.03 ^ clkbuf_0_clk/A (sky130_fd_sc_hd__clkbuf_16)
                  0.08    0.17    0.20 ^ clkbuf_0_clk/X (sky130_fd_sc_hd__clkbuf_16)
     8    0.06                           clknet_0_clk (net)
                  0.08    0.00    0.20 ^ clkbuf_3_0__f_clk/A (sky130_fd_sc_hd__clkbuf_16)
                  0.04    0.15    0.34 ^ clkbuf_3_0__f_clk/X (sky130_fd_sc_hd__clkbuf_16)
    11    0.02                           clknet_3_0__leaf_clk (net)
                  0.04    0.00    0.34 ^ _458_/CLK (sky130_fd_sc_hd__dfrtp_1)
                          0.25    0.59   clock uncertainty
                         -0.02    0.57   clock reconvergence pessimism
                         -0.03    0.54   library hold time
                                  0.54   data required time
-----------------------------------------------------------------------------
                                  0.54   data required time
                                 -0.98   data arrival time
-----------------------------------------------------------------------------
                                  0.44   slack (MET)


Startpoint: _422_ (rising edge-triggered flip-flop clocked by clk)
Endpoint: _465_ (rising edge-triggered flip-flop clocked by clk)
Path Group: clk
Path Type: min

Fanout     Cap    Slew   Delay    Time   Description
-----------------------------------------------------------------------------
                          0.00    0.00   clock clk (rise edge)
                          0.00    0.00   clock source latency
                  0.04    0.03    0.03 ^ clk (in)
     1    0.01                           clk (net)
                  0.04    0.00    0.03 ^ clkbuf_0_clk/A (sky130_fd_sc_hd__clkbuf_16)
                  0.08    0.15    0.18 ^ clkbuf_0_clk/X (sky130_fd_sc_hd__clkbuf_16)
     8    0.06                           clknet_0_clk (net)
                  0.08    0.00    0.18 ^ clkbuf_3_2__f_clk/A (sky130_fd_sc_hd__clkbuf_16)
                  0.04    0.13    0.30 ^ clkbuf_3_2__f_clk/X (sky130_fd_sc_hd__clkbuf_16)
     8    0.01                           clknet_3_2__leaf_clk (net)
                  0.04    0.00    0.30 ^ _422_/CLK (sky130_fd_sc_hd__dfrtp_1)
                  0.06    0.31    0.61 ^ _422_/Q (sky130_fd_sc_hd__dfrtp_1)
     1    0.00                           u_control.o_start_sort (net)
                  0.06    0.00    0.61 ^ _245_/A (sky130_fd_sc_hd__buf_6)
                  0.14    0.16    0.78 ^ _245_/X (sky130_fd_sc_hd__buf_6)
    20    0.06                           _098_ (net)
                  0.14    0.00    0.78 ^ _370_/S (sky130_fd_sc_hd__mux2_1)
                  0.04    0.14    0.92 ^ _370_/X (sky130_fd_sc_hd__mux2_1)
     1    0.00                           _179_ (net)
                  0.04    0.00    0.92 ^ _371_/A (sky130_fd_sc_hd__clkbuf_1)
                  0.04    0.07    0.98 ^ _371_/X (sky130_fd_sc_hd__clkbuf_1)
     1    0.00                           _045_ (net)
                  0.04    0.00    0.98 ^ _465_/D (sky130_fd_sc_hd__dfrtp_1)
                                  0.98   data arrival time

                          0.00    0.00   clock clk (rise edge)
                          0.00    0.00   clock source latency
                  0.04    0.03    0.03 ^ clk (in)
     1    0.01                           clk (net)
                  0.04    0.00    0.03 ^ clkbuf_0_clk/A (sky130_fd_sc_hd__clkbuf_16)
                  0.08    0.17    0.20 ^ clkbuf_0_clk/X (sky130_fd_sc_hd__clkbuf_16)
     8    0.06                           clknet_0_clk (net)
                  0.08    0.00    0.20 ^ clkbuf_3_7__f_clk/A (sky130_fd_sc_hd__clkbuf_16)
                  0.04    0.15    0.34 ^ clkbuf_3_7__f_clk/X (sky130_fd_sc_hd__clkbuf_16)
    11    0.02                           clknet_3_7__leaf_clk (net)
                  0.04    0.00    0.34 ^ _465_/CLK (sky130_fd_sc_hd__dfrtp_1)
                          0.25    0.59   clock uncertainty
                         -0.02    0.57   clock reconvergence pessimism
                         -0.03    0.54   library hold time
                                  0.54   data required time
-----------------------------------------------------------------------------
                                  0.54   data required time
                                 -0.98   data arrival time
-----------------------------------------------------------------------------
                                  0.44   slack (MET)


Startpoint: _422_ (rising edge-triggered flip-flop clocked by clk)
Endpoint: _454_ (rising edge-triggered flip-flop clocked by clk)
Path Group: clk
Path Type: min

Fanout     Cap    Slew   Delay    Time   Description
-----------------------------------------------------------------------------
                          0.00    0.00   clock clk (rise edge)
                          0.00    0.00   clock source latency
                  0.04    0.03    0.03 ^ clk (in)
     1    0.01                           clk (net)
                  0.04    0.00    0.03 ^ clkbuf_0_clk/A (sky130_fd_sc_hd__clkbuf_16)
                  0.08    0.15    0.18 ^ clkbuf_0_clk/X (sky130_fd_sc_hd__clkbuf_16)
     8    0.06                           clknet_0_clk (net)
                  0.08    0.00    0.18 ^ clkbuf_3_2__f_clk/A (sky130_fd_sc_hd__clkbuf_16)
                  0.04    0.13    0.30 ^ clkbuf_3_2__f_clk/X (sky130_fd_sc_hd__clkbuf_16)
     8    0.01                           clknet_3_2__leaf_clk (net)
                  0.04    0.00    0.30 ^ _422_/CLK (sky130_fd_sc_hd__dfrtp_1)
                  0.06    0.31    0.61 ^ _422_/Q (sky130_fd_sc_hd__dfrtp_1)
     1    0.00                           u_control.o_start_sort (net)
                  0.06    0.00    0.61 ^ _245_/A (sky130_fd_sc_hd__buf_6)
                  0.14    0.16    0.78 ^ _245_/X (sky130_fd_sc_hd__buf_6)
    20    0.06                           _098_ (net)
                  0.14    0.00    0.78 ^ _348_/S (sky130_fd_sc_hd__mux2_1)
                  0.04    0.14    0.92 ^ _348_/X (sky130_fd_sc_hd__mux2_1)
     1    0.00                           _168_ (net)
                  0.04    0.00    0.92 ^ _349_/A (sky130_fd_sc_hd__clkbuf_1)
                  0.04    0.07    0.98 ^ _349_/X (sky130_fd_sc_hd__clkbuf_1)
     1    0.00                           _034_ (net)
                  0.04    0.00    0.98 ^ _454_/D (sky130_fd_sc_hd__dfrtp_1)
                                  0.98   data arrival time

                          0.00    0.00   clock clk (rise edge)
                          0.00    0.00   clock source latency
                  0.04    0.03    0.03 ^ clk (in)
     1    0.01                           clk (net)
                  0.04    0.00    0.03 ^ clkbuf_0_clk/A (sky130_fd_sc_hd__clkbuf_16)
                  0.08    0.17    0.20 ^ clkbuf_0_clk/X (sky130_fd_sc_hd__clkbuf_16)
     8    0.06                           clknet_0_clk (net)
                  0.08    0.00    0.20 ^ clkbuf_3_3__f_clk/A (sky130_fd_sc_hd__clkbuf_16)
                  0.04    0.14    0.34 ^ clkbuf_3_3__f_clk/X (sky130_fd_sc_hd__clkbuf_16)
     8    0.01                           clknet_3_3__leaf_clk (net)
                  0.04    0.00    0.34 ^ _454_/CLK (sky130_fd_sc_hd__dfrtp_1)
                          0.25    0.59   clock uncertainty
                         -0.02    0.57   clock reconvergence pessimism
                         -0.03    0.53   library hold time
                                  0.53   data required time
-----------------------------------------------------------------------------
                                  0.53   data required time
                                 -0.98   data arrival time
-----------------------------------------------------------------------------
                                  0.45   slack (MET)


Startpoint: _422_ (rising edge-triggered flip-flop clocked by clk)
Endpoint: _455_ (rising edge-triggered flip-flop clocked by clk)
Path Group: clk
Path Type: min

Fanout     Cap    Slew   Delay    Time   Description
-----------------------------------------------------------------------------
                          0.00    0.00   clock clk (rise edge)
                          0.00    0.00   clock source latency
                  0.04    0.03    0.03 ^ clk (in)
     1    0.01                           clk (net)
                  0.04    0.00    0.03 ^ clkbuf_0_clk/A (sky130_fd_sc_hd__clkbuf_16)
                  0.08    0.15    0.18 ^ clkbuf_0_clk/X (sky130_fd_sc_hd__clkbuf_16)
     8    0.06                           clknet_0_clk (net)
                  0.08    0.00    0.18 ^ clkbuf_3_2__f_clk/A (sky130_fd_sc_hd__clkbuf_16)
                  0.04    0.13    0.30 ^ clkbuf_3_2__f_clk/X (sky130_fd_sc_hd__clkbuf_16)
     8    0.01                           clknet_3_2__leaf_clk (net)
                  0.04    0.00    0.30 ^ _422_/CLK (sky130_fd_sc_hd__dfrtp_1)
                  0.06    0.31    0.61 ^ _422_/Q (sky130_fd_sc_hd__dfrtp_1)
     1    0.00                           u_control.o_start_sort (net)
                  0.06    0.00    0.61 ^ _245_/A (sky130_fd_sc_hd__buf_6)
                  0.14    0.16    0.78 ^ _245_/X (sky130_fd_sc_hd__buf_6)
    20    0.06                           _098_ (net)
                  0.14    0.00    0.78 ^ _350_/S (sky130_fd_sc_hd__mux2_1)
                  0.04    0.14    0.92 ^ _350_/X (sky130_fd_sc_hd__mux2_1)
     1    0.00                           _169_ (net)
                  0.04    0.00    0.92 ^ _351_/A (sky130_fd_sc_hd__clkbuf_1)
                  0.04    0.07    0.98 ^ _351_/X (sky130_fd_sc_hd__clkbuf_1)
     1    0.00                           _035_ (net)
                  0.04    0.00    0.98 ^ _455_/D (sky130_fd_sc_hd__dfrtp_1)
                                  0.98   data arrival time

                          0.00    0.00   clock clk (rise edge)
                          0.00    0.00   clock source latency
                  0.04    0.03    0.03 ^ clk (in)
     1    0.01                           clk (net)
                  0.04    0.00    0.03 ^ clkbuf_0_clk/A (sky130_fd_sc_hd__clkbuf_16)
                  0.08    0.17    0.20 ^ clkbuf_0_clk/X (sky130_fd_sc_hd__clkbuf_16)
     8    0.06                           clknet_0_clk (net)
                  0.08    0.00    0.20 ^ clkbuf_3_3__f_clk/A (sky130_fd_sc_hd__clkbuf_16)
                  0.04    0.14    0.34 ^ clkbuf_3_3__f_clk/X (sky130_fd_sc_hd__clkbuf_16)
     8    0.01                           clknet_3_3__leaf_clk (net)
                  0.04    0.00    0.34 ^ _455_/CLK (sky130_fd_sc_hd__dfrtp_1)
                          0.25    0.59   clock uncertainty
                         -0.02    0.57   clock reconvergence pessimism
                         -0.03    0.53   library hold time
                                  0.53   data required time
-----------------------------------------------------------------------------
                                  0.53   data required time
                                 -0.98   data arrival time
-----------------------------------------------------------------------------
                                  0.45   slack (MET)


Startpoint: _422_ (rising edge-triggered flip-flop clocked by clk)
Endpoint: _466_ (rising edge-triggered flip-flop clocked by clk)
Path Group: clk
Path Type: min

Fanout     Cap    Slew   Delay    Time   Description
-----------------------------------------------------------------------------
                          0.00    0.00   clock clk (rise edge)
                          0.00    0.00   clock source latency
                  0.04    0.03    0.03 ^ clk (in)
     1    0.01                           clk (net)
                  0.04    0.00    0.03 ^ clkbuf_0_clk/A (sky130_fd_sc_hd__clkbuf_16)
                  0.08    0.15    0.18 ^ clkbuf_0_clk/X (sky130_fd_sc_hd__clkbuf_16)
     8    0.06                           clknet_0_clk (net)
                  0.08    0.00    0.18 ^ clkbuf_3_2__f_clk/A (sky130_fd_sc_hd__clkbuf_16)
                  0.04    0.13    0.30 ^ clkbuf_3_2__f_clk/X (sky130_fd_sc_hd__clkbuf_16)
     8    0.01                           clknet_3_2__leaf_clk (net)
                  0.04    0.00    0.30 ^ _422_/CLK (sky130_fd_sc_hd__dfrtp_1)
                  0.06    0.31    0.61 ^ _422_/Q (sky130_fd_sc_hd__dfrtp_1)
     1    0.00                           u_control.o_start_sort (net)
                  0.06    0.00    0.61 ^ _245_/A (sky130_fd_sc_hd__buf_6)
                  0.14    0.16    0.78 ^ _245_/X (sky130_fd_sc_hd__buf_6)
    20    0.06                           _098_ (net)
                  0.14    0.00    0.78 ^ _372_/S (sky130_fd_sc_hd__mux2_1)
                  0.04    0.14    0.92 ^ _372_/X (sky130_fd_sc_hd__mux2_1)
     1    0.00                           _180_ (net)
                  0.04    0.00    0.92 ^ _373_/A (sky130_fd_sc_hd__clkbuf_1)
                  0.04    0.07    0.98 ^ _373_/X (sky130_fd_sc_hd__clkbuf_1)
     1    0.00                           _046_ (net)
                  0.04    0.00    0.98 ^ _466_/D (sky130_fd_sc_hd__dfrtp_1)
                                  0.98   data arrival time

                          0.00    0.00   clock clk (rise edge)
                          0.00    0.00   clock source latency
                  0.04    0.03    0.03 ^ clk (in)
     1    0.01                           clk (net)
                  0.04    0.00    0.03 ^ clkbuf_0_clk/A (sky130_fd_sc_hd__clkbuf_16)
                  0.08    0.17    0.20 ^ clkbuf_0_clk/X (sky130_fd_sc_hd__clkbuf_16)
     8    0.06                           clknet_0_clk (net)
                  0.08    0.00    0.20 ^ clkbuf_3_6__f_clk/A (sky130_fd_sc_hd__clkbuf_16)
                  0.04    0.14    0.34 ^ clkbuf_3_6__f_clk/X (sky130_fd_sc_hd__clkbuf_16)
     8    0.01                           clknet_3_6__leaf_clk (net)
                  0.04    0.00    0.34 ^ _466_/CLK (sky130_fd_sc_hd__dfrtp_1)
                          0.25    0.59   clock uncertainty
                         -0.02    0.57   clock reconvergence pessimism
                         -0.03    0.53   library hold time
                                  0.53   data required time
-----------------------------------------------------------------------------
                                  0.53   data required time
                                 -0.98   data arrival time
-----------------------------------------------------------------------------
                                  0.45   slack (MET)


Startpoint: _478_ (rising edge-triggered flip-flop clocked by clk)
Endpoint: _471_ (rising edge-triggered flip-flop clocked by clk)
Path Group: clk
Path Type: min

Fanout     Cap    Slew   Delay    Time   Description
-----------------------------------------------------------------------------
                          0.00    0.00   clock clk (rise edge)
                          0.00    0.00   clock source latency
                  0.04    0.03    0.03 ^ clk (in)
     1    0.01                           clk (net)
                  0.04    0.00    0.03 ^ clkbuf_0_clk/A (sky130_fd_sc_hd__clkbuf_16)
                  0.08    0.15    0.18 ^ clkbuf_0_clk/X (sky130_fd_sc_hd__clkbuf_16)
     8    0.06                           clknet_0_clk (net)
                  0.08    0.00    0.18 ^ clkbuf_3_6__f_clk/A (sky130_fd_sc_hd__clkbuf_16)
                  0.04    0.13    0.30 ^ clkbuf_3_6__f_clk/X (sky130_fd_sc_hd__clkbuf_16)
     8    0.01                           clknet_3_6__leaf_clk (net)
                  0.04    0.00    0.30 ^ _478_/CLK (sky130_fd_sc_hd__dfrtp_1)
                  0.13    0.36    0.67 ^ _478_/Q (sky130_fd_sc_hd__dfrtp_1)
     4    0.01                           u_sort.busy (net)
                  0.13    0.00    0.67 ^ _247_/B (sky130_fd_sc_hd__and3b_1)
                  0.05    0.15    0.82 ^ _247_/X (sky130_fd_sc_hd__and3b_1)
     1    0.00                           _100_ (net)
                  0.05    0.00    0.82 ^ _248_/A (sky130_fd_sc_hd__clkbuf_4)
                  0.08    0.15    0.97 ^ _248_/X (sky130_fd_sc_hd__clkbuf_4)
     7    0.02                           _002_ (net)
                  0.08    0.00    0.97 ^ _471_/D (sky130_fd_sc_hd__dfrtp_1)
                                  0.97   data arrival time

                          0.00    0.00   clock clk (rise edge)
                          0.00    0.00   clock source latency
                  0.04    0.03    0.03 ^ clk (in)
     1    0.01                           clk (net)
                  0.04    0.00    0.03 ^ clkbuf_0_clk/A (sky130_fd_sc_hd__clkbuf_16)
                  0.08    0.17    0.20 ^ clkbuf_0_clk/X (sky130_fd_sc_hd__clkbuf_16)
     8    0.06                           clknet_0_clk (net)
                  0.08    0.00    0.20 ^ clkbuf_3_5__f_clk/A (sky130_fd_sc_hd__clkbuf_16)
                  0.04    0.14    0.33 ^ clkbuf_3_5__f_clk/X (sky130_fd_sc_hd__clkbuf_16)
     7    0.01                           clknet_3_5__leaf_clk (net)
                  0.04    0.00    0.33 ^ _471_/CLK (sky130_fd_sc_hd__dfrtp_1)
                          0.25    0.58   clock uncertainty
                         -0.02    0.57   clock reconvergence pessimism
                         -0.04    0.52   library hold time
                                  0.52   data required time
-----------------------------------------------------------------------------
                                  0.52   data required time
                                 -0.97   data arrival time
-----------------------------------------------------------------------------
                                  0.45   slack (MET)


Startpoint: _422_ (rising edge-triggered flip-flop clocked by clk)
Endpoint: _461_ (rising edge-triggered flip-flop clocked by clk)
Path Group: clk
Path Type: min

Fanout     Cap    Slew   Delay    Time   Description
-----------------------------------------------------------------------------
                          0.00    0.00   clock clk (rise edge)
                          0.00    0.00   clock source latency
                  0.04    0.03    0.03 ^ clk (in)
     1    0.01                           clk (net)
                  0.04    0.00    0.03 ^ clkbuf_0_clk/A (sky130_fd_sc_hd__clkbuf_16)
                  0.08    0.15    0.18 ^ clkbuf_0_clk/X (sky130_fd_sc_hd__clkbuf_16)
     8    0.06                           clknet_0_clk (net)
                  0.08    0.00    0.18 ^ clkbuf_3_2__f_clk/A (sky130_fd_sc_hd__clkbuf_16)
                  0.04    0.13    0.30 ^ clkbuf_3_2__f_clk/X (sky130_fd_sc_hd__clkbuf_16)
     8    0.01                           clknet_3_2__leaf_clk (net)
                  0.04    0.00    0.30 ^ _422_/CLK (sky130_fd_sc_hd__dfrtp_1)
                  0.06    0.31    0.61 ^ _422_/Q (sky130_fd_sc_hd__dfrtp_1)
     1    0.00                           u_control.o_start_sort (net)
                  0.06    0.00    0.61 ^ _245_/A (sky130_fd_sc_hd__buf_6)
                  0.14    0.16    0.78 ^ _245_/X (sky130_fd_sc_hd__buf_6)
    20    0.06                           _098_ (net)
                  0.14    0.00    0.78 ^ _362_/S (sky130_fd_sc_hd__mux2_1)
                  0.04    0.14    0.92 ^ _362_/X (sky130_fd_sc_hd__mux2_1)
     1    0.00                           _175_ (net)
                  0.04    0.00    0.92 ^ _363_/A (sky130_fd_sc_hd__clkbuf_1)
                  0.04    0.07    0.98 ^ _363_/X (sky130_fd_sc_hd__clkbuf_1)
     1    0.00                           _041_ (net)
                  0.04    0.00    0.98 ^ _461_/D (sky130_fd_sc_hd__dfrtp_1)
                                  0.98   data arrival time

                          0.00    0.00   clock clk (rise edge)
                          0.00    0.00   clock source latency
                  0.04    0.03    0.03 ^ clk (in)
     1    0.01                           clk (net)
                  0.04    0.00    0.03 ^ clkbuf_0_clk/A (sky130_fd_sc_hd__clkbuf_16)
                  0.08    0.17    0.20 ^ clkbuf_0_clk/X (sky130_fd_sc_hd__clkbuf_16)
     8    0.06                           clknet_0_clk (net)
                  0.08    0.00    0.20 ^ clkbuf_3_1__f_clk/A (sky130_fd_sc_hd__clkbuf_16)
                  0.03    0.14    0.33 ^ clkbuf_3_1__f_clk/X (sky130_fd_sc_hd__clkbuf_16)
     6    0.01                           clknet_3_1__leaf_clk (net)
                  0.03    0.00    0.33 ^ _461_/CLK (sky130_fd_sc_hd__dfrtp_1)
                          0.25    0.58   clock uncertainty
                         -0.02    0.56   clock reconvergence pessimism
                         -0.03    0.53   library hold time
                                  0.53   data required time
-----------------------------------------------------------------------------
                                  0.53   data required time
                                 -0.98   data arrival time
-----------------------------------------------------------------------------
                                  0.45   slack (MET)


Startpoint: _422_ (rising edge-triggered flip-flop clocked by clk)
Endpoint: _475_ (rising edge-triggered flip-flop clocked by clk)
Path Group: clk
Path Type: min

Fanout     Cap    Slew   Delay    Time   Description
-----------------------------------------------------------------------------
                          0.00    0.00   clock clk (rise edge)
                          0.00    0.00   clock source latency
                  0.04    0.03    0.03 ^ clk (in)
     1    0.01                           clk (net)
                  0.04    0.00    0.03 ^ clkbuf_0_clk/A (sky130_fd_sc_hd__clkbuf_16)
                  0.08    0.15    0.18 ^ clkbuf_0_clk/X (sky130_fd_sc_hd__clkbuf_16)
     8    0.06                           clknet_0_clk (net)
                  0.08    0.00    0.18 ^ clkbuf_3_2__f_clk/A (sky130_fd_sc_hd__clkbuf_16)
                  0.04    0.13    0.30 ^ clkbuf_3_2__f_clk/X (sky130_fd_sc_hd__clkbuf_16)
     8    0.01                           clknet_3_2__leaf_clk (net)
                  0.04    0.00    0.30 ^ _422_/CLK (sky130_fd_sc_hd__dfrtp_1)
                  0.06    0.31    0.61 ^ _422_/Q (sky130_fd_sc_hd__dfrtp_1)
     1    0.00                           u_control.o_start_sort (net)
                  0.06    0.00    0.61 ^ _245_/A (sky130_fd_sc_hd__buf_6)
                  0.14    0.16    0.78 ^ _245_/X (sky130_fd_sc_hd__buf_6)
    20    0.06                           _098_ (net)
                  0.14    0.00    0.78 ^ _246_/A (sky130_fd_sc_hd__inv_2)
                  0.05    0.06    0.84 v _246_/Y (sky130_fd_sc_hd__inv_2)
     6    0.01                           _099_ (net)
                  0.05    0.00    0.84 v _394_/A (sky130_fd_sc_hd__and3_1)
                  0.03    0.13    0.97 v _394_/X (sky130_fd_sc_hd__and3_1)
     1    0.00                           _194_ (net)
                  0.03    0.00    0.97 v _395_/A (sky130_fd_sc_hd__clkbuf_1)
                  0.02    0.07    1.04 v _395_/X (sky130_fd_sc_hd__clkbuf_1)
     1    0.00                           _054_ (net)
                  0.02    0.00    1.04 v _475_/D (sky130_fd_sc_hd__dfrtp_4)
                                  1.04   data arrival time

                          0.00    0.00   clock clk (rise edge)
                          0.00    0.00   clock source latency
                  0.04    0.03    0.03 ^ clk (in)
     1    0.01                           clk (net)
                  0.04    0.00    0.03 ^ clkbuf_0_clk/A (sky130_fd_sc_hd__clkbuf_16)
                  0.08    0.17    0.20 ^ clkbuf_0_clk/X (sky130_fd_sc_hd__clkbuf_16)
     8    0.06                           clknet_0_clk (net)
                  0.08    0.00    0.20 ^ clkbuf_3_7__f_clk/A (sky130_fd_sc_hd__clkbuf_16)
                  0.04    0.15    0.34 ^ clkbuf_3_7__f_clk/X (sky130_fd_sc_hd__clkbuf_16)
    11    0.02                           clknet_3_7__leaf_clk (net)
                  0.04    0.00    0.34 ^ _475_/CLK (sky130_fd_sc_hd__dfrtp_4)
                          0.25    0.59   clock uncertainty
                         -0.02    0.57   clock reconvergence pessimism
                         -0.03    0.54   library hold time
                                  0.54   data required time
-----------------------------------------------------------------------------
                                  0.54   data required time
                                 -1.04   data arrival time
-----------------------------------------------------------------------------
                                  0.50   slack (MET)


Startpoint: _479_ (rising edge-triggered flip-flop clocked by clk)
Endpoint: _472_ (rising edge-triggered flip-flop clocked by clk)
Path Group: clk
Path Type: min

Fanout     Cap    Slew   Delay    Time   Description
-----------------------------------------------------------------------------
                          0.00    0.00   clock clk (rise edge)
                          0.00    0.00   clock source latency
                  0.04    0.03    0.03 ^ clk (in)
     1    0.01                           clk (net)
                  0.04    0.00    0.03 ^ clkbuf_0_clk/A (sky130_fd_sc_hd__clkbuf_16)
                  0.08    0.15    0.18 ^ clkbuf_0_clk/X (sky130_fd_sc_hd__clkbuf_16)
     8    0.06                           clknet_0_clk (net)
                  0.08    0.00    0.18 ^ clkbuf_3_6__f_clk/A (sky130_fd_sc_hd__clkbuf_16)
                  0.04    0.13    0.30 ^ clkbuf_3_6__f_clk/X (sky130_fd_sc_hd__clkbuf_16)
     8    0.01                           clknet_3_6__leaf_clk (net)
                  0.04    0.00    0.30 ^ _479_/CLK (sky130_fd_sc_hd__dfrtp_1)
                  0.05    0.35    0.65 v _479_/Q (sky130_fd_sc_hd__dfrtp_1)
     3    0.01                           u_sort.valid_reg[0] (net)
                  0.05    0.00    0.65 v _234_/A (sky130_fd_sc_hd__and4_1)
                  0.06    0.16    0.81 v _234_/X (sky130_fd_sc_hd__and4_1)
     4    0.01                           _087_ (net)
                  0.06    0.00    0.81 v _383_/A1 (sky130_fd_sc_hd__o21ai_1)
                  0.07    0.11    0.93 ^ _383_/Y (sky130_fd_sc_hd__o21ai_1)
     1    0.00                           _186_ (net)
                  0.07    0.00    0.93 ^ _384_/A1 (sky130_fd_sc_hd__mux2_1)
                  0.04    0.11    1.04 ^ _384_/X (sky130_fd_sc_hd__mux2_1)
     1    0.00                           _187_ (net)
                  0.04    0.00    1.04 ^ _385_/A (sky130_fd_sc_hd__clkbuf_1)
                  0.04    0.07    1.11 ^ _385_/X (sky130_fd_sc_hd__clkbuf_1)
     1    0.00                           _051_ (net)
                  0.04    0.00    1.11 ^ _472_/D (sky130_fd_sc_hd__dfrtp_1)
                                  1.11   data arrival time

                          0.00    0.00   clock clk (rise edge)
                          0.00    0.00   clock source latency
                  0.04    0.03    0.03 ^ clk (in)
     1    0.01                           clk (net)
                  0.04    0.00    0.03 ^ clkbuf_0_clk/A (sky130_fd_sc_hd__clkbuf_16)
                  0.08    0.17    0.20 ^ clkbuf_0_clk/X (sky130_fd_sc_hd__clkbuf_16)
     8    0.06                           clknet_0_clk (net)
                  0.08    0.00    0.20 ^ clkbuf_3_7__f_clk/A (sky130_fd_sc_hd__clkbuf_16)
                  0.04    0.15    0.34 ^ clkbuf_3_7__f_clk/X (sky130_fd_sc_hd__clkbuf_16)
    11    0.02                           clknet_3_7__leaf_clk (net)
                  0.04    0.00    0.34 ^ _472_/CLK (sky130_fd_sc_hd__dfrtp_1)
                          0.25    0.59   clock uncertainty
                         -0.02    0.57   clock reconvergence pessimism
                         -0.03    0.54   library hold time
                                  0.54   data required time
-----------------------------------------------------------------------------
                                  0.54   data required time
                                 -1.11   data arrival time
-----------------------------------------------------------------------------
                                  0.57   slack (MET)


Startpoint: _437_ (rising edge-triggered flip-flop clocked by clk)
Endpoint: _435_ (rising edge-triggered flip-flop clocked by clk)
Path Group: clk
Path Type: min

Fanout     Cap    Slew   Delay    Time   Description
-----------------------------------------------------------------------------
                          0.00    0.00   clock clk (rise edge)
                          0.00    0.00   clock source latency
                  0.04    0.03    0.03 ^ clk (in)
     1    0.01                           clk (net)
                  0.04    0.00    0.03 ^ clkbuf_0_clk/A (sky130_fd_sc_hd__clkbuf_16)
                  0.08    0.15    0.18 ^ clkbuf_0_clk/X (sky130_fd_sc_hd__clkbuf_16)
     8    0.06                           clknet_0_clk (net)
                  0.08    0.00    0.18 ^ clkbuf_3_0__f_clk/A (sky130_fd_sc_hd__clkbuf_16)
                  0.04    0.13    0.31 ^ clkbuf_3_0__f_clk/X (sky130_fd_sc_hd__clkbuf_16)
    11    0.02                           clknet_3_0__leaf_clk (net)
                  0.04    0.00    0.31 ^ _437_/CLK (sky130_fd_sc_hd__dfrtp_1)
                  0.05    0.35    0.66 v _437_/Q (sky130_fd_sc_hd__dfrtp_1)
     2    0.01                           u_am2.max[2] (net)
                  0.05    0.00    0.66 v _301_/A (sky130_fd_sc_hd__inv_2)
                  0.03    0.05    0.71 ^ _301_/Y (sky130_fd_sc_hd__inv_2)
     2    0.00                           _140_ (net)
                  0.03    0.00    0.71 ^ _306_/A1 (sky130_fd_sc_hd__o221a_2)
                  0.12    0.23    0.94 ^ _306_/X (sky130_fd_sc_hd__o221a_2)
     5    0.02                           _145_ (net)
                  0.12    0.00    0.94 ^ _307_/S (sky130_fd_sc_hd__mux2_1)
                  0.04    0.13    1.07 ^ _307_/X (sky130_fd_sc_hd__mux2_1)
     1    0.00                           _146_ (net)
                  0.04    0.00    1.07 ^ _308_/A (sky130_fd_sc_hd__clkbuf_1)
                  0.04    0.07    1.14 ^ _308_/X (sky130_fd_sc_hd__clkbuf_1)
     1    0.00                           _015_ (net)
                  0.04    0.00    1.14 ^ _435_/D (sky130_fd_sc_hd__dfrtp_1)
                                  1.14   data arrival time

                          0.00    0.00   clock clk (rise edge)
                          0.00    0.00   clock source latency
                  0.04    0.03    0.03 ^ clk (in)
     1    0.01                           clk (net)
                  0.04    0.00    0.03 ^ clkbuf_0_clk/A (sky130_fd_sc_hd__clkbuf_16)
                  0.08    0.17    0.20 ^ clkbuf_0_clk/X (sky130_fd_sc_hd__clkbuf_16)
     8    0.06                           clknet_0_clk (net)
                  0.08    0.00    0.20 ^ clkbuf_3_1__f_clk/A (sky130_fd_sc_hd__clkbuf_16)
                  0.03    0.14    0.33 ^ clkbuf_3_1__f_clk/X (sky130_fd_sc_hd__clkbuf_16)
     6    0.01                           clknet_3_1__leaf_clk (net)
                  0.03    0.00    0.33 ^ _435_/CLK (sky130_fd_sc_hd__dfrtp_1)
                          0.25    0.58   clock uncertainty
                         -0.02    0.56   clock reconvergence pessimism
                         -0.03    0.53   library hold time
                                  0.53   data required time
-----------------------------------------------------------------------------
                                  0.53   data required time
                                 -1.14   data arrival time
-----------------------------------------------------------------------------
                                  0.61   slack (MET)


Startpoint: _431_ (rising edge-triggered flip-flop clocked by clk)
Endpoint: _429_ (rising edge-triggered flip-flop clocked by clk)
Path Group: clk
Path Type: min

Fanout     Cap    Slew   Delay    Time   Description
-----------------------------------------------------------------------------
                          0.00    0.00   clock clk (rise edge)
                          0.00    0.00   clock source latency
                  0.04    0.03    0.03 ^ clk (in)
     1    0.01                           clk (net)
                  0.04    0.00    0.03 ^ clkbuf_0_clk/A (sky130_fd_sc_hd__clkbuf_16)
                  0.08    0.15    0.18 ^ clkbuf_0_clk/X (sky130_fd_sc_hd__clkbuf_16)
     8    0.06                           clknet_0_clk (net)
                  0.08    0.00    0.18 ^ clkbuf_3_5__f_clk/A (sky130_fd_sc_hd__clkbuf_16)
                  0.04    0.13    0.30 ^ clkbuf_3_5__f_clk/X (sky130_fd_sc_hd__clkbuf_16)
     7    0.01                           clknet_3_5__leaf_clk (net)
                  0.04    0.00    0.30 ^ _431_/CLK (sky130_fd_sc_hd__dfrtp_1)
                  0.05    0.35    0.65 v _431_/Q (sky130_fd_sc_hd__dfrtp_1)
     2    0.01                           u_am1.max[2] (net)
                  0.05    0.00    0.65 v _284_/A (sky130_fd_sc_hd__inv_2)
                  0.03    0.05    0.70 ^ _284_/Y (sky130_fd_sc_hd__inv_2)
     2    0.00                           _129_ (net)
                  0.03    0.00    0.70 ^ _289_/A1 (sky130_fd_sc_hd__o221a_2)
                  0.12    0.23    0.93 ^ _289_/X (sky130_fd_sc_hd__o221a_2)
     5    0.02                           _134_ (net)
                  0.12    0.00    0.93 ^ _290_/S (sky130_fd_sc_hd__mux2_1)
                  0.04    0.13    1.06 ^ _290_/X (sky130_fd_sc_hd__mux2_1)
     1    0.00                           _135_ (net)
                  0.04    0.00    1.06 ^ _291_/A (sky130_fd_sc_hd__clkbuf_1)
                  0.04    0.07    1.13 ^ _291_/X (sky130_fd_sc_hd__clkbuf_1)
     1    0.00                           _009_ (net)
                  0.04    0.00    1.13 ^ _429_/D (sky130_fd_sc_hd__dfrtp_1)
                                  1.13   data arrival time

                          0.00    0.00   clock clk (rise edge)
                          0.00    0.00   clock source latency
                  0.04    0.03    0.03 ^ clk (in)
     1    0.01                           clk (net)
                  0.04    0.00    0.03 ^ clkbuf_0_clk/A (sky130_fd_sc_hd__clkbuf_16)
                  0.08    0.17    0.20 ^ clkbuf_0_clk/X (sky130_fd_sc_hd__clkbuf_16)
     8    0.06                           clknet_0_clk (net)
                  0.08    0.00    0.20 ^ clkbuf_3_5__f_clk/A (sky130_fd_sc_hd__clkbuf_16)
                  0.04    0.14    0.33 ^ clkbuf_3_5__f_clk/X (sky130_fd_sc_hd__clkbuf_16)
     7    0.01                           clknet_3_5__leaf_clk (net)
                  0.04    0.00    0.33 ^ _429_/CLK (sky130_fd_sc_hd__dfrtp_1)
                          0.25    0.58   clock uncertainty
                         -0.03    0.55   clock reconvergence pessimism
                         -0.03    0.52   library hold time
                                  0.52   data required time
-----------------------------------------------------------------------------
                                  0.52   data required time
                                 -1.13   data arrival time
-----------------------------------------------------------------------------
                                  0.61   slack (MET)


Startpoint: _431_ (rising edge-triggered flip-flop clocked by clk)
Endpoint: _430_ (rising edge-triggered flip-flop clocked by clk)
Path Group: clk
Path Type: min

Fanout     Cap    Slew   Delay    Time   Description
-----------------------------------------------------------------------------
                          0.00    0.00   clock clk (rise edge)
                          0.00    0.00   clock source latency
                  0.04    0.03    0.03 ^ clk (in)
     1    0.01                           clk (net)
                  0.04    0.00    0.03 ^ clkbuf_0_clk/A (sky130_fd_sc_hd__clkbuf_16)
                  0.08    0.15    0.18 ^ clkbuf_0_clk/X (sky130_fd_sc_hd__clkbuf_16)
     8    0.06                           clknet_0_clk (net)
                  0.08    0.00    0.18 ^ clkbuf_3_5__f_clk/A (sky130_fd_sc_hd__clkbuf_16)
                  0.04    0.13    0.30 ^ clkbuf_3_5__f_clk/X (sky130_fd_sc_hd__clkbuf_16)
     7    0.01                           clknet_3_5__leaf_clk (net)
                  0.04    0.00    0.30 ^ _431_/CLK (sky130_fd_sc_hd__dfrtp_1)
                  0.05    0.35    0.65 v _431_/Q (sky130_fd_sc_hd__dfrtp_1)
     2    0.01                           u_am1.max[2] (net)
                  0.05    0.00    0.65 v _284_/A (sky130_fd_sc_hd__inv_2)
                  0.03    0.05    0.70 ^ _284_/Y (sky130_fd_sc_hd__inv_2)
     2    0.00                           _129_ (net)
                  0.03    0.00    0.70 ^ _289_/A1 (sky130_fd_sc_hd__o221a_2)
                  0.12    0.23    0.93 ^ _289_/X (sky130_fd_sc_hd__o221a_2)
     5    0.02                           _134_ (net)
                  0.12    0.00    0.93 ^ _292_/S (sky130_fd_sc_hd__mux2_1)
                  0.04    0.13    1.06 ^ _292_/X (sky130_fd_sc_hd__mux2_1)
     1    0.00                           _136_ (net)
                  0.04    0.00    1.06 ^ _293_/A (sky130_fd_sc_hd__clkbuf_1)
                  0.04    0.07    1.13 ^ _293_/X (sky130_fd_sc_hd__clkbuf_1)
     1    0.00                           _010_ (net)
                  0.04    0.00    1.13 ^ _430_/D (sky130_fd_sc_hd__dfrtp_1)
                                  1.13   data arrival time

                          0.00    0.00   clock clk (rise edge)
                          0.00    0.00   clock source latency
                  0.04    0.03    0.03 ^ clk (in)
     1    0.01                           clk (net)
                  0.04    0.00    0.03 ^ clkbuf_0_clk/A (sky130_fd_sc_hd__clkbuf_16)
                  0.08    0.17    0.20 ^ clkbuf_0_clk/X (sky130_fd_sc_hd__clkbuf_16)
     8    0.06                           clknet_0_clk (net)
                  0.08    0.00    0.20 ^ clkbuf_3_5__f_clk/A (sky130_fd_sc_hd__clkbuf_16)
                  0.04    0.14    0.33 ^ clkbuf_3_5__f_clk/X (sky130_fd_sc_hd__clkbuf_16)
     7    0.01                           clknet_3_5__leaf_clk (net)
                  0.04    0.00    0.33 ^ _430_/CLK (sky130_fd_sc_hd__dfrtp_1)
                          0.25    0.58   clock uncertainty
                         -0.03    0.55   clock reconvergence pessimism
                         -0.03    0.52   library hold time
                                  0.52   data required time
-----------------------------------------------------------------------------
                                  0.52   data required time
                                 -1.13   data arrival time
-----------------------------------------------------------------------------
                                  0.61   slack (MET)


Startpoint: _449_ (rising edge-triggered flip-flop clocked by clk)
Endpoint: _447_ (rising edge-triggered flip-flop clocked by clk)
Path Group: clk
Path Type: min

Fanout     Cap    Slew   Delay    Time   Description
-----------------------------------------------------------------------------
                          0.00    0.00   clock clk (rise edge)
                          0.00    0.00   clock source latency
                  0.04    0.03    0.03 ^ clk (in)
     1    0.01                           clk (net)
                  0.04    0.00    0.03 ^ clkbuf_0_clk/A (sky130_fd_sc_hd__clkbuf_16)
                  0.08    0.15    0.18 ^ clkbuf_0_clk/X (sky130_fd_sc_hd__clkbuf_16)
     8    0.06                           clknet_0_clk (net)
                  0.08    0.00    0.18 ^ clkbuf_3_2__f_clk/A (sky130_fd_sc_hd__clkbuf_16)
                  0.04    0.13    0.30 ^ clkbuf_3_2__f_clk/X (sky130_fd_sc_hd__clkbuf_16)
     8    0.01                           clknet_3_2__leaf_clk (net)
                  0.04    0.00    0.30 ^ _449_/CLK (sky130_fd_sc_hd__dfrtp_1)
                  0.05    0.35    0.65 v _449_/Q (sky130_fd_sc_hd__dfrtp_1)
     2    0.01                           u_am4.max[2] (net)
                  0.05    0.00    0.65 v _261_/A (sky130_fd_sc_hd__inv_2)
                  0.03    0.05    0.70 ^ _261_/Y (sky130_fd_sc_hd__inv_2)
     2    0.00                           _112_ (net)
                  0.03    0.00    0.70 ^ _266_/A1 (sky130_fd_sc_hd__o221a_2)
                  0.12    0.23    0.93 ^ _266_/X (sky130_fd_sc_hd__o221a_2)
     5    0.02                           _117_ (net)
                  0.12    0.00    0.93 ^ _335_/S (sky130_fd_sc_hd__mux2_1)
                  0.04    0.13    1.07 ^ _335_/X (sky130_fd_sc_hd__mux2_1)
     1    0.00                           _162_ (net)
                  0.04    0.00    1.07 ^ _336_/A (sky130_fd_sc_hd__clkbuf_1)
                  0.04    0.07    1.13 ^ _336_/X (sky130_fd_sc_hd__clkbuf_1)
     1    0.00                           _027_ (net)
                  0.04    0.00    1.13 ^ _447_/D (sky130_fd_sc_hd__dfrtp_1)
                                  1.13   data arrival time

                          0.00    0.00   clock clk (rise edge)
                          0.00    0.00   clock source latency
                  0.04    0.03    0.03 ^ clk (in)
     1    0.01                           clk (net)
                  0.04    0.00    0.03 ^ clkbuf_0_clk/A (sky130_fd_sc_hd__clkbuf_16)
                  0.08    0.17    0.20 ^ clkbuf_0_clk/X (sky130_fd_sc_hd__clkbuf_16)
     8    0.06                           clknet_0_clk (net)
                  0.08    0.00    0.20 ^ clkbuf_3_2__f_clk/A (sky130_fd_sc_hd__clkbuf_16)
                  0.04    0.14    0.34 ^ clkbuf_3_2__f_clk/X (sky130_fd_sc_hd__clkbuf_16)
     8    0.01                           clknet_3_2__leaf_clk (net)
                  0.04    0.00    0.34 ^ _447_/CLK (sky130_fd_sc_hd__dfrtp_1)
                          0.25    0.59   clock uncertainty
                         -0.03    0.55   clock reconvergence pessimism
                         -0.03    0.52   library hold time
                                  0.52   data required time
-----------------------------------------------------------------------------
                                  0.52   data required time
                                 -1.13   data arrival time
-----------------------------------------------------------------------------
                                  0.61   slack (MET)


Startpoint: _449_ (rising edge-triggered flip-flop clocked by clk)
Endpoint: _448_ (rising edge-triggered flip-flop clocked by clk)
Path Group: clk
Path Type: min

Fanout     Cap    Slew   Delay    Time   Description
-----------------------------------------------------------------------------
                          0.00    0.00   clock clk (rise edge)
                          0.00    0.00   clock source latency
                  0.04    0.03    0.03 ^ clk (in)
     1    0.01                           clk (net)
                  0.04    0.00    0.03 ^ clkbuf_0_clk/A (sky130_fd_sc_hd__clkbuf_16)
                  0.08    0.15    0.18 ^ clkbuf_0_clk/X (sky130_fd_sc_hd__clkbuf_16)
     8    0.06                           clknet_0_clk (net)
                  0.08    0.00    0.18 ^ clkbuf_3_2__f_clk/A (sky130_fd_sc_hd__clkbuf_16)
                  0.04    0.13    0.30 ^ clkbuf_3_2__f_clk/X (sky130_fd_sc_hd__clkbuf_16)
     8    0.01                           clknet_3_2__leaf_clk (net)
                  0.04    0.00    0.30 ^ _449_/CLK (sky130_fd_sc_hd__dfrtp_1)
                  0.05    0.35    0.65 v _449_/Q (sky130_fd_sc_hd__dfrtp_1)
     2    0.01                           u_am4.max[2] (net)
                  0.05    0.00    0.65 v _261_/A (sky130_fd_sc_hd__inv_2)
                  0.03    0.05    0.70 ^ _261_/Y (sky130_fd_sc_hd__inv_2)
     2    0.00                           _112_ (net)
                  0.03    0.00    0.70 ^ _266_/A1 (sky130_fd_sc_hd__o221a_2)
                  0.12    0.23    0.93 ^ _266_/X (sky130_fd_sc_hd__o221a_2)
     5    0.02                           _117_ (net)
                  0.12    0.00    0.93 ^ _337_/S (sky130_fd_sc_hd__mux2_1)
                  0.04    0.13    1.07 ^ _337_/X (sky130_fd_sc_hd__mux2_1)
     1    0.00                           _163_ (net)
                  0.04    0.00    1.07 ^ _338_/A (sky130_fd_sc_hd__clkbuf_1)
                  0.04    0.07    1.13 ^ _338_/X (sky130_fd_sc_hd__clkbuf_1)
     1    0.00                           _028_ (net)
                  0.04    0.00    1.13 ^ _448_/D (sky130_fd_sc_hd__dfrtp_1)
                                  1.13   data arrival time

                          0.00    0.00   clock clk (rise edge)
                          0.00    0.00   clock source latency
                  0.04    0.03    0.03 ^ clk (in)
     1    0.01                           clk (net)
                  0.04    0.00    0.03 ^ clkbuf_0_clk/A (sky130_fd_sc_hd__clkbuf_16)
                  0.08    0.17    0.20 ^ clkbuf_0_clk/X (sky130_fd_sc_hd__clkbuf_16)
     8    0.06                           clknet_0_clk (net)
                  0.08    0.00    0.20 ^ clkbuf_3_2__f_clk/A (sky130_fd_sc_hd__clkbuf_16)
                  0.04    0.14    0.34 ^ clkbuf_3_2__f_clk/X (sky130_fd_sc_hd__clkbuf_16)
     8    0.01                           clknet_3_2__leaf_clk (net)
                  0.04    0.00    0.34 ^ _448_/CLK (sky130_fd_sc_hd__dfrtp_1)
                          0.25    0.59   clock uncertainty
                         -0.03    0.55   clock reconvergence pessimism
                         -0.03    0.52   library hold time
                                  0.52   data required time
-----------------------------------------------------------------------------
                                  0.52   data required time
                                 -1.13   data arrival time
-----------------------------------------------------------------------------
                                  0.61   slack (MET)


Startpoint: _463_ (rising edge-triggered flip-flop clocked by clk)
Endpoint: _473_ (rising edge-triggered flip-flop clocked by clk)
Path Group: clk
Path Type: min

Fanout     Cap    Slew   Delay    Time   Description
-----------------------------------------------------------------------------
                          0.00    0.00   clock clk (rise edge)
                          0.00    0.00   clock source latency
                  0.04    0.03    0.03 ^ clk (in)
     1    0.01                           clk (net)
                  0.04    0.00    0.03 ^ clkbuf_0_clk/A (sky130_fd_sc_hd__clkbuf_16)
                  0.08    0.15    0.18 ^ clkbuf_0_clk/X (sky130_fd_sc_hd__clkbuf_16)
     8    0.06                           clknet_0_clk (net)
                  0.08    0.00    0.18 ^ clkbuf_3_4__f_clk/A (sky130_fd_sc_hd__clkbuf_16)
                  0.03    0.12    0.30 ^ clkbuf_3_4__f_clk/X (sky130_fd_sc_hd__clkbuf_16)
     6    0.01                           clknet_3_4__leaf_clk (net)
                  0.03    0.00    0.30 ^ _463_/CLK (sky130_fd_sc_hd__dfrtp_1)
                  0.09    0.33    0.63 ^ _463_/Q (sky130_fd_sc_hd__dfrtp_1)
     3    0.01                           u_sort.bucket_reg[1][1] (net)
                  0.09    0.00    0.63 ^ _227_/B1 (sky130_fd_sc_hd__a221oi_2)
                  0.04    0.07    0.70 v _227_/Y (sky130_fd_sc_hd__a221oi_2)
     3    0.01                           _080_ (net)
                  0.04    0.00    0.70 v _257_/A1 (sky130_fd_sc_hd__a21o_1)
                  0.06    0.17    0.87 v _257_/X (sky130_fd_sc_hd__a21o_1)
     4    0.01                           _109_ (net)
                  0.06    0.00    0.87 v _386_/B1 (sky130_fd_sc_hd__a21oi_1)
                  0.07    0.10    0.96 ^ _386_/Y (sky130_fd_sc_hd__a21oi_1)
     1    0.00                           _188_ (net)
                  0.07    0.00    0.96 ^ _387_/A1 (sky130_fd_sc_hd__mux2_1)
                  0.04    0.12    1.08 ^ _387_/X (sky130_fd_sc_hd__mux2_1)
     1    0.00                           _189_ (net)
                  0.04    0.00    1.08 ^ _388_/A (sky130_fd_sc_hd__clkbuf_1)
                  0.04    0.07    1.15 ^ _388_/X (sky130_fd_sc_hd__clkbuf_1)
     1    0.00                           _052_ (net)
                  0.04    0.00    1.15 ^ _473_/D (sky130_fd_sc_hd__dfrtp_1)
                                  1.15   data arrival time

                          0.00    0.00   clock clk (rise edge)
                          0.00    0.00   clock source latency
                  0.04    0.03    0.03 ^ clk (in)
     1    0.01                           clk (net)
                  0.04    0.00    0.03 ^ clkbuf_0_clk/A (sky130_fd_sc_hd__clkbuf_16)
                  0.08    0.17    0.20 ^ clkbuf_0_clk/X (sky130_fd_sc_hd__clkbuf_16)
     8    0.06                           clknet_0_clk (net)
                  0.08    0.00    0.20 ^ clkbuf_3_3__f_clk/A (sky130_fd_sc_hd__clkbuf_16)
                  0.04    0.14    0.34 ^ clkbuf_3_3__f_clk/X (sky130_fd_sc_hd__clkbuf_16)
     8    0.01                           clknet_3_3__leaf_clk (net)
                  0.04    0.00    0.34 ^ _473_/CLK (sky130_fd_sc_hd__dfrtp_1)
                          0.25    0.59   clock uncertainty
                         -0.02    0.57   clock reconvergence pessimism
                         -0.03    0.53   library hold time
                                  0.53   data required time
-----------------------------------------------------------------------------
                                  0.53   data required time
                                 -1.15   data arrival time
-----------------------------------------------------------------------------
                                  0.61   slack (MET)


Startpoint: _428_ (rising edge-triggered flip-flop clocked by clk)
Endpoint: _426_ (rising edge-triggered flip-flop clocked by clk)
Path Group: clk
Path Type: min

Fanout     Cap    Slew   Delay    Time   Description
-----------------------------------------------------------------------------
                          0.00    0.00   clock clk (rise edge)
                          0.00    0.00   clock source latency
                  0.04    0.03    0.03 ^ clk (in)
     1    0.01                           clk (net)
                  0.04    0.00    0.03 ^ clkbuf_0_clk/A (sky130_fd_sc_hd__clkbuf_16)
                  0.08    0.15    0.18 ^ clkbuf_0_clk/X (sky130_fd_sc_hd__clkbuf_16)
     8    0.06                           clknet_0_clk (net)
                  0.08    0.00    0.18 ^ clkbuf_3_7__f_clk/A (sky130_fd_sc_hd__clkbuf_16)
                  0.04    0.13    0.31 ^ clkbuf_3_7__f_clk/X (sky130_fd_sc_hd__clkbuf_16)
    11    0.02                           clknet_3_7__leaf_clk (net)
                  0.04    0.00    0.31 ^ _428_/CLK (sky130_fd_sc_hd__dfrtp_1)
                  0.05    0.35    0.66 v _428_/Q (sky130_fd_sc_hd__dfrtp_1)
     2    0.01                           u_am0.max[2] (net)
                  0.05    0.00    0.66 v _273_/A (sky130_fd_sc_hd__inv_2)
                  0.03    0.05    0.71 ^ _273_/Y (sky130_fd_sc_hd__inv_2)
     2    0.00                           _121_ (net)
                  0.03    0.00    0.71 ^ _278_/A1 (sky130_fd_sc_hd__o221a_2)
                  0.12    0.23    0.94 ^ _278_/X (sky130_fd_sc_hd__o221a_2)
     5    0.02                           _126_ (net)
                  0.12    0.00    0.94 ^ _279_/S (sky130_fd_sc_hd__mux2_1)
                  0.04    0.13    1.07 ^ _279_/X (sky130_fd_sc_hd__mux2_1)
     1    0.00                           _127_ (net)
                  0.04    0.00    1.07 ^ _280_/A (sky130_fd_sc_hd__clkbuf_1)
                  0.04    0.07    1.14 ^ _280_/X (sky130_fd_sc_hd__clkbuf_1)
     1    0.00                           _006_ (net)
                  0.04    0.00    1.14 ^ _426_/D (sky130_fd_sc_hd__dfrtp_1)
                                  1.14   data arrival time

                          0.00    0.00   clock clk (rise edge)
                          0.00    0.00   clock source latency
                  0.04    0.03    0.03 ^ clk (in)
     1    0.01                           clk (net)
                  0.04    0.00    0.03 ^ clkbuf_0_clk/A (sky130_fd_sc_hd__clkbuf_16)
                  0.08    0.17    0.20 ^ clkbuf_0_clk/X (sky130_fd_sc_hd__clkbuf_16)
     8    0.06                           clknet_0_clk (net)
                  0.08    0.00    0.20 ^ clkbuf_3_7__f_clk/A (sky130_fd_sc_hd__clkbuf_16)
                  0.04    0.15    0.34 ^ clkbuf_3_7__f_clk/X (sky130_fd_sc_hd__clkbuf_16)
    11    0.02                           clknet_3_7__leaf_clk (net)
                  0.04    0.00    0.34 ^ _426_/CLK (sky130_fd_sc_hd__dfrtp_1)
                          0.25    0.59   clock uncertainty
                         -0.03    0.56   clock reconvergence pessimism
                         -0.03    0.53   library hold time
                                  0.53   data required time
-----------------------------------------------------------------------------
                                  0.53   data required time
                                 -1.14   data arrival time
-----------------------------------------------------------------------------
                                  0.61   slack (MET)


Startpoint: _428_ (rising edge-triggered flip-flop clocked by clk)
Endpoint: _427_ (rising edge-triggered flip-flop clocked by clk)
Path Group: clk
Path Type: min

Fanout     Cap    Slew   Delay    Time   Description
-----------------------------------------------------------------------------
                          0.00    0.00   clock clk (rise edge)
                          0.00    0.00   clock source latency
                  0.04    0.03    0.03 ^ clk (in)
     1    0.01                           clk (net)
                  0.04    0.00    0.03 ^ clkbuf_0_clk/A (sky130_fd_sc_hd__clkbuf_16)
                  0.08    0.15    0.18 ^ clkbuf_0_clk/X (sky130_fd_sc_hd__clkbuf_16)
     8    0.06                           clknet_0_clk (net)
                  0.08    0.00    0.18 ^ clkbuf_3_7__f_clk/A (sky130_fd_sc_hd__clkbuf_16)
                  0.04    0.13    0.31 ^ clkbuf_3_7__f_clk/X (sky130_fd_sc_hd__clkbuf_16)
    11    0.02                           clknet_3_7__leaf_clk (net)
                  0.04    0.00    0.31 ^ _428_/CLK (sky130_fd_sc_hd__dfrtp_1)
                  0.05    0.35    0.66 v _428_/Q (sky130_fd_sc_hd__dfrtp_1)
     2    0.01                           u_am0.max[2] (net)
                  0.05    0.00    0.66 v _273_/A (sky130_fd_sc_hd__inv_2)
                  0.03    0.05    0.71 ^ _273_/Y (sky130_fd_sc_hd__inv_2)
     2    0.00                           _121_ (net)
                  0.03    0.00    0.71 ^ _278_/A1 (sky130_fd_sc_hd__o221a_2)
                  0.12    0.23    0.94 ^ _278_/X (sky130_fd_sc_hd__o221a_2)
     5    0.02                           _126_ (net)
                  0.12    0.00    0.94 ^ _281_/S (sky130_fd_sc_hd__mux2_1)
                  0.04    0.13    1.07 ^ _281_/X (sky130_fd_sc_hd__mux2_1)
     1    0.00                           _128_ (net)
                  0.04    0.00    1.07 ^ _282_/A (sky130_fd_sc_hd__clkbuf_1)
                  0.04    0.07    1.14 ^ _282_/X (sky130_fd_sc_hd__clkbuf_1)
     1    0.00                           _007_ (net)
                  0.04    0.00    1.14 ^ _427_/D (sky130_fd_sc_hd__dfrtp_1)
                                  1.14   data arrival time

                          0.00    0.00   clock clk (rise edge)
                          0.00    0.00   clock source latency
                  0.04    0.03    0.03 ^ clk (in)
     1    0.01                           clk (net)
                  0.04    0.00    0.03 ^ clkbuf_0_clk/A (sky130_fd_sc_hd__clkbuf_16)
                  0.08    0.17    0.20 ^ clkbuf_0_clk/X (sky130_fd_sc_hd__clkbuf_16)
     8    0.06                           clknet_0_clk (net)
                  0.08    0.00    0.20 ^ clkbuf_3_7__f_clk/A (sky130_fd_sc_hd__clkbuf_16)
                  0.04    0.15    0.34 ^ clkbuf_3_7__f_clk/X (sky130_fd_sc_hd__clkbuf_16)
    11    0.02                           clknet_3_7__leaf_clk (net)
                  0.04    0.00    0.34 ^ _427_/CLK (sky130_fd_sc_hd__dfrtp_1)
                          0.25    0.59   clock uncertainty
                         -0.03    0.56   clock reconvergence pessimism
                         -0.03    0.53   library hold time
                                  0.53   data required time
-----------------------------------------------------------------------------
                                  0.53   data required time
                                 -1.14   data arrival time
-----------------------------------------------------------------------------
                                  0.61   slack (MET)


Startpoint: _437_ (rising edge-triggered flip-flop clocked by clk)
Endpoint: _436_ (rising edge-triggered flip-flop clocked by clk)
Path Group: clk
Path Type: min

Fanout     Cap    Slew   Delay    Time   Description
-----------------------------------------------------------------------------
                          0.00    0.00   clock clk (rise edge)
                          0.00    0.00   clock source latency
                  0.04    0.03    0.03 ^ clk (in)
     1    0.01                           clk (net)
                  0.04    0.00    0.03 ^ clkbuf_0_clk/A (sky130_fd_sc_hd__clkbuf_16)
                  0.08    0.15    0.18 ^ clkbuf_0_clk/X (sky130_fd_sc_hd__clkbuf_16)
     8    0.06                           clknet_0_clk (net)
                  0.08    0.00    0.18 ^ clkbuf_3_0__f_clk/A (sky130_fd_sc_hd__clkbuf_16)
                  0.04    0.13    0.31 ^ clkbuf_3_0__f_clk/X (sky130_fd_sc_hd__clkbuf_16)
    11    0.02                           clknet_3_0__leaf_clk (net)
                  0.04    0.00    0.31 ^ _437_/CLK (sky130_fd_sc_hd__dfrtp_1)
                  0.05    0.35    0.66 v _437_/Q (sky130_fd_sc_hd__dfrtp_1)
     2    0.01                           u_am2.max[2] (net)
                  0.05    0.00    0.66 v _301_/A (sky130_fd_sc_hd__inv_2)
                  0.03    0.05    0.71 ^ _301_/Y (sky130_fd_sc_hd__inv_2)
     2    0.00                           _140_ (net)
                  0.03    0.00    0.71 ^ _306_/A1 (sky130_fd_sc_hd__o221a_2)
                  0.12    0.23    0.94 ^ _306_/X (sky130_fd_sc_hd__o221a_2)
     5    0.02                           _145_ (net)
                  0.12    0.00    0.94 ^ _309_/S (sky130_fd_sc_hd__mux2_1)
                  0.04    0.13    1.07 ^ _309_/X (sky130_fd_sc_hd__mux2_1)
     1    0.00                           _147_ (net)
                  0.04    0.00    1.07 ^ _310_/A (sky130_fd_sc_hd__clkbuf_1)
                  0.04    0.07    1.14 ^ _310_/X (sky130_fd_sc_hd__clkbuf_1)
     1    0.00                           _016_ (net)
                  0.04    0.00    1.14 ^ _436_/D (sky130_fd_sc_hd__dfrtp_1)
                                  1.14   data arrival time

                          0.00    0.00   clock clk (rise edge)
                          0.00    0.00   clock source latency
                  0.04    0.03    0.03 ^ clk (in)
     1    0.01                           clk (net)
                  0.04    0.00    0.03 ^ clkbuf_0_clk/A (sky130_fd_sc_hd__clkbuf_16)
                  0.08    0.17    0.20 ^ clkbuf_0_clk/X (sky130_fd_sc_hd__clkbuf_16)
     8    0.06                           clknet_0_clk (net)
                  0.08    0.00    0.20 ^ clkbuf_3_0__f_clk/A (sky130_fd_sc_hd__clkbuf_16)
                  0.04    0.15    0.34 ^ clkbuf_3_0__f_clk/X (sky130_fd_sc_hd__clkbuf_16)
    11    0.02                           clknet_3_0__leaf_clk (net)
                  0.04    0.00    0.34 ^ _436_/CLK (sky130_fd_sc_hd__dfrtp_1)
                          0.25    0.59   clock uncertainty
                         -0.03    0.56   clock reconvergence pessimism
                         -0.03    0.53   library hold time
                                  0.53   data required time
-----------------------------------------------------------------------------
                                  0.53   data required time
                                 -1.14   data arrival time
-----------------------------------------------------------------------------
                                  0.61   slack (MET)


Startpoint: _443_ (rising edge-triggered flip-flop clocked by clk)
Endpoint: _441_ (rising edge-triggered flip-flop clocked by clk)
Path Group: clk
Path Type: min

Fanout     Cap    Slew   Delay    Time   Description
-----------------------------------------------------------------------------
                          0.00    0.00   clock clk (rise edge)
                          0.00    0.00   clock source latency
                  0.04    0.03    0.03 ^ clk (in)
     1    0.01                           clk (net)
                  0.04    0.00    0.03 ^ clkbuf_0_clk/A (sky130_fd_sc_hd__clkbuf_16)
                  0.08    0.15    0.18 ^ clkbuf_0_clk/X (sky130_fd_sc_hd__clkbuf_16)
     8    0.06                           clknet_0_clk (net)
                  0.08    0.00    0.18 ^ clkbuf_3_0__f_clk/A (sky130_fd_sc_hd__clkbuf_16)
                  0.04    0.13    0.31 ^ clkbuf_3_0__f_clk/X (sky130_fd_sc_hd__clkbuf_16)
    11    0.02                           clknet_3_0__leaf_clk (net)
                  0.04    0.00    0.31 ^ _443_/CLK (sky130_fd_sc_hd__dfrtp_1)
                  0.05    0.35    0.66 v _443_/Q (sky130_fd_sc_hd__dfrtp_1)
     2    0.01                           u_am3.max[2] (net)
                  0.05    0.00    0.66 v _318_/A (sky130_fd_sc_hd__inv_2)
                  0.03    0.05    0.71 ^ _318_/Y (sky130_fd_sc_hd__inv_2)
     2    0.00                           _151_ (net)
                  0.03    0.00    0.71 ^ _323_/A1 (sky130_fd_sc_hd__o221a_2)
                  0.12    0.23    0.94 ^ _323_/X (sky130_fd_sc_hd__o221a_2)
     5    0.02                           _156_ (net)
                  0.12    0.00    0.94 ^ _324_/S (sky130_fd_sc_hd__mux2_1)
                  0.04    0.13    1.07 ^ _324_/X (sky130_fd_sc_hd__mux2_1)
     1    0.00                           _157_ (net)
                  0.04    0.00    1.07 ^ _325_/A (sky130_fd_sc_hd__clkbuf_1)
                  0.04    0.07    1.14 ^ _325_/X (sky130_fd_sc_hd__clkbuf_1)
     1    0.00                           _021_ (net)
                  0.04    0.00    1.14 ^ _441_/D (sky130_fd_sc_hd__dfrtp_1)
                                  1.14   data arrival time

                          0.00    0.00   clock clk (rise edge)
                          0.00    0.00   clock source latency
                  0.04    0.03    0.03 ^ clk (in)
     1    0.01                           clk (net)
                  0.04    0.00    0.03 ^ clkbuf_0_clk/A (sky130_fd_sc_hd__clkbuf_16)
                  0.08    0.17    0.20 ^ clkbuf_0_clk/X (sky130_fd_sc_hd__clkbuf_16)
     8    0.06                           clknet_0_clk (net)
                  0.08    0.00    0.20 ^ clkbuf_3_0__f_clk/A (sky130_fd_sc_hd__clkbuf_16)
                  0.04    0.15    0.34 ^ clkbuf_3_0__f_clk/X (sky130_fd_sc_hd__clkbuf_16)
    11    0.02                           clknet_3_0__leaf_clk (net)
                  0.04    0.00    0.34 ^ _441_/CLK (sky130_fd_sc_hd__dfrtp_1)
                          0.25    0.59   clock uncertainty
                         -0.03    0.56   clock reconvergence pessimism
                         -0.03    0.53   library hold time
                                  0.53   data required time
-----------------------------------------------------------------------------
                                  0.53   data required time
                                 -1.14   data arrival time
-----------------------------------------------------------------------------
                                  0.61   slack (MET)


Startpoint: _478_ (rising edge-triggered flip-flop clocked by clk)
Endpoint: _474_ (rising edge-triggered flip-flop clocked by clk)
Path Group: clk
Path Type: min

Fanout     Cap    Slew   Delay    Time   Description
-----------------------------------------------------------------------------
                          0.00    0.00   clock clk (rise edge)
                          0.00    0.00   clock source latency
                  0.04    0.03    0.03 ^ clk (in)
     1    0.01                           clk (net)
                  0.04    0.00    0.03 ^ clkbuf_0_clk/A (sky130_fd_sc_hd__clkbuf_16)
                  0.08    0.15    0.18 ^ clkbuf_0_clk/X (sky130_fd_sc_hd__clkbuf_16)
     8    0.06                           clknet_0_clk (net)
                  0.08    0.00    0.18 ^ clkbuf_3_6__f_clk/A (sky130_fd_sc_hd__clkbuf_16)
                  0.04    0.13    0.30 ^ clkbuf_3_6__f_clk/X (sky130_fd_sc_hd__clkbuf_16)
     8    0.01                           clknet_3_6__leaf_clk (net)
                  0.04    0.00    0.30 ^ _478_/CLK (sky130_fd_sc_hd__dfrtp_1)
                  0.13    0.36    0.67 ^ _478_/Q (sky130_fd_sc_hd__dfrtp_1)
     4    0.01                           u_sort.busy (net)
                  0.13    0.00    0.67 ^ _247_/B (sky130_fd_sc_hd__and3b_1)
                  0.05    0.15    0.82 ^ _247_/X (sky130_fd_sc_hd__and3b_1)
     1    0.00                           _100_ (net)
                  0.05    0.00    0.82 ^ _248_/A (sky130_fd_sc_hd__clkbuf_4)
                  0.08    0.15    0.97 ^ _248_/X (sky130_fd_sc_hd__clkbuf_4)
     7    0.02                           _002_ (net)
                  0.08    0.00    0.97 ^ _389_/S (sky130_fd_sc_hd__mux2_1)
                  0.04    0.12    1.10 ^ _389_/X (sky130_fd_sc_hd__mux2_1)
     1    0.00                           _190_ (net)
                  0.04    0.00    1.10 ^ _390_/A (sky130_fd_sc_hd__clkbuf_1)
                  0.04    0.07    1.16 ^ _390_/X (sky130_fd_sc_hd__clkbuf_1)
     1    0.00                           _053_ (net)
                  0.04    0.00    1.16 ^ _474_/D (sky130_fd_sc_hd__dfrtp_1)
                                  1.16   data arrival time

                          0.00    0.00   clock clk (rise edge)
                          0.00    0.00   clock source latency
                  0.04    0.03    0.03 ^ clk (in)
     1    0.01                           clk (net)
                  0.04    0.00    0.03 ^ clkbuf_0_clk/A (sky130_fd_sc_hd__clkbuf_16)
                  0.08    0.17    0.20 ^ clkbuf_0_clk/X (sky130_fd_sc_hd__clkbuf_16)
     8    0.06                           clknet_0_clk (net)
                  0.08    0.00    0.20 ^ clkbuf_3_4__f_clk/A (sky130_fd_sc_hd__clkbuf_16)
                  0.03    0.14    0.33 ^ clkbuf_3_4__f_clk/X (sky130_fd_sc_hd__clkbuf_16)
     6    0.01                           clknet_3_4__leaf_clk (net)
                  0.03    0.00    0.33 ^ _474_/CLK (sky130_fd_sc_hd__dfrtp_1)
                          0.25    0.58   clock uncertainty
                         -0.02    0.56   clock reconvergence pessimism
                         -0.03    0.53   library hold time
                                  0.53   data required time
-----------------------------------------------------------------------------
                                  0.53   data required time
                                 -1.16   data arrival time
-----------------------------------------------------------------------------
                                  0.63   slack (MET)


Startpoint: _431_ (rising edge-triggered flip-flop clocked by clk)
Endpoint: _431_ (rising edge-triggered flip-flop clocked by clk)
Path Group: clk
Path Type: min

Fanout     Cap    Slew   Delay    Time   Description
-----------------------------------------------------------------------------
                          0.00    0.00   clock clk (rise edge)
                          0.00    0.00   clock source latency
                  0.04    0.03    0.03 ^ clk (in)
     1    0.01                           clk (net)
                  0.04    0.00    0.03 ^ clkbuf_0_clk/A (sky130_fd_sc_hd__clkbuf_16)
                  0.08    0.15    0.18 ^ clkbuf_0_clk/X (sky130_fd_sc_hd__clkbuf_16)
     8    0.06                           clknet_0_clk (net)
                  0.08    0.00    0.18 ^ clkbuf_3_5__f_clk/A (sky130_fd_sc_hd__clkbuf_16)
                  0.04    0.13    0.30 ^ clkbuf_3_5__f_clk/X (sky130_fd_sc_hd__clkbuf_16)
     7    0.01                           clknet_3_5__leaf_clk (net)
                  0.04    0.00    0.30 ^ _431_/CLK (sky130_fd_sc_hd__dfrtp_1)
                  0.07    0.32    0.62 ^ _431_/Q (sky130_fd_sc_hd__dfrtp_1)
     2    0.01                           u_am1.max[2] (net)
                  0.07    0.00    0.62 ^ hold1/A (sky130_fd_sc_hd__dlygate4sd3_1)
                  0.05    0.51    1.14 ^ hold1/X (sky130_fd_sc_hd__dlygate4sd3_1)
     1    0.00                           net27 (net)
                  0.05    0.00    1.14 ^ _294_/B1 (sky130_fd_sc_hd__a21o_1)
                  0.03    0.07    1.21 ^ _294_/X (sky130_fd_sc_hd__a21o_1)
     1    0.00                           _011_ (net)
                  0.03    0.00    1.21 ^ _431_/D (sky130_fd_sc_hd__dfrtp_1)
                                  1.21   data arrival time

                          0.00    0.00   clock clk (rise edge)
                          0.00    0.00   clock source latency
                  0.04    0.03    0.03 ^ clk (in)
     1    0.01                           clk (net)
                  0.04    0.00    0.03 ^ clkbuf_0_clk/A (sky130_fd_sc_hd__clkbuf_16)
                  0.08    0.17    0.20 ^ clkbuf_0_clk/X (sky130_fd_sc_hd__clkbuf_16)
     8    0.06                           clknet_0_clk (net)
                  0.08    0.00    0.20 ^ clkbuf_3_5__f_clk/A (sky130_fd_sc_hd__clkbuf_16)
                  0.04    0.14    0.33 ^ clkbuf_3_5__f_clk/X (sky130_fd_sc_hd__clkbuf_16)
     7    0.01                           clknet_3_5__leaf_clk (net)
                  0.04    0.00    0.33 ^ _431_/CLK (sky130_fd_sc_hd__dfrtp_1)
                          0.25    0.58   clock uncertainty
                         -0.03    0.55   clock reconvergence pessimism
                         -0.03    0.52   library hold time
                                  0.52   data required time
-----------------------------------------------------------------------------
                                  0.52   data required time
                                 -1.21   data arrival time
-----------------------------------------------------------------------------
                                  0.69   slack (MET)


Startpoint: _449_ (rising edge-triggered flip-flop clocked by clk)
Endpoint: _449_ (rising edge-triggered flip-flop clocked by clk)
Path Group: clk
Path Type: min

Fanout     Cap    Slew   Delay    Time   Description
-----------------------------------------------------------------------------
                          0.00    0.00   clock clk (rise edge)
                          0.00    0.00   clock source latency
                  0.04    0.03    0.03 ^ clk (in)
     1    0.01                           clk (net)
                  0.04    0.00    0.03 ^ clkbuf_0_clk/A (sky130_fd_sc_hd__clkbuf_16)
                  0.08    0.15    0.18 ^ clkbuf_0_clk/X (sky130_fd_sc_hd__clkbuf_16)
     8    0.06                           clknet_0_clk (net)
                  0.08    0.00    0.18 ^ clkbuf_3_2__f_clk/A (sky130_fd_sc_hd__clkbuf_16)
                  0.04    0.13    0.30 ^ clkbuf_3_2__f_clk/X (sky130_fd_sc_hd__clkbuf_16)
     8    0.01                           clknet_3_2__leaf_clk (net)
                  0.04    0.00    0.30 ^ _449_/CLK (sky130_fd_sc_hd__dfrtp_1)
                  0.07    0.32    0.62 ^ _449_/Q (sky130_fd_sc_hd__dfrtp_1)
     2    0.01                           u_am4.max[2] (net)
                  0.07    0.00    0.62 ^ hold2/A (sky130_fd_sc_hd__dlygate4sd3_1)
                  0.05    0.51    1.14 ^ hold2/X (sky130_fd_sc_hd__dlygate4sd3_1)
     1    0.00                           net28 (net)
                  0.05    0.00    1.14 ^ _339_/B1 (sky130_fd_sc_hd__a21o_1)
                  0.03    0.07    1.21 ^ _339_/X (sky130_fd_sc_hd__a21o_1)
     1    0.00                           _029_ (net)
                  0.03    0.00    1.21 ^ _449_/D (sky130_fd_sc_hd__dfrtp_1)
                                  1.21   data arrival time

                          0.00    0.00   clock clk (rise edge)
                          0.00    0.00   clock source latency
                  0.04    0.03    0.03 ^ clk (in)
     1    0.01                           clk (net)
                  0.04    0.00    0.03 ^ clkbuf_0_clk/A (sky130_fd_sc_hd__clkbuf_16)
                  0.08    0.17    0.20 ^ clkbuf_0_clk/X (sky130_fd_sc_hd__clkbuf_16)
     8    0.06                           clknet_0_clk (net)
                  0.08    0.00    0.20 ^ clkbuf_3_2__f_clk/A (sky130_fd_sc_hd__clkbuf_16)
                  0.04    0.14    0.34 ^ clkbuf_3_2__f_clk/X (sky130_fd_sc_hd__clkbuf_16)
     8    0.01                           clknet_3_2__leaf_clk (net)
                  0.04    0.00    0.34 ^ _449_/CLK (sky130_fd_sc_hd__dfrtp_1)
                          0.25    0.59   clock uncertainty
                         -0.03    0.55   clock reconvergence pessimism
                         -0.03    0.52   library hold time
                                  0.52   data required time
-----------------------------------------------------------------------------
                                  0.52   data required time
                                 -1.21   data arrival time
-----------------------------------------------------------------------------
                                  0.69   slack (MET)


Startpoint: _428_ (rising edge-triggered flip-flop clocked by clk)
Endpoint: _428_ (rising edge-triggered flip-flop clocked by clk)
Path Group: clk
Path Type: min

Fanout     Cap    Slew   Delay    Time   Description
-----------------------------------------------------------------------------
                          0.00    0.00   clock clk (rise edge)
                          0.00    0.00   clock source latency
                  0.04    0.03    0.03 ^ clk (in)
     1    0.01                           clk (net)
                  0.04    0.00    0.03 ^ clkbuf_0_clk/A (sky130_fd_sc_hd__clkbuf_16)
                  0.08    0.15    0.18 ^ clkbuf_0_clk/X (sky130_fd_sc_hd__clkbuf_16)
     8    0.06                           clknet_0_clk (net)
                  0.08    0.00    0.18 ^ clkbuf_3_7__f_clk/A (sky130_fd_sc_hd__clkbuf_16)
                  0.04    0.13    0.31 ^ clkbuf_3_7__f_clk/X (sky130_fd_sc_hd__clkbuf_16)
    11    0.02                           clknet_3_7__leaf_clk (net)
                  0.04    0.00    0.31 ^ _428_/CLK (sky130_fd_sc_hd__dfrtp_1)
                  0.07    0.32    0.63 ^ _428_/Q (sky130_fd_sc_hd__dfrtp_1)
     2    0.01                           u_am0.max[2] (net)
                  0.07    0.00    0.63 ^ hold4/A (sky130_fd_sc_hd__dlygate4sd3_1)
                  0.05    0.51    1.15 ^ hold4/X (sky130_fd_sc_hd__dlygate4sd3_1)
     1    0.00                           net30 (net)
                  0.05    0.00    1.15 ^ _283_/B1 (sky130_fd_sc_hd__a21o_1)
                  0.03    0.07    1.22 ^ _283_/X (sky130_fd_sc_hd__a21o_1)
     1    0.00                           _008_ (net)
                  0.03    0.00    1.22 ^ _428_/D (sky130_fd_sc_hd__dfrtp_1)
                                  1.22   data arrival time

                          0.00    0.00   clock clk (rise edge)
                          0.00    0.00   clock source latency
                  0.04    0.03    0.03 ^ clk (in)
     1    0.01                           clk (net)
                  0.04    0.00    0.03 ^ clkbuf_0_clk/A (sky130_fd_sc_hd__clkbuf_16)
                  0.08    0.17    0.20 ^ clkbuf_0_clk/X (sky130_fd_sc_hd__clkbuf_16)
     8    0.06                           clknet_0_clk (net)
                  0.08    0.00    0.20 ^ clkbuf_3_7__f_clk/A (sky130_fd_sc_hd__clkbuf_16)
                  0.04    0.15    0.34 ^ clkbuf_3_7__f_clk/X (sky130_fd_sc_hd__clkbuf_16)
    11    0.02                           clknet_3_7__leaf_clk (net)
                  0.04    0.00    0.34 ^ _428_/CLK (sky130_fd_sc_hd__dfrtp_1)
                          0.25    0.59   clock uncertainty
                         -0.03    0.56   clock reconvergence pessimism
                         -0.03    0.53   library hold time
                                  0.53   data required time
-----------------------------------------------------------------------------
                                  0.53   data required time
                                 -1.22   data arrival time
-----------------------------------------------------------------------------
                                  0.69   slack (MET)


Startpoint: _437_ (rising edge-triggered flip-flop clocked by clk)
Endpoint: _437_ (rising edge-triggered flip-flop clocked by clk)
Path Group: clk
Path Type: min

Fanout     Cap    Slew   Delay    Time   Description
-----------------------------------------------------------------------------
                          0.00    0.00   clock clk (rise edge)
                          0.00    0.00   clock source latency
                  0.04    0.03    0.03 ^ clk (in)
     1    0.01                           clk (net)
                  0.04    0.00    0.03 ^ clkbuf_0_clk/A (sky130_fd_sc_hd__clkbuf_16)
                  0.08    0.15    0.18 ^ clkbuf_0_clk/X (sky130_fd_sc_hd__clkbuf_16)
     8    0.06                           clknet_0_clk (net)
                  0.08    0.00    0.18 ^ clkbuf_3_0__f_clk/A (sky130_fd_sc_hd__clkbuf_16)
                  0.04    0.13    0.31 ^ clkbuf_3_0__f_clk/X (sky130_fd_sc_hd__clkbuf_16)
    11    0.02                           clknet_3_0__leaf_clk (net)
                  0.04    0.00    0.31 ^ _437_/CLK (sky130_fd_sc_hd__dfrtp_1)
                  0.07    0.32    0.63 ^ _437_/Q (sky130_fd_sc_hd__dfrtp_1)
     2    0.01                           u_am2.max[2] (net)
                  0.07    0.00    0.63 ^ hold5/A (sky130_fd_sc_hd__dlygate4sd3_1)
                  0.05    0.51    1.15 ^ hold5/X (sky130_fd_sc_hd__dlygate4sd3_1)
     1    0.00                           net31 (net)
                  0.05    0.00    1.15 ^ _311_/B1 (sky130_fd_sc_hd__a21o_1)
                  0.03    0.07    1.22 ^ _311_/X (sky130_fd_sc_hd__a21o_1)
     1    0.00                           _017_ (net)
                  0.03    0.00    1.22 ^ _437_/D (sky130_fd_sc_hd__dfrtp_1)
                                  1.22   data arrival time

                          0.00    0.00   clock clk (rise edge)
                          0.00    0.00   clock source latency
                  0.04    0.03    0.03 ^ clk (in)
     1    0.01                           clk (net)
                  0.04    0.00    0.03 ^ clkbuf_0_clk/A (sky130_fd_sc_hd__clkbuf_16)
                  0.08    0.17    0.20 ^ clkbuf_0_clk/X (sky130_fd_sc_hd__clkbuf_16)
     8    0.06                           clknet_0_clk (net)
                  0.08    0.00    0.20 ^ clkbuf_3_0__f_clk/A (sky130_fd_sc_hd__clkbuf_16)
                  0.04    0.15    0.34 ^ clkbuf_3_0__f_clk/X (sky130_fd_sc_hd__clkbuf_16)
    11    0.02                           clknet_3_0__leaf_clk (net)
                  0.04    0.00    0.34 ^ _437_/CLK (sky130_fd_sc_hd__dfrtp_1)
                          0.25    0.59   clock uncertainty
                         -0.03    0.56   clock reconvergence pessimism
                         -0.03    0.53   library hold time
                                  0.53   data required time
-----------------------------------------------------------------------------
                                  0.53   data required time
                                 -1.22   data arrival time
-----------------------------------------------------------------------------
                                  0.69   slack (MET)


Startpoint: _443_ (rising edge-triggered flip-flop clocked by clk)
Endpoint: _443_ (rising edge-triggered flip-flop clocked by clk)
Path Group: clk
Path Type: min

Fanout     Cap    Slew   Delay    Time   Description
-----------------------------------------------------------------------------
                          0.00    0.00   clock clk (rise edge)
                          0.00    0.00   clock source latency
                  0.04    0.03    0.03 ^ clk (in)
     1    0.01                           clk (net)
                  0.04    0.00    0.03 ^ clkbuf_0_clk/A (sky130_fd_sc_hd__clkbuf_16)
                  0.08    0.15    0.18 ^ clkbuf_0_clk/X (sky130_fd_sc_hd__clkbuf_16)
     8    0.06                           clknet_0_clk (net)
                  0.08    0.00    0.18 ^ clkbuf_3_0__f_clk/A (sky130_fd_sc_hd__clkbuf_16)
                  0.04    0.13    0.31 ^ clkbuf_3_0__f_clk/X (sky130_fd_sc_hd__clkbuf_16)
    11    0.02                           clknet_3_0__leaf_clk (net)
                  0.04    0.00    0.31 ^ _443_/CLK (sky130_fd_sc_hd__dfrtp_1)
                  0.07    0.32    0.63 ^ _443_/Q (sky130_fd_sc_hd__dfrtp_1)
     2    0.01                           u_am3.max[2] (net)
                  0.07    0.00    0.63 ^ hold3/A (sky130_fd_sc_hd__dlygate4sd3_1)
                  0.05    0.51    1.15 ^ hold3/X (sky130_fd_sc_hd__dlygate4sd3_1)
     1    0.00                           net29 (net)
                  0.05    0.00    1.15 ^ _328_/B1 (sky130_fd_sc_hd__a21o_1)
                  0.03    0.07    1.22 ^ _328_/X (sky130_fd_sc_hd__a21o_1)
     1    0.00                           _023_ (net)
                  0.03    0.00    1.22 ^ _443_/D (sky130_fd_sc_hd__dfrtp_1)
                                  1.22   data arrival time

                          0.00    0.00   clock clk (rise edge)
                          0.00    0.00   clock source latency
                  0.04    0.03    0.03 ^ clk (in)
     1    0.01                           clk (net)
                  0.04    0.00    0.03 ^ clkbuf_0_clk/A (sky130_fd_sc_hd__clkbuf_16)
                  0.08    0.17    0.20 ^ clkbuf_0_clk/X (sky130_fd_sc_hd__clkbuf_16)
     8    0.06                           clknet_0_clk (net)
                  0.08    0.00    0.20 ^ clkbuf_3_0__f_clk/A (sky130_fd_sc_hd__clkbuf_16)
                  0.04    0.15    0.34 ^ clkbuf_3_0__f_clk/X (sky130_fd_sc_hd__clkbuf_16)
    11    0.02                           clknet_3_0__leaf_clk (net)
                  0.04    0.00    0.34 ^ _443_/CLK (sky130_fd_sc_hd__dfrtp_1)
                          0.25    0.59   clock uncertainty
                         -0.03    0.56   clock reconvergence pessimism
                         -0.03    0.53   library hold time
                                  0.53   data required time
-----------------------------------------------------------------------------
                                  0.53   data required time
                                 -1.22   data arrival time
-----------------------------------------------------------------------------
                                  0.69   slack (MET)


Startpoint: _464_ (rising edge-triggered flip-flop clocked by clk)
Endpoint: _464_ (rising edge-triggered flip-flop clocked by clk)
Path Group: clk
Path Type: min

Fanout     Cap    Slew   Delay    Time   Description
-----------------------------------------------------------------------------
                          0.00    0.00   clock clk (rise edge)
                          0.00    0.00   clock source latency
                  0.04    0.03    0.03 ^ clk (in)
     1    0.01                           clk (net)
                  0.04    0.00    0.03 ^ clkbuf_0_clk/A (sky130_fd_sc_hd__clkbuf_16)
                  0.08    0.15    0.18 ^ clkbuf_0_clk/X (sky130_fd_sc_hd__clkbuf_16)
     8    0.06                           clknet_0_clk (net)
                  0.08    0.00    0.18 ^ clkbuf_3_4__f_clk/A (sky130_fd_sc_hd__clkbuf_16)
                  0.03    0.12    0.30 ^ clkbuf_3_4__f_clk/X (sky130_fd_sc_hd__clkbuf_16)
     6    0.01                           clknet_3_4__leaf_clk (net)
                  0.03    0.00    0.30 ^ _464_/CLK (sky130_fd_sc_hd__dfrtp_1)
                  0.06    0.31    0.61 ^ _464_/Q (sky130_fd_sc_hd__dfrtp_1)
     3    0.00                           u_sort.bucket_reg[1][2] (net)
                  0.06    0.00    0.61 ^ _368_/A0 (sky130_fd_sc_hd__mux2_1)
                  0.03    0.11    0.72 ^ _368_/X (sky130_fd_sc_hd__mux2_1)
     1    0.00                           _178_ (net)
                  0.03    0.00    0.72 ^ hold13/A (sky130_fd_sc_hd__dlygate4sd3_1)
                  0.05    0.50    1.21 ^ hold13/X (sky130_fd_sc_hd__dlygate4sd3_1)
     1    0.00                           net39 (net)
                  0.05    0.00    1.21 ^ _369_/A (sky130_fd_sc_hd__clkbuf_1)
                  0.04    0.07    1.29 ^ _369_/X (sky130_fd_sc_hd__clkbuf_1)
     1    0.00                           _044_ (net)
                  0.04    0.00    1.29 ^ _464_/D (sky130_fd_sc_hd__dfrtp_1)
                                  1.29   data arrival time

                          0.00    0.00   clock clk (rise edge)
                          0.00    0.00   clock source latency
                  0.04    0.03    0.03 ^ clk (in)
     1    0.01                           clk (net)
                  0.04    0.00    0.03 ^ clkbuf_0_clk/A (sky130_fd_sc_hd__clkbuf_16)
                  0.08    0.17    0.20 ^ clkbuf_0_clk/X (sky130_fd_sc_hd__clkbuf_16)
     8    0.06                           clknet_0_clk (net)
                  0.08    0.00    0.20 ^ clkbuf_3_4__f_clk/A (sky130_fd_sc_hd__clkbuf_16)
                  0.03    0.14    0.33 ^ clkbuf_3_4__f_clk/X (sky130_fd_sc_hd__clkbuf_16)
     6    0.01                           clknet_3_4__leaf_clk (net)
                  0.03    0.00    0.33 ^ _464_/CLK (sky130_fd_sc_hd__dfrtp_1)
                          0.25    0.58   clock uncertainty
                         -0.03    0.55   clock reconvergence pessimism
                         -0.03    0.52   library hold time
                                  0.52   data required time
-----------------------------------------------------------------------------
                                  0.52   data required time
                                 -1.29   data arrival time
-----------------------------------------------------------------------------
                                  0.77   slack (MET)


Startpoint: _484_ (rising edge-triggered flip-flop clocked by clk)
Endpoint: _484_ (rising edge-triggered flip-flop clocked by clk)
Path Group: clk
Path Type: min

Fanout     Cap    Slew   Delay    Time   Description
-----------------------------------------------------------------------------
                          0.00    0.00   clock clk (rise edge)
                          0.00    0.00   clock source latency
                  0.04    0.03    0.03 ^ clk (in)
     1    0.01                           clk (net)
                  0.04    0.00    0.03 ^ clkbuf_0_clk/A (sky130_fd_sc_hd__clkbuf_16)
                  0.08    0.15    0.18 ^ clkbuf_0_clk/X (sky130_fd_sc_hd__clkbuf_16)
     8    0.06                           clknet_0_clk (net)
                  0.08    0.00    0.18 ^ clkbuf_3_2__f_clk/A (sky130_fd_sc_hd__clkbuf_16)
                  0.04    0.13    0.30 ^ clkbuf_3_2__f_clk/X (sky130_fd_sc_hd__clkbuf_16)
     8    0.01                           clknet_3_2__leaf_clk (net)
                  0.04    0.00    0.30 ^ _484_/CLK (sky130_fd_sc_hd__dfrtp_4)
                  0.08    0.40    0.71 ^ _484_/Q (sky130_fd_sc_hd__dfrtp_4)
     8    0.02                           u_am0.i_index[0] (net)
                  0.08    0.00    0.71 ^ hold36/A (sky130_fd_sc_hd__dlygate4sd3_1)
                  0.07    0.53    1.24 ^ hold36/X (sky130_fd_sc_hd__dlygate4sd3_1)
     1    0.00                           net62 (net)
                  0.07    0.00    1.24 ^ _417_/B (sky130_fd_sc_hd__xor2_1)
                  0.03    0.05    1.29 v _417_/X (sky130_fd_sc_hd__xor2_1)
     1    0.00                           _062_ (net)
                  0.03    0.00    1.29 v _484_/D (sky130_fd_sc_hd__dfrtp_4)
                                  1.29   data arrival time

                          0.00    0.00   clock clk (rise edge)
                          0.00    0.00   clock source latency
                  0.04    0.03    0.03 ^ clk (in)
     1    0.01                           clk (net)
                  0.04    0.00    0.03 ^ clkbuf_0_clk/A (sky130_fd_sc_hd__clkbuf_16)
                  0.08    0.17    0.20 ^ clkbuf_0_clk/X (sky130_fd_sc_hd__clkbuf_16)
     8    0.06                           clknet_0_clk (net)
                  0.08    0.00    0.20 ^ clkbuf_3_2__f_clk/A (sky130_fd_sc_hd__clkbuf_16)
                  0.04    0.14    0.34 ^ clkbuf_3_2__f_clk/X (sky130_fd_sc_hd__clkbuf_16)
     8    0.01                           clknet_3_2__leaf_clk (net)
                  0.04    0.00    0.34 ^ _484_/CLK (sky130_fd_sc_hd__dfrtp_4)
                          0.25    0.59   clock uncertainty
                         -0.03    0.55   clock reconvergence pessimism
                         -0.04    0.52   library hold time
                                  0.52   data required time
-----------------------------------------------------------------------------
                                  0.52   data required time
                                 -1.29   data arrival time
-----------------------------------------------------------------------------
                                  0.78   slack (MET)


Startpoint: _460_ (rising edge-triggered flip-flop clocked by clk)
Endpoint: _460_ (rising edge-triggered flip-flop clocked by clk)
Path Group: clk
Path Type: min

Fanout     Cap    Slew   Delay    Time   Description
-----------------------------------------------------------------------------
                          0.00    0.00   clock clk (rise edge)
                          0.00    0.00   clock source latency
                  0.04    0.03    0.03 ^ clk (in)
     1    0.01                           clk (net)
                  0.04    0.00    0.03 ^ clkbuf_0_clk/A (sky130_fd_sc_hd__clkbuf_16)
                  0.08    0.15    0.18 ^ clkbuf_0_clk/X (sky130_fd_sc_hd__clkbuf_16)
     8    0.06                           clknet_0_clk (net)
                  0.08    0.00    0.18 ^ clkbuf_3_0__f_clk/A (sky130_fd_sc_hd__clkbuf_16)
                  0.04    0.13    0.31 ^ clkbuf_3_0__f_clk/X (sky130_fd_sc_hd__clkbuf_16)
    11    0.02                           clknet_3_0__leaf_clk (net)
                  0.04    0.00    0.31 ^ _460_/CLK (sky130_fd_sc_hd__dfrtp_1)
                  0.07    0.32    0.63 ^ _460_/Q (sky130_fd_sc_hd__dfrtp_1)
     2    0.01                           u_sort.bucket_reg[2][1] (net)
                  0.07    0.00    0.63 ^ _360_/A0 (sky130_fd_sc_hd__mux2_1)
                  0.03    0.11    0.74 ^ _360_/X (sky130_fd_sc_hd__mux2_1)
     1    0.00                           _174_ (net)
                  0.03    0.00    0.74 ^ hold9/A (sky130_fd_sc_hd__dlygate4sd3_1)
                  0.05    0.50    1.24 ^ hold9/X (sky130_fd_sc_hd__dlygate4sd3_1)
     1    0.00                           net35 (net)
                  0.05    0.00    1.24 ^ _361_/A (sky130_fd_sc_hd__clkbuf_1)
                  0.04    0.07    1.31 ^ _361_/X (sky130_fd_sc_hd__clkbuf_1)
     1    0.00                           _040_ (net)
                  0.04    0.00    1.31 ^ _460_/D (sky130_fd_sc_hd__dfrtp_1)
                                  1.31   data arrival time

                          0.00    0.00   clock clk (rise edge)
                          0.00    0.00   clock source latency
                  0.04    0.03    0.03 ^ clk (in)
     1    0.01                           clk (net)
                  0.04    0.00    0.03 ^ clkbuf_0_clk/A (sky130_fd_sc_hd__clkbuf_16)
                  0.08    0.17    0.20 ^ clkbuf_0_clk/X (sky130_fd_sc_hd__clkbuf_16)
     8    0.06                           clknet_0_clk (net)
                  0.08    0.00    0.20 ^ clkbuf_3_0__f_clk/A (sky130_fd_sc_hd__clkbuf_16)
                  0.04    0.15    0.34 ^ clkbuf_3_0__f_clk/X (sky130_fd_sc_hd__clkbuf_16)
    11    0.02                           clknet_3_0__leaf_clk (net)
                  0.04    0.00    0.34 ^ _460_/CLK (sky130_fd_sc_hd__dfrtp_1)
                          0.25    0.59   clock uncertainty
                         -0.03    0.56   clock reconvergence pessimism
                         -0.03    0.53   library hold time
                                  0.53   data required time
-----------------------------------------------------------------------------
                                  0.53   data required time
                                 -1.31   data arrival time
-----------------------------------------------------------------------------
                                  0.78   slack (MET)


Startpoint: rst_n (input port clocked by clk)
Endpoint: _475_ (removal check against rising-edge clock clk)
Path Group: asynchronous
Path Type: min

Fanout     Cap    Slew   Delay    Time   Description
-----------------------------------------------------------------------------
                          0.00    0.00   clock clk (rise edge)
                          0.00    0.00   clock network delay (propagated)
                          5.00    5.00 ^ input external delay
                  0.05    0.03    5.03 ^ rst_n (in)
     1    0.01                           rst_n (net)
                  0.05    0.00    5.03 ^ input17/A (sky130_fd_sc_hd__buf_12)
                  0.27    0.26    5.29 ^ input17/X (sky130_fd_sc_hd__buf_12)
    65    0.24                           net17 (net)
                  0.27    0.00    5.29 ^ _475_/RESET_B (sky130_fd_sc_hd__dfrtp_4)
                                  5.29   data arrival time

                          0.00    0.00   clock clk (rise edge)
                          0.00    0.00   clock source latency
                  0.04    0.03    0.03 ^ clk (in)
     1    0.01                           clk (net)
                  0.04    0.00    0.03 ^ clkbuf_0_clk/A (sky130_fd_sc_hd__clkbuf_16)
                  0.08    0.17    0.20 ^ clkbuf_0_clk/X (sky130_fd_sc_hd__clkbuf_16)
     8    0.06                           clknet_0_clk (net)
                  0.08    0.00    0.20 ^ clkbuf_3_7__f_clk/A (sky130_fd_sc_hd__clkbuf_16)
                  0.04    0.15    0.34 ^ clkbuf_3_7__f_clk/X (sky130_fd_sc_hd__clkbuf_16)
    11    0.02                           clknet_3_7__leaf_clk (net)
                  0.04    0.00    0.34 ^ _475_/CLK (sky130_fd_sc_hd__dfrtp_4)
                          0.25    0.59   clock uncertainty
                          0.00    0.59   clock reconvergence pessimism
                          0.38    0.97   library removal time
                                  0.97   data required time
-----------------------------------------------------------------------------
                                  0.97   data required time
                                 -5.29   data arrival time
-----------------------------------------------------------------------------
                                  4.31   slack (MET)


Startpoint: rst_n (input port clocked by clk)
Endpoint: _426_ (removal check against rising-edge clock clk)
Path Group: asynchronous
Path Type: min

Fanout     Cap    Slew   Delay    Time   Description
-----------------------------------------------------------------------------
                          0.00    0.00   clock clk (rise edge)
                          0.00    0.00   clock network delay (propagated)
                          5.00    5.00 ^ input external delay
                  0.05    0.03    5.03 ^ rst_n (in)
     1    0.01                           rst_n (net)
                  0.05    0.00    5.03 ^ input17/A (sky130_fd_sc_hd__buf_12)
                  0.27    0.26    5.29 ^ input17/X (sky130_fd_sc_hd__buf_12)
    65    0.24                           net17 (net)
                  0.27    0.00    5.29 ^ _426_/RESET_B (sky130_fd_sc_hd__dfrtp_1)
                                  5.29   data arrival time

                          0.00    0.00   clock clk (rise edge)
                          0.00    0.00   clock source latency
                  0.04    0.03    0.03 ^ clk (in)
     1    0.01                           clk (net)
                  0.04    0.00    0.03 ^ clkbuf_0_clk/A (sky130_fd_sc_hd__clkbuf_16)
                  0.08    0.17    0.20 ^ clkbuf_0_clk/X (sky130_fd_sc_hd__clkbuf_16)
     8    0.06                           clknet_0_clk (net)
                  0.08    0.00    0.20 ^ clkbuf_3_7__f_clk/A (sky130_fd_sc_hd__clkbuf_16)
                  0.04    0.15    0.34 ^ clkbuf_3_7__f_clk/X (sky130_fd_sc_hd__clkbuf_16)
    11    0.02                           clknet_3_7__leaf_clk (net)
                  0.04    0.00    0.34 ^ _426_/CLK (sky130_fd_sc_hd__dfrtp_1)
                          0.25    0.59   clock uncertainty
                          0.00    0.59   clock reconvergence pessimism
                          0.38    0.97   library removal time
                                  0.97   data required time
-----------------------------------------------------------------------------
                                  0.97   data required time
                                 -5.29   data arrival time
-----------------------------------------------------------------------------
                                  4.31   slack (MET)


Startpoint: rst_n (input port clocked by clk)
Endpoint: _427_ (removal check against rising-edge clock clk)
Path Group: asynchronous
Path Type: min

Fanout     Cap    Slew   Delay    Time   Description
-----------------------------------------------------------------------------
                          0.00    0.00   clock clk (rise edge)
                          0.00    0.00   clock network delay (propagated)
                          5.00    5.00 ^ input external delay
                  0.05    0.03    5.03 ^ rst_n (in)
     1    0.01                           rst_n (net)
                  0.05    0.00    5.03 ^ input17/A (sky130_fd_sc_hd__buf_12)
                  0.27    0.26    5.29 ^ input17/X (sky130_fd_sc_hd__buf_12)
    65    0.24                           net17 (net)
                  0.27    0.00    5.29 ^ _427_/RESET_B (sky130_fd_sc_hd__dfrtp_1)
                                  5.29   data arrival time

                          0.00    0.00   clock clk (rise edge)
                          0.00    0.00   clock source latency
                  0.04    0.03    0.03 ^ clk (in)
     1    0.01                           clk (net)
                  0.04    0.00    0.03 ^ clkbuf_0_clk/A (sky130_fd_sc_hd__clkbuf_16)
                  0.08    0.17    0.20 ^ clkbuf_0_clk/X (sky130_fd_sc_hd__clkbuf_16)
     8    0.06                           clknet_0_clk (net)
                  0.08    0.00    0.20 ^ clkbuf_3_7__f_clk/A (sky130_fd_sc_hd__clkbuf_16)
                  0.04    0.15    0.34 ^ clkbuf_3_7__f_clk/X (sky130_fd_sc_hd__clkbuf_16)
    11    0.02                           clknet_3_7__leaf_clk (net)
                  0.04    0.00    0.34 ^ _427_/CLK (sky130_fd_sc_hd__dfrtp_1)
                          0.25    0.59   clock uncertainty
                          0.00    0.59   clock reconvergence pessimism
                          0.38    0.97   library removal time
                                  0.97   data required time
-----------------------------------------------------------------------------
                                  0.97   data required time
                                 -5.29   data arrival time
-----------------------------------------------------------------------------
                                  4.31   slack (MET)


Startpoint: rst_n (input port clocked by clk)
Endpoint: _428_ (removal check against rising-edge clock clk)
Path Group: asynchronous
Path Type: min

Fanout     Cap    Slew   Delay    Time   Description
-----------------------------------------------------------------------------
                          0.00    0.00   clock clk (rise edge)
                          0.00    0.00   clock network delay (propagated)
                          5.00    5.00 ^ input external delay
                  0.05    0.03    5.03 ^ rst_n (in)
     1    0.01                           rst_n (net)
                  0.05    0.00    5.03 ^ input17/A (sky130_fd_sc_hd__buf_12)
                  0.27    0.26    5.29 ^ input17/X (sky130_fd_sc_hd__buf_12)
    65    0.24                           net17 (net)
                  0.27    0.00    5.29 ^ _428_/RESET_B (sky130_fd_sc_hd__dfrtp_1)
                                  5.29   data arrival time

                          0.00    0.00   clock clk (rise edge)
                          0.00    0.00   clock source latency
                  0.04    0.03    0.03 ^ clk (in)
     1    0.01                           clk (net)
                  0.04    0.00    0.03 ^ clkbuf_0_clk/A (sky130_fd_sc_hd__clkbuf_16)
                  0.08    0.17    0.20 ^ clkbuf_0_clk/X (sky130_fd_sc_hd__clkbuf_16)
     8    0.06                           clknet_0_clk (net)
                  0.08    0.00    0.20 ^ clkbuf_3_7__f_clk/A (sky130_fd_sc_hd__clkbuf_16)
                  0.04    0.15    0.34 ^ clkbuf_3_7__f_clk/X (sky130_fd_sc_hd__clkbuf_16)
    11    0.02                           clknet_3_7__leaf_clk (net)
                  0.04    0.00    0.34 ^ _428_/CLK (sky130_fd_sc_hd__dfrtp_1)
                          0.25    0.59   clock uncertainty
                          0.00    0.59   clock reconvergence pessimism
                          0.38    0.97   library removal time
                                  0.97   data required time
-----------------------------------------------------------------------------
                                  0.97   data required time
                                 -5.29   data arrival time
-----------------------------------------------------------------------------
                                  4.31   slack (MET)


Startpoint: rst_n (input port clocked by clk)
Endpoint: _432_ (removal check against rising-edge clock clk)
Path Group: asynchronous
Path Type: min

Fanout     Cap    Slew   Delay    Time   Description
-----------------------------------------------------------------------------
                          0.00    0.00   clock clk (rise edge)
                          0.00    0.00   clock network delay (propagated)
                          5.00    5.00 ^ input external delay
                  0.05    0.03    5.03 ^ rst_n (in)
     1    0.01                           rst_n (net)
                  0.05    0.00    5.03 ^ input17/A (sky130_fd_sc_hd__buf_12)
                  0.27    0.26    5.29 ^ input17/X (sky130_fd_sc_hd__buf_12)
    65    0.24                           net17 (net)
                  0.27    0.00    5.29 ^ _432_/RESET_B (sky130_fd_sc_hd__dfrtp_1)
                                  5.29   data arrival time

                          0.00    0.00   clock clk (rise edge)
                          0.00    0.00   clock source latency
                  0.04    0.03    0.03 ^ clk (in)
     1    0.01                           clk (net)
                  0.04    0.00    0.03 ^ clkbuf_0_clk/A (sky130_fd_sc_hd__clkbuf_16)
                  0.08    0.17    0.20 ^ clkbuf_0_clk/X (sky130_fd_sc_hd__clkbuf_16)
     8    0.06                           clknet_0_clk (net)
                  0.08    0.00    0.20 ^ clkbuf_3_7__f_clk/A (sky130_fd_sc_hd__clkbuf_16)
                  0.04    0.15    0.34 ^ clkbuf_3_7__f_clk/X (sky130_fd_sc_hd__clkbuf_16)
    11    0.02                           clknet_3_7__leaf_clk (net)
                  0.04    0.00    0.34 ^ _432_/CLK (sky130_fd_sc_hd__dfrtp_1)
                          0.25    0.59   clock uncertainty
                          0.00    0.59   clock reconvergence pessimism
                          0.38    0.97   library removal time
                                  0.97   data required time
-----------------------------------------------------------------------------
                                  0.97   data required time
                                 -5.29   data arrival time
-----------------------------------------------------------------------------
                                  4.31   slack (MET)


Startpoint: rst_n (input port clocked by clk)
Endpoint: _436_ (removal check against rising-edge clock clk)
Path Group: asynchronous
Path Type: min

Fanout     Cap    Slew   Delay    Time   Description
-----------------------------------------------------------------------------
                          0.00    0.00   clock clk (rise edge)
                          0.00    0.00   clock network delay (propagated)
                          5.00    5.00 ^ input external delay
                  0.05    0.03    5.03 ^ rst_n (in)
     1    0.01                           rst_n (net)
                  0.05    0.00    5.03 ^ input17/A (sky130_fd_sc_hd__buf_12)
                  0.27    0.26    5.29 ^ input17/X (sky130_fd_sc_hd__buf_12)
    65    0.24                           net17 (net)
                  0.27    0.00    5.29 ^ _436_/RESET_B (sky130_fd_sc_hd__dfrtp_1)
                                  5.29   data arrival time

                          0.00    0.00   clock clk (rise edge)
                          0.00    0.00   clock source latency
                  0.04    0.03    0.03 ^ clk (in)
     1    0.01                           clk (net)
                  0.04    0.00    0.03 ^ clkbuf_0_clk/A (sky130_fd_sc_hd__clkbuf_16)
                  0.08    0.17    0.20 ^ clkbuf_0_clk/X (sky130_fd_sc_hd__clkbuf_16)
     8    0.06                           clknet_0_clk (net)
                  0.08    0.00    0.20 ^ clkbuf_3_0__f_clk/A (sky130_fd_sc_hd__clkbuf_16)
                  0.04    0.15    0.34 ^ clkbuf_3_0__f_clk/X (sky130_fd_sc_hd__clkbuf_16)
    11    0.02                           clknet_3_0__leaf_clk (net)
                  0.04    0.00    0.34 ^ _436_/CLK (sky130_fd_sc_hd__dfrtp_1)
                          0.25    0.59   clock uncertainty
                          0.00    0.59   clock reconvergence pessimism
                          0.38    0.97   library removal time
                                  0.97   data required time
-----------------------------------------------------------------------------
                                  0.97   data required time
                                 -5.29   data arrival time
-----------------------------------------------------------------------------
                                  4.31   slack (MET)


Startpoint: rst_n (input port clocked by clk)
Endpoint: _437_ (removal check against rising-edge clock clk)
Path Group: asynchronous
Path Type: min

Fanout     Cap    Slew   Delay    Time   Description
-----------------------------------------------------------------------------
                          0.00    0.00   clock clk (rise edge)
                          0.00    0.00   clock network delay (propagated)
                          5.00    5.00 ^ input external delay
                  0.05    0.03    5.03 ^ rst_n (in)
     1    0.01                           rst_n (net)
                  0.05    0.00    5.03 ^ input17/A (sky130_fd_sc_hd__buf_12)
                  0.27    0.26    5.29 ^ input17/X (sky130_fd_sc_hd__buf_12)
    65    0.24                           net17 (net)
                  0.27    0.00    5.29 ^ _437_/RESET_B (sky130_fd_sc_hd__dfrtp_1)
                                  5.29   data arrival time

                          0.00    0.00   clock clk (rise edge)
                          0.00    0.00   clock source latency
                  0.04    0.03    0.03 ^ clk (in)
     1    0.01                           clk (net)
                  0.04    0.00    0.03 ^ clkbuf_0_clk/A (sky130_fd_sc_hd__clkbuf_16)
                  0.08    0.17    0.20 ^ clkbuf_0_clk/X (sky130_fd_sc_hd__clkbuf_16)
     8    0.06                           clknet_0_clk (net)
                  0.08    0.00    0.20 ^ clkbuf_3_0__f_clk/A (sky130_fd_sc_hd__clkbuf_16)
                  0.04    0.15    0.34 ^ clkbuf_3_0__f_clk/X (sky130_fd_sc_hd__clkbuf_16)
    11    0.02                           clknet_3_0__leaf_clk (net)
                  0.04    0.00    0.34 ^ _437_/CLK (sky130_fd_sc_hd__dfrtp_1)
                          0.25    0.59   clock uncertainty
                          0.00    0.59   clock reconvergence pessimism
                          0.38    0.97   library removal time
                                  0.97   data required time
-----------------------------------------------------------------------------
                                  0.97   data required time
                                 -5.29   data arrival time
-----------------------------------------------------------------------------
                                  4.31   slack (MET)


Startpoint: rst_n (input port clocked by clk)
Endpoint: _441_ (removal check against rising-edge clock clk)
Path Group: asynchronous
Path Type: min

Fanout     Cap    Slew   Delay    Time   Description
-----------------------------------------------------------------------------
                          0.00    0.00   clock clk (rise edge)
                          0.00    0.00   clock network delay (propagated)
                          5.00    5.00 ^ input external delay
                  0.05    0.03    5.03 ^ rst_n (in)
     1    0.01                           rst_n (net)
                  0.05    0.00    5.03 ^ input17/A (sky130_fd_sc_hd__buf_12)
                  0.27    0.26    5.29 ^ input17/X (sky130_fd_sc_hd__buf_12)
    65    0.24                           net17 (net)
                  0.27    0.00    5.29 ^ _441_/RESET_B (sky130_fd_sc_hd__dfrtp_1)
                                  5.29   data arrival time

                          0.00    0.00   clock clk (rise edge)
                          0.00    0.00   clock source latency
                  0.04    0.03    0.03 ^ clk (in)
     1    0.01                           clk (net)
                  0.04    0.00    0.03 ^ clkbuf_0_clk/A (sky130_fd_sc_hd__clkbuf_16)
                  0.08    0.17    0.20 ^ clkbuf_0_clk/X (sky130_fd_sc_hd__clkbuf_16)
     8    0.06                           clknet_0_clk (net)
                  0.08    0.00    0.20 ^ clkbuf_3_0__f_clk/A (sky130_fd_sc_hd__clkbuf_16)
                  0.04    0.15    0.34 ^ clkbuf_3_0__f_clk/X (sky130_fd_sc_hd__clkbuf_16)
    11    0.02                           clknet_3_0__leaf_clk (net)
                  0.04    0.00    0.34 ^ _441_/CLK (sky130_fd_sc_hd__dfrtp_1)
                          0.25    0.59   clock uncertainty
                          0.00    0.59   clock reconvergence pessimism
                          0.38    0.97   library removal time
                                  0.97   data required time
-----------------------------------------------------------------------------
                                  0.97   data required time
                                 -5.29   data arrival time
-----------------------------------------------------------------------------
                                  4.31   slack (MET)


Startpoint: rst_n (input port clocked by clk)
Endpoint: _442_ (removal check against rising-edge clock clk)
Path Group: asynchronous
Path Type: min

Fanout     Cap    Slew   Delay    Time   Description
-----------------------------------------------------------------------------
                          0.00    0.00   clock clk (rise edge)
                          0.00    0.00   clock network delay (propagated)
                          5.00    5.00 ^ input external delay
                  0.05    0.03    5.03 ^ rst_n (in)
     1    0.01                           rst_n (net)
                  0.05    0.00    5.03 ^ input17/A (sky130_fd_sc_hd__buf_12)
                  0.27    0.26    5.29 ^ input17/X (sky130_fd_sc_hd__buf_12)
    65    0.24                           net17 (net)
                  0.27    0.00    5.29 ^ _442_/RESET_B (sky130_fd_sc_hd__dfrtp_1)
                                  5.29   data arrival time

                          0.00    0.00   clock clk (rise edge)
                          0.00    0.00   clock source latency
                  0.04    0.03    0.03 ^ clk (in)
     1    0.01                           clk (net)
                  0.04    0.00    0.03 ^ clkbuf_0_clk/A (sky130_fd_sc_hd__clkbuf_16)
                  0.08    0.17    0.20 ^ clkbuf_0_clk/X (sky130_fd_sc_hd__clkbuf_16)
     8    0.06                           clknet_0_clk (net)
                  0.08    0.00    0.20 ^ clkbuf_3_0__f_clk/A (sky130_fd_sc_hd__clkbuf_16)
                  0.04    0.15    0.34 ^ clkbuf_3_0__f_clk/X (sky130_fd_sc_hd__clkbuf_16)
    11    0.02                           clknet_3_0__leaf_clk (net)
                  0.04    0.00    0.34 ^ _442_/CLK (sky130_fd_sc_hd__dfrtp_1)
                          0.25    0.59   clock uncertainty
                          0.00    0.59   clock reconvergence pessimism
                          0.38    0.97   library removal time
                                  0.97   data required time
-----------------------------------------------------------------------------
                                  0.97   data required time
                                 -5.29   data arrival time
-----------------------------------------------------------------------------
                                  4.31   slack (MET)


Startpoint: rst_n (input port clocked by clk)
Endpoint: _443_ (removal check against rising-edge clock clk)
Path Group: asynchronous
Path Type: min

Fanout     Cap    Slew   Delay    Time   Description
-----------------------------------------------------------------------------
                          0.00    0.00   clock clk (rise edge)
                          0.00    0.00   clock network delay (propagated)
                          5.00    5.00 ^ input external delay
                  0.05    0.03    5.03 ^ rst_n (in)
     1    0.01                           rst_n (net)
                  0.05    0.00    5.03 ^ input17/A (sky130_fd_sc_hd__buf_12)
                  0.27    0.26    5.29 ^ input17/X (sky130_fd_sc_hd__buf_12)
    65    0.24                           net17 (net)
                  0.27    0.00    5.29 ^ _443_/RESET_B (sky130_fd_sc_hd__dfrtp_1)
                                  5.29   data arrival time

                          0.00    0.00   clock clk (rise edge)
                          0.00    0.00   clock source latency
                  0.04    0.03    0.03 ^ clk (in)
     1    0.01                           clk (net)
                  0.04    0.00    0.03 ^ clkbuf_0_clk/A (sky130_fd_sc_hd__clkbuf_16)
                  0.08    0.17    0.20 ^ clkbuf_0_clk/X (sky130_fd_sc_hd__clkbuf_16)
     8    0.06                           clknet_0_clk (net)
                  0.08    0.00    0.20 ^ clkbuf_3_0__f_clk/A (sky130_fd_sc_hd__clkbuf_16)
                  0.04    0.15    0.34 ^ clkbuf_3_0__f_clk/X (sky130_fd_sc_hd__clkbuf_16)
    11    0.02                           clknet_3_0__leaf_clk (net)
                  0.04    0.00    0.34 ^ _443_/CLK (sky130_fd_sc_hd__dfrtp_1)
                          0.25    0.59   clock uncertainty
                          0.00    0.59   clock reconvergence pessimism
                          0.38    0.97   library removal time
                                  0.97   data required time
-----------------------------------------------------------------------------
                                  0.97   data required time
                                 -5.29   data arrival time
-----------------------------------------------------------------------------
                                  4.31   slack (MET)


Startpoint: rst_n (input port clocked by clk)
Endpoint: _450_ (removal check against rising-edge clock clk)
Path Group: asynchronous
Path Type: min

Fanout     Cap    Slew   Delay    Time   Description
-----------------------------------------------------------------------------
                          0.00    0.00   clock clk (rise edge)
                          0.00    0.00   clock network delay (propagated)
                          5.00    5.00 ^ input external delay
                  0.05    0.03    5.03 ^ rst_n (in)
     1    0.01                           rst_n (net)
                  0.05    0.00    5.03 ^ input17/A (sky130_fd_sc_hd__buf_12)
                  0.27    0.26    5.29 ^ input17/X (sky130_fd_sc_hd__buf_12)
    65    0.24                           net17 (net)
                  0.27    0.00    5.29 ^ _450_/RESET_B (sky130_fd_sc_hd__dfrtp_1)
                                  5.29   data arrival time

                          0.00    0.00   clock clk (rise edge)
                          0.00    0.00   clock source latency
                  0.04    0.03    0.03 ^ clk (in)
     1    0.01                           clk (net)
                  0.04    0.00    0.03 ^ clkbuf_0_clk/A (sky130_fd_sc_hd__clkbuf_16)
                  0.08    0.17    0.20 ^ clkbuf_0_clk/X (sky130_fd_sc_hd__clkbuf_16)
     8    0.06                           clknet_0_clk (net)
                  0.08    0.00    0.20 ^ clkbuf_3_0__f_clk/A (sky130_fd_sc_hd__clkbuf_16)
                  0.04    0.15    0.34 ^ clkbuf_3_0__f_clk/X (sky130_fd_sc_hd__clkbuf_16)
    11    0.02                           clknet_3_0__leaf_clk (net)
                  0.04    0.00    0.34 ^ _450_/CLK (sky130_fd_sc_hd__dfrtp_1)
                          0.25    0.59   clock uncertainty
                          0.00    0.59   clock reconvergence pessimism
                          0.38    0.97   library removal time
                                  0.97   data required time
-----------------------------------------------------------------------------
                                  0.97   data required time
                                 -5.29   data arrival time
-----------------------------------------------------------------------------
                                  4.31   slack (MET)


Startpoint: rst_n (input port clocked by clk)
Endpoint: _451_ (removal check against rising-edge clock clk)
Path Group: asynchronous
Path Type: min

Fanout     Cap    Slew   Delay    Time   Description
-----------------------------------------------------------------------------
                          0.00    0.00   clock clk (rise edge)
                          0.00    0.00   clock network delay (propagated)
                          5.00    5.00 ^ input external delay
                  0.05    0.03    5.03 ^ rst_n (in)
     1    0.01                           rst_n (net)
                  0.05    0.00    5.03 ^ input17/A (sky130_fd_sc_hd__buf_12)
                  0.27    0.26    5.29 ^ input17/X (sky130_fd_sc_hd__buf_12)
    65    0.24                           net17 (net)
                  0.27    0.00    5.29 ^ _451_/RESET_B (sky130_fd_sc_hd__dfrtp_1)
                                  5.29   data arrival time

                          0.00    0.00   clock clk (rise edge)
                          0.00    0.00   clock source latency
                  0.04    0.03    0.03 ^ clk (in)
     1    0.01                           clk (net)
                  0.04    0.00    0.03 ^ clkbuf_0_clk/A (sky130_fd_sc_hd__clkbuf_16)
                  0.08    0.17    0.20 ^ clkbuf_0_clk/X (sky130_fd_sc_hd__clkbuf_16)
     8    0.06                           clknet_0_clk (net)
                  0.08    0.00    0.20 ^ clkbuf_3_0__f_clk/A (sky130_fd_sc_hd__clkbuf_16)
                  0.04    0.15    0.34 ^ clkbuf_3_0__f_clk/X (sky130_fd_sc_hd__clkbuf_16)
    11    0.02                           clknet_3_0__leaf_clk (net)
                  0.04    0.00    0.34 ^ _451_/CLK (sky130_fd_sc_hd__dfrtp_1)
                          0.25    0.59   clock uncertainty
                          0.00    0.59   clock reconvergence pessimism
                          0.38    0.97   library removal time
                                  0.97   data required time
-----------------------------------------------------------------------------
                                  0.97   data required time
                                 -5.29   data arrival time
-----------------------------------------------------------------------------
                                  4.31   slack (MET)


Startpoint: rst_n (input port clocked by clk)
Endpoint: _452_ (removal check against rising-edge clock clk)
Path Group: asynchronous
Path Type: min

Fanout     Cap    Slew   Delay    Time   Description
-----------------------------------------------------------------------------
                          0.00    0.00   clock clk (rise edge)
                          0.00    0.00   clock network delay (propagated)
                          5.00    5.00 ^ input external delay
                  0.05    0.03    5.03 ^ rst_n (in)
     1    0.01                           rst_n (net)
                  0.05    0.00    5.03 ^ input17/A (sky130_fd_sc_hd__buf_12)
                  0.27    0.26    5.29 ^ input17/X (sky130_fd_sc_hd__buf_12)
    65    0.24                           net17 (net)
                  0.27    0.00    5.29 ^ _452_/RESET_B (sky130_fd_sc_hd__dfrtp_1)
                                  5.29   data arrival time

                          0.00    0.00   clock clk (rise edge)
                          0.00    0.00   clock source latency
                  0.04    0.03    0.03 ^ clk (in)
     1    0.01                           clk (net)
                  0.04    0.00    0.03 ^ clkbuf_0_clk/A (sky130_fd_sc_hd__clkbuf_16)
                  0.08    0.17    0.20 ^ clkbuf_0_clk/X (sky130_fd_sc_hd__clkbuf_16)
     8    0.06                           clknet_0_clk (net)
                  0.08    0.00    0.20 ^ clkbuf_3_0__f_clk/A (sky130_fd_sc_hd__clkbuf_16)
                  0.04    0.15    0.34 ^ clkbuf_3_0__f_clk/X (sky130_fd_sc_hd__clkbuf_16)
    11    0.02                           clknet_3_0__leaf_clk (net)
                  0.04    0.00    0.34 ^ _452_/CLK (sky130_fd_sc_hd__dfrtp_1)
                          0.25    0.59   clock uncertainty
                          0.00    0.59   clock reconvergence pessimism
                          0.38    0.97   library removal time
                                  0.97   data required time
-----------------------------------------------------------------------------
                                  0.97   data required time
                                 -5.29   data arrival time
-----------------------------------------------------------------------------
                                  4.31   slack (MET)


Startpoint: rst_n (input port clocked by clk)
Endpoint: _457_ (removal check against rising-edge clock clk)
Path Group: asynchronous
Path Type: min

Fanout     Cap    Slew   Delay    Time   Description
-----------------------------------------------------------------------------
                          0.00    0.00   clock clk (rise edge)
                          0.00    0.00   clock network delay (propagated)
                          5.00    5.00 ^ input external delay
                  0.05    0.03    5.03 ^ rst_n (in)
     1    0.01                           rst_n (net)
                  0.05    0.00    5.03 ^ input17/A (sky130_fd_sc_hd__buf_12)
                  0.27    0.26    5.29 ^ input17/X (sky130_fd_sc_hd__buf_12)
    65    0.24                           net17 (net)
                  0.27    0.00    5.29 ^ _457_/RESET_B (sky130_fd_sc_hd__dfrtp_1)
                                  5.29   data arrival time

                          0.00    0.00   clock clk (rise edge)
                          0.00    0.00   clock source latency
                  0.04    0.03    0.03 ^ clk (in)
     1    0.01                           clk (net)
                  0.04    0.00    0.03 ^ clkbuf_0_clk/A (sky130_fd_sc_hd__clkbuf_16)
                  0.08    0.17    0.20 ^ clkbuf_0_clk/X (sky130_fd_sc_hd__clkbuf_16)
     8    0.06                           clknet_0_clk (net)
                  0.08    0.00    0.20 ^ clkbuf_3_0__f_clk/A (sky130_fd_sc_hd__clkbuf_16)
                  0.04    0.15    0.34 ^ clkbuf_3_0__f_clk/X (sky130_fd_sc_hd__clkbuf_16)
    11    0.02                           clknet_3_0__leaf_clk (net)
                  0.04    0.00    0.34 ^ _457_/CLK (sky130_fd_sc_hd__dfrtp_1)
                          0.25    0.59   clock uncertainty
                          0.00    0.59   clock reconvergence pessimism
                          0.38    0.97   library removal time
                                  0.97   data required time
-----------------------------------------------------------------------------
                                  0.97   data required time
                                 -5.29   data arrival time
-----------------------------------------------------------------------------
                                  4.31   slack (MET)


Startpoint: rst_n (input port clocked by clk)
Endpoint: _458_ (removal check against rising-edge clock clk)
Path Group: asynchronous
Path Type: min

Fanout     Cap    Slew   Delay    Time   Description
-----------------------------------------------------------------------------
                          0.00    0.00   clock clk (rise edge)
                          0.00    0.00   clock network delay (propagated)
                          5.00    5.00 ^ input external delay
                  0.05    0.03    5.03 ^ rst_n (in)
     1    0.01                           rst_n (net)
                  0.05    0.00    5.03 ^ input17/A (sky130_fd_sc_hd__buf_12)
                  0.27    0.26    5.29 ^ input17/X (sky130_fd_sc_hd__buf_12)
    65    0.24                           net17 (net)
                  0.27    0.00    5.29 ^ _458_/RESET_B (sky130_fd_sc_hd__dfrtp_1)
                                  5.29   data arrival time

                          0.00    0.00   clock clk (rise edge)
                          0.00    0.00   clock source latency
                  0.04    0.03    0.03 ^ clk (in)
     1    0.01                           clk (net)
                  0.04    0.00    0.03 ^ clkbuf_0_clk/A (sky130_fd_sc_hd__clkbuf_16)
                  0.08    0.17    0.20 ^ clkbuf_0_clk/X (sky130_fd_sc_hd__clkbuf_16)
     8    0.06                           clknet_0_clk (net)
                  0.08    0.00    0.20 ^ clkbuf_3_0__f_clk/A (sky130_fd_sc_hd__clkbuf_16)
                  0.04    0.15    0.34 ^ clkbuf_3_0__f_clk/X (sky130_fd_sc_hd__clkbuf_16)
    11    0.02                           clknet_3_0__leaf_clk (net)
                  0.04    0.00    0.34 ^ _458_/CLK (sky130_fd_sc_hd__dfrtp_1)
                          0.25    0.59   clock uncertainty
                          0.00    0.59   clock reconvergence pessimism
                          0.38    0.97   library removal time
                                  0.97   data required time
-----------------------------------------------------------------------------
                                  0.97   data required time
                                 -5.29   data arrival time
-----------------------------------------------------------------------------
                                  4.31   slack (MET)


Startpoint: rst_n (input port clocked by clk)
Endpoint: _460_ (removal check against rising-edge clock clk)
Path Group: asynchronous
Path Type: min

Fanout     Cap    Slew   Delay    Time   Description
-----------------------------------------------------------------------------
                          0.00    0.00   clock clk (rise edge)
                          0.00    0.00   clock network delay (propagated)
                          5.00    5.00 ^ input external delay
                  0.05    0.03    5.03 ^ rst_n (in)
     1    0.01                           rst_n (net)
                  0.05    0.00    5.03 ^ input17/A (sky130_fd_sc_hd__buf_12)
                  0.27    0.26    5.29 ^ input17/X (sky130_fd_sc_hd__buf_12)
    65    0.24                           net17 (net)
                  0.27    0.00    5.29 ^ _460_/RESET_B (sky130_fd_sc_hd__dfrtp_1)
                                  5.29   data arrival time

                          0.00    0.00   clock clk (rise edge)
                          0.00    0.00   clock source latency
                  0.04    0.03    0.03 ^ clk (in)
     1    0.01                           clk (net)
                  0.04    0.00    0.03 ^ clkbuf_0_clk/A (sky130_fd_sc_hd__clkbuf_16)
                  0.08    0.17    0.20 ^ clkbuf_0_clk/X (sky130_fd_sc_hd__clkbuf_16)
     8    0.06                           clknet_0_clk (net)
                  0.08    0.00    0.20 ^ clkbuf_3_0__f_clk/A (sky130_fd_sc_hd__clkbuf_16)
                  0.04    0.15    0.34 ^ clkbuf_3_0__f_clk/X (sky130_fd_sc_hd__clkbuf_16)
    11    0.02                           clknet_3_0__leaf_clk (net)
                  0.04    0.00    0.34 ^ _460_/CLK (sky130_fd_sc_hd__dfrtp_1)
                          0.25    0.59   clock uncertainty
                          0.00    0.59   clock reconvergence pessimism
                          0.38    0.97   library removal time
                                  0.97   data required time
-----------------------------------------------------------------------------
                                  0.97   data required time
                                 -5.29   data arrival time
-----------------------------------------------------------------------------
                                  4.31   slack (MET)


Startpoint: rst_n (input port clocked by clk)
Endpoint: _465_ (removal check against rising-edge clock clk)
Path Group: asynchronous
Path Type: min

Fanout     Cap    Slew   Delay    Time   Description
-----------------------------------------------------------------------------
                          0.00    0.00   clock clk (rise edge)
                          0.00    0.00   clock network delay (propagated)
                          5.00    5.00 ^ input external delay
                  0.05    0.03    5.03 ^ rst_n (in)
     1    0.01                           rst_n (net)
                  0.05    0.00    5.03 ^ input17/A (sky130_fd_sc_hd__buf_12)
                  0.27    0.26    5.29 ^ input17/X (sky130_fd_sc_hd__buf_12)
    65    0.24                           net17 (net)
                  0.27    0.00    5.29 ^ _465_/RESET_B (sky130_fd_sc_hd__dfrtp_1)
                                  5.29   data arrival time

                          0.00    0.00   clock clk (rise edge)
                          0.00    0.00   clock source latency
                  0.04    0.03    0.03 ^ clk (in)
     1    0.01                           clk (net)
                  0.04    0.00    0.03 ^ clkbuf_0_clk/A (sky130_fd_sc_hd__clkbuf_16)
                  0.08    0.17    0.20 ^ clkbuf_0_clk/X (sky130_fd_sc_hd__clkbuf_16)
     8    0.06                           clknet_0_clk (net)
                  0.08    0.00    0.20 ^ clkbuf_3_7__f_clk/A (sky130_fd_sc_hd__clkbuf_16)
                  0.04    0.15    0.34 ^ clkbuf_3_7__f_clk/X (sky130_fd_sc_hd__clkbuf_16)
    11    0.02                           clknet_3_7__leaf_clk (net)
                  0.04    0.00    0.34 ^ _465_/CLK (sky130_fd_sc_hd__dfrtp_1)
                          0.25    0.59   clock uncertainty
                          0.00    0.59   clock reconvergence pessimism
                          0.38    0.97   library removal time
                                  0.97   data required time
-----------------------------------------------------------------------------
                                  0.97   data required time
                                 -5.29   data arrival time
-----------------------------------------------------------------------------
                                  4.31   slack (MET)


Startpoint: rst_n (input port clocked by clk)
Endpoint: _469_ (removal check against rising-edge clock clk)
Path Group: asynchronous
Path Type: min

Fanout     Cap    Slew   Delay    Time   Description
-----------------------------------------------------------------------------
                          0.00    0.00   clock clk (rise edge)
                          0.00    0.00   clock network delay (propagated)
                          5.00    5.00 ^ input external delay
                  0.05    0.03    5.03 ^ rst_n (in)
     1    0.01                           rst_n (net)
                  0.05    0.00    5.03 ^ input17/A (sky130_fd_sc_hd__buf_12)
                  0.27    0.26    5.29 ^ input17/X (sky130_fd_sc_hd__buf_12)
    65    0.24                           net17 (net)
                  0.27    0.00    5.29 ^ _469_/RESET_B (sky130_fd_sc_hd__dfrtp_1)
                                  5.29   data arrival time

                          0.00    0.00   clock clk (rise edge)
                          0.00    0.00   clock source latency
                  0.04    0.03    0.03 ^ clk (in)
     1    0.01                           clk (net)
                  0.04    0.00    0.03 ^ clkbuf_0_clk/A (sky130_fd_sc_hd__clkbuf_16)
                  0.08    0.17    0.20 ^ clkbuf_0_clk/X (sky130_fd_sc_hd__clkbuf_16)
     8    0.06                           clknet_0_clk (net)
                  0.08    0.00    0.20 ^ clkbuf_3_7__f_clk/A (sky130_fd_sc_hd__clkbuf_16)
                  0.04    0.15    0.34 ^ clkbuf_3_7__f_clk/X (sky130_fd_sc_hd__clkbuf_16)
    11    0.02                           clknet_3_7__leaf_clk (net)
                  0.04    0.00    0.34 ^ _469_/CLK (sky130_fd_sc_hd__dfrtp_1)
                          0.25    0.59   clock uncertainty
                          0.00    0.59   clock reconvergence pessimism
                          0.38    0.97   library removal time
                                  0.97   data required time
-----------------------------------------------------------------------------
                                  0.97   data required time
                                 -5.29   data arrival time
-----------------------------------------------------------------------------
                                  4.31   slack (MET)


Startpoint: rst_n (input port clocked by clk)
Endpoint: _472_ (removal check against rising-edge clock clk)
Path Group: asynchronous
Path Type: min

Fanout     Cap    Slew   Delay    Time   Description
-----------------------------------------------------------------------------
                          0.00    0.00   clock clk (rise edge)
                          0.00    0.00   clock network delay (propagated)
                          5.00    5.00 ^ input external delay
                  0.05    0.03    5.03 ^ rst_n (in)
     1    0.01                           rst_n (net)
                  0.05    0.00    5.03 ^ input17/A (sky130_fd_sc_hd__buf_12)
                  0.27    0.26    5.29 ^ input17/X (sky130_fd_sc_hd__buf_12)
    65    0.24                           net17 (net)
                  0.27    0.00    5.29 ^ _472_/RESET_B (sky130_fd_sc_hd__dfrtp_1)
                                  5.29   data arrival time

                          0.00    0.00   clock clk (rise edge)
                          0.00    0.00   clock source latency
                  0.04    0.03    0.03 ^ clk (in)
     1    0.01                           clk (net)
                  0.04    0.00    0.03 ^ clkbuf_0_clk/A (sky130_fd_sc_hd__clkbuf_16)
                  0.08    0.17    0.20 ^ clkbuf_0_clk/X (sky130_fd_sc_hd__clkbuf_16)
     8    0.06                           clknet_0_clk (net)
                  0.08    0.00    0.20 ^ clkbuf_3_7__f_clk/A (sky130_fd_sc_hd__clkbuf_16)
                  0.04    0.15    0.34 ^ clkbuf_3_7__f_clk/X (sky130_fd_sc_hd__clkbuf_16)
    11    0.02                           clknet_3_7__leaf_clk (net)
                  0.04    0.00    0.34 ^ _472_/CLK (sky130_fd_sc_hd__dfrtp_1)
                          0.25    0.59   clock uncertainty
                          0.00    0.59   clock reconvergence pessimism
                          0.38    0.97   library removal time
                                  0.97   data required time
-----------------------------------------------------------------------------
                                  0.97   data required time
                                 -5.29   data arrival time
-----------------------------------------------------------------------------
                                  4.31   slack (MET)


Startpoint: rst_n (input port clocked by clk)
Endpoint: _476_ (removal check against rising-edge clock clk)
Path Group: asynchronous
Path Type: min

Fanout     Cap    Slew   Delay    Time   Description
-----------------------------------------------------------------------------
                          0.00    0.00   clock clk (rise edge)
                          0.00    0.00   clock network delay (propagated)
                          5.00    5.00 ^ input external delay
                  0.05    0.03    5.03 ^ rst_n (in)
     1    0.01                           rst_n (net)
                  0.05    0.00    5.03 ^ input17/A (sky130_fd_sc_hd__buf_12)
                  0.27    0.26    5.29 ^ input17/X (sky130_fd_sc_hd__buf_12)
    65    0.24                           net17 (net)
                  0.27    0.00    5.29 ^ _476_/RESET_B (sky130_fd_sc_hd__dfrtp_1)
                                  5.29   data arrival time

                          0.00    0.00   clock clk (rise edge)
                          0.00    0.00   clock source latency
                  0.04    0.03    0.03 ^ clk (in)
     1    0.01                           clk (net)
                  0.04    0.00    0.03 ^ clkbuf_0_clk/A (sky130_fd_sc_hd__clkbuf_16)
                  0.08    0.17    0.20 ^ clkbuf_0_clk/X (sky130_fd_sc_hd__clkbuf_16)
     8    0.06                           clknet_0_clk (net)
                  0.08    0.00    0.20 ^ clkbuf_3_7__f_clk/A (sky130_fd_sc_hd__clkbuf_16)
                  0.04    0.15    0.34 ^ clkbuf_3_7__f_clk/X (sky130_fd_sc_hd__clkbuf_16)
    11    0.02                           clknet_3_7__leaf_clk (net)
                  0.04    0.00    0.34 ^ _476_/CLK (sky130_fd_sc_hd__dfrtp_1)
                          0.25    0.59   clock uncertainty
                          0.00    0.59   clock reconvergence pessimism
                          0.38    0.97   library removal time
                                  0.97   data required time
-----------------------------------------------------------------------------
                                  0.97   data required time
                                 -5.29   data arrival time
-----------------------------------------------------------------------------
                                  4.31   slack (MET)


Startpoint: rst_n (input port clocked by clk)
Endpoint: _477_ (removal check against rising-edge clock clk)
Path Group: asynchronous
Path Type: min

Fanout     Cap    Slew   Delay    Time   Description
-----------------------------------------------------------------------------
                          0.00    0.00   clock clk (rise edge)
                          0.00    0.00   clock network delay (propagated)
                          5.00    5.00 ^ input external delay
                  0.05    0.03    5.03 ^ rst_n (in)
     1    0.01                           rst_n (net)
                  0.05    0.00    5.03 ^ input17/A (sky130_fd_sc_hd__buf_12)
                  0.27    0.26    5.29 ^ input17/X (sky130_fd_sc_hd__buf_12)
    65    0.24                           net17 (net)
                  0.27    0.00    5.29 ^ _477_/RESET_B (sky130_fd_sc_hd__dfrtp_1)
                                  5.29   data arrival time

                          0.00    0.00   clock clk (rise edge)
                          0.00    0.00   clock source latency
                  0.04    0.03    0.03 ^ clk (in)
     1    0.01                           clk (net)
                  0.04    0.00    0.03 ^ clkbuf_0_clk/A (sky130_fd_sc_hd__clkbuf_16)
                  0.08    0.17    0.20 ^ clkbuf_0_clk/X (sky130_fd_sc_hd__clkbuf_16)
     8    0.06                           clknet_0_clk (net)
                  0.08    0.00    0.20 ^ clkbuf_3_7__f_clk/A (sky130_fd_sc_hd__clkbuf_16)
                  0.04    0.15    0.34 ^ clkbuf_3_7__f_clk/X (sky130_fd_sc_hd__clkbuf_16)
    11    0.02                           clknet_3_7__leaf_clk (net)
                  0.04    0.00    0.34 ^ _477_/CLK (sky130_fd_sc_hd__dfrtp_1)
                          0.25    0.59   clock uncertainty
                          0.00    0.59   clock reconvergence pessimism
                          0.38    0.97   library removal time
                                  0.97   data required time
-----------------------------------------------------------------------------
                                  0.97   data required time
                                 -5.29   data arrival time
-----------------------------------------------------------------------------
                                  4.31   slack (MET)


Startpoint: rst_n (input port clocked by clk)
Endpoint: _480_ (removal check against rising-edge clock clk)
Path Group: asynchronous
Path Type: min

Fanout     Cap    Slew   Delay    Time   Description
-----------------------------------------------------------------------------
                          0.00    0.00   clock clk (rise edge)
                          0.00    0.00   clock network delay (propagated)
                          5.00    5.00 ^ input external delay
                  0.05    0.03    5.03 ^ rst_n (in)
     1    0.01                           rst_n (net)
                  0.05    0.00    5.03 ^ input17/A (sky130_fd_sc_hd__buf_12)
                  0.27    0.26    5.29 ^ input17/X (sky130_fd_sc_hd__buf_12)
    65    0.24                           net17 (net)
                  0.27    0.00    5.29 ^ _480_/RESET_B (sky130_fd_sc_hd__dfrtp_1)
                                  5.29   data arrival time

                          0.00    0.00   clock clk (rise edge)
                          0.00    0.00   clock source latency
                  0.04    0.03    0.03 ^ clk (in)
     1    0.01                           clk (net)
                  0.04    0.00    0.03 ^ clkbuf_0_clk/A (sky130_fd_sc_hd__clkbuf_16)
                  0.08    0.17    0.20 ^ clkbuf_0_clk/X (sky130_fd_sc_hd__clkbuf_16)
     8    0.06                           clknet_0_clk (net)
                  0.08    0.00    0.20 ^ clkbuf_3_7__f_clk/A (sky130_fd_sc_hd__clkbuf_16)
                  0.04    0.15    0.34 ^ clkbuf_3_7__f_clk/X (sky130_fd_sc_hd__clkbuf_16)
    11    0.02                           clknet_3_7__leaf_clk (net)
                  0.04    0.00    0.34 ^ _480_/CLK (sky130_fd_sc_hd__dfrtp_1)
                          0.25    0.59   clock uncertainty
                          0.00    0.59   clock reconvergence pessimism
                          0.38    0.97   library removal time
                                  0.97   data required time
-----------------------------------------------------------------------------
                                  0.97   data required time
                                 -5.29   data arrival time
-----------------------------------------------------------------------------
                                  4.31   slack (MET)


Startpoint: rst_n (input port clocked by clk)
Endpoint: _484_ (removal check against rising-edge clock clk)
Path Group: asynchronous
Path Type: min

Fanout     Cap    Slew   Delay    Time   Description
-----------------------------------------------------------------------------
                          0.00    0.00   clock clk (rise edge)
                          0.00    0.00   clock network delay (propagated)
                          5.00    5.00 ^ input external delay
                  0.05    0.03    5.03 ^ rst_n (in)
     1    0.01                           rst_n (net)
                  0.05    0.00    5.03 ^ input17/A (sky130_fd_sc_hd__buf_12)
                  0.27    0.26    5.29 ^ input17/X (sky130_fd_sc_hd__buf_12)
    65    0.24                           net17 (net)
                  0.27    0.00    5.29 ^ _484_/RESET_B (sky130_fd_sc_hd__dfrtp_4)
                                  5.29   data arrival time

                          0.00    0.00   clock clk (rise edge)
                          0.00    0.00   clock source latency
                  0.04    0.03    0.03 ^ clk (in)
     1    0.01                           clk (net)
                  0.04    0.00    0.03 ^ clkbuf_0_clk/A (sky130_fd_sc_hd__clkbuf_16)
                  0.08    0.17    0.20 ^ clkbuf_0_clk/X (sky130_fd_sc_hd__clkbuf_16)
     8    0.06                           clknet_0_clk (net)
                  0.08    0.00    0.20 ^ clkbuf_3_2__f_clk/A (sky130_fd_sc_hd__clkbuf_16)
                  0.04    0.14    0.34 ^ clkbuf_3_2__f_clk/X (sky130_fd_sc_hd__clkbuf_16)
     8    0.01                           clknet_3_2__leaf_clk (net)
                  0.04    0.00    0.34 ^ _484_/CLK (sky130_fd_sc_hd__dfrtp_4)
                          0.25    0.59   clock uncertainty
                          0.00    0.59   clock reconvergence pessimism
                          0.38    0.97   library removal time
                                  0.97   data required time
-----------------------------------------------------------------------------
                                  0.97   data required time
                                 -5.29   data arrival time
-----------------------------------------------------------------------------
                                  4.32   slack (MET)


Startpoint: rst_n (input port clocked by clk)
Endpoint: _485_ (removal check against rising-edge clock clk)
Path Group: asynchronous
Path Type: min

Fanout     Cap    Slew   Delay    Time   Description
-----------------------------------------------------------------------------
                          0.00    0.00   clock clk (rise edge)
                          0.00    0.00   clock network delay (propagated)
                          5.00    5.00 ^ input external delay
                  0.05    0.03    5.03 ^ rst_n (in)
     1    0.01                           rst_n (net)
                  0.05    0.00    5.03 ^ input17/A (sky130_fd_sc_hd__buf_12)
                  0.27    0.26    5.29 ^ input17/X (sky130_fd_sc_hd__buf_12)
    65    0.24                           net17 (net)
                  0.27    0.00    5.29 ^ _485_/RESET_B (sky130_fd_sc_hd__dfrtp_4)
                                  5.29   data arrival time

                          0.00    0.00   clock clk (rise edge)
                          0.00    0.00   clock source latency
                  0.04    0.03    0.03 ^ clk (in)
     1    0.01                           clk (net)
                  0.04    0.00    0.03 ^ clkbuf_0_clk/A (sky130_fd_sc_hd__clkbuf_16)
                  0.08    0.17    0.20 ^ clkbuf_0_clk/X (sky130_fd_sc_hd__clkbuf_16)
     8    0.06                           clknet_0_clk (net)
                  0.08    0.00    0.20 ^ clkbuf_3_2__f_clk/A (sky130_fd_sc_hd__clkbuf_16)
                  0.04    0.14    0.34 ^ clkbuf_3_2__f_clk/X (sky130_fd_sc_hd__clkbuf_16)
     8    0.01                           clknet_3_2__leaf_clk (net)
                  0.04    0.00    0.34 ^ _485_/CLK (sky130_fd_sc_hd__dfrtp_4)
                          0.25    0.59   clock uncertainty
                          0.00    0.59   clock reconvergence pessimism
                          0.38    0.97   library removal time
                                  0.97   data required time
-----------------------------------------------------------------------------
                                  0.97   data required time
                                 -5.29   data arrival time
-----------------------------------------------------------------------------
                                  4.32   slack (MET)


Startpoint: rst_n (input port clocked by clk)
Endpoint: _486_ (removal check against rising-edge clock clk)
Path Group: asynchronous
Path Type: min

Fanout     Cap    Slew   Delay    Time   Description
-----------------------------------------------------------------------------
                          0.00    0.00   clock clk (rise edge)
                          0.00    0.00   clock network delay (propagated)
                          5.00    5.00 ^ input external delay
                  0.05    0.03    5.03 ^ rst_n (in)
     1    0.01                           rst_n (net)
                  0.05    0.00    5.03 ^ input17/A (sky130_fd_sc_hd__buf_12)
                  0.27    0.26    5.29 ^ input17/X (sky130_fd_sc_hd__buf_12)
    65    0.24                           net17 (net)
                  0.27    0.00    5.29 ^ _486_/RESET_B (sky130_fd_sc_hd__dfrtp_4)
                                  5.29   data arrival time

                          0.00    0.00   clock clk (rise edge)
                          0.00    0.00   clock source latency
                  0.04    0.03    0.03 ^ clk (in)
     1    0.01                           clk (net)
                  0.04    0.00    0.03 ^ clkbuf_0_clk/A (sky130_fd_sc_hd__clkbuf_16)
                  0.08    0.17    0.20 ^ clkbuf_0_clk/X (sky130_fd_sc_hd__clkbuf_16)
     8    0.06                           clknet_0_clk (net)
                  0.08    0.00    0.20 ^ clkbuf_3_2__f_clk/A (sky130_fd_sc_hd__clkbuf_16)
                  0.04    0.14    0.34 ^ clkbuf_3_2__f_clk/X (sky130_fd_sc_hd__clkbuf_16)
     8    0.01                           clknet_3_2__leaf_clk (net)
                  0.04    0.00    0.34 ^ _486_/CLK (sky130_fd_sc_hd__dfrtp_4)
                          0.25    0.59   clock uncertainty
                          0.00    0.59   clock reconvergence pessimism
                          0.38    0.97   library removal time
                                  0.97   data required time
-----------------------------------------------------------------------------
                                  0.97   data required time
                                 -5.29   data arrival time
-----------------------------------------------------------------------------
                                  4.32   slack (MET)


Startpoint: rst_n (input port clocked by clk)
Endpoint: _422_ (removal check against rising-edge clock clk)
Path Group: asynchronous
Path Type: min

Fanout     Cap    Slew   Delay    Time   Description
-----------------------------------------------------------------------------
                          0.00    0.00   clock clk (rise edge)
                          0.00    0.00   clock network delay (propagated)
                          5.00    5.00 ^ input external delay
                  0.05    0.03    5.03 ^ rst_n (in)
     1    0.01                           rst_n (net)
                  0.05    0.00    5.03 ^ input17/A (sky130_fd_sc_hd__buf_12)
                  0.27    0.26    5.29 ^ input17/X (sky130_fd_sc_hd__buf_12)
    65    0.24                           net17 (net)
                  0.27    0.00    5.29 ^ _422_/RESET_B (sky130_fd_sc_hd__dfrtp_1)
                                  5.29   data arrival time

                          0.00    0.00   clock clk (rise edge)
                          0.00    0.00   clock source latency
                  0.04    0.03    0.03 ^ clk (in)
     1    0.01                           clk (net)
                  0.04    0.00    0.03 ^ clkbuf_0_clk/A (sky130_fd_sc_hd__clkbuf_16)
                  0.08    0.17    0.20 ^ clkbuf_0_clk/X (sky130_fd_sc_hd__clkbuf_16)
     8    0.06                           clknet_0_clk (net)
                  0.08    0.00    0.20 ^ clkbuf_3_2__f_clk/A (sky130_fd_sc_hd__clkbuf_16)
                  0.04    0.14    0.34 ^ clkbuf_3_2__f_clk/X (sky130_fd_sc_hd__clkbuf_16)
     8    0.01                           clknet_3_2__leaf_clk (net)
                  0.04    0.00    0.34 ^ _422_/CLK (sky130_fd_sc_hd__dfrtp_1)
                          0.25    0.59   clock uncertainty
                          0.00    0.59   clock reconvergence pessimism
                          0.38    0.97   library removal time
                                  0.97   data required time
-----------------------------------------------------------------------------
                                  0.97   data required time
                                 -5.29   data arrival time
-----------------------------------------------------------------------------
                                  4.32   slack (MET)


Startpoint: rst_n (input port clocked by clk)
Endpoint: _423_ (removal check against rising-edge clock clk)
Path Group: asynchronous
Path Type: min

Fanout     Cap    Slew   Delay    Time   Description
-----------------------------------------------------------------------------
                          0.00    0.00   clock clk (rise edge)
                          0.00    0.00   clock network delay (propagated)
                          5.00    5.00 ^ input external delay
                  0.05    0.03    5.03 ^ rst_n (in)
     1    0.01                           rst_n (net)
                  0.05    0.00    5.03 ^ input17/A (sky130_fd_sc_hd__buf_12)
                  0.27    0.26    5.29 ^ input17/X (sky130_fd_sc_hd__buf_12)
    65    0.24                           net17 (net)
                  0.27    0.00    5.29 ^ _423_/RESET_B (sky130_fd_sc_hd__dfrtp_1)
                                  5.29   data arrival time

                          0.00    0.00   clock clk (rise edge)
                          0.00    0.00   clock source latency
                  0.04    0.03    0.03 ^ clk (in)
     1    0.01                           clk (net)
                  0.04    0.00    0.03 ^ clkbuf_0_clk/A (sky130_fd_sc_hd__clkbuf_16)
                  0.08    0.17    0.20 ^ clkbuf_0_clk/X (sky130_fd_sc_hd__clkbuf_16)
     8    0.06                           clknet_0_clk (net)
                  0.08    0.00    0.20 ^ clkbuf_3_3__f_clk/A (sky130_fd_sc_hd__clkbuf_16)
                  0.04    0.14    0.34 ^ clkbuf_3_3__f_clk/X (sky130_fd_sc_hd__clkbuf_16)
     8    0.01                           clknet_3_3__leaf_clk (net)
                  0.04    0.00    0.34 ^ _423_/CLK (sky130_fd_sc_hd__dfrtp_1)
                          0.25    0.59   clock uncertainty
                          0.00    0.59   clock reconvergence pessimism
                          0.38    0.97   library removal time
                                  0.97   data required time
-----------------------------------------------------------------------------
                                  0.97   data required time
                                 -5.29   data arrival time
-----------------------------------------------------------------------------
                                  4.32   slack (MET)


Startpoint: rst_n (input port clocked by clk)
Endpoint: _424_ (removal check against rising-edge clock clk)
Path Group: asynchronous
Path Type: min

Fanout     Cap    Slew   Delay    Time   Description
-----------------------------------------------------------------------------
                          0.00    0.00   clock clk (rise edge)
                          0.00    0.00   clock network delay (propagated)
                          5.00    5.00 ^ input external delay
                  0.05    0.03    5.03 ^ rst_n (in)
     1    0.01                           rst_n (net)
                  0.05    0.00    5.03 ^ input17/A (sky130_fd_sc_hd__buf_12)
                  0.27    0.26    5.29 ^ input17/X (sky130_fd_sc_hd__buf_12)
    65    0.24                           net17 (net)
                  0.27    0.00    5.29 ^ _424_/RESET_B (sky130_fd_sc_hd__dfrtp_1)
                                  5.29   data arrival time

                          0.00    0.00   clock clk (rise edge)
                          0.00    0.00   clock source latency
                  0.04    0.03    0.03 ^ clk (in)
     1    0.01                           clk (net)
                  0.04    0.00    0.03 ^ clkbuf_0_clk/A (sky130_fd_sc_hd__clkbuf_16)
                  0.08    0.17    0.20 ^ clkbuf_0_clk/X (sky130_fd_sc_hd__clkbuf_16)
     8    0.06                           clknet_0_clk (net)
                  0.08    0.00    0.20 ^ clkbuf_3_3__f_clk/A (sky130_fd_sc_hd__clkbuf_16)
                  0.04    0.14    0.34 ^ clkbuf_3_3__f_clk/X (sky130_fd_sc_hd__clkbuf_16)
     8    0.01                           clknet_3_3__leaf_clk (net)
                  0.04    0.00    0.34 ^ _424_/CLK (sky130_fd_sc_hd__dfrtp_1)
                          0.25    0.59   clock uncertainty
                          0.00    0.59   clock reconvergence pessimism
                          0.38    0.97   library removal time
                                  0.97   data required time
-----------------------------------------------------------------------------
                                  0.97   data required time
                                 -5.29   data arrival time
-----------------------------------------------------------------------------
                                  4.32   slack (MET)


Startpoint: rst_n (input port clocked by clk)
Endpoint: _425_ (removal check against rising-edge clock clk)
Path Group: asynchronous
Path Type: min

Fanout     Cap    Slew   Delay    Time   Description
-----------------------------------------------------------------------------
                          0.00    0.00   clock clk (rise edge)
                          0.00    0.00   clock network delay (propagated)
                          5.00    5.00 ^ input external delay
                  0.05    0.03    5.03 ^ rst_n (in)
     1    0.01                           rst_n (net)
                  0.05    0.00    5.03 ^ input17/A (sky130_fd_sc_hd__buf_12)
                  0.27    0.26    5.29 ^ input17/X (sky130_fd_sc_hd__buf_12)
    65    0.24                           net17 (net)
                  0.27    0.00    5.29 ^ _425_/RESET_B (sky130_fd_sc_hd__dfrtp_1)
                                  5.29   data arrival time

                          0.00    0.00   clock clk (rise edge)
                          0.00    0.00   clock source latency
                  0.04    0.03    0.03 ^ clk (in)
     1    0.01                           clk (net)
                  0.04    0.00    0.03 ^ clkbuf_0_clk/A (sky130_fd_sc_hd__clkbuf_16)
                  0.08    0.17    0.20 ^ clkbuf_0_clk/X (sky130_fd_sc_hd__clkbuf_16)
     8    0.06                           clknet_0_clk (net)
                  0.08    0.00    0.20 ^ clkbuf_3_3__f_clk/A (sky130_fd_sc_hd__clkbuf_16)
                  0.04    0.14    0.34 ^ clkbuf_3_3__f_clk/X (sky130_fd_sc_hd__clkbuf_16)
     8    0.01                           clknet_3_3__leaf_clk (net)
                  0.04    0.00    0.34 ^ _425_/CLK (sky130_fd_sc_hd__dfrtp_1)
                          0.25    0.59   clock uncertainty
                          0.00    0.59   clock reconvergence pessimism
                          0.38    0.97   library removal time
                                  0.97   data required time
-----------------------------------------------------------------------------
                                  0.97   data required time
                                 -5.29   data arrival time
-----------------------------------------------------------------------------
                                  4.32   slack (MET)


Startpoint: rst_n (input port clocked by clk)
Endpoint: _433_ (removal check against rising-edge clock clk)
Path Group: asynchronous
Path Type: min

Fanout     Cap    Slew   Delay    Time   Description
-----------------------------------------------------------------------------
                          0.00    0.00   clock clk (rise edge)
                          0.00    0.00   clock network delay (propagated)
                          5.00    5.00 ^ input external delay
                  0.05    0.03    5.03 ^ rst_n (in)
     1    0.01                           rst_n (net)
                  0.05    0.00    5.03 ^ input17/A (sky130_fd_sc_hd__buf_12)
                  0.27    0.26    5.29 ^ input17/X (sky130_fd_sc_hd__buf_12)
    65    0.24                           net17 (net)
                  0.27    0.00    5.29 ^ _433_/RESET_B (sky130_fd_sc_hd__dfrtp_1)
                                  5.29   data arrival time

                          0.00    0.00   clock clk (rise edge)
                          0.00    0.00   clock source latency
                  0.04    0.03    0.03 ^ clk (in)
     1    0.01                           clk (net)
                  0.04    0.00    0.03 ^ clkbuf_0_clk/A (sky130_fd_sc_hd__clkbuf_16)
                  0.08    0.17    0.20 ^ clkbuf_0_clk/X (sky130_fd_sc_hd__clkbuf_16)
     8    0.06                           clknet_0_clk (net)
                  0.08    0.00    0.20 ^ clkbuf_3_6__f_clk/A (sky130_fd_sc_hd__clkbuf_16)
                  0.04    0.14    0.34 ^ clkbuf_3_6__f_clk/X (sky130_fd_sc_hd__clkbuf_16)
     8    0.01                           clknet_3_6__leaf_clk (net)
                  0.04    0.00    0.34 ^ _433_/CLK (sky130_fd_sc_hd__dfrtp_1)
                          0.25    0.59   clock uncertainty
                          0.00    0.59   clock reconvergence pessimism
                          0.38    0.97   library removal time
                                  0.97   data required time
-----------------------------------------------------------------------------
                                  0.97   data required time
                                 -5.29   data arrival time
-----------------------------------------------------------------------------
                                  4.32   slack (MET)


Startpoint: rst_n (input port clocked by clk)
Endpoint: _434_ (removal check against rising-edge clock clk)
Path Group: asynchronous
Path Type: min

Fanout     Cap    Slew   Delay    Time   Description
-----------------------------------------------------------------------------
                          0.00    0.00   clock clk (rise edge)
                          0.00    0.00   clock network delay (propagated)
                          5.00    5.00 ^ input external delay
                  0.05    0.03    5.03 ^ rst_n (in)
     1    0.01                           rst_n (net)
                  0.05    0.00    5.03 ^ input17/A (sky130_fd_sc_hd__buf_12)
                  0.27    0.26    5.29 ^ input17/X (sky130_fd_sc_hd__buf_12)
    65    0.24                           net17 (net)
                  0.27    0.00    5.29 ^ _434_/RESET_B (sky130_fd_sc_hd__dfrtp_1)
                                  5.29   data arrival time

                          0.00    0.00   clock clk (rise edge)
                          0.00    0.00   clock source latency
                  0.04    0.03    0.03 ^ clk (in)
     1    0.01                           clk (net)
                  0.04    0.00    0.03 ^ clkbuf_0_clk/A (sky130_fd_sc_hd__clkbuf_16)
                  0.08    0.17    0.20 ^ clkbuf_0_clk/X (sky130_fd_sc_hd__clkbuf_16)
     8    0.06                           clknet_0_clk (net)
                  0.08    0.00    0.20 ^ clkbuf_3_6__f_clk/A (sky130_fd_sc_hd__clkbuf_16)
                  0.04    0.14    0.34 ^ clkbuf_3_6__f_clk/X (sky130_fd_sc_hd__clkbuf_16)
     8    0.01                           clknet_3_6__leaf_clk (net)
                  0.04    0.00    0.34 ^ _434_/CLK (sky130_fd_sc_hd__dfrtp_1)
                          0.25    0.59   clock uncertainty
                          0.00    0.59   clock reconvergence pessimism
                          0.38    0.97   library removal time
                                  0.97   data required time
-----------------------------------------------------------------------------
                                  0.97   data required time
                                 -5.29   data arrival time
-----------------------------------------------------------------------------
                                  4.32   slack (MET)


Startpoint: rst_n (input port clocked by clk)
Endpoint: _447_ (removal check against rising-edge clock clk)
Path Group: asynchronous
Path Type: min

Fanout     Cap    Slew   Delay    Time   Description
-----------------------------------------------------------------------------
                          0.00    0.00   clock clk (rise edge)
                          0.00    0.00   clock network delay (propagated)
                          5.00    5.00 ^ input external delay
                  0.05    0.03    5.03 ^ rst_n (in)
     1    0.01                           rst_n (net)
                  0.05    0.00    5.03 ^ input17/A (sky130_fd_sc_hd__buf_12)
                  0.27    0.26    5.29 ^ input17/X (sky130_fd_sc_hd__buf_12)
    65    0.24                           net17 (net)
                  0.27    0.00    5.29 ^ _447_/RESET_B (sky130_fd_sc_hd__dfrtp_1)
                                  5.29   data arrival time

                          0.00    0.00   clock clk (rise edge)
                          0.00    0.00   clock source latency
                  0.04    0.03    0.03 ^ clk (in)
     1    0.01                           clk (net)
                  0.04    0.00    0.03 ^ clkbuf_0_clk/A (sky130_fd_sc_hd__clkbuf_16)
                  0.08    0.17    0.20 ^ clkbuf_0_clk/X (sky130_fd_sc_hd__clkbuf_16)
     8    0.06                           clknet_0_clk (net)
                  0.08    0.00    0.20 ^ clkbuf_3_2__f_clk/A (sky130_fd_sc_hd__clkbuf_16)
                  0.04    0.14    0.34 ^ clkbuf_3_2__f_clk/X (sky130_fd_sc_hd__clkbuf_16)
     8    0.01                           clknet_3_2__leaf_clk (net)
                  0.04    0.00    0.34 ^ _447_/CLK (sky130_fd_sc_hd__dfrtp_1)
                          0.25    0.59   clock uncertainty
                          0.00    0.59   clock reconvergence pessimism
                          0.38    0.97   library removal time
                                  0.97   data required time
-----------------------------------------------------------------------------
                                  0.97   data required time
                                 -5.29   data arrival time
-----------------------------------------------------------------------------
                                  4.32   slack (MET)


Startpoint: rst_n (input port clocked by clk)
Endpoint: _448_ (removal check against rising-edge clock clk)
Path Group: asynchronous
Path Type: min

Fanout     Cap    Slew   Delay    Time   Description
-----------------------------------------------------------------------------
                          0.00    0.00   clock clk (rise edge)
                          0.00    0.00   clock network delay (propagated)
                          5.00    5.00 ^ input external delay
                  0.05    0.03    5.03 ^ rst_n (in)
     1    0.01                           rst_n (net)
                  0.05    0.00    5.03 ^ input17/A (sky130_fd_sc_hd__buf_12)
                  0.27    0.26    5.29 ^ input17/X (sky130_fd_sc_hd__buf_12)
    65    0.24                           net17 (net)
                  0.27    0.00    5.29 ^ _448_/RESET_B (sky130_fd_sc_hd__dfrtp_1)
                                  5.29   data arrival time

                          0.00    0.00   clock clk (rise edge)
                          0.00    0.00   clock source latency
                  0.04    0.03    0.03 ^ clk (in)
     1    0.01                           clk (net)
                  0.04    0.00    0.03 ^ clkbuf_0_clk/A (sky130_fd_sc_hd__clkbuf_16)
                  0.08    0.17    0.20 ^ clkbuf_0_clk/X (sky130_fd_sc_hd__clkbuf_16)
     8    0.06                           clknet_0_clk (net)
                  0.08    0.00    0.20 ^ clkbuf_3_2__f_clk/A (sky130_fd_sc_hd__clkbuf_16)
                  0.04    0.14    0.34 ^ clkbuf_3_2__f_clk/X (sky130_fd_sc_hd__clkbuf_16)
     8    0.01                           clknet_3_2__leaf_clk (net)
                  0.04    0.00    0.34 ^ _448_/CLK (sky130_fd_sc_hd__dfrtp_1)
                          0.25    0.59   clock uncertainty
                          0.00    0.59   clock reconvergence pessimism
                          0.38    0.97   library removal time
                                  0.97   data required time
-----------------------------------------------------------------------------
                                  0.97   data required time
                                 -5.29   data arrival time
-----------------------------------------------------------------------------
                                  4.32   slack (MET)


Startpoint: rst_n (input port clocked by clk)
Endpoint: _449_ (removal check against rising-edge clock clk)
Path Group: asynchronous
Path Type: min

Fanout     Cap    Slew   Delay    Time   Description
-----------------------------------------------------------------------------
                          0.00    0.00   clock clk (rise edge)
                          0.00    0.00   clock network delay (propagated)
                          5.00    5.00 ^ input external delay
                  0.05    0.03    5.03 ^ rst_n (in)
     1    0.01                           rst_n (net)
                  0.05    0.00    5.03 ^ input17/A (sky130_fd_sc_hd__buf_12)
                  0.27    0.26    5.29 ^ input17/X (sky130_fd_sc_hd__buf_12)
    65    0.24                           net17 (net)
                  0.27    0.00    5.29 ^ _449_/RESET_B (sky130_fd_sc_hd__dfrtp_1)
                                  5.29   data arrival time

                          0.00    0.00   clock clk (rise edge)
                          0.00    0.00   clock source latency
                  0.04    0.03    0.03 ^ clk (in)
     1    0.01                           clk (net)
                  0.04    0.00    0.03 ^ clkbuf_0_clk/A (sky130_fd_sc_hd__clkbuf_16)
                  0.08    0.17    0.20 ^ clkbuf_0_clk/X (sky130_fd_sc_hd__clkbuf_16)
     8    0.06                           clknet_0_clk (net)
                  0.08    0.00    0.20 ^ clkbuf_3_2__f_clk/A (sky130_fd_sc_hd__clkbuf_16)
                  0.04    0.14    0.34 ^ clkbuf_3_2__f_clk/X (sky130_fd_sc_hd__clkbuf_16)
     8    0.01                           clknet_3_2__leaf_clk (net)
                  0.04    0.00    0.34 ^ _449_/CLK (sky130_fd_sc_hd__dfrtp_1)
                          0.25    0.59   clock uncertainty
                          0.00    0.59   clock reconvergence pessimism
                          0.38    0.97   library removal time
                                  0.97   data required time
-----------------------------------------------------------------------------
                                  0.97   data required time
                                 -5.29   data arrival time
-----------------------------------------------------------------------------
                                  4.32   slack (MET)


Startpoint: rst_n (input port clocked by clk)
Endpoint: _453_ (removal check against rising-edge clock clk)
Path Group: asynchronous
Path Type: min

Fanout     Cap    Slew   Delay    Time   Description
-----------------------------------------------------------------------------
                          0.00    0.00   clock clk (rise edge)
                          0.00    0.00   clock network delay (propagated)
                          5.00    5.00 ^ input external delay
                  0.05    0.03    5.03 ^ rst_n (in)
     1    0.01                           rst_n (net)
                  0.05    0.00    5.03 ^ input17/A (sky130_fd_sc_hd__buf_12)
                  0.27    0.26    5.29 ^ input17/X (sky130_fd_sc_hd__buf_12)
    65    0.24                           net17 (net)
                  0.27    0.00    5.29 ^ _453_/RESET_B (sky130_fd_sc_hd__dfrtp_1)
                                  5.29   data arrival time

                          0.00    0.00   clock clk (rise edge)
                          0.00    0.00   clock source latency
                  0.04    0.03    0.03 ^ clk (in)
     1    0.01                           clk (net)
                  0.04    0.00    0.03 ^ clkbuf_0_clk/A (sky130_fd_sc_hd__clkbuf_16)
                  0.08    0.17    0.20 ^ clkbuf_0_clk/X (sky130_fd_sc_hd__clkbuf_16)
     8    0.06                           clknet_0_clk (net)
                  0.08    0.00    0.20 ^ clkbuf_3_3__f_clk/A (sky130_fd_sc_hd__clkbuf_16)
                  0.04    0.14    0.34 ^ clkbuf_3_3__f_clk/X (sky130_fd_sc_hd__clkbuf_16)
     8    0.01                           clknet_3_3__leaf_clk (net)
                  0.04    0.00    0.34 ^ _453_/CLK (sky130_fd_sc_hd__dfrtp_1)
                          0.25    0.59   clock uncertainty
                          0.00    0.59   clock reconvergence pessimism
                          0.38    0.97   library removal time
                                  0.97   data required time
-----------------------------------------------------------------------------
                                  0.97   data required time
                                 -5.29   data arrival time
-----------------------------------------------------------------------------
                                  4.32   slack (MET)


Startpoint: rst_n (input port clocked by clk)
Endpoint: _454_ (removal check against rising-edge clock clk)
Path Group: asynchronous
Path Type: min

Fanout     Cap    Slew   Delay    Time   Description
-----------------------------------------------------------------------------
                          0.00    0.00   clock clk (rise edge)
                          0.00    0.00   clock network delay (propagated)
                          5.00    5.00 ^ input external delay
                  0.05    0.03    5.03 ^ rst_n (in)
     1    0.01                           rst_n (net)
                  0.05    0.00    5.03 ^ input17/A (sky130_fd_sc_hd__buf_12)
                  0.27    0.26    5.29 ^ input17/X (sky130_fd_sc_hd__buf_12)
    65    0.24                           net17 (net)
                  0.27    0.00    5.29 ^ _454_/RESET_B (sky130_fd_sc_hd__dfrtp_1)
                                  5.29   data arrival time

                          0.00    0.00   clock clk (rise edge)
                          0.00    0.00   clock source latency
                  0.04    0.03    0.03 ^ clk (in)
     1    0.01                           clk (net)
                  0.04    0.00    0.03 ^ clkbuf_0_clk/A (sky130_fd_sc_hd__clkbuf_16)
                  0.08    0.17    0.20 ^ clkbuf_0_clk/X (sky130_fd_sc_hd__clkbuf_16)
     8    0.06                           clknet_0_clk (net)
                  0.08    0.00    0.20 ^ clkbuf_3_3__f_clk/A (sky130_fd_sc_hd__clkbuf_16)
                  0.04    0.14    0.34 ^ clkbuf_3_3__f_clk/X (sky130_fd_sc_hd__clkbuf_16)
     8    0.01                           clknet_3_3__leaf_clk (net)
                  0.04    0.00    0.34 ^ _454_/CLK (sky130_fd_sc_hd__dfrtp_1)
                          0.25    0.59   clock uncertainty
                          0.00    0.59   clock reconvergence pessimism
                          0.38    0.97   library removal time
                                  0.97   data required time
-----------------------------------------------------------------------------
                                  0.97   data required time
                                 -5.29   data arrival time
-----------------------------------------------------------------------------
                                  4.32   slack (MET)


Startpoint: rst_n (input port clocked by clk)
Endpoint: _455_ (removal check against rising-edge clock clk)
Path Group: asynchronous
Path Type: min

Fanout     Cap    Slew   Delay    Time   Description
-----------------------------------------------------------------------------
                          0.00    0.00   clock clk (rise edge)
                          0.00    0.00   clock network delay (propagated)
                          5.00    5.00 ^ input external delay
                  0.05    0.03    5.03 ^ rst_n (in)
     1    0.01                           rst_n (net)
                  0.05    0.00    5.03 ^ input17/A (sky130_fd_sc_hd__buf_12)
                  0.27    0.26    5.29 ^ input17/X (sky130_fd_sc_hd__buf_12)
    65    0.24                           net17 (net)
                  0.27    0.00    5.29 ^ _455_/RESET_B (sky130_fd_sc_hd__dfrtp_1)
                                  5.29   data arrival time

                          0.00    0.00   clock clk (rise edge)
                          0.00    0.00   clock source latency
                  0.04    0.03    0.03 ^ clk (in)
     1    0.01                           clk (net)
                  0.04    0.00    0.03 ^ clkbuf_0_clk/A (sky130_fd_sc_hd__clkbuf_16)
                  0.08    0.17    0.20 ^ clkbuf_0_clk/X (sky130_fd_sc_hd__clkbuf_16)
     8    0.06                           clknet_0_clk (net)
                  0.08    0.00    0.20 ^ clkbuf_3_3__f_clk/A (sky130_fd_sc_hd__clkbuf_16)
                  0.04    0.14    0.34 ^ clkbuf_3_3__f_clk/X (sky130_fd_sc_hd__clkbuf_16)
     8    0.01                           clknet_3_3__leaf_clk (net)
                  0.04    0.00    0.34 ^ _455_/CLK (sky130_fd_sc_hd__dfrtp_1)
                          0.25    0.59   clock uncertainty
                          0.00    0.59   clock reconvergence pessimism
                          0.38    0.97   library removal time
                                  0.97   data required time
-----------------------------------------------------------------------------
                                  0.97   data required time
                                 -5.29   data arrival time
-----------------------------------------------------------------------------
                                  4.32   slack (MET)


Startpoint: rst_n (input port clocked by clk)
Endpoint: _456_ (removal check against rising-edge clock clk)
Path Group: asynchronous
Path Type: min

Fanout     Cap    Slew   Delay    Time   Description
-----------------------------------------------------------------------------
                          0.00    0.00   clock clk (rise edge)
                          0.00    0.00   clock network delay (propagated)
                          5.00    5.00 ^ input external delay
                  0.05    0.03    5.03 ^ rst_n (in)
     1    0.01                           rst_n (net)
                  0.05    0.00    5.03 ^ input17/A (sky130_fd_sc_hd__buf_12)
                  0.27    0.26    5.29 ^ input17/X (sky130_fd_sc_hd__buf_12)
    65    0.24                           net17 (net)
                  0.27    0.00    5.29 ^ _456_/RESET_B (sky130_fd_sc_hd__dfrtp_1)
                                  5.29   data arrival time

                          0.00    0.00   clock clk (rise edge)
                          0.00    0.00   clock source latency
                  0.04    0.03    0.03 ^ clk (in)
     1    0.01                           clk (net)
                  0.04    0.00    0.03 ^ clkbuf_0_clk/A (sky130_fd_sc_hd__clkbuf_16)
                  0.08    0.17    0.20 ^ clkbuf_0_clk/X (sky130_fd_sc_hd__clkbuf_16)
     8    0.06                           clknet_0_clk (net)
                  0.08    0.00    0.20 ^ clkbuf_3_2__f_clk/A (sky130_fd_sc_hd__clkbuf_16)
                  0.04    0.14    0.34 ^ clkbuf_3_2__f_clk/X (sky130_fd_sc_hd__clkbuf_16)
     8    0.01                           clknet_3_2__leaf_clk (net)
                  0.04    0.00    0.34 ^ _456_/CLK (sky130_fd_sc_hd__dfrtp_1)
                          0.25    0.59   clock uncertainty
                          0.00    0.59   clock reconvergence pessimism
                          0.38    0.97   library removal time
                                  0.97   data required time
-----------------------------------------------------------------------------
                                  0.97   data required time
                                 -5.29   data arrival time
-----------------------------------------------------------------------------
                                  4.32   slack (MET)


Startpoint: rst_n (input port clocked by clk)
Endpoint: _466_ (removal check against rising-edge clock clk)
Path Group: asynchronous
Path Type: min

Fanout     Cap    Slew   Delay    Time   Description
-----------------------------------------------------------------------------
                          0.00    0.00   clock clk (rise edge)
                          0.00    0.00   clock network delay (propagated)
                          5.00    5.00 ^ input external delay
                  0.05    0.03    5.03 ^ rst_n (in)
     1    0.01                           rst_n (net)
                  0.05    0.00    5.03 ^ input17/A (sky130_fd_sc_hd__buf_12)
                  0.27    0.26    5.29 ^ input17/X (sky130_fd_sc_hd__buf_12)
    65    0.24                           net17 (net)
                  0.27    0.00    5.29 ^ _466_/RESET_B (sky130_fd_sc_hd__dfrtp_1)
                                  5.29   data arrival time

                          0.00    0.00   clock clk (rise edge)
                          0.00    0.00   clock source latency
                  0.04    0.03    0.03 ^ clk (in)
     1    0.01                           clk (net)
                  0.04    0.00    0.03 ^ clkbuf_0_clk/A (sky130_fd_sc_hd__clkbuf_16)
                  0.08    0.17    0.20 ^ clkbuf_0_clk/X (sky130_fd_sc_hd__clkbuf_16)
     8    0.06                           clknet_0_clk (net)
                  0.08    0.00    0.20 ^ clkbuf_3_6__f_clk/A (sky130_fd_sc_hd__clkbuf_16)
                  0.04    0.14    0.34 ^ clkbuf_3_6__f_clk/X (sky130_fd_sc_hd__clkbuf_16)
     8    0.01                           clknet_3_6__leaf_clk (net)
                  0.04    0.00    0.34 ^ _466_/CLK (sky130_fd_sc_hd__dfrtp_1)
                          0.25    0.59   clock uncertainty
                          0.00    0.59   clock reconvergence pessimism
                          0.38    0.97   library removal time
                                  0.97   data required time
-----------------------------------------------------------------------------
                                  0.97   data required time
                                 -5.29   data arrival time
-----------------------------------------------------------------------------
                                  4.32   slack (MET)


Startpoint: rst_n (input port clocked by clk)
Endpoint: _467_ (removal check against rising-edge clock clk)
Path Group: asynchronous
Path Type: min

Fanout     Cap    Slew   Delay    Time   Description
-----------------------------------------------------------------------------
                          0.00    0.00   clock clk (rise edge)
                          0.00    0.00   clock network delay (propagated)
                          5.00    5.00 ^ input external delay
                  0.05    0.03    5.03 ^ rst_n (in)
     1    0.01                           rst_n (net)
                  0.05    0.00    5.03 ^ input17/A (sky130_fd_sc_hd__buf_12)
                  0.27    0.26    5.29 ^ input17/X (sky130_fd_sc_hd__buf_12)
    65    0.24                           net17 (net)
                  0.27    0.00    5.29 ^ _467_/RESET_B (sky130_fd_sc_hd__dfrtp_1)
                                  5.29   data arrival time

                          0.00    0.00   clock clk (rise edge)
                          0.00    0.00   clock source latency
                  0.04    0.03    0.03 ^ clk (in)
     1    0.01                           clk (net)
                  0.04    0.00    0.03 ^ clkbuf_0_clk/A (sky130_fd_sc_hd__clkbuf_16)
                  0.08    0.17    0.20 ^ clkbuf_0_clk/X (sky130_fd_sc_hd__clkbuf_16)
     8    0.06                           clknet_0_clk (net)
                  0.08    0.00    0.20 ^ clkbuf_3_6__f_clk/A (sky130_fd_sc_hd__clkbuf_16)
                  0.04    0.14    0.34 ^ clkbuf_3_6__f_clk/X (sky130_fd_sc_hd__clkbuf_16)
     8    0.01                           clknet_3_6__leaf_clk (net)
                  0.04    0.00    0.34 ^ _467_/CLK (sky130_fd_sc_hd__dfrtp_1)
                          0.25    0.59   clock uncertainty
                          0.00    0.59   clock reconvergence pessimism
                          0.38    0.97   library removal time
                                  0.97   data required time
-----------------------------------------------------------------------------
                                  0.97   data required time
                                 -5.29   data arrival time
-----------------------------------------------------------------------------
                                  4.32   slack (MET)


Startpoint: rst_n (input port clocked by clk)
Endpoint: _468_ (removal check against rising-edge clock clk)
Path Group: asynchronous
Path Type: min

Fanout     Cap    Slew   Delay    Time   Description
-----------------------------------------------------------------------------
                          0.00    0.00   clock clk (rise edge)
                          0.00    0.00   clock network delay (propagated)
                          5.00    5.00 ^ input external delay
                  0.05    0.03    5.03 ^ rst_n (in)
     1    0.01                           rst_n (net)
                  0.05    0.00    5.03 ^ input17/A (sky130_fd_sc_hd__buf_12)
                  0.27    0.26    5.29 ^ input17/X (sky130_fd_sc_hd__buf_12)
    65    0.24                           net17 (net)
                  0.27    0.00    5.29 ^ _468_/RESET_B (sky130_fd_sc_hd__dfrtp_1)
                                  5.29   data arrival time

                          0.00    0.00   clock clk (rise edge)
                          0.00    0.00   clock source latency
                  0.04    0.03    0.03 ^ clk (in)
     1    0.01                           clk (net)
                  0.04    0.00    0.03 ^ clkbuf_0_clk/A (sky130_fd_sc_hd__clkbuf_16)
                  0.08    0.17    0.20 ^ clkbuf_0_clk/X (sky130_fd_sc_hd__clkbuf_16)
     8    0.06                           clknet_0_clk (net)
                  0.08    0.00    0.20 ^ clkbuf_3_6__f_clk/A (sky130_fd_sc_hd__clkbuf_16)
                  0.04    0.14    0.34 ^ clkbuf_3_6__f_clk/X (sky130_fd_sc_hd__clkbuf_16)
     8    0.01                           clknet_3_6__leaf_clk (net)
                  0.04    0.00    0.34 ^ _468_/CLK (sky130_fd_sc_hd__dfrtp_1)
                          0.25    0.59   clock uncertainty
                          0.00    0.59   clock reconvergence pessimism
                          0.38    0.97   library removal time
                                  0.97   data required time
-----------------------------------------------------------------------------
                                  0.97   data required time
                                 -5.29   data arrival time
-----------------------------------------------------------------------------
                                  4.32   slack (MET)


Startpoint: rst_n (input port clocked by clk)
Endpoint: _473_ (removal check against rising-edge clock clk)
Path Group: asynchronous
Path Type: min

Fanout     Cap    Slew   Delay    Time   Description
-----------------------------------------------------------------------------
                          0.00    0.00   clock clk (rise edge)
                          0.00    0.00   clock network delay (propagated)
                          5.00    5.00 ^ input external delay
                  0.05    0.03    5.03 ^ rst_n (in)
     1    0.01                           rst_n (net)
                  0.05    0.00    5.03 ^ input17/A (sky130_fd_sc_hd__buf_12)
                  0.27    0.26    5.29 ^ input17/X (sky130_fd_sc_hd__buf_12)
    65    0.24                           net17 (net)
                  0.27    0.00    5.29 ^ _473_/RESET_B (sky130_fd_sc_hd__dfrtp_1)
                                  5.29   data arrival time

                          0.00    0.00   clock clk (rise edge)
                          0.00    0.00   clock source latency
                  0.04    0.03    0.03 ^ clk (in)
     1    0.01                           clk (net)
                  0.04    0.00    0.03 ^ clkbuf_0_clk/A (sky130_fd_sc_hd__clkbuf_16)
                  0.08    0.17    0.20 ^ clkbuf_0_clk/X (sky130_fd_sc_hd__clkbuf_16)
     8    0.06                           clknet_0_clk (net)
                  0.08    0.00    0.20 ^ clkbuf_3_3__f_clk/A (sky130_fd_sc_hd__clkbuf_16)
                  0.04    0.14    0.34 ^ clkbuf_3_3__f_clk/X (sky130_fd_sc_hd__clkbuf_16)
     8    0.01                           clknet_3_3__leaf_clk (net)
                  0.04    0.00    0.34 ^ _473_/CLK (sky130_fd_sc_hd__dfrtp_1)
                          0.25    0.59   clock uncertainty
                          0.00    0.59   clock reconvergence pessimism
                          0.38    0.97   library removal time
                                  0.97   data required time
-----------------------------------------------------------------------------
                                  0.97   data required time
                                 -5.29   data arrival time
-----------------------------------------------------------------------------
                                  4.32   slack (MET)


Startpoint: rst_n (input port clocked by clk)
Endpoint: _478_ (removal check against rising-edge clock clk)
Path Group: asynchronous
Path Type: min

Fanout     Cap    Slew   Delay    Time   Description
-----------------------------------------------------------------------------
                          0.00    0.00   clock clk (rise edge)
                          0.00    0.00   clock network delay (propagated)
                          5.00    5.00 ^ input external delay
                  0.05    0.03    5.03 ^ rst_n (in)
     1    0.01                           rst_n (net)
                  0.05    0.00    5.03 ^ input17/A (sky130_fd_sc_hd__buf_12)
                  0.27    0.26    5.29 ^ input17/X (sky130_fd_sc_hd__buf_12)
    65    0.24                           net17 (net)
                  0.27    0.00    5.29 ^ _478_/RESET_B (sky130_fd_sc_hd__dfrtp_1)
                                  5.29   data arrival time

                          0.00    0.00   clock clk (rise edge)
                          0.00    0.00   clock source latency
                  0.04    0.03    0.03 ^ clk (in)
     1    0.01                           clk (net)
                  0.04    0.00    0.03 ^ clkbuf_0_clk/A (sky130_fd_sc_hd__clkbuf_16)
                  0.08    0.17    0.20 ^ clkbuf_0_clk/X (sky130_fd_sc_hd__clkbuf_16)
     8    0.06                           clknet_0_clk (net)
                  0.08    0.00    0.20 ^ clkbuf_3_6__f_clk/A (sky130_fd_sc_hd__clkbuf_16)
                  0.04    0.14    0.34 ^ clkbuf_3_6__f_clk/X (sky130_fd_sc_hd__clkbuf_16)
     8    0.01                           clknet_3_6__leaf_clk (net)
                  0.04    0.00    0.34 ^ _478_/CLK (sky130_fd_sc_hd__dfrtp_1)
                          0.25    0.59   clock uncertainty
                          0.00    0.59   clock reconvergence pessimism
                          0.38    0.97   library removal time
                                  0.97   data required time
-----------------------------------------------------------------------------
                                  0.97   data required time
                                 -5.29   data arrival time
-----------------------------------------------------------------------------
                                  4.32   slack (MET)


Startpoint: rst_n (input port clocked by clk)
Endpoint: _479_ (removal check against rising-edge clock clk)
Path Group: asynchronous
Path Type: min

Fanout     Cap    Slew   Delay    Time   Description
-----------------------------------------------------------------------------
                          0.00    0.00   clock clk (rise edge)
                          0.00    0.00   clock network delay (propagated)
                          5.00    5.00 ^ input external delay
                  0.05    0.03    5.03 ^ rst_n (in)
     1    0.01                           rst_n (net)
                  0.05    0.00    5.03 ^ input17/A (sky130_fd_sc_hd__buf_12)
                  0.27    0.26    5.29 ^ input17/X (sky130_fd_sc_hd__buf_12)
    65    0.24                           net17 (net)
                  0.27    0.00    5.29 ^ _479_/RESET_B (sky130_fd_sc_hd__dfrtp_1)
                                  5.29   data arrival time

                          0.00    0.00   clock clk (rise edge)
                          0.00    0.00   clock source latency
                  0.04    0.03    0.03 ^ clk (in)
     1    0.01                           clk (net)
                  0.04    0.00    0.03 ^ clkbuf_0_clk/A (sky130_fd_sc_hd__clkbuf_16)
                  0.08    0.17    0.20 ^ clkbuf_0_clk/X (sky130_fd_sc_hd__clkbuf_16)
     8    0.06                           clknet_0_clk (net)
                  0.08    0.00    0.20 ^ clkbuf_3_6__f_clk/A (sky130_fd_sc_hd__clkbuf_16)
                  0.04    0.14    0.34 ^ clkbuf_3_6__f_clk/X (sky130_fd_sc_hd__clkbuf_16)
     8    0.01                           clknet_3_6__leaf_clk (net)
                  0.04    0.00    0.34 ^ _479_/CLK (sky130_fd_sc_hd__dfrtp_1)
                          0.25    0.59   clock uncertainty
                          0.00    0.59   clock reconvergence pessimism
                          0.38    0.97   library removal time
                                  0.97   data required time
-----------------------------------------------------------------------------
                                  0.97   data required time
                                 -5.29   data arrival time
-----------------------------------------------------------------------------
                                  4.32   slack (MET)


Startpoint: rst_n (input port clocked by clk)
Endpoint: _482_ (removal check against rising-edge clock clk)
Path Group: asynchronous
Path Type: min

Fanout     Cap    Slew   Delay    Time   Description
-----------------------------------------------------------------------------
                          0.00    0.00   clock clk (rise edge)
                          0.00    0.00   clock network delay (propagated)
                          5.00    5.00 ^ input external delay
                  0.05    0.03    5.03 ^ rst_n (in)
     1    0.01                           rst_n (net)
                  0.05    0.00    5.03 ^ input17/A (sky130_fd_sc_hd__buf_12)
                  0.27    0.26    5.29 ^ input17/X (sky130_fd_sc_hd__buf_12)
    65    0.24                           net17 (net)
                  0.27    0.00    5.29 ^ _482_/RESET_B (sky130_fd_sc_hd__dfrtp_1)
                                  5.29   data arrival time

                          0.00    0.00   clock clk (rise edge)
                          0.00    0.00   clock source latency
                  0.04    0.03    0.03 ^ clk (in)
     1    0.01                           clk (net)
                  0.04    0.00    0.03 ^ clkbuf_0_clk/A (sky130_fd_sc_hd__clkbuf_16)
                  0.08    0.17    0.20 ^ clkbuf_0_clk/X (sky130_fd_sc_hd__clkbuf_16)
     8    0.06                           clknet_0_clk (net)
                  0.08    0.00    0.20 ^ clkbuf_3_3__f_clk/A (sky130_fd_sc_hd__clkbuf_16)
                  0.04    0.14    0.34 ^ clkbuf_3_3__f_clk/X (sky130_fd_sc_hd__clkbuf_16)
     8    0.01                           clknet_3_3__leaf_clk (net)
                  0.04    0.00    0.34 ^ _482_/CLK (sky130_fd_sc_hd__dfrtp_1)
                          0.25    0.59   clock uncertainty
                          0.00    0.59   clock reconvergence pessimism
                          0.38    0.97   library removal time
                                  0.97   data required time
-----------------------------------------------------------------------------
                                  0.97   data required time
                                 -5.29   data arrival time
-----------------------------------------------------------------------------
                                  4.32   slack (MET)


Startpoint: rst_n (input port clocked by clk)
Endpoint: _483_ (removal check against rising-edge clock clk)
Path Group: asynchronous
Path Type: min

Fanout     Cap    Slew   Delay    Time   Description
-----------------------------------------------------------------------------
                          0.00    0.00   clock clk (rise edge)
                          0.00    0.00   clock network delay (propagated)
                          5.00    5.00 ^ input external delay
                  0.05    0.03    5.03 ^ rst_n (in)
     1    0.01                           rst_n (net)
                  0.05    0.00    5.03 ^ input17/A (sky130_fd_sc_hd__buf_12)
                  0.27    0.26    5.29 ^ input17/X (sky130_fd_sc_hd__buf_12)
    65    0.24                           net17 (net)
                  0.27    0.00    5.29 ^ _483_/RESET_B (sky130_fd_sc_hd__dfrtp_1)
                                  5.29   data arrival time

                          0.00    0.00   clock clk (rise edge)
                          0.00    0.00   clock source latency
                  0.04    0.03    0.03 ^ clk (in)
     1    0.01                           clk (net)
                  0.04    0.00    0.03 ^ clkbuf_0_clk/A (sky130_fd_sc_hd__clkbuf_16)
                  0.08    0.17    0.20 ^ clkbuf_0_clk/X (sky130_fd_sc_hd__clkbuf_16)
     8    0.06                           clknet_0_clk (net)
                  0.08    0.00    0.20 ^ clkbuf_3_6__f_clk/A (sky130_fd_sc_hd__clkbuf_16)
                  0.04    0.14    0.34 ^ clkbuf_3_6__f_clk/X (sky130_fd_sc_hd__clkbuf_16)
     8    0.01                           clknet_3_6__leaf_clk (net)
                  0.04    0.00    0.34 ^ _483_/CLK (sky130_fd_sc_hd__dfrtp_1)
                          0.25    0.59   clock uncertainty
                          0.00    0.59   clock reconvergence pessimism
                          0.38    0.97   library removal time
                                  0.97   data required time
-----------------------------------------------------------------------------
                                  0.97   data required time
                                 -5.29   data arrival time
-----------------------------------------------------------------------------
                                  4.32   slack (MET)


Startpoint: rst_n (input port clocked by clk)
Endpoint: _429_ (removal check against rising-edge clock clk)
Path Group: asynchronous
Path Type: min

Fanout     Cap    Slew   Delay    Time   Description
-----------------------------------------------------------------------------
                          0.00    0.00   clock clk (rise edge)
                          0.00    0.00   clock network delay (propagated)
                          5.00    5.00 ^ input external delay
                  0.05    0.03    5.03 ^ rst_n (in)
     1    0.01                           rst_n (net)
                  0.05    0.00    5.03 ^ input17/A (sky130_fd_sc_hd__buf_12)
                  0.27    0.26    5.29 ^ input17/X (sky130_fd_sc_hd__buf_12)
    65    0.24                           net17 (net)
                  0.27    0.00    5.29 ^ _429_/RESET_B (sky130_fd_sc_hd__dfrtp_1)
                                  5.29   data arrival time

                          0.00    0.00   clock clk (rise edge)
                          0.00    0.00   clock source latency
                  0.04    0.03    0.03 ^ clk (in)
     1    0.01                           clk (net)
                  0.04    0.00    0.03 ^ clkbuf_0_clk/A (sky130_fd_sc_hd__clkbuf_16)
                  0.08    0.17    0.20 ^ clkbuf_0_clk/X (sky130_fd_sc_hd__clkbuf_16)
     8    0.06                           clknet_0_clk (net)
                  0.08    0.00    0.20 ^ clkbuf_3_5__f_clk/A (sky130_fd_sc_hd__clkbuf_16)
                  0.04    0.14    0.33 ^ clkbuf_3_5__f_clk/X (sky130_fd_sc_hd__clkbuf_16)
     7    0.01                           clknet_3_5__leaf_clk (net)
                  0.04    0.00    0.33 ^ _429_/CLK (sky130_fd_sc_hd__dfrtp_1)
                          0.25    0.58   clock uncertainty
                          0.00    0.58   clock reconvergence pessimism
                          0.38    0.96   library removal time
                                  0.96   data required time
-----------------------------------------------------------------------------
                                  0.96   data required time
                                 -5.29   data arrival time
-----------------------------------------------------------------------------
                                  4.32   slack (MET)


Startpoint: rst_n (input port clocked by clk)
Endpoint: _430_ (removal check against rising-edge clock clk)
Path Group: asynchronous
Path Type: min

Fanout     Cap    Slew   Delay    Time   Description
-----------------------------------------------------------------------------
                          0.00    0.00   clock clk (rise edge)
                          0.00    0.00   clock network delay (propagated)
                          5.00    5.00 ^ input external delay
                  0.05    0.03    5.03 ^ rst_n (in)
     1    0.01                           rst_n (net)
                  0.05    0.00    5.03 ^ input17/A (sky130_fd_sc_hd__buf_12)
                  0.27    0.26    5.29 ^ input17/X (sky130_fd_sc_hd__buf_12)
    65    0.24                           net17 (net)
                  0.27    0.00    5.29 ^ _430_/RESET_B (sky130_fd_sc_hd__dfrtp_1)
                                  5.29   data arrival time

                          0.00    0.00   clock clk (rise edge)
                          0.00    0.00   clock source latency
                  0.04    0.03    0.03 ^ clk (in)
     1    0.01                           clk (net)
                  0.04    0.00    0.03 ^ clkbuf_0_clk/A (sky130_fd_sc_hd__clkbuf_16)
                  0.08    0.17    0.20 ^ clkbuf_0_clk/X (sky130_fd_sc_hd__clkbuf_16)
     8    0.06                           clknet_0_clk (net)
                  0.08    0.00    0.20 ^ clkbuf_3_5__f_clk/A (sky130_fd_sc_hd__clkbuf_16)
                  0.04    0.14    0.33 ^ clkbuf_3_5__f_clk/X (sky130_fd_sc_hd__clkbuf_16)
     7    0.01                           clknet_3_5__leaf_clk (net)
                  0.04    0.00    0.33 ^ _430_/CLK (sky130_fd_sc_hd__dfrtp_1)
                          0.25    0.58   clock uncertainty
                          0.00    0.58   clock reconvergence pessimism
                          0.38    0.96   library removal time
                                  0.96   data required time
-----------------------------------------------------------------------------
                                  0.96   data required time
                                 -5.29   data arrival time
-----------------------------------------------------------------------------
                                  4.32   slack (MET)


Startpoint: rst_n (input port clocked by clk)
Endpoint: _431_ (removal check against rising-edge clock clk)
Path Group: asynchronous
Path Type: min

Fanout     Cap    Slew   Delay    Time   Description
-----------------------------------------------------------------------------
                          0.00    0.00   clock clk (rise edge)
                          0.00    0.00   clock network delay (propagated)
                          5.00    5.00 ^ input external delay
                  0.05    0.03    5.03 ^ rst_n (in)
     1    0.01                           rst_n (net)
                  0.05    0.00    5.03 ^ input17/A (sky130_fd_sc_hd__buf_12)
                  0.27    0.26    5.29 ^ input17/X (sky130_fd_sc_hd__buf_12)
    65    0.24                           net17 (net)
                  0.27    0.00    5.29 ^ _431_/RESET_B (sky130_fd_sc_hd__dfrtp_1)
                                  5.29   data arrival time

                          0.00    0.00   clock clk (rise edge)
                          0.00    0.00   clock source latency
                  0.04    0.03    0.03 ^ clk (in)
     1    0.01                           clk (net)
                  0.04    0.00    0.03 ^ clkbuf_0_clk/A (sky130_fd_sc_hd__clkbuf_16)
                  0.08    0.17    0.20 ^ clkbuf_0_clk/X (sky130_fd_sc_hd__clkbuf_16)
     8    0.06                           clknet_0_clk (net)
                  0.08    0.00    0.20 ^ clkbuf_3_5__f_clk/A (sky130_fd_sc_hd__clkbuf_16)
                  0.04    0.14    0.33 ^ clkbuf_3_5__f_clk/X (sky130_fd_sc_hd__clkbuf_16)
     7    0.01                           clknet_3_5__leaf_clk (net)
                  0.04    0.00    0.33 ^ _431_/CLK (sky130_fd_sc_hd__dfrtp_1)
                          0.25    0.58   clock uncertainty
                          0.00    0.58   clock reconvergence pessimism
                          0.38    0.96   library removal time
                                  0.96   data required time
-----------------------------------------------------------------------------
                                  0.96   data required time
                                 -5.29   data arrival time
-----------------------------------------------------------------------------
                                  4.32   slack (MET)


Startpoint: rst_n (input port clocked by clk)
Endpoint: _438_ (removal check against rising-edge clock clk)
Path Group: asynchronous
Path Type: min

Fanout     Cap    Slew   Delay    Time   Description
-----------------------------------------------------------------------------
                          0.00    0.00   clock clk (rise edge)
                          0.00    0.00   clock network delay (propagated)
                          5.00    5.00 ^ input external delay
                  0.05    0.03    5.03 ^ rst_n (in)
     1    0.01                           rst_n (net)
                  0.05    0.00    5.03 ^ input17/A (sky130_fd_sc_hd__buf_12)
                  0.27    0.26    5.29 ^ input17/X (sky130_fd_sc_hd__buf_12)
    65    0.24                           net17 (net)
                  0.27    0.00    5.29 ^ _438_/RESET_B (sky130_fd_sc_hd__dfrtp_1)
                                  5.29   data arrival time

                          0.00    0.00   clock clk (rise edge)
                          0.00    0.00   clock source latency
                  0.04    0.03    0.03 ^ clk (in)
     1    0.01                           clk (net)
                  0.04    0.00    0.03 ^ clkbuf_0_clk/A (sky130_fd_sc_hd__clkbuf_16)
                  0.08    0.17    0.20 ^ clkbuf_0_clk/X (sky130_fd_sc_hd__clkbuf_16)
     8    0.06                           clknet_0_clk (net)
                  0.08    0.00    0.20 ^ clkbuf_3_5__f_clk/A (sky130_fd_sc_hd__clkbuf_16)
                  0.04    0.14    0.33 ^ clkbuf_3_5__f_clk/X (sky130_fd_sc_hd__clkbuf_16)
     7    0.01                           clknet_3_5__leaf_clk (net)
                  0.04    0.00    0.33 ^ _438_/CLK (sky130_fd_sc_hd__dfrtp_1)
                          0.25    0.58   clock uncertainty
                          0.00    0.58   clock reconvergence pessimism
                          0.38    0.96   library removal time
                                  0.96   data required time
-----------------------------------------------------------------------------
                                  0.96   data required time
                                 -5.29   data arrival time
-----------------------------------------------------------------------------
                                  4.32   slack (MET)


Startpoint: rst_n (input port clocked by clk)
Endpoint: _462_ (removal check against rising-edge clock clk)
Path Group: asynchronous
Path Type: min

Fanout     Cap    Slew   Delay    Time   Description
-----------------------------------------------------------------------------
                          0.00    0.00   clock clk (rise edge)
                          0.00    0.00   clock network delay (propagated)
                          5.00    5.00 ^ input external delay
                  0.05    0.03    5.03 ^ rst_n (in)
     1    0.01                           rst_n (net)
                  0.05    0.00    5.03 ^ input17/A (sky130_fd_sc_hd__buf_12)
                  0.27    0.26    5.29 ^ input17/X (sky130_fd_sc_hd__buf_12)
    65    0.24                           net17 (net)
                  0.27    0.00    5.29 ^ _462_/RESET_B (sky130_fd_sc_hd__dfrtp_1)
                                  5.29   data arrival time

                          0.00    0.00   clock clk (rise edge)
                          0.00    0.00   clock source latency
                  0.04    0.03    0.03 ^ clk (in)
     1    0.01                           clk (net)
                  0.04    0.00    0.03 ^ clkbuf_0_clk/A (sky130_fd_sc_hd__clkbuf_16)
                  0.08    0.17    0.20 ^ clkbuf_0_clk/X (sky130_fd_sc_hd__clkbuf_16)
     8    0.06                           clknet_0_clk (net)
                  0.08    0.00    0.20 ^ clkbuf_3_5__f_clk/A (sky130_fd_sc_hd__clkbuf_16)
                  0.04    0.14    0.33 ^ clkbuf_3_5__f_clk/X (sky130_fd_sc_hd__clkbuf_16)
     7    0.01                           clknet_3_5__leaf_clk (net)
                  0.04    0.00    0.33 ^ _462_/CLK (sky130_fd_sc_hd__dfrtp_1)
                          0.25    0.58   clock uncertainty
                          0.00    0.58   clock reconvergence pessimism
                          0.38    0.96   library removal time
                                  0.96   data required time
-----------------------------------------------------------------------------
                                  0.96   data required time
                                 -5.29   data arrival time
-----------------------------------------------------------------------------
                                  4.32   slack (MET)


Startpoint: rst_n (input port clocked by clk)
Endpoint: _470_ (removal check against rising-edge clock clk)
Path Group: asynchronous
Path Type: min

Fanout     Cap    Slew   Delay    Time   Description
-----------------------------------------------------------------------------
                          0.00    0.00   clock clk (rise edge)
                          0.00    0.00   clock network delay (propagated)
                          5.00    5.00 ^ input external delay
                  0.05    0.03    5.03 ^ rst_n (in)
     1    0.01                           rst_n (net)
                  0.05    0.00    5.03 ^ input17/A (sky130_fd_sc_hd__buf_12)
                  0.27    0.26    5.29 ^ input17/X (sky130_fd_sc_hd__buf_12)
    65    0.24                           net17 (net)
                  0.27    0.00    5.29 ^ _470_/RESET_B (sky130_fd_sc_hd__dfrtp_1)
                                  5.29   data arrival time

                          0.00    0.00   clock clk (rise edge)
                          0.00    0.00   clock source latency
                  0.04    0.03    0.03 ^ clk (in)
     1    0.01                           clk (net)
                  0.04    0.00    0.03 ^ clkbuf_0_clk/A (sky130_fd_sc_hd__clkbuf_16)
                  0.08    0.17    0.20 ^ clkbuf_0_clk/X (sky130_fd_sc_hd__clkbuf_16)
     8    0.06                           clknet_0_clk (net)
                  0.08    0.00    0.20 ^ clkbuf_3_5__f_clk/A (sky130_fd_sc_hd__clkbuf_16)
                  0.04    0.14    0.33 ^ clkbuf_3_5__f_clk/X (sky130_fd_sc_hd__clkbuf_16)
     7    0.01                           clknet_3_5__leaf_clk (net)
                  0.04    0.00    0.33 ^ _470_/CLK (sky130_fd_sc_hd__dfrtp_1)
                          0.25    0.58   clock uncertainty
                          0.00    0.58   clock reconvergence pessimism
                          0.38    0.96   library removal time
                                  0.96   data required time
-----------------------------------------------------------------------------
                                  0.96   data required time
                                 -5.29   data arrival time
-----------------------------------------------------------------------------
                                  4.32   slack (MET)


Startpoint: rst_n (input port clocked by clk)
Endpoint: _471_ (removal check against rising-edge clock clk)
Path Group: asynchronous
Path Type: min

Fanout     Cap    Slew   Delay    Time   Description
-----------------------------------------------------------------------------
                          0.00    0.00   clock clk (rise edge)
                          0.00    0.00   clock network delay (propagated)
                          5.00    5.00 ^ input external delay
                  0.05    0.03    5.03 ^ rst_n (in)
     1    0.01                           rst_n (net)
                  0.05    0.00    5.03 ^ input17/A (sky130_fd_sc_hd__buf_12)
                  0.27    0.26    5.29 ^ input17/X (sky130_fd_sc_hd__buf_12)
    65    0.24                           net17 (net)
                  0.27    0.00    5.29 ^ _471_/RESET_B (sky130_fd_sc_hd__dfrtp_1)
                                  5.29   data arrival time

                          0.00    0.00   clock clk (rise edge)
                          0.00    0.00   clock source latency
                  0.04    0.03    0.03 ^ clk (in)
     1    0.01                           clk (net)
                  0.04    0.00    0.03 ^ clkbuf_0_clk/A (sky130_fd_sc_hd__clkbuf_16)
                  0.08    0.17    0.20 ^ clkbuf_0_clk/X (sky130_fd_sc_hd__clkbuf_16)
     8    0.06                           clknet_0_clk (net)
                  0.08    0.00    0.20 ^ clkbuf_3_5__f_clk/A (sky130_fd_sc_hd__clkbuf_16)
                  0.04    0.14    0.33 ^ clkbuf_3_5__f_clk/X (sky130_fd_sc_hd__clkbuf_16)
     7    0.01                           clknet_3_5__leaf_clk (net)
                  0.04    0.00    0.33 ^ _471_/CLK (sky130_fd_sc_hd__dfrtp_1)
                          0.25    0.58   clock uncertainty
                          0.00    0.58   clock reconvergence pessimism
                          0.38    0.96   library removal time
                                  0.96   data required time
-----------------------------------------------------------------------------
                                  0.96   data required time
                                 -5.29   data arrival time
-----------------------------------------------------------------------------
                                  4.32   slack (MET)


Startpoint: rst_n (input port clocked by clk)
Endpoint: _435_ (removal check against rising-edge clock clk)
Path Group: asynchronous
Path Type: min

Fanout     Cap    Slew   Delay    Time   Description
-----------------------------------------------------------------------------
                          0.00    0.00   clock clk (rise edge)
                          0.00    0.00   clock network delay (propagated)
                          5.00    5.00 ^ input external delay
                  0.05    0.03    5.03 ^ rst_n (in)
     1    0.01                           rst_n (net)
                  0.05    0.00    5.03 ^ input17/A (sky130_fd_sc_hd__buf_12)
                  0.27    0.26    5.29 ^ input17/X (sky130_fd_sc_hd__buf_12)
    65    0.24                           net17 (net)
                  0.27    0.00    5.29 ^ _435_/RESET_B (sky130_fd_sc_hd__dfrtp_1)
                                  5.29   data arrival time

                          0.00    0.00   clock clk (rise edge)
                          0.00    0.00   clock source latency
                  0.04    0.03    0.03 ^ clk (in)
     1    0.01                           clk (net)
                  0.04    0.00    0.03 ^ clkbuf_0_clk/A (sky130_fd_sc_hd__clkbuf_16)
                  0.08    0.17    0.20 ^ clkbuf_0_clk/X (sky130_fd_sc_hd__clkbuf_16)
     8    0.06                           clknet_0_clk (net)
                  0.08    0.00    0.20 ^ clkbuf_3_1__f_clk/A (sky130_fd_sc_hd__clkbuf_16)
                  0.03    0.14    0.33 ^ clkbuf_3_1__f_clk/X (sky130_fd_sc_hd__clkbuf_16)
     6    0.01                           clknet_3_1__leaf_clk (net)
                  0.03    0.00    0.33 ^ _435_/CLK (sky130_fd_sc_hd__dfrtp_1)
                          0.25    0.58   clock uncertainty
                          0.00    0.58   clock reconvergence pessimism
                          0.38    0.96   library removal time
                                  0.96   data required time
-----------------------------------------------------------------------------
                                  0.96   data required time
                                 -5.29   data arrival time
-----------------------------------------------------------------------------
                                  4.32   slack (MET)


Startpoint: rst_n (input port clocked by clk)
Endpoint: _439_ (removal check against rising-edge clock clk)
Path Group: asynchronous
Path Type: min

Fanout     Cap    Slew   Delay    Time   Description
-----------------------------------------------------------------------------
                          0.00    0.00   clock clk (rise edge)
                          0.00    0.00   clock network delay (propagated)
                          5.00    5.00 ^ input external delay
                  0.05    0.03    5.03 ^ rst_n (in)
     1    0.01                           rst_n (net)
                  0.05    0.00    5.03 ^ input17/A (sky130_fd_sc_hd__buf_12)
                  0.27    0.26    5.29 ^ input17/X (sky130_fd_sc_hd__buf_12)
    65    0.24                           net17 (net)
                  0.27    0.00    5.29 ^ _439_/RESET_B (sky130_fd_sc_hd__dfrtp_1)
                                  5.29   data arrival time

                          0.00    0.00   clock clk (rise edge)
                          0.00    0.00   clock source latency
                  0.04    0.03    0.03 ^ clk (in)
     1    0.01                           clk (net)
                  0.04    0.00    0.03 ^ clkbuf_0_clk/A (sky130_fd_sc_hd__clkbuf_16)
                  0.08    0.17    0.20 ^ clkbuf_0_clk/X (sky130_fd_sc_hd__clkbuf_16)
     8    0.06                           clknet_0_clk (net)
                  0.08    0.00    0.20 ^ clkbuf_3_4__f_clk/A (sky130_fd_sc_hd__clkbuf_16)
                  0.03    0.14    0.33 ^ clkbuf_3_4__f_clk/X (sky130_fd_sc_hd__clkbuf_16)
     6    0.01                           clknet_3_4__leaf_clk (net)
                  0.03    0.00    0.33 ^ _439_/CLK (sky130_fd_sc_hd__dfrtp_1)
                          0.25    0.58   clock uncertainty
                          0.00    0.58   clock reconvergence pessimism
                          0.38    0.96   library removal time
                                  0.96   data required time
-----------------------------------------------------------------------------
                                  0.96   data required time
                                 -5.29   data arrival time
-----------------------------------------------------------------------------
                                  4.32   slack (MET)


Startpoint: rst_n (input port clocked by clk)
Endpoint: _440_ (removal check against rising-edge clock clk)
Path Group: asynchronous
Path Type: min

Fanout     Cap    Slew   Delay    Time   Description
-----------------------------------------------------------------------------
                          0.00    0.00   clock clk (rise edge)
                          0.00    0.00   clock network delay (propagated)
                          5.00    5.00 ^ input external delay
                  0.05    0.03    5.03 ^ rst_n (in)
     1    0.01                           rst_n (net)
                  0.05    0.00    5.03 ^ input17/A (sky130_fd_sc_hd__buf_12)
                  0.27    0.26    5.29 ^ input17/X (sky130_fd_sc_hd__buf_12)
    65    0.24                           net17 (net)
                  0.27    0.00    5.29 ^ _440_/RESET_B (sky130_fd_sc_hd__dfrtp_1)
                                  5.29   data arrival time

                          0.00    0.00   clock clk (rise edge)
                          0.00    0.00   clock source latency
                  0.04    0.03    0.03 ^ clk (in)
     1    0.01                           clk (net)
                  0.04    0.00    0.03 ^ clkbuf_0_clk/A (sky130_fd_sc_hd__clkbuf_16)
                  0.08    0.17    0.20 ^ clkbuf_0_clk/X (sky130_fd_sc_hd__clkbuf_16)
     8    0.06                           clknet_0_clk (net)
                  0.08    0.00    0.20 ^ clkbuf_3_4__f_clk/A (sky130_fd_sc_hd__clkbuf_16)
                  0.03    0.14    0.33 ^ clkbuf_3_4__f_clk/X (sky130_fd_sc_hd__clkbuf_16)
     6    0.01                           clknet_3_4__leaf_clk (net)
                  0.03    0.00    0.33 ^ _440_/CLK (sky130_fd_sc_hd__dfrtp_1)
                          0.25    0.58   clock uncertainty
                          0.00    0.58   clock reconvergence pessimism
                          0.38    0.96   library removal time
                                  0.96   data required time
-----------------------------------------------------------------------------
                                  0.96   data required time
                                 -5.29   data arrival time
-----------------------------------------------------------------------------
                                  4.32   slack (MET)


Startpoint: rst_n (input port clocked by clk)
Endpoint: _444_ (removal check against rising-edge clock clk)
Path Group: asynchronous
Path Type: min

Fanout     Cap    Slew   Delay    Time   Description
-----------------------------------------------------------------------------
                          0.00    0.00   clock clk (rise edge)
                          0.00    0.00   clock network delay (propagated)
                          5.00    5.00 ^ input external delay
                  0.05    0.03    5.03 ^ rst_n (in)
     1    0.01                           rst_n (net)
                  0.05    0.00    5.03 ^ input17/A (sky130_fd_sc_hd__buf_12)
                  0.27    0.26    5.29 ^ input17/X (sky130_fd_sc_hd__buf_12)
    65    0.24                           net17 (net)
                  0.27    0.00    5.29 ^ _444_/RESET_B (sky130_fd_sc_hd__dfrtp_1)
                                  5.29   data arrival time

                          0.00    0.00   clock clk (rise edge)
                          0.00    0.00   clock source latency
                  0.04    0.03    0.03 ^ clk (in)
     1    0.01                           clk (net)
                  0.04    0.00    0.03 ^ clkbuf_0_clk/A (sky130_fd_sc_hd__clkbuf_16)
                  0.08    0.17    0.20 ^ clkbuf_0_clk/X (sky130_fd_sc_hd__clkbuf_16)
     8    0.06                           clknet_0_clk (net)
                  0.08    0.00    0.20 ^ clkbuf_3_1__f_clk/A (sky130_fd_sc_hd__clkbuf_16)
                  0.03    0.14    0.33 ^ clkbuf_3_1__f_clk/X (sky130_fd_sc_hd__clkbuf_16)
     6    0.01                           clknet_3_1__leaf_clk (net)
                  0.03    0.00    0.33 ^ _444_/CLK (sky130_fd_sc_hd__dfrtp_1)
                          0.25    0.58   clock uncertainty
                          0.00    0.58   clock reconvergence pessimism
                          0.38    0.96   library removal time
                                  0.96   data required time
-----------------------------------------------------------------------------
                                  0.96   data required time
                                 -5.29   data arrival time
-----------------------------------------------------------------------------
                                  4.32   slack (MET)


Startpoint: rst_n (input port clocked by clk)
Endpoint: _445_ (removal check against rising-edge clock clk)
Path Group: asynchronous
Path Type: min

Fanout     Cap    Slew   Delay    Time   Description
-----------------------------------------------------------------------------
                          0.00    0.00   clock clk (rise edge)
                          0.00    0.00   clock network delay (propagated)
                          5.00    5.00 ^ input external delay
                  0.05    0.03    5.03 ^ rst_n (in)
     1    0.01                           rst_n (net)
                  0.05    0.00    5.03 ^ input17/A (sky130_fd_sc_hd__buf_12)
                  0.27    0.26    5.29 ^ input17/X (sky130_fd_sc_hd__buf_12)
    65    0.24                           net17 (net)
                  0.27    0.00    5.29 ^ _445_/RESET_B (sky130_fd_sc_hd__dfrtp_1)
                                  5.29   data arrival time

                          0.00    0.00   clock clk (rise edge)
                          0.00    0.00   clock source latency
                  0.04    0.03    0.03 ^ clk (in)
     1    0.01                           clk (net)
                  0.04    0.00    0.03 ^ clkbuf_0_clk/A (sky130_fd_sc_hd__clkbuf_16)
                  0.08    0.17    0.20 ^ clkbuf_0_clk/X (sky130_fd_sc_hd__clkbuf_16)
     8    0.06                           clknet_0_clk (net)
                  0.08    0.00    0.20 ^ clkbuf_3_1__f_clk/A (sky130_fd_sc_hd__clkbuf_16)
                  0.03    0.14    0.33 ^ clkbuf_3_1__f_clk/X (sky130_fd_sc_hd__clkbuf_16)
     6    0.01                           clknet_3_1__leaf_clk (net)
                  0.03    0.00    0.33 ^ _445_/CLK (sky130_fd_sc_hd__dfrtp_1)
                          0.25    0.58   clock uncertainty
                          0.00    0.58   clock reconvergence pessimism
                          0.38    0.96   library removal time
                                  0.96   data required time
-----------------------------------------------------------------------------
                                  0.96   data required time
                                 -5.29   data arrival time
-----------------------------------------------------------------------------
                                  4.32   slack (MET)


Startpoint: rst_n (input port clocked by clk)
Endpoint: _446_ (removal check against rising-edge clock clk)
Path Group: asynchronous
Path Type: min

Fanout     Cap    Slew   Delay    Time   Description
-----------------------------------------------------------------------------
                          0.00    0.00   clock clk (rise edge)
                          0.00    0.00   clock network delay (propagated)
                          5.00    5.00 ^ input external delay
                  0.05    0.03    5.03 ^ rst_n (in)
     1    0.01                           rst_n (net)
                  0.05    0.00    5.03 ^ input17/A (sky130_fd_sc_hd__buf_12)
                  0.27    0.26    5.29 ^ input17/X (sky130_fd_sc_hd__buf_12)
    65    0.24                           net17 (net)
                  0.27    0.00    5.29 ^ _446_/RESET_B (sky130_fd_sc_hd__dfrtp_1)
                                  5.29   data arrival time

                          0.00    0.00   clock clk (rise edge)
                          0.00    0.00   clock source latency
                  0.04    0.03    0.03 ^ clk (in)
     1    0.01                           clk (net)
                  0.04    0.00    0.03 ^ clkbuf_0_clk/A (sky130_fd_sc_hd__clkbuf_16)
                  0.08    0.17    0.20 ^ clkbuf_0_clk/X (sky130_fd_sc_hd__clkbuf_16)
     8    0.06                           clknet_0_clk (net)
                  0.08    0.00    0.20 ^ clkbuf_3_1__f_clk/A (sky130_fd_sc_hd__clkbuf_16)
                  0.03    0.14    0.33 ^ clkbuf_3_1__f_clk/X (sky130_fd_sc_hd__clkbuf_16)
     6    0.01                           clknet_3_1__leaf_clk (net)
                  0.03    0.00    0.33 ^ _446_/CLK (sky130_fd_sc_hd__dfrtp_1)
                          0.25    0.58   clock uncertainty
                          0.00    0.58   clock reconvergence pessimism
                          0.38    0.96   library removal time
                                  0.96   data required time
-----------------------------------------------------------------------------
                                  0.96   data required time
                                 -5.29   data arrival time
-----------------------------------------------------------------------------
                                  4.32   slack (MET)


Startpoint: rst_n (input port clocked by clk)
Endpoint: _459_ (removal check against rising-edge clock clk)
Path Group: asynchronous
Path Type: min

Fanout     Cap    Slew   Delay    Time   Description
-----------------------------------------------------------------------------
                          0.00    0.00   clock clk (rise edge)
                          0.00    0.00   clock network delay (propagated)
                          5.00    5.00 ^ input external delay
                  0.05    0.03    5.03 ^ rst_n (in)
     1    0.01                           rst_n (net)
                  0.05    0.00    5.03 ^ input17/A (sky130_fd_sc_hd__buf_12)
                  0.27    0.26    5.29 ^ input17/X (sky130_fd_sc_hd__buf_12)
    65    0.24                           net17 (net)
                  0.27    0.00    5.29 ^ _459_/RESET_B (sky130_fd_sc_hd__dfrtp_1)
                                  5.29   data arrival time

                          0.00    0.00   clock clk (rise edge)
                          0.00    0.00   clock source latency
                  0.04    0.03    0.03 ^ clk (in)
     1    0.01                           clk (net)
                  0.04    0.00    0.03 ^ clkbuf_0_clk/A (sky130_fd_sc_hd__clkbuf_16)
                  0.08    0.17    0.20 ^ clkbuf_0_clk/X (sky130_fd_sc_hd__clkbuf_16)
     8    0.06                           clknet_0_clk (net)
                  0.08    0.00    0.20 ^ clkbuf_3_1__f_clk/A (sky130_fd_sc_hd__clkbuf_16)
                  0.03    0.14    0.33 ^ clkbuf_3_1__f_clk/X (sky130_fd_sc_hd__clkbuf_16)
     6    0.01                           clknet_3_1__leaf_clk (net)
                  0.03    0.00    0.33 ^ _459_/CLK (sky130_fd_sc_hd__dfrtp_1)
                          0.25    0.58   clock uncertainty
                          0.00    0.58   clock reconvergence pessimism
                          0.38    0.96   library removal time
                                  0.96   data required time
-----------------------------------------------------------------------------
                                  0.96   data required time
                                 -5.29   data arrival time
-----------------------------------------------------------------------------
                                  4.32   slack (MET)


Startpoint: rst_n (input port clocked by clk)
Endpoint: _461_ (removal check against rising-edge clock clk)
Path Group: asynchronous
Path Type: min

Fanout     Cap    Slew   Delay    Time   Description
-----------------------------------------------------------------------------
                          0.00    0.00   clock clk (rise edge)
                          0.00    0.00   clock network delay (propagated)
                          5.00    5.00 ^ input external delay
                  0.05    0.03    5.03 ^ rst_n (in)
     1    0.01                           rst_n (net)
                  0.05    0.00    5.03 ^ input17/A (sky130_fd_sc_hd__buf_12)
                  0.27    0.26    5.29 ^ input17/X (sky130_fd_sc_hd__buf_12)
    65    0.24                           net17 (net)
                  0.27    0.00    5.29 ^ _461_/RESET_B (sky130_fd_sc_hd__dfrtp_1)
                                  5.29   data arrival time

                          0.00    0.00   clock clk (rise edge)
                          0.00    0.00   clock source latency
                  0.04    0.03    0.03 ^ clk (in)
     1    0.01                           clk (net)
                  0.04    0.00    0.03 ^ clkbuf_0_clk/A (sky130_fd_sc_hd__clkbuf_16)
                  0.08    0.17    0.20 ^ clkbuf_0_clk/X (sky130_fd_sc_hd__clkbuf_16)
     8    0.06                           clknet_0_clk (net)
                  0.08    0.00    0.20 ^ clkbuf_3_1__f_clk/A (sky130_fd_sc_hd__clkbuf_16)
                  0.03    0.14    0.33 ^ clkbuf_3_1__f_clk/X (sky130_fd_sc_hd__clkbuf_16)
     6    0.01                           clknet_3_1__leaf_clk (net)
                  0.03    0.00    0.33 ^ _461_/CLK (sky130_fd_sc_hd__dfrtp_1)
                          0.25    0.58   clock uncertainty
                          0.00    0.58   clock reconvergence pessimism
                          0.38    0.96   library removal time
                                  0.96   data required time
-----------------------------------------------------------------------------
                                  0.96   data required time
                                 -5.29   data arrival time
-----------------------------------------------------------------------------
                                  4.32   slack (MET)


Startpoint: rst_n (input port clocked by clk)
Endpoint: _463_ (removal check against rising-edge clock clk)
Path Group: asynchronous
Path Type: min

Fanout     Cap    Slew   Delay    Time   Description
-----------------------------------------------------------------------------
                          0.00    0.00   clock clk (rise edge)
                          0.00    0.00   clock network delay (propagated)
                          5.00    5.00 ^ input external delay
                  0.05    0.03    5.03 ^ rst_n (in)
     1    0.01                           rst_n (net)
                  0.05    0.00    5.03 ^ input17/A (sky130_fd_sc_hd__buf_12)
                  0.27    0.26    5.29 ^ input17/X (sky130_fd_sc_hd__buf_12)
    65    0.24                           net17 (net)
                  0.27    0.00    5.29 ^ _463_/RESET_B (sky130_fd_sc_hd__dfrtp_1)
                                  5.29   data arrival time

                          0.00    0.00   clock clk (rise edge)
                          0.00    0.00   clock source latency
                  0.04    0.03    0.03 ^ clk (in)
     1    0.01                           clk (net)
                  0.04    0.00    0.03 ^ clkbuf_0_clk/A (sky130_fd_sc_hd__clkbuf_16)
                  0.08    0.17    0.20 ^ clkbuf_0_clk/X (sky130_fd_sc_hd__clkbuf_16)
     8    0.06                           clknet_0_clk (net)
                  0.08    0.00    0.20 ^ clkbuf_3_4__f_clk/A (sky130_fd_sc_hd__clkbuf_16)
                  0.03    0.14    0.33 ^ clkbuf_3_4__f_clk/X (sky130_fd_sc_hd__clkbuf_16)
     6    0.01                           clknet_3_4__leaf_clk (net)
                  0.03    0.00    0.33 ^ _463_/CLK (sky130_fd_sc_hd__dfrtp_1)
                          0.25    0.58   clock uncertainty
                          0.00    0.58   clock reconvergence pessimism
                          0.38    0.96   library removal time
                                  0.96   data required time
-----------------------------------------------------------------------------
                                  0.96   data required time
                                 -5.29   data arrival time
-----------------------------------------------------------------------------
                                  4.32   slack (MET)


Startpoint: rst_n (input port clocked by clk)
Endpoint: _464_ (removal check against rising-edge clock clk)
Path Group: asynchronous
Path Type: min

Fanout     Cap    Slew   Delay    Time   Description
-----------------------------------------------------------------------------
                          0.00    0.00   clock clk (rise edge)
                          0.00    0.00   clock network delay (propagated)
                          5.00    5.00 ^ input external delay
                  0.05    0.03    5.03 ^ rst_n (in)
     1    0.01                           rst_n (net)
                  0.05    0.00    5.03 ^ input17/A (sky130_fd_sc_hd__buf_12)
                  0.27    0.26    5.29 ^ input17/X (sky130_fd_sc_hd__buf_12)
    65    0.24                           net17 (net)
                  0.27    0.00    5.29 ^ _464_/RESET_B (sky130_fd_sc_hd__dfrtp_1)
                                  5.29   data arrival time

                          0.00    0.00   clock clk (rise edge)
                          0.00    0.00   clock source latency
                  0.04    0.03    0.03 ^ clk (in)
     1    0.01                           clk (net)
                  0.04    0.00    0.03 ^ clkbuf_0_clk/A (sky130_fd_sc_hd__clkbuf_16)
                  0.08    0.17    0.20 ^ clkbuf_0_clk/X (sky130_fd_sc_hd__clkbuf_16)
     8    0.06                           clknet_0_clk (net)
                  0.08    0.00    0.20 ^ clkbuf_3_4__f_clk/A (sky130_fd_sc_hd__clkbuf_16)
                  0.03    0.14    0.33 ^ clkbuf_3_4__f_clk/X (sky130_fd_sc_hd__clkbuf_16)
     6    0.01                           clknet_3_4__leaf_clk (net)
                  0.03    0.00    0.33 ^ _464_/CLK (sky130_fd_sc_hd__dfrtp_1)
                          0.25    0.58   clock uncertainty
                          0.00    0.58   clock reconvergence pessimism
                          0.38    0.96   library removal time
                                  0.96   data required time
-----------------------------------------------------------------------------
                                  0.96   data required time
                                 -5.29   data arrival time
-----------------------------------------------------------------------------
                                  4.32   slack (MET)


Startpoint: rst_n (input port clocked by clk)
Endpoint: _474_ (removal check against rising-edge clock clk)
Path Group: asynchronous
Path Type: min

Fanout     Cap    Slew   Delay    Time   Description
-----------------------------------------------------------------------------
                          0.00    0.00   clock clk (rise edge)
                          0.00    0.00   clock network delay (propagated)
                          5.00    5.00 ^ input external delay
                  0.05    0.03    5.03 ^ rst_n (in)
     1    0.01                           rst_n (net)
                  0.05    0.00    5.03 ^ input17/A (sky130_fd_sc_hd__buf_12)
                  0.27    0.26    5.29 ^ input17/X (sky130_fd_sc_hd__buf_12)
    65    0.24                           net17 (net)
                  0.27    0.00    5.29 ^ _474_/RESET_B (sky130_fd_sc_hd__dfrtp_1)
                                  5.29   data arrival time

                          0.00    0.00   clock clk (rise edge)
                          0.00    0.00   clock source latency
                  0.04    0.03    0.03 ^ clk (in)
     1    0.01                           clk (net)
                  0.04    0.00    0.03 ^ clkbuf_0_clk/A (sky130_fd_sc_hd__clkbuf_16)
                  0.08    0.17    0.20 ^ clkbuf_0_clk/X (sky130_fd_sc_hd__clkbuf_16)
     8    0.06                           clknet_0_clk (net)
                  0.08    0.00    0.20 ^ clkbuf_3_4__f_clk/A (sky130_fd_sc_hd__clkbuf_16)
                  0.03    0.14    0.33 ^ clkbuf_3_4__f_clk/X (sky130_fd_sc_hd__clkbuf_16)
     6    0.01                           clknet_3_4__leaf_clk (net)
                  0.03    0.00    0.33 ^ _474_/CLK (sky130_fd_sc_hd__dfrtp_1)
                          0.25    0.58   clock uncertainty
                          0.00    0.58   clock reconvergence pessimism
                          0.38    0.96   library removal time
                                  0.96   data required time
-----------------------------------------------------------------------------
                                  0.96   data required time
                                 -5.29   data arrival time
-----------------------------------------------------------------------------
                                  4.32   slack (MET)


Startpoint: rst_n (input port clocked by clk)
Endpoint: _481_ (removal check against rising-edge clock clk)
Path Group: asynchronous
Path Type: min

Fanout     Cap    Slew   Delay    Time   Description
-----------------------------------------------------------------------------
                          0.00    0.00   clock clk (rise edge)
                          0.00    0.00   clock network delay (propagated)
                          5.00    5.00 ^ input external delay
                  0.05    0.03    5.03 ^ rst_n (in)
     1    0.01                           rst_n (net)
                  0.05    0.00    5.03 ^ input17/A (sky130_fd_sc_hd__buf_12)
                  0.27    0.26    5.29 ^ input17/X (sky130_fd_sc_hd__buf_12)
    65    0.24                           net17 (net)
                  0.27    0.00    5.29 ^ _481_/RESET_B (sky130_fd_sc_hd__dfrtp_1)
                                  5.29   data arrival time

                          0.00    0.00   clock clk (rise edge)
                          0.00    0.00   clock source latency
                  0.04    0.03    0.03 ^ clk (in)
     1    0.01                           clk (net)
                  0.04    0.00    0.03 ^ clkbuf_0_clk/A (sky130_fd_sc_hd__clkbuf_16)
                  0.08    0.17    0.20 ^ clkbuf_0_clk/X (sky130_fd_sc_hd__clkbuf_16)
     8    0.06                           clknet_0_clk (net)
                  0.08    0.00    0.20 ^ clkbuf_3_4__f_clk/A (sky130_fd_sc_hd__clkbuf_16)
                  0.03    0.14    0.33 ^ clkbuf_3_4__f_clk/X (sky130_fd_sc_hd__clkbuf_16)
     6    0.01                           clknet_3_4__leaf_clk (net)
                  0.03    0.00    0.33 ^ _481_/CLK (sky130_fd_sc_hd__dfrtp_1)
                          0.25    0.58   clock uncertainty
                          0.00    0.58   clock reconvergence pessimism
                          0.38    0.96   library removal time
                                  0.96   data required time
-----------------------------------------------------------------------------
                                  0.96   data required time
                                 -5.29   data arrival time
-----------------------------------------------------------------------------
                                  4.32   slack (MET)


Startpoint: _471_ (rising edge-triggered flip-flop clocked by clk)
Endpoint: o_valid (output port clocked by clk)
Path Group: clk
Path Type: min

Fanout     Cap    Slew   Delay    Time   Description
-----------------------------------------------------------------------------
                          0.00    0.00   clock clk (rise edge)
                          0.00    0.00   clock source latency
                  0.04    0.03    0.03 ^ clk (in)
     1    0.01                           clk (net)
                  0.04    0.00    0.03 ^ clkbuf_0_clk/A (sky130_fd_sc_hd__clkbuf_16)
                  0.08    0.15    0.18 ^ clkbuf_0_clk/X (sky130_fd_sc_hd__clkbuf_16)
     8    0.06                           clknet_0_clk (net)
                  0.08    0.00    0.18 ^ clkbuf_3_5__f_clk/A (sky130_fd_sc_hd__clkbuf_16)
                  0.04    0.13    0.30 ^ clkbuf_3_5__f_clk/X (sky130_fd_sc_hd__clkbuf_16)
     7    0.01                           clknet_3_5__leaf_clk (net)
                  0.04    0.00    0.30 ^ _471_/CLK (sky130_fd_sc_hd__dfrtp_1)
                  0.04    0.29    0.59 ^ _471_/Q (sky130_fd_sc_hd__dfrtp_1)
     1    0.00                           net24 (net)
                  0.04    0.00    0.59 ^ output24/A (sky130_fd_sc_hd__clkbuf_4)
                  0.11    0.17    0.77 ^ output24/X (sky130_fd_sc_hd__clkbuf_4)
     1    0.03                           o_valid (net)
                  0.11    0.00    0.77 ^ o_valid (out)
                                  0.77   data arrival time

                          0.00    0.00   clock clk (rise edge)
                          0.00    0.00   clock network delay (propagated)
                          0.25    0.25   clock uncertainty
                          0.00    0.25   clock reconvergence pessimism
                         -5.00   -4.75   output external delay
                                 -4.75   data required time
-----------------------------------------------------------------------------
                                 -4.75   data required time
                                 -0.77   data arrival time
-----------------------------------------------------------------------------
                                  5.52   slack (MET)


Startpoint: _474_ (rising edge-triggered flip-flop clocked by clk)
Endpoint: o_index[2] (output port clocked by clk)
Path Group: clk
Path Type: min

Fanout     Cap    Slew   Delay    Time   Description
-----------------------------------------------------------------------------
                          0.00    0.00   clock clk (rise edge)
                          0.00    0.00   clock source latency
                  0.04    0.03    0.03 ^ clk (in)
     1    0.01                           clk (net)
                  0.04    0.00    0.03 ^ clkbuf_0_clk/A (sky130_fd_sc_hd__clkbuf_16)
                  0.08    0.15    0.18 ^ clkbuf_0_clk/X (sky130_fd_sc_hd__clkbuf_16)
     8    0.06                           clknet_0_clk (net)
                  0.08    0.00    0.18 ^ clkbuf_3_4__f_clk/A (sky130_fd_sc_hd__clkbuf_16)
                  0.03    0.12    0.30 ^ clkbuf_3_4__f_clk/X (sky130_fd_sc_hd__clkbuf_16)
     6    0.01                           clknet_3_4__leaf_clk (net)
                  0.03    0.00    0.30 ^ _474_/CLK (sky130_fd_sc_hd__dfrtp_1)
                  0.06    0.30    0.60 ^ _474_/Q (sky130_fd_sc_hd__dfrtp_1)
     2    0.00                           net23 (net)
                  0.06    0.00    0.60 ^ output23/A (sky130_fd_sc_hd__clkbuf_4)
                  0.11    0.18    0.78 ^ output23/X (sky130_fd_sc_hd__clkbuf_4)
     1    0.03                           o_index[2] (net)
                  0.11    0.00    0.78 ^ o_index[2] (out)
                                  0.78   data arrival time

                          0.00    0.00   clock clk (rise edge)
                          0.00    0.00   clock network delay (propagated)
                          0.25    0.25   clock uncertainty
                          0.00    0.25   clock reconvergence pessimism
                         -5.00   -4.75   output external delay
                                 -4.75   data required time
-----------------------------------------------------------------------------
                                 -4.75   data required time
                                 -0.78   data arrival time
-----------------------------------------------------------------------------
                                  5.53   slack (MET)


Startpoint: _470_ (rising edge-triggered flip-flop clocked by clk)
Endpoint: o_bucket[2] (output port clocked by clk)
Path Group: clk
Path Type: min

Fanout     Cap    Slew   Delay    Time   Description
-----------------------------------------------------------------------------
                          0.00    0.00   clock clk (rise edge)
                          0.00    0.00   clock source latency
                  0.04    0.03    0.03 ^ clk (in)
     1    0.01                           clk (net)
                  0.04    0.00    0.03 ^ clkbuf_0_clk/A (sky130_fd_sc_hd__clkbuf_16)
                  0.08    0.15    0.18 ^ clkbuf_0_clk/X (sky130_fd_sc_hd__clkbuf_16)
     8    0.06                           clknet_0_clk (net)
                  0.08    0.00    0.18 ^ clkbuf_3_5__f_clk/A (sky130_fd_sc_hd__clkbuf_16)
                  0.04    0.13    0.30 ^ clkbuf_3_5__f_clk/X (sky130_fd_sc_hd__clkbuf_16)
     7    0.01                           clknet_3_5__leaf_clk (net)
                  0.04    0.00    0.30 ^ _470_/CLK (sky130_fd_sc_hd__dfrtp_1)
                  0.06    0.30    0.61 ^ _470_/Q (sky130_fd_sc_hd__dfrtp_1)
     2    0.00                           net20 (net)
                  0.06    0.00    0.61 ^ output20/A (sky130_fd_sc_hd__clkbuf_4)
                  0.11    0.18    0.78 ^ output20/X (sky130_fd_sc_hd__clkbuf_4)
     1    0.03                           o_bucket[2] (net)
                  0.11    0.00    0.78 ^ o_bucket[2] (out)
                                  0.78   data arrival time

                          0.00    0.00   clock clk (rise edge)
                          0.00    0.00   clock network delay (propagated)
                          0.25    0.25   clock uncertainty
                          0.00    0.25   clock reconvergence pessimism
                         -5.00   -4.75   output external delay
                                 -4.75   data required time
-----------------------------------------------------------------------------
                                 -4.75   data required time
                                 -0.78   data arrival time
-----------------------------------------------------------------------------
                                  5.53   slack (MET)


Startpoint: _473_ (rising edge-triggered flip-flop clocked by clk)
Endpoint: o_index[1] (output port clocked by clk)
Path Group: clk
Path Type: min

Fanout     Cap    Slew   Delay    Time   Description
-----------------------------------------------------------------------------
                          0.00    0.00   clock clk (rise edge)
                          0.00    0.00   clock source latency
                  0.04    0.03    0.03 ^ clk (in)
     1    0.01                           clk (net)
                  0.04    0.00    0.03 ^ clkbuf_0_clk/A (sky130_fd_sc_hd__clkbuf_16)
                  0.08    0.15    0.18 ^ clkbuf_0_clk/X (sky130_fd_sc_hd__clkbuf_16)
     8    0.06                           clknet_0_clk (net)
                  0.08    0.00    0.18 ^ clkbuf_3_3__f_clk/A (sky130_fd_sc_hd__clkbuf_16)
                  0.04    0.13    0.30 ^ clkbuf_3_3__f_clk/X (sky130_fd_sc_hd__clkbuf_16)
     8    0.01                           clknet_3_3__leaf_clk (net)
                  0.04    0.00    0.30 ^ _473_/CLK (sky130_fd_sc_hd__dfrtp_1)
                  0.06    0.30    0.61 ^ _473_/Q (sky130_fd_sc_hd__dfrtp_1)
     2    0.00                           net22 (net)
                  0.06    0.00    0.61 ^ output22/A (sky130_fd_sc_hd__clkbuf_4)
                  0.11    0.18    0.79 ^ output22/X (sky130_fd_sc_hd__clkbuf_4)
     1    0.03                           o_index[1] (net)
                  0.11    0.00    0.79 ^ o_index[1] (out)
                                  0.79   data arrival time

                          0.00    0.00   clock clk (rise edge)
                          0.00    0.00   clock network delay (propagated)
                          0.25    0.25   clock uncertainty
                          0.00    0.25   clock reconvergence pessimism
                         -5.00   -4.75   output external delay
                                 -4.75   data required time
-----------------------------------------------------------------------------
                                 -4.75   data required time
                                 -0.79   data arrival time
-----------------------------------------------------------------------------
                                  5.54   slack (MET)


Startpoint: _468_ (rising edge-triggered flip-flop clocked by clk)
Endpoint: o_bucket[0] (output port clocked by clk)
Path Group: clk
Path Type: min

Fanout     Cap    Slew   Delay    Time   Description
-----------------------------------------------------------------------------
                          0.00    0.00   clock clk (rise edge)
                          0.00    0.00   clock source latency
                  0.04    0.03    0.03 ^ clk (in)
     1    0.01                           clk (net)
                  0.04    0.00    0.03 ^ clkbuf_0_clk/A (sky130_fd_sc_hd__clkbuf_16)
                  0.08    0.15    0.18 ^ clkbuf_0_clk/X (sky130_fd_sc_hd__clkbuf_16)
     8    0.06                           clknet_0_clk (net)
                  0.08    0.00    0.18 ^ clkbuf_3_6__f_clk/A (sky130_fd_sc_hd__clkbuf_16)
                  0.04    0.13    0.30 ^ clkbuf_3_6__f_clk/X (sky130_fd_sc_hd__clkbuf_16)
     8    0.01                           clknet_3_6__leaf_clk (net)
                  0.04    0.00    0.30 ^ _468_/CLK (sky130_fd_sc_hd__dfrtp_1)
                  0.05    0.30    0.61 ^ _468_/Q (sky130_fd_sc_hd__dfrtp_1)
     2    0.00                           net18 (net)
                  0.05    0.00    0.61 ^ output18/A (sky130_fd_sc_hd__buf_2)
                  0.17    0.19    0.79 ^ output18/X (sky130_fd_sc_hd__buf_2)
     1    0.03                           o_bucket[0] (net)
                  0.17    0.00    0.79 ^ o_bucket[0] (out)
                                  0.79   data arrival time

                          0.00    0.00   clock clk (rise edge)
                          0.00    0.00   clock network delay (propagated)
                          0.25    0.25   clock uncertainty
                          0.00    0.25   clock reconvergence pessimism
                         -5.00   -4.75   output external delay
                                 -4.75   data required time
-----------------------------------------------------------------------------
                                 -4.75   data required time
                                 -0.79   data arrival time
-----------------------------------------------------------------------------
                                  5.54   slack (MET)


Startpoint: _469_ (rising edge-triggered flip-flop clocked by clk)
Endpoint: o_bucket[1] (output port clocked by clk)
Path Group: clk
Path Type: min

Fanout     Cap    Slew   Delay    Time   Description
-----------------------------------------------------------------------------
                          0.00    0.00   clock clk (rise edge)
                          0.00    0.00   clock source latency
                  0.04    0.03    0.03 ^ clk (in)
     1    0.01                           clk (net)
                  0.04    0.00    0.03 ^ clkbuf_0_clk/A (sky130_fd_sc_hd__clkbuf_16)
                  0.08    0.15    0.18 ^ clkbuf_0_clk/X (sky130_fd_sc_hd__clkbuf_16)
     8    0.06                           clknet_0_clk (net)
                  0.08    0.00    0.18 ^ clkbuf_3_7__f_clk/A (sky130_fd_sc_hd__clkbuf_16)
                  0.04    0.13    0.31 ^ clkbuf_3_7__f_clk/X (sky130_fd_sc_hd__clkbuf_16)
    11    0.02                           clknet_3_7__leaf_clk (net)
                  0.04    0.00    0.31 ^ _469_/CLK (sky130_fd_sc_hd__dfrtp_1)
                  0.05    0.30    0.61 ^ _469_/Q (sky130_fd_sc_hd__dfrtp_1)
     2    0.00                           net19 (net)
                  0.05    0.00    0.61 ^ output19/A (sky130_fd_sc_hd__buf_2)
                  0.17    0.19    0.80 ^ output19/X (sky130_fd_sc_hd__buf_2)
     1    0.03                           o_bucket[1] (net)
                  0.17    0.00    0.80 ^ o_bucket[1] (out)
                                  0.80   data arrival time

                          0.00    0.00   clock clk (rise edge)
                          0.00    0.00   clock network delay (propagated)
                          0.25    0.25   clock uncertainty
                          0.00    0.25   clock reconvergence pessimism
                         -5.00   -4.75   output external delay
                                 -4.75   data required time
-----------------------------------------------------------------------------
                                 -4.75   data required time
                                 -0.80   data arrival time
-----------------------------------------------------------------------------
                                  5.55   slack (MET)


Startpoint: _472_ (rising edge-triggered flip-flop clocked by clk)
Endpoint: o_index[0] (output port clocked by clk)
Path Group: clk
Path Type: min

Fanout     Cap    Slew   Delay    Time   Description
-----------------------------------------------------------------------------
                          0.00    0.00   clock clk (rise edge)
                          0.00    0.00   clock source latency
                  0.04    0.03    0.03 ^ clk (in)
     1    0.01                           clk (net)
                  0.04    0.00    0.03 ^ clkbuf_0_clk/A (sky130_fd_sc_hd__clkbuf_16)
                  0.08    0.15    0.18 ^ clkbuf_0_clk/X (sky130_fd_sc_hd__clkbuf_16)
     8    0.06                           clknet_0_clk (net)
                  0.08    0.00    0.18 ^ clkbuf_3_7__f_clk/A (sky130_fd_sc_hd__clkbuf_16)
                  0.04    0.13    0.31 ^ clkbuf_3_7__f_clk/X (sky130_fd_sc_hd__clkbuf_16)
    11    0.02                           clknet_3_7__leaf_clk (net)
                  0.04    0.00    0.31 ^ _472_/CLK (sky130_fd_sc_hd__dfrtp_1)
                  0.05    0.30    0.61 ^ _472_/Q (sky130_fd_sc_hd__dfrtp_1)
     2    0.00                           net21 (net)
                  0.05    0.00    0.61 ^ output21/A (sky130_fd_sc_hd__buf_2)
                  0.17    0.19    0.80 ^ output21/X (sky130_fd_sc_hd__buf_2)
     1    0.03                           o_index[0] (net)
                  0.17    0.00    0.80 ^ o_index[0] (out)
                                  0.80   data arrival time

                          0.00    0.00   clock clk (rise edge)
                          0.00    0.00   clock network delay (propagated)
                          0.25    0.25   clock uncertainty
                          0.00    0.25   clock reconvergence pessimism
                         -5.00   -4.75   output external delay
                                 -4.75   data required time
-----------------------------------------------------------------------------
                                 -4.75   data required time
                                 -0.80   data arrival time
-----------------------------------------------------------------------------
                                  5.55   slack (MET)



