OpenSTA 2.4.0 41a51eaf4c Copyright (c) 2021, Parallax Software, Inc.
License GPLv3: GNU GPL version 3 <http://gnu.org/licenses/gpl.html>

This is free software, and you are free to change and redistribute it
under certain conditions; type `show_copying' for details. 
This program comes with ABSOLUTELY NO WARRANTY; for details type `show_warranty'.
define_corners Typical
read_liberty -corner Typical /home/charlie/.ciel/sky130A/libs.ref/sky130_fd_sc_hd/lib/sky130_fd_sc_hd__tt_025C_1v80.lib
Using 1e-12 for capacitance...
Using 1e+03 for resistance...
Using 1e-09 for time...
Using 1e+00 for voltage...
Using 1e-03 for current...
Using 1e-09 for power...
Using 1e-06 for distance...
Reading netlist '/openlane/designs/Reformer/runs/MS3/results/synthesis/top.v'…
Reading design constraints file at '/openlane/scripts/base.sdc'…
[INFO]: Setting output delay to: 5.0
[INFO]: Setting input delay to: 5.0
[INFO]: Setting load to: 0.033442
[INFO]: Setting clock uncertainty to: 0.25
[INFO]: Setting clock transition to: 0.15
[INFO]: Setting timing derate to: 5.0 %
min_report

===========================================================================
report_checks -path_delay min (Hold)
============================================================================
======================= Typical Corner ===================================

Startpoint: _428_ (rising edge-triggered flip-flop clocked by clk)
Endpoint: _428_ (rising edge-triggered flip-flop clocked by clk)
Path Group: clk
Path Type: min

Fanout     Cap    Slew   Delay    Time   Description
-----------------------------------------------------------------------------
                  0.15    0.00    0.00   clock clk (rise edge)
                          0.00    0.00   clock network delay (ideal)
                  0.15    0.00    0.00 ^ _428_/CLK (sky130_fd_sc_hd__dfrtp_2)
                  0.06    0.37    0.37 ^ _428_/Q (sky130_fd_sc_hd__dfrtp_2)
     2    0.01                           u_am0.max[2] (net)
                  0.06    0.00    0.37 ^ _283_/B1 (sky130_fd_sc_hd__a21o_2)
                  0.02    0.08    0.45 ^ _283_/X (sky130_fd_sc_hd__a21o_2)
     1    0.00                           _008_ (net)
                  0.02    0.00    0.45 ^ _428_/D (sky130_fd_sc_hd__dfrtp_2)
                                  0.45   data arrival time

                  0.15    0.00    0.00   clock clk (rise edge)
                          0.00    0.00   clock network delay (ideal)
                          0.25    0.25   clock uncertainty
                          0.00    0.25   clock reconvergence pessimism
                                  0.25 ^ _428_/CLK (sky130_fd_sc_hd__dfrtp_2)
                         -0.02    0.23   library hold time
                                  0.23   data required time
-----------------------------------------------------------------------------
                                  0.23   data required time
                                 -0.45   data arrival time
-----------------------------------------------------------------------------
                                  0.21   slack (MET)


Startpoint: _431_ (rising edge-triggered flip-flop clocked by clk)
Endpoint: _431_ (rising edge-triggered flip-flop clocked by clk)
Path Group: clk
Path Type: min

Fanout     Cap    Slew   Delay    Time   Description
-----------------------------------------------------------------------------
                  0.15    0.00    0.00   clock clk (rise edge)
                          0.00    0.00   clock network delay (ideal)
                  0.15    0.00    0.00 ^ _431_/CLK (sky130_fd_sc_hd__dfrtp_2)
                  0.06    0.37    0.37 ^ _431_/Q (sky130_fd_sc_hd__dfrtp_2)
     2    0.01                           u_am1.max[2] (net)
                  0.06    0.00    0.37 ^ _294_/B1 (sky130_fd_sc_hd__a21o_2)
                  0.02    0.08    0.45 ^ _294_/X (sky130_fd_sc_hd__a21o_2)
     1    0.00                           _011_ (net)
                  0.02    0.00    0.45 ^ _431_/D (sky130_fd_sc_hd__dfrtp_2)
                                  0.45   data arrival time

                  0.15    0.00    0.00   clock clk (rise edge)
                          0.00    0.00   clock network delay (ideal)
                          0.25    0.25   clock uncertainty
                          0.00    0.25   clock reconvergence pessimism
                                  0.25 ^ _431_/CLK (sky130_fd_sc_hd__dfrtp_2)
                         -0.02    0.23   library hold time
                                  0.23   data required time
-----------------------------------------------------------------------------
                                  0.23   data required time
                                 -0.45   data arrival time
-----------------------------------------------------------------------------
                                  0.21   slack (MET)


Startpoint: _437_ (rising edge-triggered flip-flop clocked by clk)
Endpoint: _437_ (rising edge-triggered flip-flop clocked by clk)
Path Group: clk
Path Type: min

Fanout     Cap    Slew   Delay    Time   Description
-----------------------------------------------------------------------------
                  0.15    0.00    0.00   clock clk (rise edge)
                          0.00    0.00   clock network delay (ideal)
                  0.15    0.00    0.00 ^ _437_/CLK (sky130_fd_sc_hd__dfrtp_2)
                  0.06    0.37    0.37 ^ _437_/Q (sky130_fd_sc_hd__dfrtp_2)
     2    0.01                           u_am2.max[2] (net)
                  0.06    0.00    0.37 ^ _311_/B1 (sky130_fd_sc_hd__a21o_2)
                  0.02    0.08    0.45 ^ _311_/X (sky130_fd_sc_hd__a21o_2)
     1    0.00                           _017_ (net)
                  0.02    0.00    0.45 ^ _437_/D (sky130_fd_sc_hd__dfrtp_2)
                                  0.45   data arrival time

                  0.15    0.00    0.00   clock clk (rise edge)
                          0.00    0.00   clock network delay (ideal)
                          0.25    0.25   clock uncertainty
                          0.00    0.25   clock reconvergence pessimism
                                  0.25 ^ _437_/CLK (sky130_fd_sc_hd__dfrtp_2)
                         -0.02    0.23   library hold time
                                  0.23   data required time
-----------------------------------------------------------------------------
                                  0.23   data required time
                                 -0.45   data arrival time
-----------------------------------------------------------------------------
                                  0.21   slack (MET)


Startpoint: _443_ (rising edge-triggered flip-flop clocked by clk)
Endpoint: _443_ (rising edge-triggered flip-flop clocked by clk)
Path Group: clk
Path Type: min

Fanout     Cap    Slew   Delay    Time   Description
-----------------------------------------------------------------------------
                  0.15    0.00    0.00   clock clk (rise edge)
                          0.00    0.00   clock network delay (ideal)
                  0.15    0.00    0.00 ^ _443_/CLK (sky130_fd_sc_hd__dfrtp_2)
                  0.06    0.37    0.37 ^ _443_/Q (sky130_fd_sc_hd__dfrtp_2)
     2    0.01                           u_am3.max[2] (net)
                  0.06    0.00    0.37 ^ _328_/B1 (sky130_fd_sc_hd__a21o_2)
                  0.02    0.08    0.45 ^ _328_/X (sky130_fd_sc_hd__a21o_2)
     1    0.00                           _023_ (net)
                  0.02    0.00    0.45 ^ _443_/D (sky130_fd_sc_hd__dfrtp_2)
                                  0.45   data arrival time

                  0.15    0.00    0.00   clock clk (rise edge)
                          0.00    0.00   clock network delay (ideal)
                          0.25    0.25   clock uncertainty
                          0.00    0.25   clock reconvergence pessimism
                                  0.25 ^ _443_/CLK (sky130_fd_sc_hd__dfrtp_2)
                         -0.02    0.23   library hold time
                                  0.23   data required time
-----------------------------------------------------------------------------
                                  0.23   data required time
                                 -0.45   data arrival time
-----------------------------------------------------------------------------
                                  0.21   slack (MET)


Startpoint: _449_ (rising edge-triggered flip-flop clocked by clk)
Endpoint: _449_ (rising edge-triggered flip-flop clocked by clk)
Path Group: clk
Path Type: min

Fanout     Cap    Slew   Delay    Time   Description
-----------------------------------------------------------------------------
                  0.15    0.00    0.00   clock clk (rise edge)
                          0.00    0.00   clock network delay (ideal)
                  0.15    0.00    0.00 ^ _449_/CLK (sky130_fd_sc_hd__dfrtp_2)
                  0.06    0.37    0.37 ^ _449_/Q (sky130_fd_sc_hd__dfrtp_2)
     2    0.01                           u_am4.max[2] (net)
                  0.06    0.00    0.37 ^ _339_/B1 (sky130_fd_sc_hd__a21o_2)
                  0.02    0.08    0.45 ^ _339_/X (sky130_fd_sc_hd__a21o_2)
     1    0.00                           _029_ (net)
                  0.02    0.00    0.45 ^ _449_/D (sky130_fd_sc_hd__dfrtp_2)
                                  0.45   data arrival time

                  0.15    0.00    0.00   clock clk (rise edge)
                          0.00    0.00   clock network delay (ideal)
                          0.25    0.25   clock uncertainty
                          0.00    0.25   clock reconvergence pessimism
                                  0.25 ^ _449_/CLK (sky130_fd_sc_hd__dfrtp_2)
                         -0.02    0.23   library hold time
                                  0.23   data required time
-----------------------------------------------------------------------------
                                  0.23   data required time
                                 -0.45   data arrival time
-----------------------------------------------------------------------------
                                  0.21   slack (MET)


Startpoint: _479_ (rising edge-triggered flip-flop clocked by clk)
Endpoint: _479_ (rising edge-triggered flip-flop clocked by clk)
Path Group: clk
Path Type: min

Fanout     Cap    Slew   Delay    Time   Description
-----------------------------------------------------------------------------
                  0.15    0.00    0.00   clock clk (rise edge)
                          0.00    0.00   clock network delay (ideal)
                  0.15    0.00    0.00 ^ _479_/CLK (sky130_fd_sc_hd__dfrtp_2)
                  0.07    0.38    0.38 ^ _479_/Q (sky130_fd_sc_hd__dfrtp_2)
     3    0.01                           u_sort.valid_reg[0] (net)
                  0.07    0.00    0.38 ^ _404_/B1 (sky130_fd_sc_hd__o21ai_2)
                  0.03    0.05    0.44 v _404_/Y (sky130_fd_sc_hd__o21ai_2)
     1    0.00                           _201_ (net)
                  0.03    0.00    0.44 v _405_/B (sky130_fd_sc_hd__nand2_2)
                  0.03    0.04    0.48 ^ _405_/Y (sky130_fd_sc_hd__nand2_2)
     1    0.00                           _057_ (net)
                  0.03    0.00    0.48 ^ _479_/D (sky130_fd_sc_hd__dfrtp_2)
                                  0.48   data arrival time

                  0.15    0.00    0.00   clock clk (rise edge)
                          0.00    0.00   clock network delay (ideal)
                          0.25    0.25   clock uncertainty
                          0.00    0.25   clock reconvergence pessimism
                                  0.25 ^ _479_/CLK (sky130_fd_sc_hd__dfrtp_2)
                         -0.02    0.23   library hold time
                                  0.23   data required time
-----------------------------------------------------------------------------
                                  0.23   data required time
                                 -0.48   data arrival time
-----------------------------------------------------------------------------
                                  0.25   slack (MET)


Startpoint: _480_ (rising edge-triggered flip-flop clocked by clk)
Endpoint: _480_ (rising edge-triggered flip-flop clocked by clk)
Path Group: clk
Path Type: min

Fanout     Cap    Slew   Delay    Time   Description
-----------------------------------------------------------------------------
                  0.15    0.00    0.00   clock clk (rise edge)
                          0.00    0.00   clock network delay (ideal)
                  0.15    0.00    0.00 ^ _480_/CLK (sky130_fd_sc_hd__dfrtp_2)
                  0.08    0.39    0.39 ^ _480_/Q (sky130_fd_sc_hd__dfrtp_2)
     3    0.01                           u_sort.valid_reg[1] (net)
                  0.08    0.00    0.39 ^ _406_/B1 (sky130_fd_sc_hd__o21ai_2)
                  0.03    0.05    0.44 v _406_/Y (sky130_fd_sc_hd__o21ai_2)
     1    0.00                           _202_ (net)
                  0.03    0.00    0.44 v _407_/B (sky130_fd_sc_hd__nand2_2)
                  0.03    0.05    0.49 ^ _407_/Y (sky130_fd_sc_hd__nand2_2)
     1    0.00                           _058_ (net)
                  0.03    0.00    0.49 ^ _480_/D (sky130_fd_sc_hd__dfrtp_2)
                                  0.49   data arrival time

                  0.15    0.00    0.00   clock clk (rise edge)
                          0.00    0.00   clock network delay (ideal)
                          0.25    0.25   clock uncertainty
                          0.00    0.25   clock reconvergence pessimism
                                  0.25 ^ _480_/CLK (sky130_fd_sc_hd__dfrtp_2)
                         -0.02    0.23   library hold time
                                  0.23   data required time
-----------------------------------------------------------------------------
                                  0.23   data required time
                                 -0.49   data arrival time
-----------------------------------------------------------------------------
                                  0.26   slack (MET)


Startpoint: _484_ (rising edge-triggered flip-flop clocked by clk)
Endpoint: _484_ (rising edge-triggered flip-flop clocked by clk)
Path Group: clk
Path Type: min

Fanout     Cap    Slew   Delay    Time   Description
-----------------------------------------------------------------------------
                  0.15    0.00    0.00   clock clk (rise edge)
                          0.00    0.00   clock network delay (ideal)
                  0.15    0.00    0.00 ^ _484_/CLK (sky130_fd_sc_hd__dfrtp_2)
                  0.13    0.43    0.43 ^ _484_/Q (sky130_fd_sc_hd__dfrtp_2)
     8    0.02                           u_am0.i_index[0] (net)
                  0.13    0.00    0.43 ^ _417_/B (sky130_fd_sc_hd__xor2_2)
                  0.03    0.07    0.49 v _417_/X (sky130_fd_sc_hd__xor2_2)
     1    0.00                           _062_ (net)
                  0.03    0.00    0.49 v _484_/D (sky130_fd_sc_hd__dfrtp_2)
                                  0.49   data arrival time

                  0.15    0.00    0.00   clock clk (rise edge)
                          0.00    0.00   clock network delay (ideal)
                          0.25    0.25   clock uncertainty
                          0.00    0.25   clock reconvergence pessimism
                                  0.25 ^ _484_/CLK (sky130_fd_sc_hd__dfrtp_2)
                         -0.01    0.24   library hold time
                                  0.24   data required time
-----------------------------------------------------------------------------
                                  0.24   data required time
                                 -0.49   data arrival time
-----------------------------------------------------------------------------
                                  0.26   slack (MET)


Startpoint: _485_ (rising edge-triggered flip-flop clocked by clk)
Endpoint: _485_ (rising edge-triggered flip-flop clocked by clk)
Path Group: clk
Path Type: min

Fanout     Cap    Slew   Delay    Time   Description
-----------------------------------------------------------------------------
                  0.15    0.00    0.00   clock clk (rise edge)
                          0.00    0.00   clock network delay (ideal)
                  0.15    0.00    0.00 ^ _485_/CLK (sky130_fd_sc_hd__dfrtp_2)
                  0.09    0.40    0.40 ^ _485_/Q (sky130_fd_sc_hd__dfrtp_2)
     7    0.02                           u_am0.i_index[1] (net)
                  0.09    0.00    0.40 ^ _418_/B1 (sky130_fd_sc_hd__a21oi_2)
                  0.03    0.04    0.44 v _418_/Y (sky130_fd_sc_hd__a21oi_2)
     1    0.00                           _209_ (net)
                  0.03    0.00    0.44 v _419_/B (sky130_fd_sc_hd__nor2_2)
                  0.05    0.06    0.49 ^ _419_/Y (sky130_fd_sc_hd__nor2_2)
     1    0.00                           _063_ (net)
                  0.05    0.00    0.49 ^ _485_/D (sky130_fd_sc_hd__dfrtp_2)
                                  0.49   data arrival time

                  0.15    0.00    0.00   clock clk (rise edge)
                          0.00    0.00   clock network delay (ideal)
                          0.25    0.25   clock uncertainty
                          0.00    0.25   clock reconvergence pessimism
                                  0.25 ^ _485_/CLK (sky130_fd_sc_hd__dfrtp_2)
                         -0.02    0.23   library hold time
                                  0.23   data required time
-----------------------------------------------------------------------------
                                  0.23   data required time
                                 -0.49   data arrival time
-----------------------------------------------------------------------------
                                  0.27   slack (MET)


Startpoint: _486_ (rising edge-triggered flip-flop clocked by clk)
Endpoint: _486_ (rising edge-triggered flip-flop clocked by clk)
Path Group: clk
Path Type: min

Fanout     Cap    Slew   Delay    Time   Description
-----------------------------------------------------------------------------
                  0.15    0.00    0.00   clock clk (rise edge)
                          0.00    0.00   clock network delay (ideal)
                  0.15    0.00    0.00 ^ _486_/CLK (sky130_fd_sc_hd__dfrtp_2)
                  0.09    0.40    0.40 ^ _486_/Q (sky130_fd_sc_hd__dfrtp_2)
     7    0.02                           u_am0.i_index[2] (net)
                  0.09    0.00    0.40 ^ _420_/A (sky130_fd_sc_hd__nor2_2)
                  0.03    0.05    0.45 v _420_/Y (sky130_fd_sc_hd__nor2_2)
     1    0.00                           _210_ (net)
                  0.03    0.00    0.45 v _421_/B (sky130_fd_sc_hd__nor2_2)
                  0.05    0.05    0.50 ^ _421_/Y (sky130_fd_sc_hd__nor2_2)
     1    0.00                           _064_ (net)
                  0.05    0.00    0.50 ^ _486_/D (sky130_fd_sc_hd__dfrtp_2)
                                  0.50   data arrival time

                  0.15    0.00    0.00   clock clk (rise edge)
                          0.00    0.00   clock network delay (ideal)
                          0.25    0.25   clock uncertainty
                          0.00    0.25   clock reconvergence pessimism
                                  0.25 ^ _486_/CLK (sky130_fd_sc_hd__dfrtp_2)
                         -0.02    0.23   library hold time
                                  0.23   data required time
-----------------------------------------------------------------------------
                                  0.23   data required time
                                 -0.50   data arrival time
-----------------------------------------------------------------------------
                                  0.27   slack (MET)


Startpoint: _423_ (rising edge-triggered flip-flop clocked by clk)
Endpoint: _423_ (rising edge-triggered flip-flop clocked by clk)
Path Group: clk
Path Type: min

Fanout     Cap    Slew   Delay    Time   Description
-----------------------------------------------------------------------------
                  0.15    0.00    0.00   clock clk (rise edge)
                          0.00    0.00   clock network delay (ideal)
                  0.15    0.00    0.00 ^ _423_/CLK (sky130_fd_sc_hd__dfrtp_2)
                  0.04    0.35    0.35 ^ _423_/Q (sky130_fd_sc_hd__dfrtp_2)
     2    0.00                           u_am4.b_i[0] (net)
                  0.04    0.00    0.35 ^ _267_/A0 (sky130_fd_sc_hd__mux2_2)
                  0.03    0.12    0.48 ^ _267_/X (sky130_fd_sc_hd__mux2_2)
     1    0.00                           _118_ (net)
                  0.03    0.00    0.48 ^ _268_/A (sky130_fd_sc_hd__buf_1)
                  0.04    0.07    0.54 ^ _268_/X (sky130_fd_sc_hd__buf_1)
     1    0.00                           _003_ (net)
                  0.04    0.00    0.54 ^ _423_/D (sky130_fd_sc_hd__dfrtp_2)
                                  0.54   data arrival time

                  0.15    0.00    0.00   clock clk (rise edge)
                          0.00    0.00   clock network delay (ideal)
                          0.25    0.25   clock uncertainty
                          0.00    0.25   clock reconvergence pessimism
                                  0.25 ^ _423_/CLK (sky130_fd_sc_hd__dfrtp_2)
                         -0.02    0.23   library hold time
                                  0.23   data required time
-----------------------------------------------------------------------------
                                  0.23   data required time
                                 -0.54   data arrival time
-----------------------------------------------------------------------------
                                  0.31   slack (MET)


Startpoint: _424_ (rising edge-triggered flip-flop clocked by clk)
Endpoint: _424_ (rising edge-triggered flip-flop clocked by clk)
Path Group: clk
Path Type: min

Fanout     Cap    Slew   Delay    Time   Description
-----------------------------------------------------------------------------
                  0.15    0.00    0.00   clock clk (rise edge)
                          0.00    0.00   clock network delay (ideal)
                  0.15    0.00    0.00 ^ _424_/CLK (sky130_fd_sc_hd__dfrtp_2)
                  0.04    0.35    0.35 ^ _424_/Q (sky130_fd_sc_hd__dfrtp_2)
     2    0.00                           u_am4.b_i[1] (net)
                  0.04    0.00    0.35 ^ _269_/A0 (sky130_fd_sc_hd__mux2_2)
                  0.03    0.12    0.48 ^ _269_/X (sky130_fd_sc_hd__mux2_2)
     1    0.00                           _119_ (net)
                  0.03    0.00    0.48 ^ _270_/A (sky130_fd_sc_hd__buf_1)
                  0.04    0.07    0.54 ^ _270_/X (sky130_fd_sc_hd__buf_1)
     1    0.00                           _004_ (net)
                  0.04    0.00    0.54 ^ _424_/D (sky130_fd_sc_hd__dfrtp_2)
                                  0.54   data arrival time

                  0.15    0.00    0.00   clock clk (rise edge)
                          0.00    0.00   clock network delay (ideal)
                          0.25    0.25   clock uncertainty
                          0.00    0.25   clock reconvergence pessimism
                                  0.25 ^ _424_/CLK (sky130_fd_sc_hd__dfrtp_2)
                         -0.02    0.23   library hold time
                                  0.23   data required time
-----------------------------------------------------------------------------
                                  0.23   data required time
                                 -0.54   data arrival time
-----------------------------------------------------------------------------
                                  0.31   slack (MET)


Startpoint: _425_ (rising edge-triggered flip-flop clocked by clk)
Endpoint: _425_ (rising edge-triggered flip-flop clocked by clk)
Path Group: clk
Path Type: min

Fanout     Cap    Slew   Delay    Time   Description
-----------------------------------------------------------------------------
                  0.15    0.00    0.00   clock clk (rise edge)
                          0.00    0.00   clock network delay (ideal)
                  0.15    0.00    0.00 ^ _425_/CLK (sky130_fd_sc_hd__dfrtp_2)
                  0.04    0.35    0.35 ^ _425_/Q (sky130_fd_sc_hd__dfrtp_2)
     2    0.00                           u_am4.b_i[2] (net)
                  0.04    0.00    0.35 ^ _271_/A0 (sky130_fd_sc_hd__mux2_2)
                  0.03    0.12    0.48 ^ _271_/X (sky130_fd_sc_hd__mux2_2)
     1    0.00                           _120_ (net)
                  0.03    0.00    0.48 ^ _272_/A (sky130_fd_sc_hd__buf_1)
                  0.04    0.07    0.54 ^ _272_/X (sky130_fd_sc_hd__buf_1)
     1    0.00                           _005_ (net)
                  0.04    0.00    0.54 ^ _425_/D (sky130_fd_sc_hd__dfrtp_2)
                                  0.54   data arrival time

                  0.15    0.00    0.00   clock clk (rise edge)
                          0.00    0.00   clock network delay (ideal)
                          0.25    0.25   clock uncertainty
                          0.00    0.25   clock reconvergence pessimism
                                  0.25 ^ _425_/CLK (sky130_fd_sc_hd__dfrtp_2)
                         -0.02    0.23   library hold time
                                  0.23   data required time
-----------------------------------------------------------------------------
                                  0.23   data required time
                                 -0.54   data arrival time
-----------------------------------------------------------------------------
                                  0.31   slack (MET)


Startpoint: _432_ (rising edge-triggered flip-flop clocked by clk)
Endpoint: _432_ (rising edge-triggered flip-flop clocked by clk)
Path Group: clk
Path Type: min

Fanout     Cap    Slew   Delay    Time   Description
-----------------------------------------------------------------------------
                  0.15    0.00    0.00   clock clk (rise edge)
                          0.00    0.00   clock network delay (ideal)
                  0.15    0.00    0.00 ^ _432_/CLK (sky130_fd_sc_hd__dfrtp_2)
                  0.04    0.35    0.35 ^ _432_/Q (sky130_fd_sc_hd__dfrtp_2)
     2    0.00                           u_am0.b_i[0] (net)
                  0.04    0.00    0.35 ^ _295_/A0 (sky130_fd_sc_hd__mux2_2)
                  0.03    0.12    0.48 ^ _295_/X (sky130_fd_sc_hd__mux2_2)
     1    0.00                           _137_ (net)
                  0.03    0.00    0.48 ^ _296_/A (sky130_fd_sc_hd__buf_1)
                  0.04    0.07    0.54 ^ _296_/X (sky130_fd_sc_hd__buf_1)
     1    0.00                           _012_ (net)
                  0.04    0.00    0.54 ^ _432_/D (sky130_fd_sc_hd__dfrtp_2)
                                  0.54   data arrival time

                  0.15    0.00    0.00   clock clk (rise edge)
                          0.00    0.00   clock network delay (ideal)
                          0.25    0.25   clock uncertainty
                          0.00    0.25   clock reconvergence pessimism
                                  0.25 ^ _432_/CLK (sky130_fd_sc_hd__dfrtp_2)
                         -0.02    0.23   library hold time
                                  0.23   data required time
-----------------------------------------------------------------------------
                                  0.23   data required time
                                 -0.54   data arrival time
-----------------------------------------------------------------------------
                                  0.31   slack (MET)


Startpoint: _433_ (rising edge-triggered flip-flop clocked by clk)
Endpoint: _433_ (rising edge-triggered flip-flop clocked by clk)
Path Group: clk
Path Type: min

Fanout     Cap    Slew   Delay    Time   Description
-----------------------------------------------------------------------------
                  0.15    0.00    0.00   clock clk (rise edge)
                          0.00    0.00   clock network delay (ideal)
                  0.15    0.00    0.00 ^ _433_/CLK (sky130_fd_sc_hd__dfrtp_2)
                  0.04    0.35    0.35 ^ _433_/Q (sky130_fd_sc_hd__dfrtp_2)
     2    0.00                           u_am0.b_i[1] (net)
                  0.04    0.00    0.35 ^ _297_/A0 (sky130_fd_sc_hd__mux2_2)
                  0.03    0.12    0.48 ^ _297_/X (sky130_fd_sc_hd__mux2_2)
     1    0.00                           _138_ (net)
                  0.03    0.00    0.48 ^ _298_/A (sky130_fd_sc_hd__buf_1)
                  0.04    0.07    0.54 ^ _298_/X (sky130_fd_sc_hd__buf_1)
     1    0.00                           _013_ (net)
                  0.04    0.00    0.54 ^ _433_/D (sky130_fd_sc_hd__dfrtp_2)
                                  0.54   data arrival time

                  0.15    0.00    0.00   clock clk (rise edge)
                          0.00    0.00   clock network delay (ideal)
                          0.25    0.25   clock uncertainty
                          0.00    0.25   clock reconvergence pessimism
                                  0.25 ^ _433_/CLK (sky130_fd_sc_hd__dfrtp_2)
                         -0.02    0.23   library hold time
                                  0.23   data required time
-----------------------------------------------------------------------------
                                  0.23   data required time
                                 -0.54   data arrival time
-----------------------------------------------------------------------------
                                  0.31   slack (MET)


Startpoint: _434_ (rising edge-triggered flip-flop clocked by clk)
Endpoint: _434_ (rising edge-triggered flip-flop clocked by clk)
Path Group: clk
Path Type: min

Fanout     Cap    Slew   Delay    Time   Description
-----------------------------------------------------------------------------
                  0.15    0.00    0.00   clock clk (rise edge)
                          0.00    0.00   clock network delay (ideal)
                  0.15    0.00    0.00 ^ _434_/CLK (sky130_fd_sc_hd__dfrtp_2)
                  0.04    0.35    0.35 ^ _434_/Q (sky130_fd_sc_hd__dfrtp_2)
     2    0.00                           u_am0.b_i[2] (net)
                  0.04    0.00    0.35 ^ _299_/A0 (sky130_fd_sc_hd__mux2_2)
                  0.03    0.12    0.48 ^ _299_/X (sky130_fd_sc_hd__mux2_2)
     1    0.00                           _139_ (net)
                  0.03    0.00    0.48 ^ _300_/A (sky130_fd_sc_hd__buf_1)
                  0.04    0.07    0.54 ^ _300_/X (sky130_fd_sc_hd__buf_1)
     1    0.00                           _014_ (net)
                  0.04    0.00    0.54 ^ _434_/D (sky130_fd_sc_hd__dfrtp_2)
                                  0.54   data arrival time

                  0.15    0.00    0.00   clock clk (rise edge)
                          0.00    0.00   clock network delay (ideal)
                          0.25    0.25   clock uncertainty
                          0.00    0.25   clock reconvergence pessimism
                                  0.25 ^ _434_/CLK (sky130_fd_sc_hd__dfrtp_2)
                         -0.02    0.23   library hold time
                                  0.23   data required time
-----------------------------------------------------------------------------
                                  0.23   data required time
                                 -0.54   data arrival time
-----------------------------------------------------------------------------
                                  0.31   slack (MET)


Startpoint: _438_ (rising edge-triggered flip-flop clocked by clk)
Endpoint: _438_ (rising edge-triggered flip-flop clocked by clk)
Path Group: clk
Path Type: min

Fanout     Cap    Slew   Delay    Time   Description
-----------------------------------------------------------------------------
                  0.15    0.00    0.00   clock clk (rise edge)
                          0.00    0.00   clock network delay (ideal)
                  0.15    0.00    0.00 ^ _438_/CLK (sky130_fd_sc_hd__dfrtp_2)
                  0.04    0.35    0.35 ^ _438_/Q (sky130_fd_sc_hd__dfrtp_2)
     2    0.00                           u_am1.b_i[0] (net)
                  0.04    0.00    0.35 ^ _312_/A0 (sky130_fd_sc_hd__mux2_2)
                  0.03    0.12    0.48 ^ _312_/X (sky130_fd_sc_hd__mux2_2)
     1    0.00                           _148_ (net)
                  0.03    0.00    0.48 ^ _313_/A (sky130_fd_sc_hd__buf_1)
                  0.04    0.07    0.54 ^ _313_/X (sky130_fd_sc_hd__buf_1)
     1    0.00                           _018_ (net)
                  0.04    0.00    0.54 ^ _438_/D (sky130_fd_sc_hd__dfrtp_2)
                                  0.54   data arrival time

                  0.15    0.00    0.00   clock clk (rise edge)
                          0.00    0.00   clock network delay (ideal)
                          0.25    0.25   clock uncertainty
                          0.00    0.25   clock reconvergence pessimism
                                  0.25 ^ _438_/CLK (sky130_fd_sc_hd__dfrtp_2)
                         -0.02    0.23   library hold time
                                  0.23   data required time
-----------------------------------------------------------------------------
                                  0.23   data required time
                                 -0.54   data arrival time
-----------------------------------------------------------------------------
                                  0.31   slack (MET)


Startpoint: _439_ (rising edge-triggered flip-flop clocked by clk)
Endpoint: _439_ (rising edge-triggered flip-flop clocked by clk)
Path Group: clk
Path Type: min

Fanout     Cap    Slew   Delay    Time   Description
-----------------------------------------------------------------------------
                  0.15    0.00    0.00   clock clk (rise edge)
                          0.00    0.00   clock network delay (ideal)
                  0.15    0.00    0.00 ^ _439_/CLK (sky130_fd_sc_hd__dfrtp_2)
                  0.04    0.35    0.35 ^ _439_/Q (sky130_fd_sc_hd__dfrtp_2)
     2    0.00                           u_am1.b_i[1] (net)
                  0.04    0.00    0.35 ^ _314_/A0 (sky130_fd_sc_hd__mux2_2)
                  0.03    0.12    0.48 ^ _314_/X (sky130_fd_sc_hd__mux2_2)
     1    0.00                           _149_ (net)
                  0.03    0.00    0.48 ^ _315_/A (sky130_fd_sc_hd__buf_1)
                  0.04    0.07    0.54 ^ _315_/X (sky130_fd_sc_hd__buf_1)
     1    0.00                           _019_ (net)
                  0.04    0.00    0.54 ^ _439_/D (sky130_fd_sc_hd__dfrtp_2)
                                  0.54   data arrival time

                  0.15    0.00    0.00   clock clk (rise edge)
                          0.00    0.00   clock network delay (ideal)
                          0.25    0.25   clock uncertainty
                          0.00    0.25   clock reconvergence pessimism
                                  0.25 ^ _439_/CLK (sky130_fd_sc_hd__dfrtp_2)
                         -0.02    0.23   library hold time
                                  0.23   data required time
-----------------------------------------------------------------------------
                                  0.23   data required time
                                 -0.54   data arrival time
-----------------------------------------------------------------------------
                                  0.31   slack (MET)


Startpoint: _440_ (rising edge-triggered flip-flop clocked by clk)
Endpoint: _440_ (rising edge-triggered flip-flop clocked by clk)
Path Group: clk
Path Type: min

Fanout     Cap    Slew   Delay    Time   Description
-----------------------------------------------------------------------------
                  0.15    0.00    0.00   clock clk (rise edge)
                          0.00    0.00   clock network delay (ideal)
                  0.15    0.00    0.00 ^ _440_/CLK (sky130_fd_sc_hd__dfrtp_2)
                  0.04    0.35    0.35 ^ _440_/Q (sky130_fd_sc_hd__dfrtp_2)
     2    0.00                           u_am1.b_i[2] (net)
                  0.04    0.00    0.35 ^ _316_/A0 (sky130_fd_sc_hd__mux2_2)
                  0.03    0.12    0.48 ^ _316_/X (sky130_fd_sc_hd__mux2_2)
     1    0.00                           _150_ (net)
                  0.03    0.00    0.48 ^ _317_/A (sky130_fd_sc_hd__buf_1)
                  0.04    0.07    0.54 ^ _317_/X (sky130_fd_sc_hd__buf_1)
     1    0.00                           _020_ (net)
                  0.04    0.00    0.54 ^ _440_/D (sky130_fd_sc_hd__dfrtp_2)
                                  0.54   data arrival time

                  0.15    0.00    0.00   clock clk (rise edge)
                          0.00    0.00   clock network delay (ideal)
                          0.25    0.25   clock uncertainty
                          0.00    0.25   clock reconvergence pessimism
                                  0.25 ^ _440_/CLK (sky130_fd_sc_hd__dfrtp_2)
                         -0.02    0.23   library hold time
                                  0.23   data required time
-----------------------------------------------------------------------------
                                  0.23   data required time
                                 -0.54   data arrival time
-----------------------------------------------------------------------------
                                  0.31   slack (MET)


Startpoint: _444_ (rising edge-triggered flip-flop clocked by clk)
Endpoint: _444_ (rising edge-triggered flip-flop clocked by clk)
Path Group: clk
Path Type: min

Fanout     Cap    Slew   Delay    Time   Description
-----------------------------------------------------------------------------
                  0.15    0.00    0.00   clock clk (rise edge)
                          0.00    0.00   clock network delay (ideal)
                  0.15    0.00    0.00 ^ _444_/CLK (sky130_fd_sc_hd__dfrtp_2)
                  0.04    0.35    0.35 ^ _444_/Q (sky130_fd_sc_hd__dfrtp_2)
     2    0.00                           u_am2.b_i[0] (net)
                  0.04    0.00    0.35 ^ _329_/A0 (sky130_fd_sc_hd__mux2_2)
                  0.03    0.12    0.48 ^ _329_/X (sky130_fd_sc_hd__mux2_2)
     1    0.00                           _159_ (net)
                  0.03    0.00    0.48 ^ _330_/A (sky130_fd_sc_hd__buf_1)
                  0.04    0.07    0.54 ^ _330_/X (sky130_fd_sc_hd__buf_1)
     1    0.00                           _024_ (net)
                  0.04    0.00    0.54 ^ _444_/D (sky130_fd_sc_hd__dfrtp_2)
                                  0.54   data arrival time

                  0.15    0.00    0.00   clock clk (rise edge)
                          0.00    0.00   clock network delay (ideal)
                          0.25    0.25   clock uncertainty
                          0.00    0.25   clock reconvergence pessimism
                                  0.25 ^ _444_/CLK (sky130_fd_sc_hd__dfrtp_2)
                         -0.02    0.23   library hold time
                                  0.23   data required time
-----------------------------------------------------------------------------
                                  0.23   data required time
                                 -0.54   data arrival time
-----------------------------------------------------------------------------
                                  0.31   slack (MET)


Startpoint: _445_ (rising edge-triggered flip-flop clocked by clk)
Endpoint: _445_ (rising edge-triggered flip-flop clocked by clk)
Path Group: clk
Path Type: min

Fanout     Cap    Slew   Delay    Time   Description
-----------------------------------------------------------------------------
                  0.15    0.00    0.00   clock clk (rise edge)
                          0.00    0.00   clock network delay (ideal)
                  0.15    0.00    0.00 ^ _445_/CLK (sky130_fd_sc_hd__dfrtp_2)
                  0.04    0.35    0.35 ^ _445_/Q (sky130_fd_sc_hd__dfrtp_2)
     2    0.00                           u_am2.b_i[1] (net)
                  0.04    0.00    0.35 ^ _331_/A0 (sky130_fd_sc_hd__mux2_2)
                  0.03    0.12    0.48 ^ _331_/X (sky130_fd_sc_hd__mux2_2)
     1    0.00                           _160_ (net)
                  0.03    0.00    0.48 ^ _332_/A (sky130_fd_sc_hd__buf_1)
                  0.04    0.07    0.54 ^ _332_/X (sky130_fd_sc_hd__buf_1)
     1    0.00                           _025_ (net)
                  0.04    0.00    0.54 ^ _445_/D (sky130_fd_sc_hd__dfrtp_2)
                                  0.54   data arrival time

                  0.15    0.00    0.00   clock clk (rise edge)
                          0.00    0.00   clock network delay (ideal)
                          0.25    0.25   clock uncertainty
                          0.00    0.25   clock reconvergence pessimism
                                  0.25 ^ _445_/CLK (sky130_fd_sc_hd__dfrtp_2)
                         -0.02    0.23   library hold time
                                  0.23   data required time
-----------------------------------------------------------------------------
                                  0.23   data required time
                                 -0.54   data arrival time
-----------------------------------------------------------------------------
                                  0.31   slack (MET)


Startpoint: _446_ (rising edge-triggered flip-flop clocked by clk)
Endpoint: _446_ (rising edge-triggered flip-flop clocked by clk)
Path Group: clk
Path Type: min

Fanout     Cap    Slew   Delay    Time   Description
-----------------------------------------------------------------------------
                  0.15    0.00    0.00   clock clk (rise edge)
                          0.00    0.00   clock network delay (ideal)
                  0.15    0.00    0.00 ^ _446_/CLK (sky130_fd_sc_hd__dfrtp_2)
                  0.04    0.35    0.35 ^ _446_/Q (sky130_fd_sc_hd__dfrtp_2)
     2    0.00                           u_am2.b_i[2] (net)
                  0.04    0.00    0.35 ^ _333_/A0 (sky130_fd_sc_hd__mux2_2)
                  0.03    0.12    0.48 ^ _333_/X (sky130_fd_sc_hd__mux2_2)
     1    0.00                           _161_ (net)
                  0.03    0.00    0.48 ^ _334_/A (sky130_fd_sc_hd__buf_1)
                  0.04    0.07    0.54 ^ _334_/X (sky130_fd_sc_hd__buf_1)
     1    0.00                           _026_ (net)
                  0.04    0.00    0.54 ^ _446_/D (sky130_fd_sc_hd__dfrtp_2)
                                  0.54   data arrival time

                  0.15    0.00    0.00   clock clk (rise edge)
                          0.00    0.00   clock network delay (ideal)
                          0.25    0.25   clock uncertainty
                          0.00    0.25   clock reconvergence pessimism
                                  0.25 ^ _446_/CLK (sky130_fd_sc_hd__dfrtp_2)
                         -0.02    0.23   library hold time
                                  0.23   data required time
-----------------------------------------------------------------------------
                                  0.23   data required time
                                 -0.54   data arrival time
-----------------------------------------------------------------------------
                                  0.31   slack (MET)


Startpoint: _450_ (rising edge-triggered flip-flop clocked by clk)
Endpoint: _450_ (rising edge-triggered flip-flop clocked by clk)
Path Group: clk
Path Type: min

Fanout     Cap    Slew   Delay    Time   Description
-----------------------------------------------------------------------------
                  0.15    0.00    0.00   clock clk (rise edge)
                          0.00    0.00   clock network delay (ideal)
                  0.15    0.00    0.00 ^ _450_/CLK (sky130_fd_sc_hd__dfrtp_2)
                  0.04    0.35    0.35 ^ _450_/Q (sky130_fd_sc_hd__dfrtp_2)
     2    0.00                           u_am3.b_i[0] (net)
                  0.04    0.00    0.35 ^ _340_/A0 (sky130_fd_sc_hd__mux2_2)
                  0.03    0.12    0.48 ^ _340_/X (sky130_fd_sc_hd__mux2_2)
     1    0.00                           _164_ (net)
                  0.03    0.00    0.48 ^ _341_/A (sky130_fd_sc_hd__buf_1)
                  0.04    0.07    0.54 ^ _341_/X (sky130_fd_sc_hd__buf_1)
     1    0.00                           _030_ (net)
                  0.04    0.00    0.54 ^ _450_/D (sky130_fd_sc_hd__dfrtp_2)
                                  0.54   data arrival time

                  0.15    0.00    0.00   clock clk (rise edge)
                          0.00    0.00   clock network delay (ideal)
                          0.25    0.25   clock uncertainty
                          0.00    0.25   clock reconvergence pessimism
                                  0.25 ^ _450_/CLK (sky130_fd_sc_hd__dfrtp_2)
                         -0.02    0.23   library hold time
                                  0.23   data required time
-----------------------------------------------------------------------------
                                  0.23   data required time
                                 -0.54   data arrival time
-----------------------------------------------------------------------------
                                  0.31   slack (MET)


Startpoint: _451_ (rising edge-triggered flip-flop clocked by clk)
Endpoint: _451_ (rising edge-triggered flip-flop clocked by clk)
Path Group: clk
Path Type: min

Fanout     Cap    Slew   Delay    Time   Description
-----------------------------------------------------------------------------
                  0.15    0.00    0.00   clock clk (rise edge)
                          0.00    0.00   clock network delay (ideal)
                  0.15    0.00    0.00 ^ _451_/CLK (sky130_fd_sc_hd__dfrtp_2)
                  0.04    0.35    0.35 ^ _451_/Q (sky130_fd_sc_hd__dfrtp_2)
     2    0.00                           u_am3.b_i[1] (net)
                  0.04    0.00    0.35 ^ _342_/A0 (sky130_fd_sc_hd__mux2_2)
                  0.03    0.12    0.48 ^ _342_/X (sky130_fd_sc_hd__mux2_2)
     1    0.00                           _165_ (net)
                  0.03    0.00    0.48 ^ _343_/A (sky130_fd_sc_hd__buf_1)
                  0.04    0.07    0.54 ^ _343_/X (sky130_fd_sc_hd__buf_1)
     1    0.00                           _031_ (net)
                  0.04    0.00    0.54 ^ _451_/D (sky130_fd_sc_hd__dfrtp_2)
                                  0.54   data arrival time

                  0.15    0.00    0.00   clock clk (rise edge)
                          0.00    0.00   clock network delay (ideal)
                          0.25    0.25   clock uncertainty
                          0.00    0.25   clock reconvergence pessimism
                                  0.25 ^ _451_/CLK (sky130_fd_sc_hd__dfrtp_2)
                         -0.02    0.23   library hold time
                                  0.23   data required time
-----------------------------------------------------------------------------
                                  0.23   data required time
                                 -0.54   data arrival time
-----------------------------------------------------------------------------
                                  0.31   slack (MET)


Startpoint: _452_ (rising edge-triggered flip-flop clocked by clk)
Endpoint: _452_ (rising edge-triggered flip-flop clocked by clk)
Path Group: clk
Path Type: min

Fanout     Cap    Slew   Delay    Time   Description
-----------------------------------------------------------------------------
                  0.15    0.00    0.00   clock clk (rise edge)
                          0.00    0.00   clock network delay (ideal)
                  0.15    0.00    0.00 ^ _452_/CLK (sky130_fd_sc_hd__dfrtp_2)
                  0.04    0.35    0.35 ^ _452_/Q (sky130_fd_sc_hd__dfrtp_2)
     2    0.00                           u_am3.b_i[2] (net)
                  0.04    0.00    0.35 ^ _344_/A0 (sky130_fd_sc_hd__mux2_2)
                  0.03    0.12    0.48 ^ _344_/X (sky130_fd_sc_hd__mux2_2)
     1    0.00                           _166_ (net)
                  0.03    0.00    0.48 ^ _345_/A (sky130_fd_sc_hd__buf_1)
                  0.04    0.07    0.54 ^ _345_/X (sky130_fd_sc_hd__buf_1)
     1    0.00                           _032_ (net)
                  0.04    0.00    0.54 ^ _452_/D (sky130_fd_sc_hd__dfrtp_2)
                                  0.54   data arrival time

                  0.15    0.00    0.00   clock clk (rise edge)
                          0.00    0.00   clock network delay (ideal)
                          0.25    0.25   clock uncertainty
                          0.00    0.25   clock reconvergence pessimism
                                  0.25 ^ _452_/CLK (sky130_fd_sc_hd__dfrtp_2)
                         -0.02    0.23   library hold time
                                  0.23   data required time
-----------------------------------------------------------------------------
                                  0.23   data required time
                                 -0.54   data arrival time
-----------------------------------------------------------------------------
                                  0.31   slack (MET)


Startpoint: _423_ (rising edge-triggered flip-flop clocked by clk)
Endpoint: _453_ (rising edge-triggered flip-flop clocked by clk)
Path Group: clk
Path Type: min

Fanout     Cap    Slew   Delay    Time   Description
-----------------------------------------------------------------------------
                  0.15    0.00    0.00   clock clk (rise edge)
                          0.00    0.00   clock network delay (ideal)
                  0.15    0.00    0.00 ^ _423_/CLK (sky130_fd_sc_hd__dfrtp_2)
                  0.04    0.35    0.35 ^ _423_/Q (sky130_fd_sc_hd__dfrtp_2)
     2    0.00                           u_am4.b_i[0] (net)
                  0.04    0.00    0.35 ^ _346_/A1 (sky130_fd_sc_hd__mux2_2)
                  0.03    0.12    0.48 ^ _346_/X (sky130_fd_sc_hd__mux2_2)
     1    0.00                           _167_ (net)
                  0.03    0.00    0.48 ^ _347_/A (sky130_fd_sc_hd__buf_1)
                  0.04    0.07    0.54 ^ _347_/X (sky130_fd_sc_hd__buf_1)
     1    0.00                           _033_ (net)
                  0.04    0.00    0.54 ^ _453_/D (sky130_fd_sc_hd__dfrtp_2)
                                  0.54   data arrival time

                  0.15    0.00    0.00   clock clk (rise edge)
                          0.00    0.00   clock network delay (ideal)
                          0.25    0.25   clock uncertainty
                          0.00    0.25   clock reconvergence pessimism
                                  0.25 ^ _453_/CLK (sky130_fd_sc_hd__dfrtp_2)
                         -0.02    0.23   library hold time
                                  0.23   data required time
-----------------------------------------------------------------------------
                                  0.23   data required time
                                 -0.54   data arrival time
-----------------------------------------------------------------------------
                                  0.31   slack (MET)


Startpoint: _424_ (rising edge-triggered flip-flop clocked by clk)
Endpoint: _454_ (rising edge-triggered flip-flop clocked by clk)
Path Group: clk
Path Type: min

Fanout     Cap    Slew   Delay    Time   Description
-----------------------------------------------------------------------------
                  0.15    0.00    0.00   clock clk (rise edge)
                          0.00    0.00   clock network delay (ideal)
                  0.15    0.00    0.00 ^ _424_/CLK (sky130_fd_sc_hd__dfrtp_2)
                  0.04    0.35    0.35 ^ _424_/Q (sky130_fd_sc_hd__dfrtp_2)
     2    0.00                           u_am4.b_i[1] (net)
                  0.04    0.00    0.35 ^ _348_/A1 (sky130_fd_sc_hd__mux2_2)
                  0.03    0.12    0.48 ^ _348_/X (sky130_fd_sc_hd__mux2_2)
     1    0.00                           _168_ (net)
                  0.03    0.00    0.48 ^ _349_/A (sky130_fd_sc_hd__buf_1)
                  0.04    0.07    0.54 ^ _349_/X (sky130_fd_sc_hd__buf_1)
     1    0.00                           _034_ (net)
                  0.04    0.00    0.54 ^ _454_/D (sky130_fd_sc_hd__dfrtp_2)
                                  0.54   data arrival time

                  0.15    0.00    0.00   clock clk (rise edge)
                          0.00    0.00   clock network delay (ideal)
                          0.25    0.25   clock uncertainty
                          0.00    0.25   clock reconvergence pessimism
                                  0.25 ^ _454_/CLK (sky130_fd_sc_hd__dfrtp_2)
                         -0.02    0.23   library hold time
                                  0.23   data required time
-----------------------------------------------------------------------------
                                  0.23   data required time
                                 -0.54   data arrival time
-----------------------------------------------------------------------------
                                  0.31   slack (MET)


Startpoint: _425_ (rising edge-triggered flip-flop clocked by clk)
Endpoint: _455_ (rising edge-triggered flip-flop clocked by clk)
Path Group: clk
Path Type: min

Fanout     Cap    Slew   Delay    Time   Description
-----------------------------------------------------------------------------
                  0.15    0.00    0.00   clock clk (rise edge)
                          0.00    0.00   clock network delay (ideal)
                  0.15    0.00    0.00 ^ _425_/CLK (sky130_fd_sc_hd__dfrtp_2)
                  0.04    0.35    0.35 ^ _425_/Q (sky130_fd_sc_hd__dfrtp_2)
     2    0.00                           u_am4.b_i[2] (net)
                  0.04    0.00    0.35 ^ _350_/A1 (sky130_fd_sc_hd__mux2_2)
                  0.03    0.12    0.48 ^ _350_/X (sky130_fd_sc_hd__mux2_2)
     1    0.00                           _169_ (net)
                  0.03    0.00    0.48 ^ _351_/A (sky130_fd_sc_hd__buf_1)
                  0.04    0.07    0.54 ^ _351_/X (sky130_fd_sc_hd__buf_1)
     1    0.00                           _035_ (net)
                  0.04    0.00    0.54 ^ _455_/D (sky130_fd_sc_hd__dfrtp_2)
                                  0.54   data arrival time

                  0.15    0.00    0.00   clock clk (rise edge)
                          0.00    0.00   clock network delay (ideal)
                          0.25    0.25   clock uncertainty
                          0.00    0.25   clock reconvergence pessimism
                                  0.25 ^ _455_/CLK (sky130_fd_sc_hd__dfrtp_2)
                         -0.02    0.23   library hold time
                                  0.23   data required time
-----------------------------------------------------------------------------
                                  0.23   data required time
                                 -0.54   data arrival time
-----------------------------------------------------------------------------
                                  0.31   slack (MET)


Startpoint: _450_ (rising edge-triggered flip-flop clocked by clk)
Endpoint: _456_ (rising edge-triggered flip-flop clocked by clk)
Path Group: clk
Path Type: min

Fanout     Cap    Slew   Delay    Time   Description
-----------------------------------------------------------------------------
                  0.15    0.00    0.00   clock clk (rise edge)
                          0.00    0.00   clock network delay (ideal)
                  0.15    0.00    0.00 ^ _450_/CLK (sky130_fd_sc_hd__dfrtp_2)
                  0.04    0.35    0.35 ^ _450_/Q (sky130_fd_sc_hd__dfrtp_2)
     2    0.00                           u_am3.b_i[0] (net)
                  0.04    0.00    0.35 ^ _352_/A1 (sky130_fd_sc_hd__mux2_2)
                  0.03    0.12    0.48 ^ _352_/X (sky130_fd_sc_hd__mux2_2)
     1    0.00                           _170_ (net)
                  0.03    0.00    0.48 ^ _353_/A (sky130_fd_sc_hd__buf_1)
                  0.04    0.07    0.54 ^ _353_/X (sky130_fd_sc_hd__buf_1)
     1    0.00                           _036_ (net)
                  0.04    0.00    0.54 ^ _456_/D (sky130_fd_sc_hd__dfrtp_2)
                                  0.54   data arrival time

                  0.15    0.00    0.00   clock clk (rise edge)
                          0.00    0.00   clock network delay (ideal)
                          0.25    0.25   clock uncertainty
                          0.00    0.25   clock reconvergence pessimism
                                  0.25 ^ _456_/CLK (sky130_fd_sc_hd__dfrtp_2)
                         -0.02    0.23   library hold time
                                  0.23   data required time
-----------------------------------------------------------------------------
                                  0.23   data required time
                                 -0.54   data arrival time
-----------------------------------------------------------------------------
                                  0.31   slack (MET)


Startpoint: _451_ (rising edge-triggered flip-flop clocked by clk)
Endpoint: _457_ (rising edge-triggered flip-flop clocked by clk)
Path Group: clk
Path Type: min

Fanout     Cap    Slew   Delay    Time   Description
-----------------------------------------------------------------------------
                  0.15    0.00    0.00   clock clk (rise edge)
                          0.00    0.00   clock network delay (ideal)
                  0.15    0.00    0.00 ^ _451_/CLK (sky130_fd_sc_hd__dfrtp_2)
                  0.04    0.35    0.35 ^ _451_/Q (sky130_fd_sc_hd__dfrtp_2)
     2    0.00                           u_am3.b_i[1] (net)
                  0.04    0.00    0.35 ^ _354_/A1 (sky130_fd_sc_hd__mux2_2)
                  0.03    0.12    0.48 ^ _354_/X (sky130_fd_sc_hd__mux2_2)
     1    0.00                           _171_ (net)
                  0.03    0.00    0.48 ^ _355_/A (sky130_fd_sc_hd__buf_1)
                  0.04    0.07    0.54 ^ _355_/X (sky130_fd_sc_hd__buf_1)
     1    0.00                           _037_ (net)
                  0.04    0.00    0.54 ^ _457_/D (sky130_fd_sc_hd__dfrtp_2)
                                  0.54   data arrival time

                  0.15    0.00    0.00   clock clk (rise edge)
                          0.00    0.00   clock network delay (ideal)
                          0.25    0.25   clock uncertainty
                          0.00    0.25   clock reconvergence pessimism
                                  0.25 ^ _457_/CLK (sky130_fd_sc_hd__dfrtp_2)
                         -0.02    0.23   library hold time
                                  0.23   data required time
-----------------------------------------------------------------------------
                                  0.23   data required time
                                 -0.54   data arrival time
-----------------------------------------------------------------------------
                                  0.31   slack (MET)


Startpoint: _452_ (rising edge-triggered flip-flop clocked by clk)
Endpoint: _458_ (rising edge-triggered flip-flop clocked by clk)
Path Group: clk
Path Type: min

Fanout     Cap    Slew   Delay    Time   Description
-----------------------------------------------------------------------------
                  0.15    0.00    0.00   clock clk (rise edge)
                          0.00    0.00   clock network delay (ideal)
                  0.15    0.00    0.00 ^ _452_/CLK (sky130_fd_sc_hd__dfrtp_2)
                  0.04    0.35    0.35 ^ _452_/Q (sky130_fd_sc_hd__dfrtp_2)
     2    0.00                           u_am3.b_i[2] (net)
                  0.04    0.00    0.35 ^ _356_/A1 (sky130_fd_sc_hd__mux2_2)
                  0.03    0.12    0.48 ^ _356_/X (sky130_fd_sc_hd__mux2_2)
     1    0.00                           _172_ (net)
                  0.03    0.00    0.48 ^ _357_/A (sky130_fd_sc_hd__buf_1)
                  0.04    0.07    0.54 ^ _357_/X (sky130_fd_sc_hd__buf_1)
     1    0.00                           _038_ (net)
                  0.04    0.00    0.54 ^ _458_/D (sky130_fd_sc_hd__dfrtp_2)
                                  0.54   data arrival time

                  0.15    0.00    0.00   clock clk (rise edge)
                          0.00    0.00   clock network delay (ideal)
                          0.25    0.25   clock uncertainty
                          0.00    0.25   clock reconvergence pessimism
                                  0.25 ^ _458_/CLK (sky130_fd_sc_hd__dfrtp_2)
                         -0.02    0.23   library hold time
                                  0.23   data required time
-----------------------------------------------------------------------------
                                  0.23   data required time
                                 -0.54   data arrival time
-----------------------------------------------------------------------------
                                  0.31   slack (MET)


Startpoint: _444_ (rising edge-triggered flip-flop clocked by clk)
Endpoint: _459_ (rising edge-triggered flip-flop clocked by clk)
Path Group: clk
Path Type: min

Fanout     Cap    Slew   Delay    Time   Description
-----------------------------------------------------------------------------
                  0.15    0.00    0.00   clock clk (rise edge)
                          0.00    0.00   clock network delay (ideal)
                  0.15    0.00    0.00 ^ _444_/CLK (sky130_fd_sc_hd__dfrtp_2)
                  0.04    0.35    0.35 ^ _444_/Q (sky130_fd_sc_hd__dfrtp_2)
     2    0.00                           u_am2.b_i[0] (net)
                  0.04    0.00    0.35 ^ _358_/A1 (sky130_fd_sc_hd__mux2_2)
                  0.03    0.12    0.48 ^ _358_/X (sky130_fd_sc_hd__mux2_2)
     1    0.00                           _173_ (net)
                  0.03    0.00    0.48 ^ _359_/A (sky130_fd_sc_hd__buf_1)
                  0.04    0.07    0.54 ^ _359_/X (sky130_fd_sc_hd__buf_1)
     1    0.00                           _039_ (net)
                  0.04    0.00    0.54 ^ _459_/D (sky130_fd_sc_hd__dfrtp_2)
                                  0.54   data arrival time

                  0.15    0.00    0.00   clock clk (rise edge)
                          0.00    0.00   clock network delay (ideal)
                          0.25    0.25   clock uncertainty
                          0.00    0.25   clock reconvergence pessimism
                                  0.25 ^ _459_/CLK (sky130_fd_sc_hd__dfrtp_2)
                         -0.02    0.23   library hold time
                                  0.23   data required time
-----------------------------------------------------------------------------
                                  0.23   data required time
                                 -0.54   data arrival time
-----------------------------------------------------------------------------
                                  0.31   slack (MET)


Startpoint: _445_ (rising edge-triggered flip-flop clocked by clk)
Endpoint: _460_ (rising edge-triggered flip-flop clocked by clk)
Path Group: clk
Path Type: min

Fanout     Cap    Slew   Delay    Time   Description
-----------------------------------------------------------------------------
                  0.15    0.00    0.00   clock clk (rise edge)
                          0.00    0.00   clock network delay (ideal)
                  0.15    0.00    0.00 ^ _445_/CLK (sky130_fd_sc_hd__dfrtp_2)
                  0.04    0.35    0.35 ^ _445_/Q (sky130_fd_sc_hd__dfrtp_2)
     2    0.00                           u_am2.b_i[1] (net)
                  0.04    0.00    0.35 ^ _360_/A1 (sky130_fd_sc_hd__mux2_2)
                  0.03    0.12    0.48 ^ _360_/X (sky130_fd_sc_hd__mux2_2)
     1    0.00                           _174_ (net)
                  0.03    0.00    0.48 ^ _361_/A (sky130_fd_sc_hd__buf_1)
                  0.04    0.07    0.54 ^ _361_/X (sky130_fd_sc_hd__buf_1)
     1    0.00                           _040_ (net)
                  0.04    0.00    0.54 ^ _460_/D (sky130_fd_sc_hd__dfrtp_2)
                                  0.54   data arrival time

                  0.15    0.00    0.00   clock clk (rise edge)
                          0.00    0.00   clock network delay (ideal)
                          0.25    0.25   clock uncertainty
                          0.00    0.25   clock reconvergence pessimism
                                  0.25 ^ _460_/CLK (sky130_fd_sc_hd__dfrtp_2)
                         -0.02    0.23   library hold time
                                  0.23   data required time
-----------------------------------------------------------------------------
                                  0.23   data required time
                                 -0.54   data arrival time
-----------------------------------------------------------------------------
                                  0.31   slack (MET)


Startpoint: _446_ (rising edge-triggered flip-flop clocked by clk)
Endpoint: _461_ (rising edge-triggered flip-flop clocked by clk)
Path Group: clk
Path Type: min

Fanout     Cap    Slew   Delay    Time   Description
-----------------------------------------------------------------------------
                  0.15    0.00    0.00   clock clk (rise edge)
                          0.00    0.00   clock network delay (ideal)
                  0.15    0.00    0.00 ^ _446_/CLK (sky130_fd_sc_hd__dfrtp_2)
                  0.04    0.35    0.35 ^ _446_/Q (sky130_fd_sc_hd__dfrtp_2)
     2    0.00                           u_am2.b_i[2] (net)
                  0.04    0.00    0.35 ^ _362_/A1 (sky130_fd_sc_hd__mux2_2)
                  0.03    0.12    0.48 ^ _362_/X (sky130_fd_sc_hd__mux2_2)
     1    0.00                           _175_ (net)
                  0.03    0.00    0.48 ^ _363_/A (sky130_fd_sc_hd__buf_1)
                  0.04    0.07    0.54 ^ _363_/X (sky130_fd_sc_hd__buf_1)
     1    0.00                           _041_ (net)
                  0.04    0.00    0.54 ^ _461_/D (sky130_fd_sc_hd__dfrtp_2)
                                  0.54   data arrival time

                  0.15    0.00    0.00   clock clk (rise edge)
                          0.00    0.00   clock network delay (ideal)
                          0.25    0.25   clock uncertainty
                          0.00    0.25   clock reconvergence pessimism
                                  0.25 ^ _461_/CLK (sky130_fd_sc_hd__dfrtp_2)
                         -0.02    0.23   library hold time
                                  0.23   data required time
-----------------------------------------------------------------------------
                                  0.23   data required time
                                 -0.54   data arrival time
-----------------------------------------------------------------------------
                                  0.31   slack (MET)


Startpoint: _438_ (rising edge-triggered flip-flop clocked by clk)
Endpoint: _462_ (rising edge-triggered flip-flop clocked by clk)
Path Group: clk
Path Type: min

Fanout     Cap    Slew   Delay    Time   Description
-----------------------------------------------------------------------------
                  0.15    0.00    0.00   clock clk (rise edge)
                          0.00    0.00   clock network delay (ideal)
                  0.15    0.00    0.00 ^ _438_/CLK (sky130_fd_sc_hd__dfrtp_2)
                  0.04    0.35    0.35 ^ _438_/Q (sky130_fd_sc_hd__dfrtp_2)
     2    0.00                           u_am1.b_i[0] (net)
                  0.04    0.00    0.35 ^ _364_/A1 (sky130_fd_sc_hd__mux2_2)
                  0.03    0.12    0.48 ^ _364_/X (sky130_fd_sc_hd__mux2_2)
     1    0.00                           _176_ (net)
                  0.03    0.00    0.48 ^ _365_/A (sky130_fd_sc_hd__buf_1)
                  0.04    0.07    0.54 ^ _365_/X (sky130_fd_sc_hd__buf_1)
     1    0.00                           _042_ (net)
                  0.04    0.00    0.54 ^ _462_/D (sky130_fd_sc_hd__dfrtp_2)
                                  0.54   data arrival time

                  0.15    0.00    0.00   clock clk (rise edge)
                          0.00    0.00   clock network delay (ideal)
                          0.25    0.25   clock uncertainty
                          0.00    0.25   clock reconvergence pessimism
                                  0.25 ^ _462_/CLK (sky130_fd_sc_hd__dfrtp_2)
                         -0.02    0.23   library hold time
                                  0.23   data required time
-----------------------------------------------------------------------------
                                  0.23   data required time
                                 -0.54   data arrival time
-----------------------------------------------------------------------------
                                  0.31   slack (MET)


Startpoint: _439_ (rising edge-triggered flip-flop clocked by clk)
Endpoint: _463_ (rising edge-triggered flip-flop clocked by clk)
Path Group: clk
Path Type: min

Fanout     Cap    Slew   Delay    Time   Description
-----------------------------------------------------------------------------
                  0.15    0.00    0.00   clock clk (rise edge)
                          0.00    0.00   clock network delay (ideal)
                  0.15    0.00    0.00 ^ _439_/CLK (sky130_fd_sc_hd__dfrtp_2)
                  0.04    0.35    0.35 ^ _439_/Q (sky130_fd_sc_hd__dfrtp_2)
     2    0.00                           u_am1.b_i[1] (net)
                  0.04    0.00    0.35 ^ _366_/A1 (sky130_fd_sc_hd__mux2_2)
                  0.03    0.12    0.48 ^ _366_/X (sky130_fd_sc_hd__mux2_2)
     1    0.00                           _177_ (net)
                  0.03    0.00    0.48 ^ _367_/A (sky130_fd_sc_hd__buf_1)
                  0.04    0.07    0.54 ^ _367_/X (sky130_fd_sc_hd__buf_1)
     1    0.00                           _043_ (net)
                  0.04    0.00    0.54 ^ _463_/D (sky130_fd_sc_hd__dfrtp_2)
                                  0.54   data arrival time

                  0.15    0.00    0.00   clock clk (rise edge)
                          0.00    0.00   clock network delay (ideal)
                          0.25    0.25   clock uncertainty
                          0.00    0.25   clock reconvergence pessimism
                                  0.25 ^ _463_/CLK (sky130_fd_sc_hd__dfrtp_2)
                         -0.02    0.23   library hold time
                                  0.23   data required time
-----------------------------------------------------------------------------
                                  0.23   data required time
                                 -0.54   data arrival time
-----------------------------------------------------------------------------
                                  0.31   slack (MET)


Startpoint: _440_ (rising edge-triggered flip-flop clocked by clk)
Endpoint: _464_ (rising edge-triggered flip-flop clocked by clk)
Path Group: clk
Path Type: min

Fanout     Cap    Slew   Delay    Time   Description
-----------------------------------------------------------------------------
                  0.15    0.00    0.00   clock clk (rise edge)
                          0.00    0.00   clock network delay (ideal)
                  0.15    0.00    0.00 ^ _440_/CLK (sky130_fd_sc_hd__dfrtp_2)
                  0.04    0.35    0.35 ^ _440_/Q (sky130_fd_sc_hd__dfrtp_2)
     2    0.00                           u_am1.b_i[2] (net)
                  0.04    0.00    0.35 ^ _368_/A1 (sky130_fd_sc_hd__mux2_2)
                  0.03    0.12    0.48 ^ _368_/X (sky130_fd_sc_hd__mux2_2)
     1    0.00                           _178_ (net)
                  0.03    0.00    0.48 ^ _369_/A (sky130_fd_sc_hd__buf_1)
                  0.04    0.07    0.54 ^ _369_/X (sky130_fd_sc_hd__buf_1)
     1    0.00                           _044_ (net)
                  0.04    0.00    0.54 ^ _464_/D (sky130_fd_sc_hd__dfrtp_2)
                                  0.54   data arrival time

                  0.15    0.00    0.00   clock clk (rise edge)
                          0.00    0.00   clock network delay (ideal)
                          0.25    0.25   clock uncertainty
                          0.00    0.25   clock reconvergence pessimism
                                  0.25 ^ _464_/CLK (sky130_fd_sc_hd__dfrtp_2)
                         -0.02    0.23   library hold time
                                  0.23   data required time
-----------------------------------------------------------------------------
                                  0.23   data required time
                                 -0.54   data arrival time
-----------------------------------------------------------------------------
                                  0.31   slack (MET)


Startpoint: _432_ (rising edge-triggered flip-flop clocked by clk)
Endpoint: _465_ (rising edge-triggered flip-flop clocked by clk)
Path Group: clk
Path Type: min

Fanout     Cap    Slew   Delay    Time   Description
-----------------------------------------------------------------------------
                  0.15    0.00    0.00   clock clk (rise edge)
                          0.00    0.00   clock network delay (ideal)
                  0.15    0.00    0.00 ^ _432_/CLK (sky130_fd_sc_hd__dfrtp_2)
                  0.04    0.35    0.35 ^ _432_/Q (sky130_fd_sc_hd__dfrtp_2)
     2    0.00                           u_am0.b_i[0] (net)
                  0.04    0.00    0.35 ^ _370_/A1 (sky130_fd_sc_hd__mux2_2)
                  0.03    0.12    0.48 ^ _370_/X (sky130_fd_sc_hd__mux2_2)
     1    0.00                           _179_ (net)
                  0.03    0.00    0.48 ^ _371_/A (sky130_fd_sc_hd__buf_1)
                  0.04    0.07    0.54 ^ _371_/X (sky130_fd_sc_hd__buf_1)
     1    0.00                           _045_ (net)
                  0.04    0.00    0.54 ^ _465_/D (sky130_fd_sc_hd__dfrtp_2)
                                  0.54   data arrival time

                  0.15    0.00    0.00   clock clk (rise edge)
                          0.00    0.00   clock network delay (ideal)
                          0.25    0.25   clock uncertainty
                          0.00    0.25   clock reconvergence pessimism
                                  0.25 ^ _465_/CLK (sky130_fd_sc_hd__dfrtp_2)
                         -0.02    0.23   library hold time
                                  0.23   data required time
-----------------------------------------------------------------------------
                                  0.23   data required time
                                 -0.54   data arrival time
-----------------------------------------------------------------------------
                                  0.31   slack (MET)


Startpoint: _433_ (rising edge-triggered flip-flop clocked by clk)
Endpoint: _466_ (rising edge-triggered flip-flop clocked by clk)
Path Group: clk
Path Type: min

Fanout     Cap    Slew   Delay    Time   Description
-----------------------------------------------------------------------------
                  0.15    0.00    0.00   clock clk (rise edge)
                          0.00    0.00   clock network delay (ideal)
                  0.15    0.00    0.00 ^ _433_/CLK (sky130_fd_sc_hd__dfrtp_2)
                  0.04    0.35    0.35 ^ _433_/Q (sky130_fd_sc_hd__dfrtp_2)
     2    0.00                           u_am0.b_i[1] (net)
                  0.04    0.00    0.35 ^ _372_/A1 (sky130_fd_sc_hd__mux2_2)
                  0.03    0.12    0.48 ^ _372_/X (sky130_fd_sc_hd__mux2_2)
     1    0.00                           _180_ (net)
                  0.03    0.00    0.48 ^ _373_/A (sky130_fd_sc_hd__buf_1)
                  0.04    0.07    0.54 ^ _373_/X (sky130_fd_sc_hd__buf_1)
     1    0.00                           _046_ (net)
                  0.04    0.00    0.54 ^ _466_/D (sky130_fd_sc_hd__dfrtp_2)
                                  0.54   data arrival time

                  0.15    0.00    0.00   clock clk (rise edge)
                          0.00    0.00   clock network delay (ideal)
                          0.25    0.25   clock uncertainty
                          0.00    0.25   clock reconvergence pessimism
                                  0.25 ^ _466_/CLK (sky130_fd_sc_hd__dfrtp_2)
                         -0.02    0.23   library hold time
                                  0.23   data required time
-----------------------------------------------------------------------------
                                  0.23   data required time
                                 -0.54   data arrival time
-----------------------------------------------------------------------------
                                  0.31   slack (MET)


Startpoint: _434_ (rising edge-triggered flip-flop clocked by clk)
Endpoint: _467_ (rising edge-triggered flip-flop clocked by clk)
Path Group: clk
Path Type: min

Fanout     Cap    Slew   Delay    Time   Description
-----------------------------------------------------------------------------
                  0.15    0.00    0.00   clock clk (rise edge)
                          0.00    0.00   clock network delay (ideal)
                  0.15    0.00    0.00 ^ _434_/CLK (sky130_fd_sc_hd__dfrtp_2)
                  0.04    0.35    0.35 ^ _434_/Q (sky130_fd_sc_hd__dfrtp_2)
     2    0.00                           u_am0.b_i[2] (net)
                  0.04    0.00    0.35 ^ _374_/A1 (sky130_fd_sc_hd__mux2_2)
                  0.03    0.12    0.48 ^ _374_/X (sky130_fd_sc_hd__mux2_2)
     1    0.00                           _181_ (net)
                  0.03    0.00    0.48 ^ _375_/A (sky130_fd_sc_hd__buf_1)
                  0.04    0.07    0.54 ^ _375_/X (sky130_fd_sc_hd__buf_1)
     1    0.00                           _047_ (net)
                  0.04    0.00    0.54 ^ _467_/D (sky130_fd_sc_hd__dfrtp_2)
                                  0.54   data arrival time

                  0.15    0.00    0.00   clock clk (rise edge)
                          0.00    0.00   clock network delay (ideal)
                          0.25    0.25   clock uncertainty
                          0.00    0.25   clock reconvergence pessimism
                                  0.25 ^ _467_/CLK (sky130_fd_sc_hd__dfrtp_2)
                         -0.02    0.23   library hold time
                                  0.23   data required time
-----------------------------------------------------------------------------
                                  0.23   data required time
                                 -0.54   data arrival time
-----------------------------------------------------------------------------
                                  0.31   slack (MET)


Startpoint: _426_ (rising edge-triggered flip-flop clocked by clk)
Endpoint: _426_ (rising edge-triggered flip-flop clocked by clk)
Path Group: clk
Path Type: min

Fanout     Cap    Slew   Delay    Time   Description
-----------------------------------------------------------------------------
                  0.15    0.00    0.00   clock clk (rise edge)
                          0.00    0.00   clock network delay (ideal)
                  0.15    0.00    0.00 ^ _426_/CLK (sky130_fd_sc_hd__dfrtp_2)
                  0.06    0.37    0.37 ^ _426_/Q (sky130_fd_sc_hd__dfrtp_2)
     2    0.01                           u_am0.max[0] (net)
                  0.06    0.00    0.37 ^ _279_/A0 (sky130_fd_sc_hd__mux2_2)
                  0.03    0.13    0.49 ^ _279_/X (sky130_fd_sc_hd__mux2_2)
     1    0.00                           _127_ (net)
                  0.03    0.00    0.49 ^ _280_/A (sky130_fd_sc_hd__buf_1)
                  0.04    0.07    0.56 ^ _280_/X (sky130_fd_sc_hd__buf_1)
     1    0.00                           _006_ (net)
                  0.04    0.00    0.56 ^ _426_/D (sky130_fd_sc_hd__dfrtp_2)
                                  0.56   data arrival time

                  0.15    0.00    0.00   clock clk (rise edge)
                          0.00    0.00   clock network delay (ideal)
                          0.25    0.25   clock uncertainty
                          0.00    0.25   clock reconvergence pessimism
                                  0.25 ^ _426_/CLK (sky130_fd_sc_hd__dfrtp_2)
                         -0.02    0.23   library hold time
                                  0.23   data required time
-----------------------------------------------------------------------------
                                  0.23   data required time
                                 -0.56   data arrival time
-----------------------------------------------------------------------------
                                  0.33   slack (MET)


Startpoint: _427_ (rising edge-triggered flip-flop clocked by clk)
Endpoint: _427_ (rising edge-triggered flip-flop clocked by clk)
Path Group: clk
Path Type: min

Fanout     Cap    Slew   Delay    Time   Description
-----------------------------------------------------------------------------
                  0.15    0.00    0.00   clock clk (rise edge)
                          0.00    0.00   clock network delay (ideal)
                  0.15    0.00    0.00 ^ _427_/CLK (sky130_fd_sc_hd__dfrtp_2)
                  0.06    0.37    0.37 ^ _427_/Q (sky130_fd_sc_hd__dfrtp_2)
     2    0.01                           u_am0.max[1] (net)
                  0.06    0.00    0.37 ^ _281_/A0 (sky130_fd_sc_hd__mux2_2)
                  0.03    0.13    0.49 ^ _281_/X (sky130_fd_sc_hd__mux2_2)
     1    0.00                           _128_ (net)
                  0.03    0.00    0.49 ^ _282_/A (sky130_fd_sc_hd__buf_1)
                  0.04    0.07    0.56 ^ _282_/X (sky130_fd_sc_hd__buf_1)
     1    0.00                           _007_ (net)
                  0.04    0.00    0.56 ^ _427_/D (sky130_fd_sc_hd__dfrtp_2)
                                  0.56   data arrival time

                  0.15    0.00    0.00   clock clk (rise edge)
                          0.00    0.00   clock network delay (ideal)
                          0.25    0.25   clock uncertainty
                          0.00    0.25   clock reconvergence pessimism
                                  0.25 ^ _427_/CLK (sky130_fd_sc_hd__dfrtp_2)
                         -0.02    0.23   library hold time
                                  0.23   data required time
-----------------------------------------------------------------------------
                                  0.23   data required time
                                 -0.56   data arrival time
-----------------------------------------------------------------------------
                                  0.33   slack (MET)


Startpoint: _429_ (rising edge-triggered flip-flop clocked by clk)
Endpoint: _429_ (rising edge-triggered flip-flop clocked by clk)
Path Group: clk
Path Type: min

Fanout     Cap    Slew   Delay    Time   Description
-----------------------------------------------------------------------------
                  0.15    0.00    0.00   clock clk (rise edge)
                          0.00    0.00   clock network delay (ideal)
                  0.15    0.00    0.00 ^ _429_/CLK (sky130_fd_sc_hd__dfrtp_2)
                  0.06    0.37    0.37 ^ _429_/Q (sky130_fd_sc_hd__dfrtp_2)
     2    0.01                           u_am1.max[0] (net)
                  0.06    0.00    0.37 ^ _290_/A0 (sky130_fd_sc_hd__mux2_2)
                  0.03    0.13    0.49 ^ _290_/X (sky130_fd_sc_hd__mux2_2)
     1    0.00                           _135_ (net)
                  0.03    0.00    0.49 ^ _291_/A (sky130_fd_sc_hd__buf_1)
                  0.04    0.07    0.56 ^ _291_/X (sky130_fd_sc_hd__buf_1)
     1    0.00                           _009_ (net)
                  0.04    0.00    0.56 ^ _429_/D (sky130_fd_sc_hd__dfrtp_2)
                                  0.56   data arrival time

                  0.15    0.00    0.00   clock clk (rise edge)
                          0.00    0.00   clock network delay (ideal)
                          0.25    0.25   clock uncertainty
                          0.00    0.25   clock reconvergence pessimism
                                  0.25 ^ _429_/CLK (sky130_fd_sc_hd__dfrtp_2)
                         -0.02    0.23   library hold time
                                  0.23   data required time
-----------------------------------------------------------------------------
                                  0.23   data required time
                                 -0.56   data arrival time
-----------------------------------------------------------------------------
                                  0.33   slack (MET)


Startpoint: _430_ (rising edge-triggered flip-flop clocked by clk)
Endpoint: _430_ (rising edge-triggered flip-flop clocked by clk)
Path Group: clk
Path Type: min

Fanout     Cap    Slew   Delay    Time   Description
-----------------------------------------------------------------------------
                  0.15    0.00    0.00   clock clk (rise edge)
                          0.00    0.00   clock network delay (ideal)
                  0.15    0.00    0.00 ^ _430_/CLK (sky130_fd_sc_hd__dfrtp_2)
                  0.06    0.37    0.37 ^ _430_/Q (sky130_fd_sc_hd__dfrtp_2)
     2    0.01                           u_am1.max[1] (net)
                  0.06    0.00    0.37 ^ _292_/A0 (sky130_fd_sc_hd__mux2_2)
                  0.03    0.13    0.49 ^ _292_/X (sky130_fd_sc_hd__mux2_2)
     1    0.00                           _136_ (net)
                  0.03    0.00    0.49 ^ _293_/A (sky130_fd_sc_hd__buf_1)
                  0.04    0.07    0.56 ^ _293_/X (sky130_fd_sc_hd__buf_1)
     1    0.00                           _010_ (net)
                  0.04    0.00    0.56 ^ _430_/D (sky130_fd_sc_hd__dfrtp_2)
                                  0.56   data arrival time

                  0.15    0.00    0.00   clock clk (rise edge)
                          0.00    0.00   clock network delay (ideal)
                          0.25    0.25   clock uncertainty
                          0.00    0.25   clock reconvergence pessimism
                                  0.25 ^ _430_/CLK (sky130_fd_sc_hd__dfrtp_2)
                         -0.02    0.23   library hold time
                                  0.23   data required time
-----------------------------------------------------------------------------
                                  0.23   data required time
                                 -0.56   data arrival time
-----------------------------------------------------------------------------
                                  0.33   slack (MET)


Startpoint: _435_ (rising edge-triggered flip-flop clocked by clk)
Endpoint: _435_ (rising edge-triggered flip-flop clocked by clk)
Path Group: clk
Path Type: min

Fanout     Cap    Slew   Delay    Time   Description
-----------------------------------------------------------------------------
                  0.15    0.00    0.00   clock clk (rise edge)
                          0.00    0.00   clock network delay (ideal)
                  0.15    0.00    0.00 ^ _435_/CLK (sky130_fd_sc_hd__dfrtp_2)
                  0.06    0.37    0.37 ^ _435_/Q (sky130_fd_sc_hd__dfrtp_2)
     2    0.01                           u_am2.max[0] (net)
                  0.06    0.00    0.37 ^ _307_/A0 (sky130_fd_sc_hd__mux2_2)
                  0.03    0.13    0.49 ^ _307_/X (sky130_fd_sc_hd__mux2_2)
     1    0.00                           _146_ (net)
                  0.03    0.00    0.49 ^ _308_/A (sky130_fd_sc_hd__buf_1)
                  0.04    0.07    0.56 ^ _308_/X (sky130_fd_sc_hd__buf_1)
     1    0.00                           _015_ (net)
                  0.04    0.00    0.56 ^ _435_/D (sky130_fd_sc_hd__dfrtp_2)
                                  0.56   data arrival time

                  0.15    0.00    0.00   clock clk (rise edge)
                          0.00    0.00   clock network delay (ideal)
                          0.25    0.25   clock uncertainty
                          0.00    0.25   clock reconvergence pessimism
                                  0.25 ^ _435_/CLK (sky130_fd_sc_hd__dfrtp_2)
                         -0.02    0.23   library hold time
                                  0.23   data required time
-----------------------------------------------------------------------------
                                  0.23   data required time
                                 -0.56   data arrival time
-----------------------------------------------------------------------------
                                  0.33   slack (MET)


Startpoint: _436_ (rising edge-triggered flip-flop clocked by clk)
Endpoint: _436_ (rising edge-triggered flip-flop clocked by clk)
Path Group: clk
Path Type: min

Fanout     Cap    Slew   Delay    Time   Description
-----------------------------------------------------------------------------
                  0.15    0.00    0.00   clock clk (rise edge)
                          0.00    0.00   clock network delay (ideal)
                  0.15    0.00    0.00 ^ _436_/CLK (sky130_fd_sc_hd__dfrtp_2)
                  0.06    0.37    0.37 ^ _436_/Q (sky130_fd_sc_hd__dfrtp_2)
     2    0.01                           u_am2.max[1] (net)
                  0.06    0.00    0.37 ^ _309_/A0 (sky130_fd_sc_hd__mux2_2)
                  0.03    0.13    0.49 ^ _309_/X (sky130_fd_sc_hd__mux2_2)
     1    0.00                           _147_ (net)
                  0.03    0.00    0.49 ^ _310_/A (sky130_fd_sc_hd__buf_1)
                  0.04    0.07    0.56 ^ _310_/X (sky130_fd_sc_hd__buf_1)
     1    0.00                           _016_ (net)
                  0.04    0.00    0.56 ^ _436_/D (sky130_fd_sc_hd__dfrtp_2)
                                  0.56   data arrival time

                  0.15    0.00    0.00   clock clk (rise edge)
                          0.00    0.00   clock network delay (ideal)
                          0.25    0.25   clock uncertainty
                          0.00    0.25   clock reconvergence pessimism
                                  0.25 ^ _436_/CLK (sky130_fd_sc_hd__dfrtp_2)
                         -0.02    0.23   library hold time
                                  0.23   data required time
-----------------------------------------------------------------------------
                                  0.23   data required time
                                 -0.56   data arrival time
-----------------------------------------------------------------------------
                                  0.33   slack (MET)


Startpoint: _441_ (rising edge-triggered flip-flop clocked by clk)
Endpoint: _441_ (rising edge-triggered flip-flop clocked by clk)
Path Group: clk
Path Type: min

Fanout     Cap    Slew   Delay    Time   Description
-----------------------------------------------------------------------------
                  0.15    0.00    0.00   clock clk (rise edge)
                          0.00    0.00   clock network delay (ideal)
                  0.15    0.00    0.00 ^ _441_/CLK (sky130_fd_sc_hd__dfrtp_2)
                  0.06    0.37    0.37 ^ _441_/Q (sky130_fd_sc_hd__dfrtp_2)
     2    0.01                           u_am3.max[0] (net)
                  0.06    0.00    0.37 ^ _324_/A0 (sky130_fd_sc_hd__mux2_2)
                  0.03    0.13    0.49 ^ _324_/X (sky130_fd_sc_hd__mux2_2)
     1    0.00                           _157_ (net)
                  0.03    0.00    0.49 ^ _325_/A (sky130_fd_sc_hd__buf_1)
                  0.04    0.07    0.56 ^ _325_/X (sky130_fd_sc_hd__buf_1)
     1    0.00                           _021_ (net)
                  0.04    0.00    0.56 ^ _441_/D (sky130_fd_sc_hd__dfrtp_2)
                                  0.56   data arrival time

                  0.15    0.00    0.00   clock clk (rise edge)
                          0.00    0.00   clock network delay (ideal)
                          0.25    0.25   clock uncertainty
                          0.00    0.25   clock reconvergence pessimism
                                  0.25 ^ _441_/CLK (sky130_fd_sc_hd__dfrtp_2)
                         -0.02    0.23   library hold time
                                  0.23   data required time
-----------------------------------------------------------------------------
                                  0.23   data required time
                                 -0.56   data arrival time
-----------------------------------------------------------------------------
                                  0.33   slack (MET)


Startpoint: _442_ (rising edge-triggered flip-flop clocked by clk)
Endpoint: _442_ (rising edge-triggered flip-flop clocked by clk)
Path Group: clk
Path Type: min

Fanout     Cap    Slew   Delay    Time   Description
-----------------------------------------------------------------------------
                  0.15    0.00    0.00   clock clk (rise edge)
                          0.00    0.00   clock network delay (ideal)
                  0.15    0.00    0.00 ^ _442_/CLK (sky130_fd_sc_hd__dfrtp_2)
                  0.06    0.37    0.37 ^ _442_/Q (sky130_fd_sc_hd__dfrtp_2)
     2    0.01                           u_am3.max[1] (net)
                  0.06    0.00    0.37 ^ _326_/A0 (sky130_fd_sc_hd__mux2_2)
                  0.03    0.13    0.49 ^ _326_/X (sky130_fd_sc_hd__mux2_2)
     1    0.00                           _158_ (net)
                  0.03    0.00    0.49 ^ _327_/A (sky130_fd_sc_hd__buf_1)
                  0.04    0.07    0.56 ^ _327_/X (sky130_fd_sc_hd__buf_1)
     1    0.00                           _022_ (net)
                  0.04    0.00    0.56 ^ _442_/D (sky130_fd_sc_hd__dfrtp_2)
                                  0.56   data arrival time

                  0.15    0.00    0.00   clock clk (rise edge)
                          0.00    0.00   clock network delay (ideal)
                          0.25    0.25   clock uncertainty
                          0.00    0.25   clock reconvergence pessimism
                                  0.25 ^ _442_/CLK (sky130_fd_sc_hd__dfrtp_2)
                         -0.02    0.23   library hold time
                                  0.23   data required time
-----------------------------------------------------------------------------
                                  0.23   data required time
                                 -0.56   data arrival time
-----------------------------------------------------------------------------
                                  0.33   slack (MET)


Startpoint: _447_ (rising edge-triggered flip-flop clocked by clk)
Endpoint: _447_ (rising edge-triggered flip-flop clocked by clk)
Path Group: clk
Path Type: min

Fanout     Cap    Slew   Delay    Time   Description
-----------------------------------------------------------------------------
                  0.15    0.00    0.00   clock clk (rise edge)
                          0.00    0.00   clock network delay (ideal)
                  0.15    0.00    0.00 ^ _447_/CLK (sky130_fd_sc_hd__dfrtp_2)
                  0.06    0.37    0.37 ^ _447_/Q (sky130_fd_sc_hd__dfrtp_2)
     2    0.01                           u_am4.max[0] (net)
                  0.06    0.00    0.37 ^ _335_/A0 (sky130_fd_sc_hd__mux2_2)
                  0.03    0.13    0.49 ^ _335_/X (sky130_fd_sc_hd__mux2_2)
     1    0.00                           _162_ (net)
                  0.03    0.00    0.49 ^ _336_/A (sky130_fd_sc_hd__buf_1)
                  0.04    0.07    0.56 ^ _336_/X (sky130_fd_sc_hd__buf_1)
     1    0.00                           _027_ (net)
                  0.04    0.00    0.56 ^ _447_/D (sky130_fd_sc_hd__dfrtp_2)
                                  0.56   data arrival time

                  0.15    0.00    0.00   clock clk (rise edge)
                          0.00    0.00   clock network delay (ideal)
                          0.25    0.25   clock uncertainty
                          0.00    0.25   clock reconvergence pessimism
                                  0.25 ^ _447_/CLK (sky130_fd_sc_hd__dfrtp_2)
                         -0.02    0.23   library hold time
                                  0.23   data required time
-----------------------------------------------------------------------------
                                  0.23   data required time
                                 -0.56   data arrival time
-----------------------------------------------------------------------------
                                  0.33   slack (MET)


Startpoint: _448_ (rising edge-triggered flip-flop clocked by clk)
Endpoint: _448_ (rising edge-triggered flip-flop clocked by clk)
Path Group: clk
Path Type: min

Fanout     Cap    Slew   Delay    Time   Description
-----------------------------------------------------------------------------
                  0.15    0.00    0.00   clock clk (rise edge)
                          0.00    0.00   clock network delay (ideal)
                  0.15    0.00    0.00 ^ _448_/CLK (sky130_fd_sc_hd__dfrtp_2)
                  0.06    0.37    0.37 ^ _448_/Q (sky130_fd_sc_hd__dfrtp_2)
     2    0.01                           u_am4.max[1] (net)
                  0.06    0.00    0.37 ^ _337_/A0 (sky130_fd_sc_hd__mux2_2)
                  0.03    0.13    0.49 ^ _337_/X (sky130_fd_sc_hd__mux2_2)
     1    0.00                           _163_ (net)
                  0.03    0.00    0.49 ^ _338_/A (sky130_fd_sc_hd__buf_1)
                  0.04    0.07    0.56 ^ _338_/X (sky130_fd_sc_hd__buf_1)
     1    0.00                           _028_ (net)
                  0.04    0.00    0.56 ^ _448_/D (sky130_fd_sc_hd__dfrtp_2)
                                  0.56   data arrival time

                  0.15    0.00    0.00   clock clk (rise edge)
                          0.00    0.00   clock network delay (ideal)
                          0.25    0.25   clock uncertainty
                          0.00    0.25   clock reconvergence pessimism
                                  0.25 ^ _448_/CLK (sky130_fd_sc_hd__dfrtp_2)
                         -0.02    0.23   library hold time
                                  0.23   data required time
-----------------------------------------------------------------------------
                                  0.23   data required time
                                 -0.56   data arrival time
-----------------------------------------------------------------------------
                                  0.33   slack (MET)


Startpoint: _478_ (rising edge-triggered flip-flop clocked by clk)
Endpoint: _478_ (rising edge-triggered flip-flop clocked by clk)
Path Group: clk
Path Type: min

Fanout     Cap    Slew   Delay    Time   Description
-----------------------------------------------------------------------------
                  0.15    0.00    0.00   clock clk (rise edge)
                          0.00    0.00   clock network delay (ideal)
                  0.15    0.00    0.00 ^ _478_/CLK (sky130_fd_sc_hd__dfrtp_2)
                  0.09    0.40    0.40 ^ _478_/Q (sky130_fd_sc_hd__dfrtp_2)
     4    0.02                           u_sort.busy (net)
                  0.09    0.00    0.40 ^ _249_/A (sky130_fd_sc_hd__inv_2)
                  0.05    0.07    0.47 v _249_/Y (sky130_fd_sc_hd__inv_2)
     5    0.02                           _101_ (net)
                  0.05    0.00    0.47 v _260_/A1 (sky130_fd_sc_hd__o21ai_2)
                  0.06    0.11    0.58 ^ _260_/Y (sky130_fd_sc_hd__o21ai_2)
     1    0.00                           _001_ (net)
                  0.06    0.00    0.58 ^ _478_/D (sky130_fd_sc_hd__dfrtp_2)
                                  0.58   data arrival time

                  0.15    0.00    0.00   clock clk (rise edge)
                          0.00    0.00   clock network delay (ideal)
                          0.25    0.25   clock uncertainty
                          0.00    0.25   clock reconvergence pessimism
                                  0.25 ^ _478_/CLK (sky130_fd_sc_hd__dfrtp_2)
                         -0.02    0.23   library hold time
                                  0.23   data required time
-----------------------------------------------------------------------------
                                  0.23   data required time
                                 -0.58   data arrival time
-----------------------------------------------------------------------------
                                  0.35   slack (MET)


Startpoint: _483_ (rising edge-triggered flip-flop clocked by clk)
Endpoint: _483_ (rising edge-triggered flip-flop clocked by clk)
Path Group: clk
Path Type: min

Fanout     Cap    Slew   Delay    Time   Description
-----------------------------------------------------------------------------
                  0.15    0.00    0.00   clock clk (rise edge)
                          0.00    0.00   clock network delay (ideal)
                  0.15    0.00    0.00 ^ _483_/CLK (sky130_fd_sc_hd__dfrtp_2)
                  0.05    0.36    0.36 ^ _483_/Q (sky130_fd_sc_hd__dfrtp_2)
     1    0.00                           u_sort.valid_reg[4] (net)
                  0.05    0.00    0.36 ^ _216_/A (sky130_fd_sc_hd__inv_2)
                  0.03    0.04    0.40 v _216_/Y (sky130_fd_sc_hd__inv_2)
     3    0.01                           _069_ (net)
                  0.03    0.00    0.40 v _414_/B1 (sky130_fd_sc_hd__a21oi_2)
                  0.06    0.07    0.47 ^ _414_/Y (sky130_fd_sc_hd__a21oi_2)
     1    0.00                           _207_ (net)
                  0.06    0.00    0.47 ^ _415_/B (sky130_fd_sc_hd__or2_2)
                  0.03    0.09    0.56 ^ _415_/X (sky130_fd_sc_hd__or2_2)
     1    0.00                           _208_ (net)
                  0.03    0.00    0.56 ^ _416_/A (sky130_fd_sc_hd__buf_1)
                  0.04    0.06    0.62 ^ _416_/X (sky130_fd_sc_hd__buf_1)
     1    0.00                           _061_ (net)
                  0.04    0.00    0.62 ^ _483_/D (sky130_fd_sc_hd__dfrtp_2)
                                  0.62   data arrival time

                  0.15    0.00    0.00   clock clk (rise edge)
                          0.00    0.00   clock network delay (ideal)
                          0.25    0.25   clock uncertainty
                          0.00    0.25   clock reconvergence pessimism
                                  0.25 ^ _483_/CLK (sky130_fd_sc_hd__dfrtp_2)
                         -0.02    0.23   library hold time
                                  0.23   data required time
-----------------------------------------------------------------------------
                                  0.23   data required time
                                 -0.62   data arrival time
-----------------------------------------------------------------------------
                                  0.39   slack (MET)


Startpoint: _486_ (rising edge-triggered flip-flop clocked by clk)
Endpoint: _422_ (rising edge-triggered flip-flop clocked by clk)
Path Group: clk
Path Type: min

Fanout     Cap    Slew   Delay    Time   Description
-----------------------------------------------------------------------------
                  0.15    0.00    0.00   clock clk (rise edge)
                          0.00    0.00   clock network delay (ideal)
                  0.15    0.00    0.00 ^ _486_/CLK (sky130_fd_sc_hd__dfrtp_2)
                  0.09    0.40    0.40 ^ _486_/Q (sky130_fd_sc_hd__dfrtp_2)
     7    0.02                           u_am0.i_index[2] (net)
                  0.09    0.00    0.40 ^ _213_/A (sky130_fd_sc_hd__and2_2)
                  0.03    0.13    0.53 ^ _213_/X (sky130_fd_sc_hd__and2_2)
     1    0.00                           _067_ (net)
                  0.03    0.00    0.53 ^ _214_/A (sky130_fd_sc_hd__buf_1)
                  0.09    0.10    0.63 ^ _214_/X (sky130_fd_sc_hd__buf_1)
     2    0.01                           _000_ (net)
                  0.09    0.00    0.63 ^ _422_/D (sky130_fd_sc_hd__dfrtp_2)
                                  0.63   data arrival time

                  0.15    0.00    0.00   clock clk (rise edge)
                          0.00    0.00   clock network delay (ideal)
                          0.25    0.25   clock uncertainty
                          0.00    0.25   clock reconvergence pessimism
                                  0.25 ^ _422_/CLK (sky130_fd_sc_hd__dfrtp_2)
                         -0.03    0.22   library hold time
                                  0.22   data required time
-----------------------------------------------------------------------------
                                  0.22   data required time
                                 -0.63   data arrival time
-----------------------------------------------------------------------------
                                  0.41   slack (MET)


Startpoint: _475_ (rising edge-triggered flip-flop clocked by clk)
Endpoint: _468_ (rising edge-triggered flip-flop clocked by clk)
Path Group: clk
Path Type: min

Fanout     Cap    Slew   Delay    Time   Description
-----------------------------------------------------------------------------
                  0.15    0.00    0.00   clock clk (rise edge)
                          0.00    0.00   clock network delay (ideal)
                  0.15    0.00    0.00 ^ _475_/CLK (sky130_fd_sc_hd__dfrtp_2)
                  0.14    0.43    0.43 ^ _475_/Q (sky130_fd_sc_hd__dfrtp_2)
     7    0.02                           u_sort.bucket_counter[0] (net)
                  0.14    0.00    0.43 ^ _376_/A1 (sky130_fd_sc_hd__mux2_2)
                  0.03    0.15    0.58 ^ _376_/X (sky130_fd_sc_hd__mux2_2)
     1    0.00                           _182_ (net)
                  0.03    0.00    0.58 ^ _377_/A (sky130_fd_sc_hd__buf_1)
                  0.04    0.07    0.65 ^ _377_/X (sky130_fd_sc_hd__buf_1)
     1    0.00                           _048_ (net)
                  0.04    0.00    0.65 ^ _468_/D (sky130_fd_sc_hd__dfrtp_2)
                                  0.65   data arrival time

                  0.15    0.00    0.00   clock clk (rise edge)
                          0.00    0.00   clock network delay (ideal)
                          0.25    0.25   clock uncertainty
                          0.00    0.25   clock reconvergence pessimism
                                  0.25 ^ _468_/CLK (sky130_fd_sc_hd__dfrtp_2)
                         -0.02    0.23   library hold time
                                  0.23   data required time
-----------------------------------------------------------------------------
                                  0.23   data required time
                                 -0.65   data arrival time
-----------------------------------------------------------------------------
                                  0.42   slack (MET)


Startpoint: _481_ (rising edge-triggered flip-flop clocked by clk)
Endpoint: _481_ (rising edge-triggered flip-flop clocked by clk)
Path Group: clk
Path Type: min

Fanout     Cap    Slew   Delay    Time   Description
-----------------------------------------------------------------------------
                  0.15    0.00    0.00   clock clk (rise edge)
                          0.00    0.00   clock network delay (ideal)
                  0.15    0.00    0.00 ^ _481_/CLK (sky130_fd_sc_hd__dfrtp_2)
                  0.08    0.39    0.39 ^ _481_/Q (sky130_fd_sc_hd__dfrtp_2)
     3    0.01                           u_sort.valid_reg[2] (net)
                  0.08    0.00    0.39 ^ _408_/B1 (sky130_fd_sc_hd__o31a_2)
                  0.03    0.12    0.51 ^ _408_/X (sky130_fd_sc_hd__o31a_2)
     1    0.00                           _203_ (net)
                  0.03    0.00    0.51 ^ _409_/B (sky130_fd_sc_hd__or2_2)
                  0.03    0.08    0.59 ^ _409_/X (sky130_fd_sc_hd__or2_2)
     1    0.00                           _204_ (net)
                  0.03    0.00    0.59 ^ _410_/A (sky130_fd_sc_hd__buf_1)
                  0.04    0.06    0.65 ^ _410_/X (sky130_fd_sc_hd__buf_1)
     1    0.00                           _059_ (net)
                  0.04    0.00    0.65 ^ _481_/D (sky130_fd_sc_hd__dfrtp_2)
                                  0.65   data arrival time

                  0.15    0.00    0.00   clock clk (rise edge)
                          0.00    0.00   clock network delay (ideal)
                          0.25    0.25   clock uncertainty
                          0.00    0.25   clock reconvergence pessimism
                                  0.25 ^ _481_/CLK (sky130_fd_sc_hd__dfrtp_2)
                         -0.02    0.23   library hold time
                                  0.23   data required time
-----------------------------------------------------------------------------
                                  0.23   data required time
                                 -0.65   data arrival time
-----------------------------------------------------------------------------
                                  0.42   slack (MET)


Startpoint: _482_ (rising edge-triggered flip-flop clocked by clk)
Endpoint: _482_ (rising edge-triggered flip-flop clocked by clk)
Path Group: clk
Path Type: min

Fanout     Cap    Slew   Delay    Time   Description
-----------------------------------------------------------------------------
                  0.15    0.00    0.00   clock clk (rise edge)
                          0.00    0.00   clock network delay (ideal)
                  0.15    0.00    0.00 ^ _482_/CLK (sky130_fd_sc_hd__dfrtp_2)
                  0.08    0.39    0.39 ^ _482_/Q (sky130_fd_sc_hd__dfrtp_2)
     3    0.01                           u_sort.valid_reg[3] (net)
                  0.08    0.00    0.39 ^ _411_/B1 (sky130_fd_sc_hd__o31a_2)
                  0.03    0.12    0.51 ^ _411_/X (sky130_fd_sc_hd__o31a_2)
     1    0.00                           _205_ (net)
                  0.03    0.00    0.51 ^ _412_/B (sky130_fd_sc_hd__or2_2)
                  0.03    0.08    0.59 ^ _412_/X (sky130_fd_sc_hd__or2_2)
     1    0.00                           _206_ (net)
                  0.03    0.00    0.59 ^ _413_/A (sky130_fd_sc_hd__buf_1)
                  0.04    0.06    0.65 ^ _413_/X (sky130_fd_sc_hd__buf_1)
     1    0.00                           _060_ (net)
                  0.04    0.00    0.65 ^ _482_/D (sky130_fd_sc_hd__dfrtp_2)
                                  0.65   data arrival time

                  0.15    0.00    0.00   clock clk (rise edge)
                          0.00    0.00   clock network delay (ideal)
                          0.25    0.25   clock uncertainty
                          0.00    0.25   clock reconvergence pessimism
                                  0.25 ^ _482_/CLK (sky130_fd_sc_hd__dfrtp_2)
                         -0.02    0.23   library hold time
                                  0.23   data required time
-----------------------------------------------------------------------------
                                  0.23   data required time
                                 -0.65   data arrival time
-----------------------------------------------------------------------------
                                  0.42   slack (MET)


Startpoint: _475_ (rising edge-triggered flip-flop clocked by clk)
Endpoint: _477_ (rising edge-triggered flip-flop clocked by clk)
Path Group: clk
Path Type: min

Fanout     Cap    Slew   Delay    Time   Description
-----------------------------------------------------------------------------
                  0.15    0.00    0.00   clock clk (rise edge)
                          0.00    0.00   clock network delay (ideal)
                  0.15    0.00    0.00 ^ _475_/CLK (sky130_fd_sc_hd__dfrtp_2)
                  0.09    0.46    0.46 v _475_/Q (sky130_fd_sc_hd__dfrtp_2)
     7    0.02                           u_sort.bucket_counter[0] (net)
                  0.09    0.00    0.46 v _397_/A (sky130_fd_sc_hd__nand2_2)
                  0.06    0.08    0.54 ^ _397_/Y (sky130_fd_sc_hd__nand2_2)
     3    0.01                           _196_ (net)
                  0.06    0.00    0.54 ^ _402_/D (sky130_fd_sc_hd__or4_2)
                  0.04    0.11    0.65 ^ _402_/X (sky130_fd_sc_hd__or4_2)
     1    0.01                           _200_ (net)
                  0.04    0.00    0.65 ^ _403_/A2 (sky130_fd_sc_hd__a21oi_2)
                  0.03    0.04    0.69 v _403_/Y (sky130_fd_sc_hd__a21oi_2)
     1    0.00                           _056_ (net)
                  0.03    0.00    0.69 v _477_/D (sky130_fd_sc_hd__dfrtp_2)
                                  0.69   data arrival time

                  0.15    0.00    0.00   clock clk (rise edge)
                          0.00    0.00   clock network delay (ideal)
                          0.25    0.25   clock uncertainty
                          0.00    0.25   clock reconvergence pessimism
                                  0.25 ^ _477_/CLK (sky130_fd_sc_hd__dfrtp_2)
                         -0.01    0.24   library hold time
                                  0.24   data required time
-----------------------------------------------------------------------------
                                  0.24   data required time
                                 -0.69   data arrival time
-----------------------------------------------------------------------------
                                  0.45   slack (MET)


Startpoint: _469_ (rising edge-triggered flip-flop clocked by clk)
Endpoint: _469_ (rising edge-triggered flip-flop clocked by clk)
Path Group: clk
Path Type: min

Fanout     Cap    Slew   Delay    Time   Description
-----------------------------------------------------------------------------
                  0.15    0.00    0.00   clock clk (rise edge)
                          0.00    0.00   clock network delay (ideal)
                  0.15    0.00    0.00 ^ _469_/CLK (sky130_fd_sc_hd__dfrtp_2)
                  0.18    0.47    0.47 ^ _469_/Q (sky130_fd_sc_hd__dfrtp_2)
     2    0.04                           o_bucket[1] (net)
                  0.18    0.00    0.47 ^ _378_/A0 (sky130_fd_sc_hd__mux2_2)
                  0.03    0.16    0.63 ^ _378_/X (sky130_fd_sc_hd__mux2_2)
     1    0.00                           _183_ (net)
                  0.03    0.00    0.63 ^ _379_/A (sky130_fd_sc_hd__buf_1)
                  0.04    0.07    0.70 ^ _379_/X (sky130_fd_sc_hd__buf_1)
     1    0.00                           _049_ (net)
                  0.04    0.00    0.70 ^ _469_/D (sky130_fd_sc_hd__dfrtp_2)
                                  0.70   data arrival time

                  0.15    0.00    0.00   clock clk (rise edge)
                          0.00    0.00   clock network delay (ideal)
                          0.25    0.25   clock uncertainty
                          0.00    0.25   clock reconvergence pessimism
                                  0.25 ^ _469_/CLK (sky130_fd_sc_hd__dfrtp_2)
                         -0.02    0.23   library hold time
                                  0.23   data required time
-----------------------------------------------------------------------------
                                  0.23   data required time
                                 -0.70   data arrival time
-----------------------------------------------------------------------------
                                  0.47   slack (MET)


Startpoint: _470_ (rising edge-triggered flip-flop clocked by clk)
Endpoint: _470_ (rising edge-triggered flip-flop clocked by clk)
Path Group: clk
Path Type: min

Fanout     Cap    Slew   Delay    Time   Description
-----------------------------------------------------------------------------
                  0.15    0.00    0.00   clock clk (rise edge)
                          0.00    0.00   clock network delay (ideal)
                  0.15    0.00    0.00 ^ _470_/CLK (sky130_fd_sc_hd__dfrtp_2)
                  0.18    0.47    0.47 ^ _470_/Q (sky130_fd_sc_hd__dfrtp_2)
     2    0.04                           o_bucket[2] (net)
                  0.18    0.00    0.47 ^ _380_/A0 (sky130_fd_sc_hd__mux2_2)
                  0.03    0.16    0.63 ^ _380_/X (sky130_fd_sc_hd__mux2_2)
     1    0.00                           _184_ (net)
                  0.03    0.00    0.63 ^ _381_/A (sky130_fd_sc_hd__buf_1)
                  0.04    0.07    0.70 ^ _381_/X (sky130_fd_sc_hd__buf_1)
     1    0.00                           _050_ (net)
                  0.04    0.00    0.70 ^ _470_/D (sky130_fd_sc_hd__dfrtp_2)
                                  0.70   data arrival time

                  0.15    0.00    0.00   clock clk (rise edge)
                          0.00    0.00   clock network delay (ideal)
                          0.25    0.25   clock uncertainty
                          0.00    0.25   clock reconvergence pessimism
                                  0.25 ^ _470_/CLK (sky130_fd_sc_hd__dfrtp_2)
                         -0.02    0.23   library hold time
                                  0.23   data required time
-----------------------------------------------------------------------------
                                  0.23   data required time
                                 -0.70   data arrival time
-----------------------------------------------------------------------------
                                  0.47   slack (MET)


Startpoint: _472_ (rising edge-triggered flip-flop clocked by clk)
Endpoint: _472_ (rising edge-triggered flip-flop clocked by clk)
Path Group: clk
Path Type: min

Fanout     Cap    Slew   Delay    Time   Description
-----------------------------------------------------------------------------
                  0.15    0.00    0.00   clock clk (rise edge)
                          0.00    0.00   clock network delay (ideal)
                  0.15    0.00    0.00 ^ _472_/CLK (sky130_fd_sc_hd__dfrtp_2)
                  0.18    0.47    0.47 ^ _472_/Q (sky130_fd_sc_hd__dfrtp_2)
     2    0.04                           o_index[0] (net)
                  0.18    0.00    0.47 ^ _384_/A0 (sky130_fd_sc_hd__mux2_2)
                  0.03    0.16    0.63 ^ _384_/X (sky130_fd_sc_hd__mux2_2)
     1    0.00                           _187_ (net)
                  0.03    0.00    0.63 ^ _385_/A (sky130_fd_sc_hd__buf_1)
                  0.04    0.07    0.70 ^ _385_/X (sky130_fd_sc_hd__buf_1)
     1    0.00                           _051_ (net)
                  0.04    0.00    0.70 ^ _472_/D (sky130_fd_sc_hd__dfrtp_2)
                                  0.70   data arrival time

                  0.15    0.00    0.00   clock clk (rise edge)
                          0.00    0.00   clock network delay (ideal)
                          0.25    0.25   clock uncertainty
                          0.00    0.25   clock reconvergence pessimism
                                  0.25 ^ _472_/CLK (sky130_fd_sc_hd__dfrtp_2)
                         -0.02    0.23   library hold time
                                  0.23   data required time
-----------------------------------------------------------------------------
                                  0.23   data required time
                                 -0.70   data arrival time
-----------------------------------------------------------------------------
                                  0.47   slack (MET)


Startpoint: _473_ (rising edge-triggered flip-flop clocked by clk)
Endpoint: _473_ (rising edge-triggered flip-flop clocked by clk)
Path Group: clk
Path Type: min

Fanout     Cap    Slew   Delay    Time   Description
-----------------------------------------------------------------------------
                  0.15    0.00    0.00   clock clk (rise edge)
                          0.00    0.00   clock network delay (ideal)
                  0.15    0.00    0.00 ^ _473_/CLK (sky130_fd_sc_hd__dfrtp_2)
                  0.18    0.47    0.47 ^ _473_/Q (sky130_fd_sc_hd__dfrtp_2)
     2    0.04                           o_index[1] (net)
                  0.18    0.00    0.47 ^ _387_/A0 (sky130_fd_sc_hd__mux2_2)
                  0.03    0.16    0.63 ^ _387_/X (sky130_fd_sc_hd__mux2_2)
     1    0.00                           _189_ (net)
                  0.03    0.00    0.63 ^ _388_/A (sky130_fd_sc_hd__buf_1)
                  0.04    0.07    0.70 ^ _388_/X (sky130_fd_sc_hd__buf_1)
     1    0.00                           _052_ (net)
                  0.04    0.00    0.70 ^ _473_/D (sky130_fd_sc_hd__dfrtp_2)
                                  0.70   data arrival time

                  0.15    0.00    0.00   clock clk (rise edge)
                          0.00    0.00   clock network delay (ideal)
                          0.25    0.25   clock uncertainty
                          0.00    0.25   clock reconvergence pessimism
                                  0.25 ^ _473_/CLK (sky130_fd_sc_hd__dfrtp_2)
                         -0.02    0.23   library hold time
                                  0.23   data required time
-----------------------------------------------------------------------------
                                  0.23   data required time
                                 -0.70   data arrival time
-----------------------------------------------------------------------------
                                  0.47   slack (MET)


Startpoint: _474_ (rising edge-triggered flip-flop clocked by clk)
Endpoint: _474_ (rising edge-triggered flip-flop clocked by clk)
Path Group: clk
Path Type: min

Fanout     Cap    Slew   Delay    Time   Description
-----------------------------------------------------------------------------
                  0.15    0.00    0.00   clock clk (rise edge)
                          0.00    0.00   clock network delay (ideal)
                  0.15    0.00    0.00 ^ _474_/CLK (sky130_fd_sc_hd__dfrtp_2)
                  0.18    0.47    0.47 ^ _474_/Q (sky130_fd_sc_hd__dfrtp_2)
     2    0.04                           o_index[2] (net)
                  0.18    0.00    0.47 ^ _389_/A0 (sky130_fd_sc_hd__mux2_2)
                  0.03    0.16    0.63 ^ _389_/X (sky130_fd_sc_hd__mux2_2)
     1    0.00                           _190_ (net)
                  0.03    0.00    0.63 ^ _390_/A (sky130_fd_sc_hd__buf_1)
                  0.04    0.07    0.70 ^ _390_/X (sky130_fd_sc_hd__buf_1)
     1    0.00                           _053_ (net)
                  0.04    0.00    0.70 ^ _474_/D (sky130_fd_sc_hd__dfrtp_2)
                                  0.70   data arrival time

                  0.15    0.00    0.00   clock clk (rise edge)
                          0.00    0.00   clock network delay (ideal)
                          0.25    0.25   clock uncertainty
                          0.00    0.25   clock reconvergence pessimism
                                  0.25 ^ _474_/CLK (sky130_fd_sc_hd__dfrtp_2)
                         -0.02    0.23   library hold time
                                  0.23   data required time
-----------------------------------------------------------------------------
                                  0.23   data required time
                                 -0.70   data arrival time
-----------------------------------------------------------------------------
                                  0.47   slack (MET)


Startpoint: _478_ (rising edge-triggered flip-flop clocked by clk)
Endpoint: _476_ (rising edge-triggered flip-flop clocked by clk)
Path Group: clk
Path Type: min

Fanout     Cap    Slew   Delay    Time   Description
-----------------------------------------------------------------------------
                  0.15    0.00    0.00   clock clk (rise edge)
                          0.00    0.00   clock network delay (ideal)
                  0.15    0.00    0.00 ^ _478_/CLK (sky130_fd_sc_hd__dfrtp_2)
                  0.09    0.40    0.40 ^ _478_/Q (sky130_fd_sc_hd__dfrtp_2)
     4    0.02                           u_sort.busy (net)
                  0.09    0.00    0.40 ^ _391_/A (sky130_fd_sc_hd__nand2_2)
                  0.08    0.09    0.49 v _391_/Y (sky130_fd_sc_hd__nand2_2)
     6    0.02                           _191_ (net)
                  0.08    0.00    0.49 v _396_/B (sky130_fd_sc_hd__nor2_2)
                  0.06    0.08    0.57 ^ _396_/Y (sky130_fd_sc_hd__nor2_2)
     1    0.00                           _195_ (net)
                  0.06    0.00    0.57 ^ _400_/A2 (sky130_fd_sc_hd__o211a_2)
                  0.04    0.15    0.71 ^ _400_/X (sky130_fd_sc_hd__o211a_2)
     1    0.00                           _055_ (net)
                  0.04    0.00    0.71 ^ _476_/D (sky130_fd_sc_hd__dfrtp_2)
                                  0.71   data arrival time

                  0.15    0.00    0.00   clock clk (rise edge)
                          0.00    0.00   clock network delay (ideal)
                          0.25    0.25   clock uncertainty
                          0.00    0.25   clock reconvergence pessimism
                                  0.25 ^ _476_/CLK (sky130_fd_sc_hd__dfrtp_2)
                         -0.02    0.23   library hold time
                                  0.23   data required time
-----------------------------------------------------------------------------
                                  0.23   data required time
                                 -0.71   data arrival time
-----------------------------------------------------------------------------
                                  0.48   slack (MET)


Startpoint: _478_ (rising edge-triggered flip-flop clocked by clk)
Endpoint: _471_ (rising edge-triggered flip-flop clocked by clk)
Path Group: clk
Path Type: min

Fanout     Cap    Slew   Delay    Time   Description
-----------------------------------------------------------------------------
                  0.15    0.00    0.00   clock clk (rise edge)
                          0.00    0.00   clock network delay (ideal)
                  0.15    0.00    0.00 ^ _478_/CLK (sky130_fd_sc_hd__dfrtp_2)
                  0.07    0.44    0.44 v _478_/Q (sky130_fd_sc_hd__dfrtp_2)
     4    0.01                           u_sort.busy (net)
                  0.07    0.00    0.44 v _247_/B (sky130_fd_sc_hd__and3b_2)
                  0.03    0.18    0.62 v _247_/X (sky130_fd_sc_hd__and3b_2)
     1    0.00                           _100_ (net)
                  0.03    0.00    0.62 v _248_/A (sky130_fd_sc_hd__buf_1)
                  0.12    0.15    0.77 v _248_/X (sky130_fd_sc_hd__buf_1)
     7    0.02                           _002_ (net)
                  0.12    0.00    0.77 v _471_/D (sky130_fd_sc_hd__dfrtp_2)
                                  0.77   data arrival time

                  0.15    0.00    0.00   clock clk (rise edge)
                          0.00    0.00   clock network delay (ideal)
                          0.25    0.25   clock uncertainty
                          0.00    0.25   clock reconvergence pessimism
                                  0.25 ^ _471_/CLK (sky130_fd_sc_hd__dfrtp_2)
                         -0.05    0.20   library hold time
                                  0.20   data required time
-----------------------------------------------------------------------------
                                  0.20   data required time
                                 -0.77   data arrival time
-----------------------------------------------------------------------------
                                  0.57   slack (MET)


Startpoint: _475_ (rising edge-triggered flip-flop clocked by clk)
Endpoint: _475_ (rising edge-triggered flip-flop clocked by clk)
Path Group: clk
Path Type: min

Fanout     Cap    Slew   Delay    Time   Description
-----------------------------------------------------------------------------
                  0.15    0.00    0.00   clock clk (rise edge)
                          0.00    0.00   clock network delay (ideal)
                  0.15    0.00    0.00 ^ _475_/CLK (sky130_fd_sc_hd__dfrtp_2)
                  0.14    0.43    0.43 ^ _475_/Q (sky130_fd_sc_hd__dfrtp_2)
     7    0.02                           u_sort.bucket_counter[0] (net)
                  0.14    0.00    0.43 ^ _217_/A (sky130_fd_sc_hd__inv_2)
                  0.08    0.10    0.53 v _217_/Y (sky130_fd_sc_hd__inv_2)
     9    0.03                           _070_ (net)
                  0.08    0.00    0.53 v _393_/B1 (sky130_fd_sc_hd__o21ai_2)
                  0.04    0.05    0.59 ^ _393_/Y (sky130_fd_sc_hd__o21ai_2)
     1    0.00                           _193_ (net)
                  0.04    0.00    0.59 ^ _394_/C (sky130_fd_sc_hd__and3_2)
                  0.04    0.15    0.74 ^ _394_/X (sky130_fd_sc_hd__and3_2)
     1    0.00                           _194_ (net)
                  0.04    0.00    0.74 ^ _395_/A (sky130_fd_sc_hd__buf_1)
                  0.04    0.07    0.81 ^ _395_/X (sky130_fd_sc_hd__buf_1)
     1    0.00                           _054_ (net)
                  0.04    0.00    0.81 ^ _475_/D (sky130_fd_sc_hd__dfrtp_2)
                                  0.81   data arrival time

                  0.15    0.00    0.00   clock clk (rise edge)
                          0.00    0.00   clock network delay (ideal)
                          0.25    0.25   clock uncertainty
                          0.00    0.25   clock reconvergence pessimism
                                  0.25 ^ _475_/CLK (sky130_fd_sc_hd__dfrtp_2)
                         -0.02    0.23   library hold time
                                  0.23   data required time
-----------------------------------------------------------------------------
                                  0.23   data required time
                                 -0.81   data arrival time
-----------------------------------------------------------------------------
                                  0.58   slack (MET)


Startpoint: rst_n (input port clocked by clk)
Endpoint: _422_ (removal check against rising-edge clock clk)
Path Group: asynchronous
Path Type: min

Fanout     Cap    Slew   Delay    Time   Description
-----------------------------------------------------------------------------
                  0.15    0.00    0.00   clock clk (rise edge)
                          0.00    0.00   clock network delay (ideal)
                          5.00    5.00 ^ input external delay
                  1.06    0.69    5.69 ^ rst_n (in)
    65    0.23                           rst_n (net)
                  1.06    0.00    5.69 ^ _422_/RESET_B (sky130_fd_sc_hd__dfrtp_2)
                                  5.69   data arrival time

                  0.15    0.00    0.00   clock clk (rise edge)
                          0.00    0.00   clock network delay (ideal)
                          0.25    0.25   clock uncertainty
                          0.00    0.25   clock reconvergence pessimism
                                  0.25 ^ _422_/CLK (sky130_fd_sc_hd__dfrtp_2)
                          0.62    0.87   library removal time
                                  0.87   data required time
-----------------------------------------------------------------------------
                                  0.87   data required time
                                 -5.69   data arrival time
-----------------------------------------------------------------------------
                                  4.82   slack (MET)


Startpoint: rst_n (input port clocked by clk)
Endpoint: _423_ (removal check against rising-edge clock clk)
Path Group: asynchronous
Path Type: min

Fanout     Cap    Slew   Delay    Time   Description
-----------------------------------------------------------------------------
                  0.15    0.00    0.00   clock clk (rise edge)
                          0.00    0.00   clock network delay (ideal)
                          5.00    5.00 ^ input external delay
                  1.06    0.69    5.69 ^ rst_n (in)
    65    0.23                           rst_n (net)
                  1.06    0.00    5.69 ^ _423_/RESET_B (sky130_fd_sc_hd__dfrtp_2)
                                  5.69   data arrival time

                  0.15    0.00    0.00   clock clk (rise edge)
                          0.00    0.00   clock network delay (ideal)
                          0.25    0.25   clock uncertainty
                          0.00    0.25   clock reconvergence pessimism
                                  0.25 ^ _423_/CLK (sky130_fd_sc_hd__dfrtp_2)
                          0.62    0.87   library removal time
                                  0.87   data required time
-----------------------------------------------------------------------------
                                  0.87   data required time
                                 -5.69   data arrival time
-----------------------------------------------------------------------------
                                  4.82   slack (MET)


Startpoint: rst_n (input port clocked by clk)
Endpoint: _424_ (removal check against rising-edge clock clk)
Path Group: asynchronous
Path Type: min

Fanout     Cap    Slew   Delay    Time   Description
-----------------------------------------------------------------------------
                  0.15    0.00    0.00   clock clk (rise edge)
                          0.00    0.00   clock network delay (ideal)
                          5.00    5.00 ^ input external delay
                  1.06    0.69    5.69 ^ rst_n (in)
    65    0.23                           rst_n (net)
                  1.06    0.00    5.69 ^ _424_/RESET_B (sky130_fd_sc_hd__dfrtp_2)
                                  5.69   data arrival time

                  0.15    0.00    0.00   clock clk (rise edge)
                          0.00    0.00   clock network delay (ideal)
                          0.25    0.25   clock uncertainty
                          0.00    0.25   clock reconvergence pessimism
                                  0.25 ^ _424_/CLK (sky130_fd_sc_hd__dfrtp_2)
                          0.62    0.87   library removal time
                                  0.87   data required time
-----------------------------------------------------------------------------
                                  0.87   data required time
                                 -5.69   data arrival time
-----------------------------------------------------------------------------
                                  4.82   slack (MET)


Startpoint: rst_n (input port clocked by clk)
Endpoint: _425_ (removal check against rising-edge clock clk)
Path Group: asynchronous
Path Type: min

Fanout     Cap    Slew   Delay    Time   Description
-----------------------------------------------------------------------------
                  0.15    0.00    0.00   clock clk (rise edge)
                          0.00    0.00   clock network delay (ideal)
                          5.00    5.00 ^ input external delay
                  1.06    0.69    5.69 ^ rst_n (in)
    65    0.23                           rst_n (net)
                  1.06    0.00    5.69 ^ _425_/RESET_B (sky130_fd_sc_hd__dfrtp_2)
                                  5.69   data arrival time

                  0.15    0.00    0.00   clock clk (rise edge)
                          0.00    0.00   clock network delay (ideal)
                          0.25    0.25   clock uncertainty
                          0.00    0.25   clock reconvergence pessimism
                                  0.25 ^ _425_/CLK (sky130_fd_sc_hd__dfrtp_2)
                          0.62    0.87   library removal time
                                  0.87   data required time
-----------------------------------------------------------------------------
                                  0.87   data required time
                                 -5.69   data arrival time
-----------------------------------------------------------------------------
                                  4.82   slack (MET)


Startpoint: rst_n (input port clocked by clk)
Endpoint: _426_ (removal check against rising-edge clock clk)
Path Group: asynchronous
Path Type: min

Fanout     Cap    Slew   Delay    Time   Description
-----------------------------------------------------------------------------
                  0.15    0.00    0.00   clock clk (rise edge)
                          0.00    0.00   clock network delay (ideal)
                          5.00    5.00 ^ input external delay
                  1.06    0.69    5.69 ^ rst_n (in)
    65    0.23                           rst_n (net)
                  1.06    0.00    5.69 ^ _426_/RESET_B (sky130_fd_sc_hd__dfrtp_2)
                                  5.69   data arrival time

                  0.15    0.00    0.00   clock clk (rise edge)
                          0.00    0.00   clock network delay (ideal)
                          0.25    0.25   clock uncertainty
                          0.00    0.25   clock reconvergence pessimism
                                  0.25 ^ _426_/CLK (sky130_fd_sc_hd__dfrtp_2)
                          0.62    0.87   library removal time
                                  0.87   data required time
-----------------------------------------------------------------------------
                                  0.87   data required time
                                 -5.69   data arrival time
-----------------------------------------------------------------------------
                                  4.82   slack (MET)


Startpoint: rst_n (input port clocked by clk)
Endpoint: _427_ (removal check against rising-edge clock clk)
Path Group: asynchronous
Path Type: min

Fanout     Cap    Slew   Delay    Time   Description
-----------------------------------------------------------------------------
                  0.15    0.00    0.00   clock clk (rise edge)
                          0.00    0.00   clock network delay (ideal)
                          5.00    5.00 ^ input external delay
                  1.06    0.69    5.69 ^ rst_n (in)
    65    0.23                           rst_n (net)
                  1.06    0.00    5.69 ^ _427_/RESET_B (sky130_fd_sc_hd__dfrtp_2)
                                  5.69   data arrival time

                  0.15    0.00    0.00   clock clk (rise edge)
                          0.00    0.00   clock network delay (ideal)
                          0.25    0.25   clock uncertainty
                          0.00    0.25   clock reconvergence pessimism
                                  0.25 ^ _427_/CLK (sky130_fd_sc_hd__dfrtp_2)
                          0.62    0.87   library removal time
                                  0.87   data required time
-----------------------------------------------------------------------------
                                  0.87   data required time
                                 -5.69   data arrival time
-----------------------------------------------------------------------------
                                  4.82   slack (MET)


Startpoint: rst_n (input port clocked by clk)
Endpoint: _428_ (removal check against rising-edge clock clk)
Path Group: asynchronous
Path Type: min

Fanout     Cap    Slew   Delay    Time   Description
-----------------------------------------------------------------------------
                  0.15    0.00    0.00   clock clk (rise edge)
                          0.00    0.00   clock network delay (ideal)
                          5.00    5.00 ^ input external delay
                  1.06    0.69    5.69 ^ rst_n (in)
    65    0.23                           rst_n (net)
                  1.06    0.00    5.69 ^ _428_/RESET_B (sky130_fd_sc_hd__dfrtp_2)
                                  5.69   data arrival time

                  0.15    0.00    0.00   clock clk (rise edge)
                          0.00    0.00   clock network delay (ideal)
                          0.25    0.25   clock uncertainty
                          0.00    0.25   clock reconvergence pessimism
                                  0.25 ^ _428_/CLK (sky130_fd_sc_hd__dfrtp_2)
                          0.62    0.87   library removal time
                                  0.87   data required time
-----------------------------------------------------------------------------
                                  0.87   data required time
                                 -5.69   data arrival time
-----------------------------------------------------------------------------
                                  4.82   slack (MET)


Startpoint: rst_n (input port clocked by clk)
Endpoint: _429_ (removal check against rising-edge clock clk)
Path Group: asynchronous
Path Type: min

Fanout     Cap    Slew   Delay    Time   Description
-----------------------------------------------------------------------------
                  0.15    0.00    0.00   clock clk (rise edge)
                          0.00    0.00   clock network delay (ideal)
                          5.00    5.00 ^ input external delay
                  1.06    0.69    5.69 ^ rst_n (in)
    65    0.23                           rst_n (net)
                  1.06    0.00    5.69 ^ _429_/RESET_B (sky130_fd_sc_hd__dfrtp_2)
                                  5.69   data arrival time

                  0.15    0.00    0.00   clock clk (rise edge)
                          0.00    0.00   clock network delay (ideal)
                          0.25    0.25   clock uncertainty
                          0.00    0.25   clock reconvergence pessimism
                                  0.25 ^ _429_/CLK (sky130_fd_sc_hd__dfrtp_2)
                          0.62    0.87   library removal time
                                  0.87   data required time
-----------------------------------------------------------------------------
                                  0.87   data required time
                                 -5.69   data arrival time
-----------------------------------------------------------------------------
                                  4.82   slack (MET)


Startpoint: rst_n (input port clocked by clk)
Endpoint: _430_ (removal check against rising-edge clock clk)
Path Group: asynchronous
Path Type: min

Fanout     Cap    Slew   Delay    Time   Description
-----------------------------------------------------------------------------
                  0.15    0.00    0.00   clock clk (rise edge)
                          0.00    0.00   clock network delay (ideal)
                          5.00    5.00 ^ input external delay
                  1.06    0.69    5.69 ^ rst_n (in)
    65    0.23                           rst_n (net)
                  1.06    0.00    5.69 ^ _430_/RESET_B (sky130_fd_sc_hd__dfrtp_2)
                                  5.69   data arrival time

                  0.15    0.00    0.00   clock clk (rise edge)
                          0.00    0.00   clock network delay (ideal)
                          0.25    0.25   clock uncertainty
                          0.00    0.25   clock reconvergence pessimism
                                  0.25 ^ _430_/CLK (sky130_fd_sc_hd__dfrtp_2)
                          0.62    0.87   library removal time
                                  0.87   data required time
-----------------------------------------------------------------------------
                                  0.87   data required time
                                 -5.69   data arrival time
-----------------------------------------------------------------------------
                                  4.82   slack (MET)


Startpoint: rst_n (input port clocked by clk)
Endpoint: _431_ (removal check against rising-edge clock clk)
Path Group: asynchronous
Path Type: min

Fanout     Cap    Slew   Delay    Time   Description
-----------------------------------------------------------------------------
                  0.15    0.00    0.00   clock clk (rise edge)
                          0.00    0.00   clock network delay (ideal)
                          5.00    5.00 ^ input external delay
                  1.06    0.69    5.69 ^ rst_n (in)
    65    0.23                           rst_n (net)
                  1.06    0.00    5.69 ^ _431_/RESET_B (sky130_fd_sc_hd__dfrtp_2)
                                  5.69   data arrival time

                  0.15    0.00    0.00   clock clk (rise edge)
                          0.00    0.00   clock network delay (ideal)
                          0.25    0.25   clock uncertainty
                          0.00    0.25   clock reconvergence pessimism
                                  0.25 ^ _431_/CLK (sky130_fd_sc_hd__dfrtp_2)
                          0.62    0.87   library removal time
                                  0.87   data required time
-----------------------------------------------------------------------------
                                  0.87   data required time
                                 -5.69   data arrival time
-----------------------------------------------------------------------------
                                  4.82   slack (MET)


Startpoint: rst_n (input port clocked by clk)
Endpoint: _432_ (removal check against rising-edge clock clk)
Path Group: asynchronous
Path Type: min

Fanout     Cap    Slew   Delay    Time   Description
-----------------------------------------------------------------------------
                  0.15    0.00    0.00   clock clk (rise edge)
                          0.00    0.00   clock network delay (ideal)
                          5.00    5.00 ^ input external delay
                  1.06    0.69    5.69 ^ rst_n (in)
    65    0.23                           rst_n (net)
                  1.06    0.00    5.69 ^ _432_/RESET_B (sky130_fd_sc_hd__dfrtp_2)
                                  5.69   data arrival time

                  0.15    0.00    0.00   clock clk (rise edge)
                          0.00    0.00   clock network delay (ideal)
                          0.25    0.25   clock uncertainty
                          0.00    0.25   clock reconvergence pessimism
                                  0.25 ^ _432_/CLK (sky130_fd_sc_hd__dfrtp_2)
                          0.62    0.87   library removal time
                                  0.87   data required time
-----------------------------------------------------------------------------
                                  0.87   data required time
                                 -5.69   data arrival time
-----------------------------------------------------------------------------
                                  4.82   slack (MET)


Startpoint: rst_n (input port clocked by clk)
Endpoint: _433_ (removal check against rising-edge clock clk)
Path Group: asynchronous
Path Type: min

Fanout     Cap    Slew   Delay    Time   Description
-----------------------------------------------------------------------------
                  0.15    0.00    0.00   clock clk (rise edge)
                          0.00    0.00   clock network delay (ideal)
                          5.00    5.00 ^ input external delay
                  1.06    0.69    5.69 ^ rst_n (in)
    65    0.23                           rst_n (net)
                  1.06    0.00    5.69 ^ _433_/RESET_B (sky130_fd_sc_hd__dfrtp_2)
                                  5.69   data arrival time

                  0.15    0.00    0.00   clock clk (rise edge)
                          0.00    0.00   clock network delay (ideal)
                          0.25    0.25   clock uncertainty
                          0.00    0.25   clock reconvergence pessimism
                                  0.25 ^ _433_/CLK (sky130_fd_sc_hd__dfrtp_2)
                          0.62    0.87   library removal time
                                  0.87   data required time
-----------------------------------------------------------------------------
                                  0.87   data required time
                                 -5.69   data arrival time
-----------------------------------------------------------------------------
                                  4.82   slack (MET)


Startpoint: rst_n (input port clocked by clk)
Endpoint: _434_ (removal check against rising-edge clock clk)
Path Group: asynchronous
Path Type: min

Fanout     Cap    Slew   Delay    Time   Description
-----------------------------------------------------------------------------
                  0.15    0.00    0.00   clock clk (rise edge)
                          0.00    0.00   clock network delay (ideal)
                          5.00    5.00 ^ input external delay
                  1.06    0.69    5.69 ^ rst_n (in)
    65    0.23                           rst_n (net)
                  1.06    0.00    5.69 ^ _434_/RESET_B (sky130_fd_sc_hd__dfrtp_2)
                                  5.69   data arrival time

                  0.15    0.00    0.00   clock clk (rise edge)
                          0.00    0.00   clock network delay (ideal)
                          0.25    0.25   clock uncertainty
                          0.00    0.25   clock reconvergence pessimism
                                  0.25 ^ _434_/CLK (sky130_fd_sc_hd__dfrtp_2)
                          0.62    0.87   library removal time
                                  0.87   data required time
-----------------------------------------------------------------------------
                                  0.87   data required time
                                 -5.69   data arrival time
-----------------------------------------------------------------------------
                                  4.82   slack (MET)


Startpoint: rst_n (input port clocked by clk)
Endpoint: _435_ (removal check against rising-edge clock clk)
Path Group: asynchronous
Path Type: min

Fanout     Cap    Slew   Delay    Time   Description
-----------------------------------------------------------------------------
                  0.15    0.00    0.00   clock clk (rise edge)
                          0.00    0.00   clock network delay (ideal)
                          5.00    5.00 ^ input external delay
                  1.06    0.69    5.69 ^ rst_n (in)
    65    0.23                           rst_n (net)
                  1.06    0.00    5.69 ^ _435_/RESET_B (sky130_fd_sc_hd__dfrtp_2)
                                  5.69   data arrival time

                  0.15    0.00    0.00   clock clk (rise edge)
                          0.00    0.00   clock network delay (ideal)
                          0.25    0.25   clock uncertainty
                          0.00    0.25   clock reconvergence pessimism
                                  0.25 ^ _435_/CLK (sky130_fd_sc_hd__dfrtp_2)
                          0.62    0.87   library removal time
                                  0.87   data required time
-----------------------------------------------------------------------------
                                  0.87   data required time
                                 -5.69   data arrival time
-----------------------------------------------------------------------------
                                  4.82   slack (MET)


Startpoint: rst_n (input port clocked by clk)
Endpoint: _436_ (removal check against rising-edge clock clk)
Path Group: asynchronous
Path Type: min

Fanout     Cap    Slew   Delay    Time   Description
-----------------------------------------------------------------------------
                  0.15    0.00    0.00   clock clk (rise edge)
                          0.00    0.00   clock network delay (ideal)
                          5.00    5.00 ^ input external delay
                  1.06    0.69    5.69 ^ rst_n (in)
    65    0.23                           rst_n (net)
                  1.06    0.00    5.69 ^ _436_/RESET_B (sky130_fd_sc_hd__dfrtp_2)
                                  5.69   data arrival time

                  0.15    0.00    0.00   clock clk (rise edge)
                          0.00    0.00   clock network delay (ideal)
                          0.25    0.25   clock uncertainty
                          0.00    0.25   clock reconvergence pessimism
                                  0.25 ^ _436_/CLK (sky130_fd_sc_hd__dfrtp_2)
                          0.62    0.87   library removal time
                                  0.87   data required time
-----------------------------------------------------------------------------
                                  0.87   data required time
                                 -5.69   data arrival time
-----------------------------------------------------------------------------
                                  4.82   slack (MET)


Startpoint: rst_n (input port clocked by clk)
Endpoint: _437_ (removal check against rising-edge clock clk)
Path Group: asynchronous
Path Type: min

Fanout     Cap    Slew   Delay    Time   Description
-----------------------------------------------------------------------------
                  0.15    0.00    0.00   clock clk (rise edge)
                          0.00    0.00   clock network delay (ideal)
                          5.00    5.00 ^ input external delay
                  1.06    0.69    5.69 ^ rst_n (in)
    65    0.23                           rst_n (net)
                  1.06    0.00    5.69 ^ _437_/RESET_B (sky130_fd_sc_hd__dfrtp_2)
                                  5.69   data arrival time

                  0.15    0.00    0.00   clock clk (rise edge)
                          0.00    0.00   clock network delay (ideal)
                          0.25    0.25   clock uncertainty
                          0.00    0.25   clock reconvergence pessimism
                                  0.25 ^ _437_/CLK (sky130_fd_sc_hd__dfrtp_2)
                          0.62    0.87   library removal time
                                  0.87   data required time
-----------------------------------------------------------------------------
                                  0.87   data required time
                                 -5.69   data arrival time
-----------------------------------------------------------------------------
                                  4.82   slack (MET)


Startpoint: rst_n (input port clocked by clk)
Endpoint: _438_ (removal check against rising-edge clock clk)
Path Group: asynchronous
Path Type: min

Fanout     Cap    Slew   Delay    Time   Description
-----------------------------------------------------------------------------
                  0.15    0.00    0.00   clock clk (rise edge)
                          0.00    0.00   clock network delay (ideal)
                          5.00    5.00 ^ input external delay
                  1.06    0.69    5.69 ^ rst_n (in)
    65    0.23                           rst_n (net)
                  1.06    0.00    5.69 ^ _438_/RESET_B (sky130_fd_sc_hd__dfrtp_2)
                                  5.69   data arrival time

                  0.15    0.00    0.00   clock clk (rise edge)
                          0.00    0.00   clock network delay (ideal)
                          0.25    0.25   clock uncertainty
                          0.00    0.25   clock reconvergence pessimism
                                  0.25 ^ _438_/CLK (sky130_fd_sc_hd__dfrtp_2)
                          0.62    0.87   library removal time
                                  0.87   data required time
-----------------------------------------------------------------------------
                                  0.87   data required time
                                 -5.69   data arrival time
-----------------------------------------------------------------------------
                                  4.82   slack (MET)


Startpoint: rst_n (input port clocked by clk)
Endpoint: _439_ (removal check against rising-edge clock clk)
Path Group: asynchronous
Path Type: min

Fanout     Cap    Slew   Delay    Time   Description
-----------------------------------------------------------------------------
                  0.15    0.00    0.00   clock clk (rise edge)
                          0.00    0.00   clock network delay (ideal)
                          5.00    5.00 ^ input external delay
                  1.06    0.69    5.69 ^ rst_n (in)
    65    0.23                           rst_n (net)
                  1.06    0.00    5.69 ^ _439_/RESET_B (sky130_fd_sc_hd__dfrtp_2)
                                  5.69   data arrival time

                  0.15    0.00    0.00   clock clk (rise edge)
                          0.00    0.00   clock network delay (ideal)
                          0.25    0.25   clock uncertainty
                          0.00    0.25   clock reconvergence pessimism
                                  0.25 ^ _439_/CLK (sky130_fd_sc_hd__dfrtp_2)
                          0.62    0.87   library removal time
                                  0.87   data required time
-----------------------------------------------------------------------------
                                  0.87   data required time
                                 -5.69   data arrival time
-----------------------------------------------------------------------------
                                  4.82   slack (MET)


Startpoint: rst_n (input port clocked by clk)
Endpoint: _440_ (removal check against rising-edge clock clk)
Path Group: asynchronous
Path Type: min

Fanout     Cap    Slew   Delay    Time   Description
-----------------------------------------------------------------------------
                  0.15    0.00    0.00   clock clk (rise edge)
                          0.00    0.00   clock network delay (ideal)
                          5.00    5.00 ^ input external delay
                  1.06    0.69    5.69 ^ rst_n (in)
    65    0.23                           rst_n (net)
                  1.06    0.00    5.69 ^ _440_/RESET_B (sky130_fd_sc_hd__dfrtp_2)
                                  5.69   data arrival time

                  0.15    0.00    0.00   clock clk (rise edge)
                          0.00    0.00   clock network delay (ideal)
                          0.25    0.25   clock uncertainty
                          0.00    0.25   clock reconvergence pessimism
                                  0.25 ^ _440_/CLK (sky130_fd_sc_hd__dfrtp_2)
                          0.62    0.87   library removal time
                                  0.87   data required time
-----------------------------------------------------------------------------
                                  0.87   data required time
                                 -5.69   data arrival time
-----------------------------------------------------------------------------
                                  4.82   slack (MET)


Startpoint: rst_n (input port clocked by clk)
Endpoint: _441_ (removal check against rising-edge clock clk)
Path Group: asynchronous
Path Type: min

Fanout     Cap    Slew   Delay    Time   Description
-----------------------------------------------------------------------------
                  0.15    0.00    0.00   clock clk (rise edge)
                          0.00    0.00   clock network delay (ideal)
                          5.00    5.00 ^ input external delay
                  1.06    0.69    5.69 ^ rst_n (in)
    65    0.23                           rst_n (net)
                  1.06    0.00    5.69 ^ _441_/RESET_B (sky130_fd_sc_hd__dfrtp_2)
                                  5.69   data arrival time

                  0.15    0.00    0.00   clock clk (rise edge)
                          0.00    0.00   clock network delay (ideal)
                          0.25    0.25   clock uncertainty
                          0.00    0.25   clock reconvergence pessimism
                                  0.25 ^ _441_/CLK (sky130_fd_sc_hd__dfrtp_2)
                          0.62    0.87   library removal time
                                  0.87   data required time
-----------------------------------------------------------------------------
                                  0.87   data required time
                                 -5.69   data arrival time
-----------------------------------------------------------------------------
                                  4.82   slack (MET)


Startpoint: rst_n (input port clocked by clk)
Endpoint: _442_ (removal check against rising-edge clock clk)
Path Group: asynchronous
Path Type: min

Fanout     Cap    Slew   Delay    Time   Description
-----------------------------------------------------------------------------
                  0.15    0.00    0.00   clock clk (rise edge)
                          0.00    0.00   clock network delay (ideal)
                          5.00    5.00 ^ input external delay
                  1.06    0.69    5.69 ^ rst_n (in)
    65    0.23                           rst_n (net)
                  1.06    0.00    5.69 ^ _442_/RESET_B (sky130_fd_sc_hd__dfrtp_2)
                                  5.69   data arrival time

                  0.15    0.00    0.00   clock clk (rise edge)
                          0.00    0.00   clock network delay (ideal)
                          0.25    0.25   clock uncertainty
                          0.00    0.25   clock reconvergence pessimism
                                  0.25 ^ _442_/CLK (sky130_fd_sc_hd__dfrtp_2)
                          0.62    0.87   library removal time
                                  0.87   data required time
-----------------------------------------------------------------------------
                                  0.87   data required time
                                 -5.69   data arrival time
-----------------------------------------------------------------------------
                                  4.82   slack (MET)


Startpoint: rst_n (input port clocked by clk)
Endpoint: _443_ (removal check against rising-edge clock clk)
Path Group: asynchronous
Path Type: min

Fanout     Cap    Slew   Delay    Time   Description
-----------------------------------------------------------------------------
                  0.15    0.00    0.00   clock clk (rise edge)
                          0.00    0.00   clock network delay (ideal)
                          5.00    5.00 ^ input external delay
                  1.06    0.69    5.69 ^ rst_n (in)
    65    0.23                           rst_n (net)
                  1.06    0.00    5.69 ^ _443_/RESET_B (sky130_fd_sc_hd__dfrtp_2)
                                  5.69   data arrival time

                  0.15    0.00    0.00   clock clk (rise edge)
                          0.00    0.00   clock network delay (ideal)
                          0.25    0.25   clock uncertainty
                          0.00    0.25   clock reconvergence pessimism
                                  0.25 ^ _443_/CLK (sky130_fd_sc_hd__dfrtp_2)
                          0.62    0.87   library removal time
                                  0.87   data required time
-----------------------------------------------------------------------------
                                  0.87   data required time
                                 -5.69   data arrival time
-----------------------------------------------------------------------------
                                  4.82   slack (MET)


Startpoint: rst_n (input port clocked by clk)
Endpoint: _444_ (removal check against rising-edge clock clk)
Path Group: asynchronous
Path Type: min

Fanout     Cap    Slew   Delay    Time   Description
-----------------------------------------------------------------------------
                  0.15    0.00    0.00   clock clk (rise edge)
                          0.00    0.00   clock network delay (ideal)
                          5.00    5.00 ^ input external delay
                  1.06    0.69    5.69 ^ rst_n (in)
    65    0.23                           rst_n (net)
                  1.06    0.00    5.69 ^ _444_/RESET_B (sky130_fd_sc_hd__dfrtp_2)
                                  5.69   data arrival time

                  0.15    0.00    0.00   clock clk (rise edge)
                          0.00    0.00   clock network delay (ideal)
                          0.25    0.25   clock uncertainty
                          0.00    0.25   clock reconvergence pessimism
                                  0.25 ^ _444_/CLK (sky130_fd_sc_hd__dfrtp_2)
                          0.62    0.87   library removal time
                                  0.87   data required time
-----------------------------------------------------------------------------
                                  0.87   data required time
                                 -5.69   data arrival time
-----------------------------------------------------------------------------
                                  4.82   slack (MET)


Startpoint: rst_n (input port clocked by clk)
Endpoint: _445_ (removal check against rising-edge clock clk)
Path Group: asynchronous
Path Type: min

Fanout     Cap    Slew   Delay    Time   Description
-----------------------------------------------------------------------------
                  0.15    0.00    0.00   clock clk (rise edge)
                          0.00    0.00   clock network delay (ideal)
                          5.00    5.00 ^ input external delay
                  1.06    0.69    5.69 ^ rst_n (in)
    65    0.23                           rst_n (net)
                  1.06    0.00    5.69 ^ _445_/RESET_B (sky130_fd_sc_hd__dfrtp_2)
                                  5.69   data arrival time

                  0.15    0.00    0.00   clock clk (rise edge)
                          0.00    0.00   clock network delay (ideal)
                          0.25    0.25   clock uncertainty
                          0.00    0.25   clock reconvergence pessimism
                                  0.25 ^ _445_/CLK (sky130_fd_sc_hd__dfrtp_2)
                          0.62    0.87   library removal time
                                  0.87   data required time
-----------------------------------------------------------------------------
                                  0.87   data required time
                                 -5.69   data arrival time
-----------------------------------------------------------------------------
                                  4.82   slack (MET)


Startpoint: rst_n (input port clocked by clk)
Endpoint: _446_ (removal check against rising-edge clock clk)
Path Group: asynchronous
Path Type: min

Fanout     Cap    Slew   Delay    Time   Description
-----------------------------------------------------------------------------
                  0.15    0.00    0.00   clock clk (rise edge)
                          0.00    0.00   clock network delay (ideal)
                          5.00    5.00 ^ input external delay
                  1.06    0.69    5.69 ^ rst_n (in)
    65    0.23                           rst_n (net)
                  1.06    0.00    5.69 ^ _446_/RESET_B (sky130_fd_sc_hd__dfrtp_2)
                                  5.69   data arrival time

                  0.15    0.00    0.00   clock clk (rise edge)
                          0.00    0.00   clock network delay (ideal)
                          0.25    0.25   clock uncertainty
                          0.00    0.25   clock reconvergence pessimism
                                  0.25 ^ _446_/CLK (sky130_fd_sc_hd__dfrtp_2)
                          0.62    0.87   library removal time
                                  0.87   data required time
-----------------------------------------------------------------------------
                                  0.87   data required time
                                 -5.69   data arrival time
-----------------------------------------------------------------------------
                                  4.82   slack (MET)


Startpoint: rst_n (input port clocked by clk)
Endpoint: _447_ (removal check against rising-edge clock clk)
Path Group: asynchronous
Path Type: min

Fanout     Cap    Slew   Delay    Time   Description
-----------------------------------------------------------------------------
                  0.15    0.00    0.00   clock clk (rise edge)
                          0.00    0.00   clock network delay (ideal)
                          5.00    5.00 ^ input external delay
                  1.06    0.69    5.69 ^ rst_n (in)
    65    0.23                           rst_n (net)
                  1.06    0.00    5.69 ^ _447_/RESET_B (sky130_fd_sc_hd__dfrtp_2)
                                  5.69   data arrival time

                  0.15    0.00    0.00   clock clk (rise edge)
                          0.00    0.00   clock network delay (ideal)
                          0.25    0.25   clock uncertainty
                          0.00    0.25   clock reconvergence pessimism
                                  0.25 ^ _447_/CLK (sky130_fd_sc_hd__dfrtp_2)
                          0.62    0.87   library removal time
                                  0.87   data required time
-----------------------------------------------------------------------------
                                  0.87   data required time
                                 -5.69   data arrival time
-----------------------------------------------------------------------------
                                  4.82   slack (MET)


Startpoint: rst_n (input port clocked by clk)
Endpoint: _448_ (removal check against rising-edge clock clk)
Path Group: asynchronous
Path Type: min

Fanout     Cap    Slew   Delay    Time   Description
-----------------------------------------------------------------------------
                  0.15    0.00    0.00   clock clk (rise edge)
                          0.00    0.00   clock network delay (ideal)
                          5.00    5.00 ^ input external delay
                  1.06    0.69    5.69 ^ rst_n (in)
    65    0.23                           rst_n (net)
                  1.06    0.00    5.69 ^ _448_/RESET_B (sky130_fd_sc_hd__dfrtp_2)
                                  5.69   data arrival time

                  0.15    0.00    0.00   clock clk (rise edge)
                          0.00    0.00   clock network delay (ideal)
                          0.25    0.25   clock uncertainty
                          0.00    0.25   clock reconvergence pessimism
                                  0.25 ^ _448_/CLK (sky130_fd_sc_hd__dfrtp_2)
                          0.62    0.87   library removal time
                                  0.87   data required time
-----------------------------------------------------------------------------
                                  0.87   data required time
                                 -5.69   data arrival time
-----------------------------------------------------------------------------
                                  4.82   slack (MET)


Startpoint: rst_n (input port clocked by clk)
Endpoint: _449_ (removal check against rising-edge clock clk)
Path Group: asynchronous
Path Type: min

Fanout     Cap    Slew   Delay    Time   Description
-----------------------------------------------------------------------------
                  0.15    0.00    0.00   clock clk (rise edge)
                          0.00    0.00   clock network delay (ideal)
                          5.00    5.00 ^ input external delay
                  1.06    0.69    5.69 ^ rst_n (in)
    65    0.23                           rst_n (net)
                  1.06    0.00    5.69 ^ _449_/RESET_B (sky130_fd_sc_hd__dfrtp_2)
                                  5.69   data arrival time

                  0.15    0.00    0.00   clock clk (rise edge)
                          0.00    0.00   clock network delay (ideal)
                          0.25    0.25   clock uncertainty
                          0.00    0.25   clock reconvergence pessimism
                                  0.25 ^ _449_/CLK (sky130_fd_sc_hd__dfrtp_2)
                          0.62    0.87   library removal time
                                  0.87   data required time
-----------------------------------------------------------------------------
                                  0.87   data required time
                                 -5.69   data arrival time
-----------------------------------------------------------------------------
                                  4.82   slack (MET)


Startpoint: rst_n (input port clocked by clk)
Endpoint: _450_ (removal check against rising-edge clock clk)
Path Group: asynchronous
Path Type: min

Fanout     Cap    Slew   Delay    Time   Description
-----------------------------------------------------------------------------
                  0.15    0.00    0.00   clock clk (rise edge)
                          0.00    0.00   clock network delay (ideal)
                          5.00    5.00 ^ input external delay
                  1.06    0.69    5.69 ^ rst_n (in)
    65    0.23                           rst_n (net)
                  1.06    0.00    5.69 ^ _450_/RESET_B (sky130_fd_sc_hd__dfrtp_2)
                                  5.69   data arrival time

                  0.15    0.00    0.00   clock clk (rise edge)
                          0.00    0.00   clock network delay (ideal)
                          0.25    0.25   clock uncertainty
                          0.00    0.25   clock reconvergence pessimism
                                  0.25 ^ _450_/CLK (sky130_fd_sc_hd__dfrtp_2)
                          0.62    0.87   library removal time
                                  0.87   data required time
-----------------------------------------------------------------------------
                                  0.87   data required time
                                 -5.69   data arrival time
-----------------------------------------------------------------------------
                                  4.82   slack (MET)


Startpoint: rst_n (input port clocked by clk)
Endpoint: _451_ (removal check against rising-edge clock clk)
Path Group: asynchronous
Path Type: min

Fanout     Cap    Slew   Delay    Time   Description
-----------------------------------------------------------------------------
                  0.15    0.00    0.00   clock clk (rise edge)
                          0.00    0.00   clock network delay (ideal)
                          5.00    5.00 ^ input external delay
                  1.06    0.69    5.69 ^ rst_n (in)
    65    0.23                           rst_n (net)
                  1.06    0.00    5.69 ^ _451_/RESET_B (sky130_fd_sc_hd__dfrtp_2)
                                  5.69   data arrival time

                  0.15    0.00    0.00   clock clk (rise edge)
                          0.00    0.00   clock network delay (ideal)
                          0.25    0.25   clock uncertainty
                          0.00    0.25   clock reconvergence pessimism
                                  0.25 ^ _451_/CLK (sky130_fd_sc_hd__dfrtp_2)
                          0.62    0.87   library removal time
                                  0.87   data required time
-----------------------------------------------------------------------------
                                  0.87   data required time
                                 -5.69   data arrival time
-----------------------------------------------------------------------------
                                  4.82   slack (MET)


Startpoint: rst_n (input port clocked by clk)
Endpoint: _452_ (removal check against rising-edge clock clk)
Path Group: asynchronous
Path Type: min

Fanout     Cap    Slew   Delay    Time   Description
-----------------------------------------------------------------------------
                  0.15    0.00    0.00   clock clk (rise edge)
                          0.00    0.00   clock network delay (ideal)
                          5.00    5.00 ^ input external delay
                  1.06    0.69    5.69 ^ rst_n (in)
    65    0.23                           rst_n (net)
                  1.06    0.00    5.69 ^ _452_/RESET_B (sky130_fd_sc_hd__dfrtp_2)
                                  5.69   data arrival time

                  0.15    0.00    0.00   clock clk (rise edge)
                          0.00    0.00   clock network delay (ideal)
                          0.25    0.25   clock uncertainty
                          0.00    0.25   clock reconvergence pessimism
                                  0.25 ^ _452_/CLK (sky130_fd_sc_hd__dfrtp_2)
                          0.62    0.87   library removal time
                                  0.87   data required time
-----------------------------------------------------------------------------
                                  0.87   data required time
                                 -5.69   data arrival time
-----------------------------------------------------------------------------
                                  4.82   slack (MET)


Startpoint: rst_n (input port clocked by clk)
Endpoint: _453_ (removal check against rising-edge clock clk)
Path Group: asynchronous
Path Type: min

Fanout     Cap    Slew   Delay    Time   Description
-----------------------------------------------------------------------------
                  0.15    0.00    0.00   clock clk (rise edge)
                          0.00    0.00   clock network delay (ideal)
                          5.00    5.00 ^ input external delay
                  1.06    0.69    5.69 ^ rst_n (in)
    65    0.23                           rst_n (net)
                  1.06    0.00    5.69 ^ _453_/RESET_B (sky130_fd_sc_hd__dfrtp_2)
                                  5.69   data arrival time

                  0.15    0.00    0.00   clock clk (rise edge)
                          0.00    0.00   clock network delay (ideal)
                          0.25    0.25   clock uncertainty
                          0.00    0.25   clock reconvergence pessimism
                                  0.25 ^ _453_/CLK (sky130_fd_sc_hd__dfrtp_2)
                          0.62    0.87   library removal time
                                  0.87   data required time
-----------------------------------------------------------------------------
                                  0.87   data required time
                                 -5.69   data arrival time
-----------------------------------------------------------------------------
                                  4.82   slack (MET)


Startpoint: rst_n (input port clocked by clk)
Endpoint: _454_ (removal check against rising-edge clock clk)
Path Group: asynchronous
Path Type: min

Fanout     Cap    Slew   Delay    Time   Description
-----------------------------------------------------------------------------
                  0.15    0.00    0.00   clock clk (rise edge)
                          0.00    0.00   clock network delay (ideal)
                          5.00    5.00 ^ input external delay
                  1.06    0.69    5.69 ^ rst_n (in)
    65    0.23                           rst_n (net)
                  1.06    0.00    5.69 ^ _454_/RESET_B (sky130_fd_sc_hd__dfrtp_2)
                                  5.69   data arrival time

                  0.15    0.00    0.00   clock clk (rise edge)
                          0.00    0.00   clock network delay (ideal)
                          0.25    0.25   clock uncertainty
                          0.00    0.25   clock reconvergence pessimism
                                  0.25 ^ _454_/CLK (sky130_fd_sc_hd__dfrtp_2)
                          0.62    0.87   library removal time
                                  0.87   data required time
-----------------------------------------------------------------------------
                                  0.87   data required time
                                 -5.69   data arrival time
-----------------------------------------------------------------------------
                                  4.82   slack (MET)


Startpoint: rst_n (input port clocked by clk)
Endpoint: _455_ (removal check against rising-edge clock clk)
Path Group: asynchronous
Path Type: min

Fanout     Cap    Slew   Delay    Time   Description
-----------------------------------------------------------------------------
                  0.15    0.00    0.00   clock clk (rise edge)
                          0.00    0.00   clock network delay (ideal)
                          5.00    5.00 ^ input external delay
                  1.06    0.69    5.69 ^ rst_n (in)
    65    0.23                           rst_n (net)
                  1.06    0.00    5.69 ^ _455_/RESET_B (sky130_fd_sc_hd__dfrtp_2)
                                  5.69   data arrival time

                  0.15    0.00    0.00   clock clk (rise edge)
                          0.00    0.00   clock network delay (ideal)
                          0.25    0.25   clock uncertainty
                          0.00    0.25   clock reconvergence pessimism
                                  0.25 ^ _455_/CLK (sky130_fd_sc_hd__dfrtp_2)
                          0.62    0.87   library removal time
                                  0.87   data required time
-----------------------------------------------------------------------------
                                  0.87   data required time
                                 -5.69   data arrival time
-----------------------------------------------------------------------------
                                  4.82   slack (MET)


Startpoint: rst_n (input port clocked by clk)
Endpoint: _456_ (removal check against rising-edge clock clk)
Path Group: asynchronous
Path Type: min

Fanout     Cap    Slew   Delay    Time   Description
-----------------------------------------------------------------------------
                  0.15    0.00    0.00   clock clk (rise edge)
                          0.00    0.00   clock network delay (ideal)
                          5.00    5.00 ^ input external delay
                  1.06    0.69    5.69 ^ rst_n (in)
    65    0.23                           rst_n (net)
                  1.06    0.00    5.69 ^ _456_/RESET_B (sky130_fd_sc_hd__dfrtp_2)
                                  5.69   data arrival time

                  0.15    0.00    0.00   clock clk (rise edge)
                          0.00    0.00   clock network delay (ideal)
                          0.25    0.25   clock uncertainty
                          0.00    0.25   clock reconvergence pessimism
                                  0.25 ^ _456_/CLK (sky130_fd_sc_hd__dfrtp_2)
                          0.62    0.87   library removal time
                                  0.87   data required time
-----------------------------------------------------------------------------
                                  0.87   data required time
                                 -5.69   data arrival time
-----------------------------------------------------------------------------
                                  4.82   slack (MET)


Startpoint: rst_n (input port clocked by clk)
Endpoint: _457_ (removal check against rising-edge clock clk)
Path Group: asynchronous
Path Type: min

Fanout     Cap    Slew   Delay    Time   Description
-----------------------------------------------------------------------------
                  0.15    0.00    0.00   clock clk (rise edge)
                          0.00    0.00   clock network delay (ideal)
                          5.00    5.00 ^ input external delay
                  1.06    0.69    5.69 ^ rst_n (in)
    65    0.23                           rst_n (net)
                  1.06    0.00    5.69 ^ _457_/RESET_B (sky130_fd_sc_hd__dfrtp_2)
                                  5.69   data arrival time

                  0.15    0.00    0.00   clock clk (rise edge)
                          0.00    0.00   clock network delay (ideal)
                          0.25    0.25   clock uncertainty
                          0.00    0.25   clock reconvergence pessimism
                                  0.25 ^ _457_/CLK (sky130_fd_sc_hd__dfrtp_2)
                          0.62    0.87   library removal time
                                  0.87   data required time
-----------------------------------------------------------------------------
                                  0.87   data required time
                                 -5.69   data arrival time
-----------------------------------------------------------------------------
                                  4.82   slack (MET)


Startpoint: rst_n (input port clocked by clk)
Endpoint: _458_ (removal check against rising-edge clock clk)
Path Group: asynchronous
Path Type: min

Fanout     Cap    Slew   Delay    Time   Description
-----------------------------------------------------------------------------
                  0.15    0.00    0.00   clock clk (rise edge)
                          0.00    0.00   clock network delay (ideal)
                          5.00    5.00 ^ input external delay
                  1.06    0.69    5.69 ^ rst_n (in)
    65    0.23                           rst_n (net)
                  1.06    0.00    5.69 ^ _458_/RESET_B (sky130_fd_sc_hd__dfrtp_2)
                                  5.69   data arrival time

                  0.15    0.00    0.00   clock clk (rise edge)
                          0.00    0.00   clock network delay (ideal)
                          0.25    0.25   clock uncertainty
                          0.00    0.25   clock reconvergence pessimism
                                  0.25 ^ _458_/CLK (sky130_fd_sc_hd__dfrtp_2)
                          0.62    0.87   library removal time
                                  0.87   data required time
-----------------------------------------------------------------------------
                                  0.87   data required time
                                 -5.69   data arrival time
-----------------------------------------------------------------------------
                                  4.82   slack (MET)


Startpoint: rst_n (input port clocked by clk)
Endpoint: _459_ (removal check against rising-edge clock clk)
Path Group: asynchronous
Path Type: min

Fanout     Cap    Slew   Delay    Time   Description
-----------------------------------------------------------------------------
                  0.15    0.00    0.00   clock clk (rise edge)
                          0.00    0.00   clock network delay (ideal)
                          5.00    5.00 ^ input external delay
                  1.06    0.69    5.69 ^ rst_n (in)
    65    0.23                           rst_n (net)
                  1.06    0.00    5.69 ^ _459_/RESET_B (sky130_fd_sc_hd__dfrtp_2)
                                  5.69   data arrival time

                  0.15    0.00    0.00   clock clk (rise edge)
                          0.00    0.00   clock network delay (ideal)
                          0.25    0.25   clock uncertainty
                          0.00    0.25   clock reconvergence pessimism
                                  0.25 ^ _459_/CLK (sky130_fd_sc_hd__dfrtp_2)
                          0.62    0.87   library removal time
                                  0.87   data required time
-----------------------------------------------------------------------------
                                  0.87   data required time
                                 -5.69   data arrival time
-----------------------------------------------------------------------------
                                  4.82   slack (MET)


Startpoint: rst_n (input port clocked by clk)
Endpoint: _460_ (removal check against rising-edge clock clk)
Path Group: asynchronous
Path Type: min

Fanout     Cap    Slew   Delay    Time   Description
-----------------------------------------------------------------------------
                  0.15    0.00    0.00   clock clk (rise edge)
                          0.00    0.00   clock network delay (ideal)
                          5.00    5.00 ^ input external delay
                  1.06    0.69    5.69 ^ rst_n (in)
    65    0.23                           rst_n (net)
                  1.06    0.00    5.69 ^ _460_/RESET_B (sky130_fd_sc_hd__dfrtp_2)
                                  5.69   data arrival time

                  0.15    0.00    0.00   clock clk (rise edge)
                          0.00    0.00   clock network delay (ideal)
                          0.25    0.25   clock uncertainty
                          0.00    0.25   clock reconvergence pessimism
                                  0.25 ^ _460_/CLK (sky130_fd_sc_hd__dfrtp_2)
                          0.62    0.87   library removal time
                                  0.87   data required time
-----------------------------------------------------------------------------
                                  0.87   data required time
                                 -5.69   data arrival time
-----------------------------------------------------------------------------
                                  4.82   slack (MET)


Startpoint: rst_n (input port clocked by clk)
Endpoint: _461_ (removal check against rising-edge clock clk)
Path Group: asynchronous
Path Type: min

Fanout     Cap    Slew   Delay    Time   Description
-----------------------------------------------------------------------------
                  0.15    0.00    0.00   clock clk (rise edge)
                          0.00    0.00   clock network delay (ideal)
                          5.00    5.00 ^ input external delay
                  1.06    0.69    5.69 ^ rst_n (in)
    65    0.23                           rst_n (net)
                  1.06    0.00    5.69 ^ _461_/RESET_B (sky130_fd_sc_hd__dfrtp_2)
                                  5.69   data arrival time

                  0.15    0.00    0.00   clock clk (rise edge)
                          0.00    0.00   clock network delay (ideal)
                          0.25    0.25   clock uncertainty
                          0.00    0.25   clock reconvergence pessimism
                                  0.25 ^ _461_/CLK (sky130_fd_sc_hd__dfrtp_2)
                          0.62    0.87   library removal time
                                  0.87   data required time
-----------------------------------------------------------------------------
                                  0.87   data required time
                                 -5.69   data arrival time
-----------------------------------------------------------------------------
                                  4.82   slack (MET)


Startpoint: rst_n (input port clocked by clk)
Endpoint: _462_ (removal check against rising-edge clock clk)
Path Group: asynchronous
Path Type: min

Fanout     Cap    Slew   Delay    Time   Description
-----------------------------------------------------------------------------
                  0.15    0.00    0.00   clock clk (rise edge)
                          0.00    0.00   clock network delay (ideal)
                          5.00    5.00 ^ input external delay
                  1.06    0.69    5.69 ^ rst_n (in)
    65    0.23                           rst_n (net)
                  1.06    0.00    5.69 ^ _462_/RESET_B (sky130_fd_sc_hd__dfrtp_2)
                                  5.69   data arrival time

                  0.15    0.00    0.00   clock clk (rise edge)
                          0.00    0.00   clock network delay (ideal)
                          0.25    0.25   clock uncertainty
                          0.00    0.25   clock reconvergence pessimism
                                  0.25 ^ _462_/CLK (sky130_fd_sc_hd__dfrtp_2)
                          0.62    0.87   library removal time
                                  0.87   data required time
-----------------------------------------------------------------------------
                                  0.87   data required time
                                 -5.69   data arrival time
-----------------------------------------------------------------------------
                                  4.82   slack (MET)


Startpoint: rst_n (input port clocked by clk)
Endpoint: _463_ (removal check against rising-edge clock clk)
Path Group: asynchronous
Path Type: min

Fanout     Cap    Slew   Delay    Time   Description
-----------------------------------------------------------------------------
                  0.15    0.00    0.00   clock clk (rise edge)
                          0.00    0.00   clock network delay (ideal)
                          5.00    5.00 ^ input external delay
                  1.06    0.69    5.69 ^ rst_n (in)
    65    0.23                           rst_n (net)
                  1.06    0.00    5.69 ^ _463_/RESET_B (sky130_fd_sc_hd__dfrtp_2)
                                  5.69   data arrival time

                  0.15    0.00    0.00   clock clk (rise edge)
                          0.00    0.00   clock network delay (ideal)
                          0.25    0.25   clock uncertainty
                          0.00    0.25   clock reconvergence pessimism
                                  0.25 ^ _463_/CLK (sky130_fd_sc_hd__dfrtp_2)
                          0.62    0.87   library removal time
                                  0.87   data required time
-----------------------------------------------------------------------------
                                  0.87   data required time
                                 -5.69   data arrival time
-----------------------------------------------------------------------------
                                  4.82   slack (MET)


Startpoint: rst_n (input port clocked by clk)
Endpoint: _464_ (removal check against rising-edge clock clk)
Path Group: asynchronous
Path Type: min

Fanout     Cap    Slew   Delay    Time   Description
-----------------------------------------------------------------------------
                  0.15    0.00    0.00   clock clk (rise edge)
                          0.00    0.00   clock network delay (ideal)
                          5.00    5.00 ^ input external delay
                  1.06    0.69    5.69 ^ rst_n (in)
    65    0.23                           rst_n (net)
                  1.06    0.00    5.69 ^ _464_/RESET_B (sky130_fd_sc_hd__dfrtp_2)
                                  5.69   data arrival time

                  0.15    0.00    0.00   clock clk (rise edge)
                          0.00    0.00   clock network delay (ideal)
                          0.25    0.25   clock uncertainty
                          0.00    0.25   clock reconvergence pessimism
                                  0.25 ^ _464_/CLK (sky130_fd_sc_hd__dfrtp_2)
                          0.62    0.87   library removal time
                                  0.87   data required time
-----------------------------------------------------------------------------
                                  0.87   data required time
                                 -5.69   data arrival time
-----------------------------------------------------------------------------
                                  4.82   slack (MET)


Startpoint: rst_n (input port clocked by clk)
Endpoint: _465_ (removal check against rising-edge clock clk)
Path Group: asynchronous
Path Type: min

Fanout     Cap    Slew   Delay    Time   Description
-----------------------------------------------------------------------------
                  0.15    0.00    0.00   clock clk (rise edge)
                          0.00    0.00   clock network delay (ideal)
                          5.00    5.00 ^ input external delay
                  1.06    0.69    5.69 ^ rst_n (in)
    65    0.23                           rst_n (net)
                  1.06    0.00    5.69 ^ _465_/RESET_B (sky130_fd_sc_hd__dfrtp_2)
                                  5.69   data arrival time

                  0.15    0.00    0.00   clock clk (rise edge)
                          0.00    0.00   clock network delay (ideal)
                          0.25    0.25   clock uncertainty
                          0.00    0.25   clock reconvergence pessimism
                                  0.25 ^ _465_/CLK (sky130_fd_sc_hd__dfrtp_2)
                          0.62    0.87   library removal time
                                  0.87   data required time
-----------------------------------------------------------------------------
                                  0.87   data required time
                                 -5.69   data arrival time
-----------------------------------------------------------------------------
                                  4.82   slack (MET)


Startpoint: rst_n (input port clocked by clk)
Endpoint: _466_ (removal check against rising-edge clock clk)
Path Group: asynchronous
Path Type: min

Fanout     Cap    Slew   Delay    Time   Description
-----------------------------------------------------------------------------
                  0.15    0.00    0.00   clock clk (rise edge)
                          0.00    0.00   clock network delay (ideal)
                          5.00    5.00 ^ input external delay
                  1.06    0.69    5.69 ^ rst_n (in)
    65    0.23                           rst_n (net)
                  1.06    0.00    5.69 ^ _466_/RESET_B (sky130_fd_sc_hd__dfrtp_2)
                                  5.69   data arrival time

                  0.15    0.00    0.00   clock clk (rise edge)
                          0.00    0.00   clock network delay (ideal)
                          0.25    0.25   clock uncertainty
                          0.00    0.25   clock reconvergence pessimism
                                  0.25 ^ _466_/CLK (sky130_fd_sc_hd__dfrtp_2)
                          0.62    0.87   library removal time
                                  0.87   data required time
-----------------------------------------------------------------------------
                                  0.87   data required time
                                 -5.69   data arrival time
-----------------------------------------------------------------------------
                                  4.82   slack (MET)


Startpoint: rst_n (input port clocked by clk)
Endpoint: _467_ (removal check against rising-edge clock clk)
Path Group: asynchronous
Path Type: min

Fanout     Cap    Slew   Delay    Time   Description
-----------------------------------------------------------------------------
                  0.15    0.00    0.00   clock clk (rise edge)
                          0.00    0.00   clock network delay (ideal)
                          5.00    5.00 ^ input external delay
                  1.06    0.69    5.69 ^ rst_n (in)
    65    0.23                           rst_n (net)
                  1.06    0.00    5.69 ^ _467_/RESET_B (sky130_fd_sc_hd__dfrtp_2)
                                  5.69   data arrival time

                  0.15    0.00    0.00   clock clk (rise edge)
                          0.00    0.00   clock network delay (ideal)
                          0.25    0.25   clock uncertainty
                          0.00    0.25   clock reconvergence pessimism
                                  0.25 ^ _467_/CLK (sky130_fd_sc_hd__dfrtp_2)
                          0.62    0.87   library removal time
                                  0.87   data required time
-----------------------------------------------------------------------------
                                  0.87   data required time
                                 -5.69   data arrival time
-----------------------------------------------------------------------------
                                  4.82   slack (MET)


Startpoint: rst_n (input port clocked by clk)
Endpoint: _468_ (removal check against rising-edge clock clk)
Path Group: asynchronous
Path Type: min

Fanout     Cap    Slew   Delay    Time   Description
-----------------------------------------------------------------------------
                  0.15    0.00    0.00   clock clk (rise edge)
                          0.00    0.00   clock network delay (ideal)
                          5.00    5.00 ^ input external delay
                  1.06    0.69    5.69 ^ rst_n (in)
    65    0.23                           rst_n (net)
                  1.06    0.00    5.69 ^ _468_/RESET_B (sky130_fd_sc_hd__dfrtp_2)
                                  5.69   data arrival time

                  0.15    0.00    0.00   clock clk (rise edge)
                          0.00    0.00   clock network delay (ideal)
                          0.25    0.25   clock uncertainty
                          0.00    0.25   clock reconvergence pessimism
                                  0.25 ^ _468_/CLK (sky130_fd_sc_hd__dfrtp_2)
                          0.62    0.87   library removal time
                                  0.87   data required time
-----------------------------------------------------------------------------
                                  0.87   data required time
                                 -5.69   data arrival time
-----------------------------------------------------------------------------
                                  4.82   slack (MET)


Startpoint: rst_n (input port clocked by clk)
Endpoint: _469_ (removal check against rising-edge clock clk)
Path Group: asynchronous
Path Type: min

Fanout     Cap    Slew   Delay    Time   Description
-----------------------------------------------------------------------------
                  0.15    0.00    0.00   clock clk (rise edge)
                          0.00    0.00   clock network delay (ideal)
                          5.00    5.00 ^ input external delay
                  1.06    0.69    5.69 ^ rst_n (in)
    65    0.23                           rst_n (net)
                  1.06    0.00    5.69 ^ _469_/RESET_B (sky130_fd_sc_hd__dfrtp_2)
                                  5.69   data arrival time

                  0.15    0.00    0.00   clock clk (rise edge)
                          0.00    0.00   clock network delay (ideal)
                          0.25    0.25   clock uncertainty
                          0.00    0.25   clock reconvergence pessimism
                                  0.25 ^ _469_/CLK (sky130_fd_sc_hd__dfrtp_2)
                          0.62    0.87   library removal time
                                  0.87   data required time
-----------------------------------------------------------------------------
                                  0.87   data required time
                                 -5.69   data arrival time
-----------------------------------------------------------------------------
                                  4.82   slack (MET)


Startpoint: rst_n (input port clocked by clk)
Endpoint: _470_ (removal check against rising-edge clock clk)
Path Group: asynchronous
Path Type: min

Fanout     Cap    Slew   Delay    Time   Description
-----------------------------------------------------------------------------
                  0.15    0.00    0.00   clock clk (rise edge)
                          0.00    0.00   clock network delay (ideal)
                          5.00    5.00 ^ input external delay
                  1.06    0.69    5.69 ^ rst_n (in)
    65    0.23                           rst_n (net)
                  1.06    0.00    5.69 ^ _470_/RESET_B (sky130_fd_sc_hd__dfrtp_2)
                                  5.69   data arrival time

                  0.15    0.00    0.00   clock clk (rise edge)
                          0.00    0.00   clock network delay (ideal)
                          0.25    0.25   clock uncertainty
                          0.00    0.25   clock reconvergence pessimism
                                  0.25 ^ _470_/CLK (sky130_fd_sc_hd__dfrtp_2)
                          0.62    0.87   library removal time
                                  0.87   data required time
-----------------------------------------------------------------------------
                                  0.87   data required time
                                 -5.69   data arrival time
-----------------------------------------------------------------------------
                                  4.82   slack (MET)


Startpoint: rst_n (input port clocked by clk)
Endpoint: _471_ (removal check against rising-edge clock clk)
Path Group: asynchronous
Path Type: min

Fanout     Cap    Slew   Delay    Time   Description
-----------------------------------------------------------------------------
                  0.15    0.00    0.00   clock clk (rise edge)
                          0.00    0.00   clock network delay (ideal)
                          5.00    5.00 ^ input external delay
                  1.06    0.69    5.69 ^ rst_n (in)
    65    0.23                           rst_n (net)
                  1.06    0.00    5.69 ^ _471_/RESET_B (sky130_fd_sc_hd__dfrtp_2)
                                  5.69   data arrival time

                  0.15    0.00    0.00   clock clk (rise edge)
                          0.00    0.00   clock network delay (ideal)
                          0.25    0.25   clock uncertainty
                          0.00    0.25   clock reconvergence pessimism
                                  0.25 ^ _471_/CLK (sky130_fd_sc_hd__dfrtp_2)
                          0.62    0.87   library removal time
                                  0.87   data required time
-----------------------------------------------------------------------------
                                  0.87   data required time
                                 -5.69   data arrival time
-----------------------------------------------------------------------------
                                  4.82   slack (MET)


Startpoint: rst_n (input port clocked by clk)
Endpoint: _472_ (removal check against rising-edge clock clk)
Path Group: asynchronous
Path Type: min

Fanout     Cap    Slew   Delay    Time   Description
-----------------------------------------------------------------------------
                  0.15    0.00    0.00   clock clk (rise edge)
                          0.00    0.00   clock network delay (ideal)
                          5.00    5.00 ^ input external delay
                  1.06    0.69    5.69 ^ rst_n (in)
    65    0.23                           rst_n (net)
                  1.06    0.00    5.69 ^ _472_/RESET_B (sky130_fd_sc_hd__dfrtp_2)
                                  5.69   data arrival time

                  0.15    0.00    0.00   clock clk (rise edge)
                          0.00    0.00   clock network delay (ideal)
                          0.25    0.25   clock uncertainty
                          0.00    0.25   clock reconvergence pessimism
                                  0.25 ^ _472_/CLK (sky130_fd_sc_hd__dfrtp_2)
                          0.62    0.87   library removal time
                                  0.87   data required time
-----------------------------------------------------------------------------
                                  0.87   data required time
                                 -5.69   data arrival time
-----------------------------------------------------------------------------
                                  4.82   slack (MET)


Startpoint: rst_n (input port clocked by clk)
Endpoint: _473_ (removal check against rising-edge clock clk)
Path Group: asynchronous
Path Type: min

Fanout     Cap    Slew   Delay    Time   Description
-----------------------------------------------------------------------------
                  0.15    0.00    0.00   clock clk (rise edge)
                          0.00    0.00   clock network delay (ideal)
                          5.00    5.00 ^ input external delay
                  1.06    0.69    5.69 ^ rst_n (in)
    65    0.23                           rst_n (net)
                  1.06    0.00    5.69 ^ _473_/RESET_B (sky130_fd_sc_hd__dfrtp_2)
                                  5.69   data arrival time

                  0.15    0.00    0.00   clock clk (rise edge)
                          0.00    0.00   clock network delay (ideal)
                          0.25    0.25   clock uncertainty
                          0.00    0.25   clock reconvergence pessimism
                                  0.25 ^ _473_/CLK (sky130_fd_sc_hd__dfrtp_2)
                          0.62    0.87   library removal time
                                  0.87   data required time
-----------------------------------------------------------------------------
                                  0.87   data required time
                                 -5.69   data arrival time
-----------------------------------------------------------------------------
                                  4.82   slack (MET)


Startpoint: rst_n (input port clocked by clk)
Endpoint: _474_ (removal check against rising-edge clock clk)
Path Group: asynchronous
Path Type: min

Fanout     Cap    Slew   Delay    Time   Description
-----------------------------------------------------------------------------
                  0.15    0.00    0.00   clock clk (rise edge)
                          0.00    0.00   clock network delay (ideal)
                          5.00    5.00 ^ input external delay
                  1.06    0.69    5.69 ^ rst_n (in)
    65    0.23                           rst_n (net)
                  1.06    0.00    5.69 ^ _474_/RESET_B (sky130_fd_sc_hd__dfrtp_2)
                                  5.69   data arrival time

                  0.15    0.00    0.00   clock clk (rise edge)
                          0.00    0.00   clock network delay (ideal)
                          0.25    0.25   clock uncertainty
                          0.00    0.25   clock reconvergence pessimism
                                  0.25 ^ _474_/CLK (sky130_fd_sc_hd__dfrtp_2)
                          0.62    0.87   library removal time
                                  0.87   data required time
-----------------------------------------------------------------------------
                                  0.87   data required time
                                 -5.69   data arrival time
-----------------------------------------------------------------------------
                                  4.82   slack (MET)


Startpoint: rst_n (input port clocked by clk)
Endpoint: _475_ (removal check against rising-edge clock clk)
Path Group: asynchronous
Path Type: min

Fanout     Cap    Slew   Delay    Time   Description
-----------------------------------------------------------------------------
                  0.15    0.00    0.00   clock clk (rise edge)
                          0.00    0.00   clock network delay (ideal)
                          5.00    5.00 ^ input external delay
                  1.06    0.69    5.69 ^ rst_n (in)
    65    0.23                           rst_n (net)
                  1.06    0.00    5.69 ^ _475_/RESET_B (sky130_fd_sc_hd__dfrtp_2)
                                  5.69   data arrival time

                  0.15    0.00    0.00   clock clk (rise edge)
                          0.00    0.00   clock network delay (ideal)
                          0.25    0.25   clock uncertainty
                          0.00    0.25   clock reconvergence pessimism
                                  0.25 ^ _475_/CLK (sky130_fd_sc_hd__dfrtp_2)
                          0.62    0.87   library removal time
                                  0.87   data required time
-----------------------------------------------------------------------------
                                  0.87   data required time
                                 -5.69   data arrival time
-----------------------------------------------------------------------------
                                  4.82   slack (MET)


Startpoint: rst_n (input port clocked by clk)
Endpoint: _476_ (removal check against rising-edge clock clk)
Path Group: asynchronous
Path Type: min

Fanout     Cap    Slew   Delay    Time   Description
-----------------------------------------------------------------------------
                  0.15    0.00    0.00   clock clk (rise edge)
                          0.00    0.00   clock network delay (ideal)
                          5.00    5.00 ^ input external delay
                  1.06    0.69    5.69 ^ rst_n (in)
    65    0.23                           rst_n (net)
                  1.06    0.00    5.69 ^ _476_/RESET_B (sky130_fd_sc_hd__dfrtp_2)
                                  5.69   data arrival time

                  0.15    0.00    0.00   clock clk (rise edge)
                          0.00    0.00   clock network delay (ideal)
                          0.25    0.25   clock uncertainty
                          0.00    0.25   clock reconvergence pessimism
                                  0.25 ^ _476_/CLK (sky130_fd_sc_hd__dfrtp_2)
                          0.62    0.87   library removal time
                                  0.87   data required time
-----------------------------------------------------------------------------
                                  0.87   data required time
                                 -5.69   data arrival time
-----------------------------------------------------------------------------
                                  4.82   slack (MET)


Startpoint: rst_n (input port clocked by clk)
Endpoint: _477_ (removal check against rising-edge clock clk)
Path Group: asynchronous
Path Type: min

Fanout     Cap    Slew   Delay    Time   Description
-----------------------------------------------------------------------------
                  0.15    0.00    0.00   clock clk (rise edge)
                          0.00    0.00   clock network delay (ideal)
                          5.00    5.00 ^ input external delay
                  1.06    0.69    5.69 ^ rst_n (in)
    65    0.23                           rst_n (net)
                  1.06    0.00    5.69 ^ _477_/RESET_B (sky130_fd_sc_hd__dfrtp_2)
                                  5.69   data arrival time

                  0.15    0.00    0.00   clock clk (rise edge)
                          0.00    0.00   clock network delay (ideal)
                          0.25    0.25   clock uncertainty
                          0.00    0.25   clock reconvergence pessimism
                                  0.25 ^ _477_/CLK (sky130_fd_sc_hd__dfrtp_2)
                          0.62    0.87   library removal time
                                  0.87   data required time
-----------------------------------------------------------------------------
                                  0.87   data required time
                                 -5.69   data arrival time
-----------------------------------------------------------------------------
                                  4.82   slack (MET)


Startpoint: rst_n (input port clocked by clk)
Endpoint: _478_ (removal check against rising-edge clock clk)
Path Group: asynchronous
Path Type: min

Fanout     Cap    Slew   Delay    Time   Description
-----------------------------------------------------------------------------
                  0.15    0.00    0.00   clock clk (rise edge)
                          0.00    0.00   clock network delay (ideal)
                          5.00    5.00 ^ input external delay
                  1.06    0.69    5.69 ^ rst_n (in)
    65    0.23                           rst_n (net)
                  1.06    0.00    5.69 ^ _478_/RESET_B (sky130_fd_sc_hd__dfrtp_2)
                                  5.69   data arrival time

                  0.15    0.00    0.00   clock clk (rise edge)
                          0.00    0.00   clock network delay (ideal)
                          0.25    0.25   clock uncertainty
                          0.00    0.25   clock reconvergence pessimism
                                  0.25 ^ _478_/CLK (sky130_fd_sc_hd__dfrtp_2)
                          0.62    0.87   library removal time
                                  0.87   data required time
-----------------------------------------------------------------------------
                                  0.87   data required time
                                 -5.69   data arrival time
-----------------------------------------------------------------------------
                                  4.82   slack (MET)


Startpoint: rst_n (input port clocked by clk)
Endpoint: _479_ (removal check against rising-edge clock clk)
Path Group: asynchronous
Path Type: min

Fanout     Cap    Slew   Delay    Time   Description
-----------------------------------------------------------------------------
                  0.15    0.00    0.00   clock clk (rise edge)
                          0.00    0.00   clock network delay (ideal)
                          5.00    5.00 ^ input external delay
                  1.06    0.69    5.69 ^ rst_n (in)
    65    0.23                           rst_n (net)
                  1.06    0.00    5.69 ^ _479_/RESET_B (sky130_fd_sc_hd__dfrtp_2)
                                  5.69   data arrival time

                  0.15    0.00    0.00   clock clk (rise edge)
                          0.00    0.00   clock network delay (ideal)
                          0.25    0.25   clock uncertainty
                          0.00    0.25   clock reconvergence pessimism
                                  0.25 ^ _479_/CLK (sky130_fd_sc_hd__dfrtp_2)
                          0.62    0.87   library removal time
                                  0.87   data required time
-----------------------------------------------------------------------------
                                  0.87   data required time
                                 -5.69   data arrival time
-----------------------------------------------------------------------------
                                  4.82   slack (MET)


Startpoint: rst_n (input port clocked by clk)
Endpoint: _480_ (removal check against rising-edge clock clk)
Path Group: asynchronous
Path Type: min

Fanout     Cap    Slew   Delay    Time   Description
-----------------------------------------------------------------------------
                  0.15    0.00    0.00   clock clk (rise edge)
                          0.00    0.00   clock network delay (ideal)
                          5.00    5.00 ^ input external delay
                  1.06    0.69    5.69 ^ rst_n (in)
    65    0.23                           rst_n (net)
                  1.06    0.00    5.69 ^ _480_/RESET_B (sky130_fd_sc_hd__dfrtp_2)
                                  5.69   data arrival time

                  0.15    0.00    0.00   clock clk (rise edge)
                          0.00    0.00   clock network delay (ideal)
                          0.25    0.25   clock uncertainty
                          0.00    0.25   clock reconvergence pessimism
                                  0.25 ^ _480_/CLK (sky130_fd_sc_hd__dfrtp_2)
                          0.62    0.87   library removal time
                                  0.87   data required time
-----------------------------------------------------------------------------
                                  0.87   data required time
                                 -5.69   data arrival time
-----------------------------------------------------------------------------
                                  4.82   slack (MET)


Startpoint: rst_n (input port clocked by clk)
Endpoint: _481_ (removal check against rising-edge clock clk)
Path Group: asynchronous
Path Type: min

Fanout     Cap    Slew   Delay    Time   Description
-----------------------------------------------------------------------------
                  0.15    0.00    0.00   clock clk (rise edge)
                          0.00    0.00   clock network delay (ideal)
                          5.00    5.00 ^ input external delay
                  1.06    0.69    5.69 ^ rst_n (in)
    65    0.23                           rst_n (net)
                  1.06    0.00    5.69 ^ _481_/RESET_B (sky130_fd_sc_hd__dfrtp_2)
                                  5.69   data arrival time

                  0.15    0.00    0.00   clock clk (rise edge)
                          0.00    0.00   clock network delay (ideal)
                          0.25    0.25   clock uncertainty
                          0.00    0.25   clock reconvergence pessimism
                                  0.25 ^ _481_/CLK (sky130_fd_sc_hd__dfrtp_2)
                          0.62    0.87   library removal time
                                  0.87   data required time
-----------------------------------------------------------------------------
                                  0.87   data required time
                                 -5.69   data arrival time
-----------------------------------------------------------------------------
                                  4.82   slack (MET)


Startpoint: rst_n (input port clocked by clk)
Endpoint: _482_ (removal check against rising-edge clock clk)
Path Group: asynchronous
Path Type: min

Fanout     Cap    Slew   Delay    Time   Description
-----------------------------------------------------------------------------
                  0.15    0.00    0.00   clock clk (rise edge)
                          0.00    0.00   clock network delay (ideal)
                          5.00    5.00 ^ input external delay
                  1.06    0.69    5.69 ^ rst_n (in)
    65    0.23                           rst_n (net)
                  1.06    0.00    5.69 ^ _482_/RESET_B (sky130_fd_sc_hd__dfrtp_2)
                                  5.69   data arrival time

                  0.15    0.00    0.00   clock clk (rise edge)
                          0.00    0.00   clock network delay (ideal)
                          0.25    0.25   clock uncertainty
                          0.00    0.25   clock reconvergence pessimism
                                  0.25 ^ _482_/CLK (sky130_fd_sc_hd__dfrtp_2)
                          0.62    0.87   library removal time
                                  0.87   data required time
-----------------------------------------------------------------------------
                                  0.87   data required time
                                 -5.69   data arrival time
-----------------------------------------------------------------------------
                                  4.82   slack (MET)


Startpoint: rst_n (input port clocked by clk)
Endpoint: _483_ (removal check against rising-edge clock clk)
Path Group: asynchronous
Path Type: min

Fanout     Cap    Slew   Delay    Time   Description
-----------------------------------------------------------------------------
                  0.15    0.00    0.00   clock clk (rise edge)
                          0.00    0.00   clock network delay (ideal)
                          5.00    5.00 ^ input external delay
                  1.06    0.69    5.69 ^ rst_n (in)
    65    0.23                           rst_n (net)
                  1.06    0.00    5.69 ^ _483_/RESET_B (sky130_fd_sc_hd__dfrtp_2)
                                  5.69   data arrival time

                  0.15    0.00    0.00   clock clk (rise edge)
                          0.00    0.00   clock network delay (ideal)
                          0.25    0.25   clock uncertainty
                          0.00    0.25   clock reconvergence pessimism
                                  0.25 ^ _483_/CLK (sky130_fd_sc_hd__dfrtp_2)
                          0.62    0.87   library removal time
                                  0.87   data required time
-----------------------------------------------------------------------------
                                  0.87   data required time
                                 -5.69   data arrival time
-----------------------------------------------------------------------------
                                  4.82   slack (MET)


Startpoint: rst_n (input port clocked by clk)
Endpoint: _484_ (removal check against rising-edge clock clk)
Path Group: asynchronous
Path Type: min

Fanout     Cap    Slew   Delay    Time   Description
-----------------------------------------------------------------------------
                  0.15    0.00    0.00   clock clk (rise edge)
                          0.00    0.00   clock network delay (ideal)
                          5.00    5.00 ^ input external delay
                  1.06    0.69    5.69 ^ rst_n (in)
    65    0.23                           rst_n (net)
                  1.06    0.00    5.69 ^ _484_/RESET_B (sky130_fd_sc_hd__dfrtp_2)
                                  5.69   data arrival time

                  0.15    0.00    0.00   clock clk (rise edge)
                          0.00    0.00   clock network delay (ideal)
                          0.25    0.25   clock uncertainty
                          0.00    0.25   clock reconvergence pessimism
                                  0.25 ^ _484_/CLK (sky130_fd_sc_hd__dfrtp_2)
                          0.62    0.87   library removal time
                                  0.87   data required time
-----------------------------------------------------------------------------
                                  0.87   data required time
                                 -5.69   data arrival time
-----------------------------------------------------------------------------
                                  4.82   slack (MET)


Startpoint: rst_n (input port clocked by clk)
Endpoint: _485_ (removal check against rising-edge clock clk)
Path Group: asynchronous
Path Type: min

Fanout     Cap    Slew   Delay    Time   Description
-----------------------------------------------------------------------------
                  0.15    0.00    0.00   clock clk (rise edge)
                          0.00    0.00   clock network delay (ideal)
                          5.00    5.00 ^ input external delay
                  1.06    0.69    5.69 ^ rst_n (in)
    65    0.23                           rst_n (net)
                  1.06    0.00    5.69 ^ _485_/RESET_B (sky130_fd_sc_hd__dfrtp_2)
                                  5.69   data arrival time

                  0.15    0.00    0.00   clock clk (rise edge)
                          0.00    0.00   clock network delay (ideal)
                          0.25    0.25   clock uncertainty
                          0.00    0.25   clock reconvergence pessimism
                                  0.25 ^ _485_/CLK (sky130_fd_sc_hd__dfrtp_2)
                          0.62    0.87   library removal time
                                  0.87   data required time
-----------------------------------------------------------------------------
                                  0.87   data required time
                                 -5.69   data arrival time
-----------------------------------------------------------------------------
                                  4.82   slack (MET)


Startpoint: rst_n (input port clocked by clk)
Endpoint: _486_ (removal check against rising-edge clock clk)
Path Group: asynchronous
Path Type: min

Fanout     Cap    Slew   Delay    Time   Description
-----------------------------------------------------------------------------
                  0.15    0.00    0.00   clock clk (rise edge)
                          0.00    0.00   clock network delay (ideal)
                          5.00    5.00 ^ input external delay
                  1.06    0.69    5.69 ^ rst_n (in)
    65    0.23                           rst_n (net)
                  1.06    0.00    5.69 ^ _486_/RESET_B (sky130_fd_sc_hd__dfrtp_2)
                                  5.69   data arrival time

                  0.15    0.00    0.00   clock clk (rise edge)
                          0.00    0.00   clock network delay (ideal)
                          0.25    0.25   clock uncertainty
                          0.00    0.25   clock reconvergence pessimism
                                  0.25 ^ _486_/CLK (sky130_fd_sc_hd__dfrtp_2)
                          0.62    0.87   library removal time
                                  0.87   data required time
-----------------------------------------------------------------------------
                                  0.87   data required time
                                 -5.69   data arrival time
-----------------------------------------------------------------------------
                                  4.82   slack (MET)


Startpoint: _471_ (rising edge-triggered flip-flop clocked by clk)
Endpoint: o_valid (output port clocked by clk)
Path Group: clk
Path Type: min

Fanout     Cap    Slew   Delay    Time   Description
-----------------------------------------------------------------------------
                  0.15    0.00    0.00   clock clk (rise edge)
                          0.00    0.00   clock network delay (ideal)
                  0.15    0.00    0.00 ^ _471_/CLK (sky130_fd_sc_hd__dfrtp_2)
                  0.17    0.46    0.46 ^ _471_/Q (sky130_fd_sc_hd__dfrtp_2)
     1    0.03                           o_valid (net)
                  0.17    0.00    0.46 ^ o_valid (out)
                                  0.46   data arrival time

                  0.15    0.00    0.00   clock clk (rise edge)
                          0.00    0.00   clock network delay (ideal)
                          0.25    0.25   clock uncertainty
                          0.00    0.25   clock reconvergence pessimism
                         -5.00   -4.75   output external delay
                                 -4.75   data required time
-----------------------------------------------------------------------------
                                 -4.75   data required time
                                 -0.46   data arrival time
-----------------------------------------------------------------------------
                                  5.21   slack (MET)


Startpoint: _468_ (rising edge-triggered flip-flop clocked by clk)
Endpoint: o_bucket[0] (output port clocked by clk)
Path Group: clk
Path Type: min

Fanout     Cap    Slew   Delay    Time   Description
-----------------------------------------------------------------------------
                  0.15    0.00    0.00   clock clk (rise edge)
                          0.00    0.00   clock network delay (ideal)
                  0.15    0.00    0.00 ^ _468_/CLK (sky130_fd_sc_hd__dfrtp_2)
                  0.18    0.47    0.47 ^ _468_/Q (sky130_fd_sc_hd__dfrtp_2)
     2    0.04                           o_bucket[0] (net)
                  0.18    0.00    0.47 ^ o_bucket[0] (out)
                                  0.47   data arrival time

                  0.15    0.00    0.00   clock clk (rise edge)
                          0.00    0.00   clock network delay (ideal)
                          0.25    0.25   clock uncertainty
                          0.00    0.25   clock reconvergence pessimism
                         -5.00   -4.75   output external delay
                                 -4.75   data required time
-----------------------------------------------------------------------------
                                 -4.75   data required time
                                 -0.47   data arrival time
-----------------------------------------------------------------------------
                                  5.22   slack (MET)


Startpoint: _469_ (rising edge-triggered flip-flop clocked by clk)
Endpoint: o_bucket[1] (output port clocked by clk)
Path Group: clk
Path Type: min

Fanout     Cap    Slew   Delay    Time   Description
-----------------------------------------------------------------------------
                  0.15    0.00    0.00   clock clk (rise edge)
                          0.00    0.00   clock network delay (ideal)
                  0.15    0.00    0.00 ^ _469_/CLK (sky130_fd_sc_hd__dfrtp_2)
                  0.18    0.47    0.47 ^ _469_/Q (sky130_fd_sc_hd__dfrtp_2)
     2    0.04                           o_bucket[1] (net)
                  0.18    0.00    0.47 ^ o_bucket[1] (out)
                                  0.47   data arrival time

                  0.15    0.00    0.00   clock clk (rise edge)
                          0.00    0.00   clock network delay (ideal)
                          0.25    0.25   clock uncertainty
                          0.00    0.25   clock reconvergence pessimism
                         -5.00   -4.75   output external delay
                                 -4.75   data required time
-----------------------------------------------------------------------------
                                 -4.75   data required time
                                 -0.47   data arrival time
-----------------------------------------------------------------------------
                                  5.22   slack (MET)


Startpoint: _470_ (rising edge-triggered flip-flop clocked by clk)
Endpoint: o_bucket[2] (output port clocked by clk)
Path Group: clk
Path Type: min

Fanout     Cap    Slew   Delay    Time   Description
-----------------------------------------------------------------------------
                  0.15    0.00    0.00   clock clk (rise edge)
                          0.00    0.00   clock network delay (ideal)
                  0.15    0.00    0.00 ^ _470_/CLK (sky130_fd_sc_hd__dfrtp_2)
                  0.18    0.47    0.47 ^ _470_/Q (sky130_fd_sc_hd__dfrtp_2)
     2    0.04                           o_bucket[2] (net)
                  0.18    0.00    0.47 ^ o_bucket[2] (out)
                                  0.47   data arrival time

                  0.15    0.00    0.00   clock clk (rise edge)
                          0.00    0.00   clock network delay (ideal)
                          0.25    0.25   clock uncertainty
                          0.00    0.25   clock reconvergence pessimism
                         -5.00   -4.75   output external delay
                                 -4.75   data required time
-----------------------------------------------------------------------------
                                 -4.75   data required time
                                 -0.47   data arrival time
-----------------------------------------------------------------------------
                                  5.22   slack (MET)


Startpoint: _472_ (rising edge-triggered flip-flop clocked by clk)
Endpoint: o_index[0] (output port clocked by clk)
Path Group: clk
Path Type: min

Fanout     Cap    Slew   Delay    Time   Description
-----------------------------------------------------------------------------
                  0.15    0.00    0.00   clock clk (rise edge)
                          0.00    0.00   clock network delay (ideal)
                  0.15    0.00    0.00 ^ _472_/CLK (sky130_fd_sc_hd__dfrtp_2)
                  0.18    0.47    0.47 ^ _472_/Q (sky130_fd_sc_hd__dfrtp_2)
     2    0.04                           o_index[0] (net)
                  0.18    0.00    0.47 ^ o_index[0] (out)
                                  0.47   data arrival time

                  0.15    0.00    0.00   clock clk (rise edge)
                          0.00    0.00   clock network delay (ideal)
                          0.25    0.25   clock uncertainty
                          0.00    0.25   clock reconvergence pessimism
                         -5.00   -4.75   output external delay
                                 -4.75   data required time
-----------------------------------------------------------------------------
                                 -4.75   data required time
                                 -0.47   data arrival time
-----------------------------------------------------------------------------
                                  5.22   slack (MET)


Startpoint: _473_ (rising edge-triggered flip-flop clocked by clk)
Endpoint: o_index[1] (output port clocked by clk)
Path Group: clk
Path Type: min

Fanout     Cap    Slew   Delay    Time   Description
-----------------------------------------------------------------------------
                  0.15    0.00    0.00   clock clk (rise edge)
                          0.00    0.00   clock network delay (ideal)
                  0.15    0.00    0.00 ^ _473_/CLK (sky130_fd_sc_hd__dfrtp_2)
                  0.18    0.47    0.47 ^ _473_/Q (sky130_fd_sc_hd__dfrtp_2)
     2    0.04                           o_index[1] (net)
                  0.18    0.00    0.47 ^ o_index[1] (out)
                                  0.47   data arrival time

                  0.15    0.00    0.00   clock clk (rise edge)
                          0.00    0.00   clock network delay (ideal)
                          0.25    0.25   clock uncertainty
                          0.00    0.25   clock reconvergence pessimism
                         -5.00   -4.75   output external delay
                                 -4.75   data required time
-----------------------------------------------------------------------------
                                 -4.75   data required time
                                 -0.47   data arrival time
-----------------------------------------------------------------------------
                                  5.22   slack (MET)


Startpoint: _474_ (rising edge-triggered flip-flop clocked by clk)
Endpoint: o_index[2] (output port clocked by clk)
Path Group: clk
Path Type: min

Fanout     Cap    Slew   Delay    Time   Description
-----------------------------------------------------------------------------
                  0.15    0.00    0.00   clock clk (rise edge)
                          0.00    0.00   clock network delay (ideal)
                  0.15    0.00    0.00 ^ _474_/CLK (sky130_fd_sc_hd__dfrtp_2)
                  0.18    0.47    0.47 ^ _474_/Q (sky130_fd_sc_hd__dfrtp_2)
     2    0.04                           o_index[2] (net)
                  0.18    0.00    0.47 ^ o_index[2] (out)
                                  0.47   data arrival time

                  0.15    0.00    0.00   clock clk (rise edge)
                          0.00    0.00   clock network delay (ideal)
                          0.25    0.25   clock uncertainty
                          0.00    0.25   clock reconvergence pessimism
                         -5.00   -4.75   output external delay
                                 -4.75   data required time
-----------------------------------------------------------------------------
                                 -4.75   data required time
                                 -0.47   data arrival time
-----------------------------------------------------------------------------
                                  5.22   slack (MET)



min_report_end
max_report

===========================================================================
report_checks -path_delay max (Setup)
============================================================================
======================= Typical Corner ===================================

Startpoint: i_valid (input port clocked by clk)
Endpoint: _426_ (rising edge-triggered flip-flop clocked by clk)
Path Group: clk
Path Type: max

Fanout     Cap    Slew   Delay    Time   Description
-----------------------------------------------------------------------------
                  0.15    0.00    0.00   clock clk (rise edge)
                          0.00    0.00   clock network delay (ideal)
                          5.00    5.00 ^ input external delay
                  0.02    0.01    5.01 ^ i_valid (in)
     1    0.00                           i_valid (net)
                  0.02    0.00    5.01 ^ _211_/A (sky130_fd_sc_hd__buf_1)
                  0.46    0.38    5.39 ^ _211_/X (sky130_fd_sc_hd__buf_1)
    13    0.04                           _065_ (net)
                  0.46    0.00    5.39 ^ _278_/C1 (sky130_fd_sc_hd__o221a_2)
                  0.11    0.35    5.74 ^ _278_/X (sky130_fd_sc_hd__o221a_2)
     5    0.02                           _126_ (net)
                  0.11    0.00    5.74 ^ _279_/S (sky130_fd_sc_hd__mux2_2)
                  0.05    0.35    6.09 v _279_/X (sky130_fd_sc_hd__mux2_2)
     1    0.00                           _127_ (net)
                  0.05    0.00    6.09 v _280_/A (sky130_fd_sc_hd__buf_1)
                  0.02    0.09    6.18 v _280_/X (sky130_fd_sc_hd__buf_1)
     1    0.00                           _006_ (net)
                  0.02    0.00    6.18 v _426_/D (sky130_fd_sc_hd__dfrtp_2)
                                  6.18   data arrival time

                  0.15   25.00   25.00   clock clk (rise edge)
                          0.00   25.00   clock network delay (ideal)
                         -0.25   24.75   clock uncertainty
                          0.00   24.75   clock reconvergence pessimism
                                 24.75 ^ _426_/CLK (sky130_fd_sc_hd__dfrtp_2)
                         -0.08   24.67   library setup time
                                 24.67   data required time
-----------------------------------------------------------------------------
                                 24.67   data required time
                                 -6.18   data arrival time
-----------------------------------------------------------------------------
                                 18.49   slack (MET)


Startpoint: i_valid (input port clocked by clk)
Endpoint: _429_ (rising edge-triggered flip-flop clocked by clk)
Path Group: clk
Path Type: max

Fanout     Cap    Slew   Delay    Time   Description
-----------------------------------------------------------------------------
                  0.15    0.00    0.00   clock clk (rise edge)
                          0.00    0.00   clock network delay (ideal)
                          5.00    5.00 ^ input external delay
                  0.02    0.01    5.01 ^ i_valid (in)
     1    0.00                           i_valid (net)
                  0.02    0.00    5.01 ^ _211_/A (sky130_fd_sc_hd__buf_1)
                  0.46    0.38    5.39 ^ _211_/X (sky130_fd_sc_hd__buf_1)
    13    0.04                           _065_ (net)
                  0.46    0.00    5.39 ^ _289_/C1 (sky130_fd_sc_hd__o221a_2)
                  0.11    0.35    5.74 ^ _289_/X (sky130_fd_sc_hd__o221a_2)
     5    0.02                           _134_ (net)
                  0.11    0.00    5.74 ^ _290_/S (sky130_fd_sc_hd__mux2_2)
                  0.05    0.35    6.09 v _290_/X (sky130_fd_sc_hd__mux2_2)
     1    0.00                           _135_ (net)
                  0.05    0.00    6.09 v _291_/A (sky130_fd_sc_hd__buf_1)
                  0.02    0.09    6.18 v _291_/X (sky130_fd_sc_hd__buf_1)
     1    0.00                           _009_ (net)
                  0.02    0.00    6.18 v _429_/D (sky130_fd_sc_hd__dfrtp_2)
                                  6.18   data arrival time

                  0.15   25.00   25.00   clock clk (rise edge)
                          0.00   25.00   clock network delay (ideal)
                         -0.25   24.75   clock uncertainty
                          0.00   24.75   clock reconvergence pessimism
                                 24.75 ^ _429_/CLK (sky130_fd_sc_hd__dfrtp_2)
                         -0.08   24.67   library setup time
                                 24.67   data required time
-----------------------------------------------------------------------------
                                 24.67   data required time
                                 -6.18   data arrival time
-----------------------------------------------------------------------------
                                 18.49   slack (MET)


Startpoint: i_valid (input port clocked by clk)
Endpoint: _435_ (rising edge-triggered flip-flop clocked by clk)
Path Group: clk
Path Type: max

Fanout     Cap    Slew   Delay    Time   Description
-----------------------------------------------------------------------------
                  0.15    0.00    0.00   clock clk (rise edge)
                          0.00    0.00   clock network delay (ideal)
                          5.00    5.00 ^ input external delay
                  0.02    0.01    5.01 ^ i_valid (in)
     1    0.00                           i_valid (net)
                  0.02    0.00    5.01 ^ _211_/A (sky130_fd_sc_hd__buf_1)
                  0.46    0.38    5.39 ^ _211_/X (sky130_fd_sc_hd__buf_1)
    13    0.04                           _065_ (net)
                  0.46    0.00    5.39 ^ _306_/C1 (sky130_fd_sc_hd__o221a_2)
                  0.11    0.35    5.74 ^ _306_/X (sky130_fd_sc_hd__o221a_2)
     5    0.02                           _145_ (net)
                  0.11    0.00    5.74 ^ _307_/S (sky130_fd_sc_hd__mux2_2)
                  0.05    0.35    6.09 v _307_/X (sky130_fd_sc_hd__mux2_2)
     1    0.00                           _146_ (net)
                  0.05    0.00    6.09 v _308_/A (sky130_fd_sc_hd__buf_1)
                  0.02    0.09    6.18 v _308_/X (sky130_fd_sc_hd__buf_1)
     1    0.00                           _015_ (net)
                  0.02    0.00    6.18 v _435_/D (sky130_fd_sc_hd__dfrtp_2)
                                  6.18   data arrival time

                  0.15   25.00   25.00   clock clk (rise edge)
                          0.00   25.00   clock network delay (ideal)
                         -0.25   24.75   clock uncertainty
                          0.00   24.75   clock reconvergence pessimism
                                 24.75 ^ _435_/CLK (sky130_fd_sc_hd__dfrtp_2)
                         -0.08   24.67   library setup time
                                 24.67   data required time
-----------------------------------------------------------------------------
                                 24.67   data required time
                                 -6.18   data arrival time
-----------------------------------------------------------------------------
                                 18.49   slack (MET)


Startpoint: i_valid (input port clocked by clk)
Endpoint: _441_ (rising edge-triggered flip-flop clocked by clk)
Path Group: clk
Path Type: max

Fanout     Cap    Slew   Delay    Time   Description
-----------------------------------------------------------------------------
                  0.15    0.00    0.00   clock clk (rise edge)
                          0.00    0.00   clock network delay (ideal)
                          5.00    5.00 ^ input external delay
                  0.02    0.01    5.01 ^ i_valid (in)
     1    0.00                           i_valid (net)
                  0.02    0.00    5.01 ^ _211_/A (sky130_fd_sc_hd__buf_1)
                  0.46    0.38    5.39 ^ _211_/X (sky130_fd_sc_hd__buf_1)
    13    0.04                           _065_ (net)
                  0.46    0.00    5.39 ^ _323_/C1 (sky130_fd_sc_hd__o221a_2)
                  0.11    0.35    5.74 ^ _323_/X (sky130_fd_sc_hd__o221a_2)
     5    0.02                           _156_ (net)
                  0.11    0.00    5.74 ^ _324_/S (sky130_fd_sc_hd__mux2_2)
                  0.05    0.35    6.09 v _324_/X (sky130_fd_sc_hd__mux2_2)
     1    0.00                           _157_ (net)
                  0.05    0.00    6.09 v _325_/A (sky130_fd_sc_hd__buf_1)
                  0.02    0.09    6.18 v _325_/X (sky130_fd_sc_hd__buf_1)
     1    0.00                           _021_ (net)
                  0.02    0.00    6.18 v _441_/D (sky130_fd_sc_hd__dfrtp_2)
                                  6.18   data arrival time

                  0.15   25.00   25.00   clock clk (rise edge)
                          0.00   25.00   clock network delay (ideal)
                         -0.25   24.75   clock uncertainty
                          0.00   24.75   clock reconvergence pessimism
                                 24.75 ^ _441_/CLK (sky130_fd_sc_hd__dfrtp_2)
                         -0.08   24.67   library setup time
                                 24.67   data required time
-----------------------------------------------------------------------------
                                 24.67   data required time
                                 -6.18   data arrival time
-----------------------------------------------------------------------------
                                 18.49   slack (MET)


Startpoint: i_valid (input port clocked by clk)
Endpoint: _447_ (rising edge-triggered flip-flop clocked by clk)
Path Group: clk
Path Type: max

Fanout     Cap    Slew   Delay    Time   Description
-----------------------------------------------------------------------------
                  0.15    0.00    0.00   clock clk (rise edge)
                          0.00    0.00   clock network delay (ideal)
                          5.00    5.00 ^ input external delay
                  0.02    0.01    5.01 ^ i_valid (in)
     1    0.00                           i_valid (net)
                  0.02    0.00    5.01 ^ _211_/A (sky130_fd_sc_hd__buf_1)
                  0.46    0.38    5.39 ^ _211_/X (sky130_fd_sc_hd__buf_1)
    13    0.04                           _065_ (net)
                  0.46    0.00    5.39 ^ _266_/C1 (sky130_fd_sc_hd__o221a_2)
                  0.11    0.35    5.74 ^ _266_/X (sky130_fd_sc_hd__o221a_2)
     5    0.02                           _117_ (net)
                  0.11    0.00    5.74 ^ _335_/S (sky130_fd_sc_hd__mux2_2)
                  0.05    0.35    6.09 v _335_/X (sky130_fd_sc_hd__mux2_2)
     1    0.00                           _162_ (net)
                  0.05    0.00    6.09 v _336_/A (sky130_fd_sc_hd__buf_1)
                  0.02    0.09    6.18 v _336_/X (sky130_fd_sc_hd__buf_1)
     1    0.00                           _027_ (net)
                  0.02    0.00    6.18 v _447_/D (sky130_fd_sc_hd__dfrtp_2)
                                  6.18   data arrival time

                  0.15   25.00   25.00   clock clk (rise edge)
                          0.00   25.00   clock network delay (ideal)
                         -0.25   24.75   clock uncertainty
                          0.00   24.75   clock reconvergence pessimism
                                 24.75 ^ _447_/CLK (sky130_fd_sc_hd__dfrtp_2)
                         -0.08   24.67   library setup time
                                 24.67   data required time
-----------------------------------------------------------------------------
                                 24.67   data required time
                                 -6.18   data arrival time
-----------------------------------------------------------------------------
                                 18.49   slack (MET)


Startpoint: i_valid (input port clocked by clk)
Endpoint: _423_ (rising edge-triggered flip-flop clocked by clk)
Path Group: clk
Path Type: max

Fanout     Cap    Slew   Delay    Time   Description
-----------------------------------------------------------------------------
                  0.15    0.00    0.00   clock clk (rise edge)
                          0.00    0.00   clock network delay (ideal)
                          5.00    5.00 ^ input external delay
                  0.02    0.01    5.01 ^ i_valid (in)
     1    0.00                           i_valid (net)
                  0.02    0.00    5.01 ^ _211_/A (sky130_fd_sc_hd__buf_1)
                  0.46    0.38    5.39 ^ _211_/X (sky130_fd_sc_hd__buf_1)
    13    0.04                           _065_ (net)
                  0.46    0.00    5.39 ^ _266_/C1 (sky130_fd_sc_hd__o221a_2)
                  0.11    0.35    5.74 ^ _266_/X (sky130_fd_sc_hd__o221a_2)
     5    0.02                           _117_ (net)
                  0.11    0.00    5.74 ^ _267_/S (sky130_fd_sc_hd__mux2_2)
                  0.05    0.35    6.09 v _267_/X (sky130_fd_sc_hd__mux2_2)
     1    0.00                           _118_ (net)
                  0.05    0.00    6.09 v _268_/A (sky130_fd_sc_hd__buf_1)
                  0.02    0.09    6.18 v _268_/X (sky130_fd_sc_hd__buf_1)
     1    0.00                           _003_ (net)
                  0.02    0.00    6.18 v _423_/D (sky130_fd_sc_hd__dfrtp_2)
                                  6.18   data arrival time

                  0.15   25.00   25.00   clock clk (rise edge)
                          0.00   25.00   clock network delay (ideal)
                         -0.25   24.75   clock uncertainty
                          0.00   24.75   clock reconvergence pessimism
                                 24.75 ^ _423_/CLK (sky130_fd_sc_hd__dfrtp_2)
                         -0.08   24.67   library setup time
                                 24.67   data required time
-----------------------------------------------------------------------------
                                 24.67   data required time
                                 -6.18   data arrival time
-----------------------------------------------------------------------------
                                 18.49   slack (MET)


Startpoint: i_valid (input port clocked by clk)
Endpoint: _424_ (rising edge-triggered flip-flop clocked by clk)
Path Group: clk
Path Type: max

Fanout     Cap    Slew   Delay    Time   Description
-----------------------------------------------------------------------------
                  0.15    0.00    0.00   clock clk (rise edge)
                          0.00    0.00   clock network delay (ideal)
                          5.00    5.00 ^ input external delay
                  0.02    0.01    5.01 ^ i_valid (in)
     1    0.00                           i_valid (net)
                  0.02    0.00    5.01 ^ _211_/A (sky130_fd_sc_hd__buf_1)
                  0.46    0.38    5.39 ^ _211_/X (sky130_fd_sc_hd__buf_1)
    13    0.04                           _065_ (net)
                  0.46    0.00    5.39 ^ _266_/C1 (sky130_fd_sc_hd__o221a_2)
                  0.11    0.35    5.74 ^ _266_/X (sky130_fd_sc_hd__o221a_2)
     5    0.02                           _117_ (net)
                  0.11    0.00    5.74 ^ _269_/S (sky130_fd_sc_hd__mux2_2)
                  0.05    0.35    6.09 v _269_/X (sky130_fd_sc_hd__mux2_2)
     1    0.00                           _119_ (net)
                  0.05    0.00    6.09 v _270_/A (sky130_fd_sc_hd__buf_1)
                  0.02    0.09    6.18 v _270_/X (sky130_fd_sc_hd__buf_1)
     1    0.00                           _004_ (net)
                  0.02    0.00    6.18 v _424_/D (sky130_fd_sc_hd__dfrtp_2)
                                  6.18   data arrival time

                  0.15   25.00   25.00   clock clk (rise edge)
                          0.00   25.00   clock network delay (ideal)
                         -0.25   24.75   clock uncertainty
                          0.00   24.75   clock reconvergence pessimism
                                 24.75 ^ _424_/CLK (sky130_fd_sc_hd__dfrtp_2)
                         -0.08   24.67   library setup time
                                 24.67   data required time
-----------------------------------------------------------------------------
                                 24.67   data required time
                                 -6.18   data arrival time
-----------------------------------------------------------------------------
                                 18.49   slack (MET)


Startpoint: i_valid (input port clocked by clk)
Endpoint: _425_ (rising edge-triggered flip-flop clocked by clk)
Path Group: clk
Path Type: max

Fanout     Cap    Slew   Delay    Time   Description
-----------------------------------------------------------------------------
                  0.15    0.00    0.00   clock clk (rise edge)
                          0.00    0.00   clock network delay (ideal)
                          5.00    5.00 ^ input external delay
                  0.02    0.01    5.01 ^ i_valid (in)
     1    0.00                           i_valid (net)
                  0.02    0.00    5.01 ^ _211_/A (sky130_fd_sc_hd__buf_1)
                  0.46    0.38    5.39 ^ _211_/X (sky130_fd_sc_hd__buf_1)
    13    0.04                           _065_ (net)
                  0.46    0.00    5.39 ^ _266_/C1 (sky130_fd_sc_hd__o221a_2)
                  0.11    0.35    5.74 ^ _266_/X (sky130_fd_sc_hd__o221a_2)
     5    0.02                           _117_ (net)
                  0.11    0.00    5.74 ^ _271_/S (sky130_fd_sc_hd__mux2_2)
                  0.05    0.35    6.09 v _271_/X (sky130_fd_sc_hd__mux2_2)
     1    0.00                           _120_ (net)
                  0.05    0.00    6.09 v _272_/A (sky130_fd_sc_hd__buf_1)
                  0.02    0.09    6.18 v _272_/X (sky130_fd_sc_hd__buf_1)
     1    0.00                           _005_ (net)
                  0.02    0.00    6.18 v _425_/D (sky130_fd_sc_hd__dfrtp_2)
                                  6.18   data arrival time

                  0.15   25.00   25.00   clock clk (rise edge)
                          0.00   25.00   clock network delay (ideal)
                         -0.25   24.75   clock uncertainty
                          0.00   24.75   clock reconvergence pessimism
                                 24.75 ^ _425_/CLK (sky130_fd_sc_hd__dfrtp_2)
                         -0.08   24.67   library setup time
                                 24.67   data required time
-----------------------------------------------------------------------------
                                 24.67   data required time
                                 -6.18   data arrival time
-----------------------------------------------------------------------------
                                 18.49   slack (MET)


Startpoint: i_valid (input port clocked by clk)
Endpoint: _427_ (rising edge-triggered flip-flop clocked by clk)
Path Group: clk
Path Type: max

Fanout     Cap    Slew   Delay    Time   Description
-----------------------------------------------------------------------------
                  0.15    0.00    0.00   clock clk (rise edge)
                          0.00    0.00   clock network delay (ideal)
                          5.00    5.00 ^ input external delay
                  0.02    0.01    5.01 ^ i_valid (in)
     1    0.00                           i_valid (net)
                  0.02    0.00    5.01 ^ _211_/A (sky130_fd_sc_hd__buf_1)
                  0.46    0.38    5.39 ^ _211_/X (sky130_fd_sc_hd__buf_1)
    13    0.04                           _065_ (net)
                  0.46    0.00    5.39 ^ _278_/C1 (sky130_fd_sc_hd__o221a_2)
                  0.11    0.35    5.74 ^ _278_/X (sky130_fd_sc_hd__o221a_2)
     5    0.02                           _126_ (net)
                  0.11    0.00    5.74 ^ _281_/S (sky130_fd_sc_hd__mux2_2)
                  0.05    0.35    6.09 v _281_/X (sky130_fd_sc_hd__mux2_2)
     1    0.00                           _128_ (net)
                  0.05    0.00    6.09 v _282_/A (sky130_fd_sc_hd__buf_1)
                  0.02    0.09    6.18 v _282_/X (sky130_fd_sc_hd__buf_1)
     1    0.00                           _007_ (net)
                  0.02    0.00    6.18 v _427_/D (sky130_fd_sc_hd__dfrtp_2)
                                  6.18   data arrival time

                  0.15   25.00   25.00   clock clk (rise edge)
                          0.00   25.00   clock network delay (ideal)
                         -0.25   24.75   clock uncertainty
                          0.00   24.75   clock reconvergence pessimism
                                 24.75 ^ _427_/CLK (sky130_fd_sc_hd__dfrtp_2)
                         -0.08   24.67   library setup time
                                 24.67   data required time
-----------------------------------------------------------------------------
                                 24.67   data required time
                                 -6.18   data arrival time
-----------------------------------------------------------------------------
                                 18.49   slack (MET)


Startpoint: i_valid (input port clocked by clk)
Endpoint: _430_ (rising edge-triggered flip-flop clocked by clk)
Path Group: clk
Path Type: max

Fanout     Cap    Slew   Delay    Time   Description
-----------------------------------------------------------------------------
                  0.15    0.00    0.00   clock clk (rise edge)
                          0.00    0.00   clock network delay (ideal)
                          5.00    5.00 ^ input external delay
                  0.02    0.01    5.01 ^ i_valid (in)
     1    0.00                           i_valid (net)
                  0.02    0.00    5.01 ^ _211_/A (sky130_fd_sc_hd__buf_1)
                  0.46    0.38    5.39 ^ _211_/X (sky130_fd_sc_hd__buf_1)
    13    0.04                           _065_ (net)
                  0.46    0.00    5.39 ^ _289_/C1 (sky130_fd_sc_hd__o221a_2)
                  0.11    0.35    5.74 ^ _289_/X (sky130_fd_sc_hd__o221a_2)
     5    0.02                           _134_ (net)
                  0.11    0.00    5.74 ^ _292_/S (sky130_fd_sc_hd__mux2_2)
                  0.05    0.35    6.09 v _292_/X (sky130_fd_sc_hd__mux2_2)
     1    0.00                           _136_ (net)
                  0.05    0.00    6.09 v _293_/A (sky130_fd_sc_hd__buf_1)
                  0.02    0.09    6.18 v _293_/X (sky130_fd_sc_hd__buf_1)
     1    0.00                           _010_ (net)
                  0.02    0.00    6.18 v _430_/D (sky130_fd_sc_hd__dfrtp_2)
                                  6.18   data arrival time

                  0.15   25.00   25.00   clock clk (rise edge)
                          0.00   25.00   clock network delay (ideal)
                         -0.25   24.75   clock uncertainty
                          0.00   24.75   clock reconvergence pessimism
                                 24.75 ^ _430_/CLK (sky130_fd_sc_hd__dfrtp_2)
                         -0.08   24.67   library setup time
                                 24.67   data required time
-----------------------------------------------------------------------------
                                 24.67   data required time
                                 -6.18   data arrival time
-----------------------------------------------------------------------------
                                 18.49   slack (MET)


Startpoint: i_valid (input port clocked by clk)
Endpoint: _432_ (rising edge-triggered flip-flop clocked by clk)
Path Group: clk
Path Type: max

Fanout     Cap    Slew   Delay    Time   Description
-----------------------------------------------------------------------------
                  0.15    0.00    0.00   clock clk (rise edge)
                          0.00    0.00   clock network delay (ideal)
                          5.00    5.00 ^ input external delay
                  0.02    0.01    5.01 ^ i_valid (in)
     1    0.00                           i_valid (net)
                  0.02    0.00    5.01 ^ _211_/A (sky130_fd_sc_hd__buf_1)
                  0.46    0.38    5.39 ^ _211_/X (sky130_fd_sc_hd__buf_1)
    13    0.04                           _065_ (net)
                  0.46    0.00    5.39 ^ _278_/C1 (sky130_fd_sc_hd__o221a_2)
                  0.11    0.35    5.74 ^ _278_/X (sky130_fd_sc_hd__o221a_2)
     5    0.02                           _126_ (net)
                  0.11    0.00    5.74 ^ _295_/S (sky130_fd_sc_hd__mux2_2)
                  0.05    0.35    6.09 v _295_/X (sky130_fd_sc_hd__mux2_2)
     1    0.00                           _137_ (net)
                  0.05    0.00    6.09 v _296_/A (sky130_fd_sc_hd__buf_1)
                  0.02    0.09    6.18 v _296_/X (sky130_fd_sc_hd__buf_1)
     1    0.00                           _012_ (net)
                  0.02    0.00    6.18 v _432_/D (sky130_fd_sc_hd__dfrtp_2)
                                  6.18   data arrival time

                  0.15   25.00   25.00   clock clk (rise edge)
                          0.00   25.00   clock network delay (ideal)
                         -0.25   24.75   clock uncertainty
                          0.00   24.75   clock reconvergence pessimism
                                 24.75 ^ _432_/CLK (sky130_fd_sc_hd__dfrtp_2)
                         -0.08   24.67   library setup time
                                 24.67   data required time
-----------------------------------------------------------------------------
                                 24.67   data required time
                                 -6.18   data arrival time
-----------------------------------------------------------------------------
                                 18.49   slack (MET)


Startpoint: i_valid (input port clocked by clk)
Endpoint: _433_ (rising edge-triggered flip-flop clocked by clk)
Path Group: clk
Path Type: max

Fanout     Cap    Slew   Delay    Time   Description
-----------------------------------------------------------------------------
                  0.15    0.00    0.00   clock clk (rise edge)
                          0.00    0.00   clock network delay (ideal)
                          5.00    5.00 ^ input external delay
                  0.02    0.01    5.01 ^ i_valid (in)
     1    0.00                           i_valid (net)
                  0.02    0.00    5.01 ^ _211_/A (sky130_fd_sc_hd__buf_1)
                  0.46    0.38    5.39 ^ _211_/X (sky130_fd_sc_hd__buf_1)
    13    0.04                           _065_ (net)
                  0.46    0.00    5.39 ^ _278_/C1 (sky130_fd_sc_hd__o221a_2)
                  0.11    0.35    5.74 ^ _278_/X (sky130_fd_sc_hd__o221a_2)
     5    0.02                           _126_ (net)
                  0.11    0.00    5.74 ^ _297_/S (sky130_fd_sc_hd__mux2_2)
                  0.05    0.35    6.09 v _297_/X (sky130_fd_sc_hd__mux2_2)
     1    0.00                           _138_ (net)
                  0.05    0.00    6.09 v _298_/A (sky130_fd_sc_hd__buf_1)
                  0.02    0.09    6.18 v _298_/X (sky130_fd_sc_hd__buf_1)
     1    0.00                           _013_ (net)
                  0.02    0.00    6.18 v _433_/D (sky130_fd_sc_hd__dfrtp_2)
                                  6.18   data arrival time

                  0.15   25.00   25.00   clock clk (rise edge)
                          0.00   25.00   clock network delay (ideal)
                         -0.25   24.75   clock uncertainty
                          0.00   24.75   clock reconvergence pessimism
                                 24.75 ^ _433_/CLK (sky130_fd_sc_hd__dfrtp_2)
                         -0.08   24.67   library setup time
                                 24.67   data required time
-----------------------------------------------------------------------------
                                 24.67   data required time
                                 -6.18   data arrival time
-----------------------------------------------------------------------------
                                 18.49   slack (MET)


Startpoint: i_valid (input port clocked by clk)
Endpoint: _434_ (rising edge-triggered flip-flop clocked by clk)
Path Group: clk
Path Type: max

Fanout     Cap    Slew   Delay    Time   Description
-----------------------------------------------------------------------------
                  0.15    0.00    0.00   clock clk (rise edge)
                          0.00    0.00   clock network delay (ideal)
                          5.00    5.00 ^ input external delay
                  0.02    0.01    5.01 ^ i_valid (in)
     1    0.00                           i_valid (net)
                  0.02    0.00    5.01 ^ _211_/A (sky130_fd_sc_hd__buf_1)
                  0.46    0.38    5.39 ^ _211_/X (sky130_fd_sc_hd__buf_1)
    13    0.04                           _065_ (net)
                  0.46    0.00    5.39 ^ _278_/C1 (sky130_fd_sc_hd__o221a_2)
                  0.11    0.35    5.74 ^ _278_/X (sky130_fd_sc_hd__o221a_2)
     5    0.02                           _126_ (net)
                  0.11    0.00    5.74 ^ _299_/S (sky130_fd_sc_hd__mux2_2)
                  0.05    0.35    6.09 v _299_/X (sky130_fd_sc_hd__mux2_2)
     1    0.00                           _139_ (net)
                  0.05    0.00    6.09 v _300_/A (sky130_fd_sc_hd__buf_1)
                  0.02    0.09    6.18 v _300_/X (sky130_fd_sc_hd__buf_1)
     1    0.00                           _014_ (net)
                  0.02    0.00    6.18 v _434_/D (sky130_fd_sc_hd__dfrtp_2)
                                  6.18   data arrival time

                  0.15   25.00   25.00   clock clk (rise edge)
                          0.00   25.00   clock network delay (ideal)
                         -0.25   24.75   clock uncertainty
                          0.00   24.75   clock reconvergence pessimism
                                 24.75 ^ _434_/CLK (sky130_fd_sc_hd__dfrtp_2)
                         -0.08   24.67   library setup time
                                 24.67   data required time
-----------------------------------------------------------------------------
                                 24.67   data required time
                                 -6.18   data arrival time
-----------------------------------------------------------------------------
                                 18.49   slack (MET)


Startpoint: i_valid (input port clocked by clk)
Endpoint: _436_ (rising edge-triggered flip-flop clocked by clk)
Path Group: clk
Path Type: max

Fanout     Cap    Slew   Delay    Time   Description
-----------------------------------------------------------------------------
                  0.15    0.00    0.00   clock clk (rise edge)
                          0.00    0.00   clock network delay (ideal)
                          5.00    5.00 ^ input external delay
                  0.02    0.01    5.01 ^ i_valid (in)
     1    0.00                           i_valid (net)
                  0.02    0.00    5.01 ^ _211_/A (sky130_fd_sc_hd__buf_1)
                  0.46    0.38    5.39 ^ _211_/X (sky130_fd_sc_hd__buf_1)
    13    0.04                           _065_ (net)
                  0.46    0.00    5.39 ^ _306_/C1 (sky130_fd_sc_hd__o221a_2)
                  0.11    0.35    5.74 ^ _306_/X (sky130_fd_sc_hd__o221a_2)
     5    0.02                           _145_ (net)
                  0.11    0.00    5.74 ^ _309_/S (sky130_fd_sc_hd__mux2_2)
                  0.05    0.35    6.09 v _309_/X (sky130_fd_sc_hd__mux2_2)
     1    0.00                           _147_ (net)
                  0.05    0.00    6.09 v _310_/A (sky130_fd_sc_hd__buf_1)
                  0.02    0.09    6.18 v _310_/X (sky130_fd_sc_hd__buf_1)
     1    0.00                           _016_ (net)
                  0.02    0.00    6.18 v _436_/D (sky130_fd_sc_hd__dfrtp_2)
                                  6.18   data arrival time

                  0.15   25.00   25.00   clock clk (rise edge)
                          0.00   25.00   clock network delay (ideal)
                         -0.25   24.75   clock uncertainty
                          0.00   24.75   clock reconvergence pessimism
                                 24.75 ^ _436_/CLK (sky130_fd_sc_hd__dfrtp_2)
                         -0.08   24.67   library setup time
                                 24.67   data required time
-----------------------------------------------------------------------------
                                 24.67   data required time
                                 -6.18   data arrival time
-----------------------------------------------------------------------------
                                 18.49   slack (MET)


Startpoint: i_valid (input port clocked by clk)
Endpoint: _438_ (rising edge-triggered flip-flop clocked by clk)
Path Group: clk
Path Type: max

Fanout     Cap    Slew   Delay    Time   Description
-----------------------------------------------------------------------------
                  0.15    0.00    0.00   clock clk (rise edge)
                          0.00    0.00   clock network delay (ideal)
                          5.00    5.00 ^ input external delay
                  0.02    0.01    5.01 ^ i_valid (in)
     1    0.00                           i_valid (net)
                  0.02    0.00    5.01 ^ _211_/A (sky130_fd_sc_hd__buf_1)
                  0.46    0.38    5.39 ^ _211_/X (sky130_fd_sc_hd__buf_1)
    13    0.04                           _065_ (net)
                  0.46    0.00    5.39 ^ _289_/C1 (sky130_fd_sc_hd__o221a_2)
                  0.11    0.35    5.74 ^ _289_/X (sky130_fd_sc_hd__o221a_2)
     5    0.02                           _134_ (net)
                  0.11    0.00    5.74 ^ _312_/S (sky130_fd_sc_hd__mux2_2)
                  0.05    0.35    6.09 v _312_/X (sky130_fd_sc_hd__mux2_2)
     1    0.00                           _148_ (net)
                  0.05    0.00    6.09 v _313_/A (sky130_fd_sc_hd__buf_1)
                  0.02    0.09    6.18 v _313_/X (sky130_fd_sc_hd__buf_1)
     1    0.00                           _018_ (net)
                  0.02    0.00    6.18 v _438_/D (sky130_fd_sc_hd__dfrtp_2)
                                  6.18   data arrival time

                  0.15   25.00   25.00   clock clk (rise edge)
                          0.00   25.00   clock network delay (ideal)
                         -0.25   24.75   clock uncertainty
                          0.00   24.75   clock reconvergence pessimism
                                 24.75 ^ _438_/CLK (sky130_fd_sc_hd__dfrtp_2)
                         -0.08   24.67   library setup time
                                 24.67   data required time
-----------------------------------------------------------------------------
                                 24.67   data required time
                                 -6.18   data arrival time
-----------------------------------------------------------------------------
                                 18.49   slack (MET)


Startpoint: i_valid (input port clocked by clk)
Endpoint: _439_ (rising edge-triggered flip-flop clocked by clk)
Path Group: clk
Path Type: max

Fanout     Cap    Slew   Delay    Time   Description
-----------------------------------------------------------------------------
                  0.15    0.00    0.00   clock clk (rise edge)
                          0.00    0.00   clock network delay (ideal)
                          5.00    5.00 ^ input external delay
                  0.02    0.01    5.01 ^ i_valid (in)
     1    0.00                           i_valid (net)
                  0.02    0.00    5.01 ^ _211_/A (sky130_fd_sc_hd__buf_1)
                  0.46    0.38    5.39 ^ _211_/X (sky130_fd_sc_hd__buf_1)
    13    0.04                           _065_ (net)
                  0.46    0.00    5.39 ^ _289_/C1 (sky130_fd_sc_hd__o221a_2)
                  0.11    0.35    5.74 ^ _289_/X (sky130_fd_sc_hd__o221a_2)
     5    0.02                           _134_ (net)
                  0.11    0.00    5.74 ^ _314_/S (sky130_fd_sc_hd__mux2_2)
                  0.05    0.35    6.09 v _314_/X (sky130_fd_sc_hd__mux2_2)
     1    0.00                           _149_ (net)
                  0.05    0.00    6.09 v _315_/A (sky130_fd_sc_hd__buf_1)
                  0.02    0.09    6.18 v _315_/X (sky130_fd_sc_hd__buf_1)
     1    0.00                           _019_ (net)
                  0.02    0.00    6.18 v _439_/D (sky130_fd_sc_hd__dfrtp_2)
                                  6.18   data arrival time

                  0.15   25.00   25.00   clock clk (rise edge)
                          0.00   25.00   clock network delay (ideal)
                         -0.25   24.75   clock uncertainty
                          0.00   24.75   clock reconvergence pessimism
                                 24.75 ^ _439_/CLK (sky130_fd_sc_hd__dfrtp_2)
                         -0.08   24.67   library setup time
                                 24.67   data required time
-----------------------------------------------------------------------------
                                 24.67   data required time
                                 -6.18   data arrival time
-----------------------------------------------------------------------------
                                 18.49   slack (MET)


Startpoint: i_valid (input port clocked by clk)
Endpoint: _440_ (rising edge-triggered flip-flop clocked by clk)
Path Group: clk
Path Type: max

Fanout     Cap    Slew   Delay    Time   Description
-----------------------------------------------------------------------------
                  0.15    0.00    0.00   clock clk (rise edge)
                          0.00    0.00   clock network delay (ideal)
                          5.00    5.00 ^ input external delay
                  0.02    0.01    5.01 ^ i_valid (in)
     1    0.00                           i_valid (net)
                  0.02    0.00    5.01 ^ _211_/A (sky130_fd_sc_hd__buf_1)
                  0.46    0.38    5.39 ^ _211_/X (sky130_fd_sc_hd__buf_1)
    13    0.04                           _065_ (net)
                  0.46    0.00    5.39 ^ _289_/C1 (sky130_fd_sc_hd__o221a_2)
                  0.11    0.35    5.74 ^ _289_/X (sky130_fd_sc_hd__o221a_2)
     5    0.02                           _134_ (net)
                  0.11    0.00    5.74 ^ _316_/S (sky130_fd_sc_hd__mux2_2)
                  0.05    0.35    6.09 v _316_/X (sky130_fd_sc_hd__mux2_2)
     1    0.00                           _150_ (net)
                  0.05    0.00    6.09 v _317_/A (sky130_fd_sc_hd__buf_1)
                  0.02    0.09    6.18 v _317_/X (sky130_fd_sc_hd__buf_1)
     1    0.00                           _020_ (net)
                  0.02    0.00    6.18 v _440_/D (sky130_fd_sc_hd__dfrtp_2)
                                  6.18   data arrival time

                  0.15   25.00   25.00   clock clk (rise edge)
                          0.00   25.00   clock network delay (ideal)
                         -0.25   24.75   clock uncertainty
                          0.00   24.75   clock reconvergence pessimism
                                 24.75 ^ _440_/CLK (sky130_fd_sc_hd__dfrtp_2)
                         -0.08   24.67   library setup time
                                 24.67   data required time
-----------------------------------------------------------------------------
                                 24.67   data required time
                                 -6.18   data arrival time
-----------------------------------------------------------------------------
                                 18.49   slack (MET)


Startpoint: i_valid (input port clocked by clk)
Endpoint: _442_ (rising edge-triggered flip-flop clocked by clk)
Path Group: clk
Path Type: max

Fanout     Cap    Slew   Delay    Time   Description
-----------------------------------------------------------------------------
                  0.15    0.00    0.00   clock clk (rise edge)
                          0.00    0.00   clock network delay (ideal)
                          5.00    5.00 ^ input external delay
                  0.02    0.01    5.01 ^ i_valid (in)
     1    0.00                           i_valid (net)
                  0.02    0.00    5.01 ^ _211_/A (sky130_fd_sc_hd__buf_1)
                  0.46    0.38    5.39 ^ _211_/X (sky130_fd_sc_hd__buf_1)
    13    0.04                           _065_ (net)
                  0.46    0.00    5.39 ^ _323_/C1 (sky130_fd_sc_hd__o221a_2)
                  0.11    0.35    5.74 ^ _323_/X (sky130_fd_sc_hd__o221a_2)
     5    0.02                           _156_ (net)
                  0.11    0.00    5.74 ^ _326_/S (sky130_fd_sc_hd__mux2_2)
                  0.05    0.35    6.09 v _326_/X (sky130_fd_sc_hd__mux2_2)
     1    0.00                           _158_ (net)
                  0.05    0.00    6.09 v _327_/A (sky130_fd_sc_hd__buf_1)
                  0.02    0.09    6.18 v _327_/X (sky130_fd_sc_hd__buf_1)
     1    0.00                           _022_ (net)
                  0.02    0.00    6.18 v _442_/D (sky130_fd_sc_hd__dfrtp_2)
                                  6.18   data arrival time

                  0.15   25.00   25.00   clock clk (rise edge)
                          0.00   25.00   clock network delay (ideal)
                         -0.25   24.75   clock uncertainty
                          0.00   24.75   clock reconvergence pessimism
                                 24.75 ^ _442_/CLK (sky130_fd_sc_hd__dfrtp_2)
                         -0.08   24.67   library setup time
                                 24.67   data required time
-----------------------------------------------------------------------------
                                 24.67   data required time
                                 -6.18   data arrival time
-----------------------------------------------------------------------------
                                 18.49   slack (MET)


Startpoint: i_valid (input port clocked by clk)
Endpoint: _444_ (rising edge-triggered flip-flop clocked by clk)
Path Group: clk
Path Type: max

Fanout     Cap    Slew   Delay    Time   Description
-----------------------------------------------------------------------------
                  0.15    0.00    0.00   clock clk (rise edge)
                          0.00    0.00   clock network delay (ideal)
                          5.00    5.00 ^ input external delay
                  0.02    0.01    5.01 ^ i_valid (in)
     1    0.00                           i_valid (net)
                  0.02    0.00    5.01 ^ _211_/A (sky130_fd_sc_hd__buf_1)
                  0.46    0.38    5.39 ^ _211_/X (sky130_fd_sc_hd__buf_1)
    13    0.04                           _065_ (net)
                  0.46    0.00    5.39 ^ _306_/C1 (sky130_fd_sc_hd__o221a_2)
                  0.11    0.35    5.74 ^ _306_/X (sky130_fd_sc_hd__o221a_2)
     5    0.02                           _145_ (net)
                  0.11    0.00    5.74 ^ _329_/S (sky130_fd_sc_hd__mux2_2)
                  0.05    0.35    6.09 v _329_/X (sky130_fd_sc_hd__mux2_2)
     1    0.00                           _159_ (net)
                  0.05    0.00    6.09 v _330_/A (sky130_fd_sc_hd__buf_1)
                  0.02    0.09    6.18 v _330_/X (sky130_fd_sc_hd__buf_1)
     1    0.00                           _024_ (net)
                  0.02    0.00    6.18 v _444_/D (sky130_fd_sc_hd__dfrtp_2)
                                  6.18   data arrival time

                  0.15   25.00   25.00   clock clk (rise edge)
                          0.00   25.00   clock network delay (ideal)
                         -0.25   24.75   clock uncertainty
                          0.00   24.75   clock reconvergence pessimism
                                 24.75 ^ _444_/CLK (sky130_fd_sc_hd__dfrtp_2)
                         -0.08   24.67   library setup time
                                 24.67   data required time
-----------------------------------------------------------------------------
                                 24.67   data required time
                                 -6.18   data arrival time
-----------------------------------------------------------------------------
                                 18.49   slack (MET)


Startpoint: i_valid (input port clocked by clk)
Endpoint: _445_ (rising edge-triggered flip-flop clocked by clk)
Path Group: clk
Path Type: max

Fanout     Cap    Slew   Delay    Time   Description
-----------------------------------------------------------------------------
                  0.15    0.00    0.00   clock clk (rise edge)
                          0.00    0.00   clock network delay (ideal)
                          5.00    5.00 ^ input external delay
                  0.02    0.01    5.01 ^ i_valid (in)
     1    0.00                           i_valid (net)
                  0.02    0.00    5.01 ^ _211_/A (sky130_fd_sc_hd__buf_1)
                  0.46    0.38    5.39 ^ _211_/X (sky130_fd_sc_hd__buf_1)
    13    0.04                           _065_ (net)
                  0.46    0.00    5.39 ^ _306_/C1 (sky130_fd_sc_hd__o221a_2)
                  0.11    0.35    5.74 ^ _306_/X (sky130_fd_sc_hd__o221a_2)
     5    0.02                           _145_ (net)
                  0.11    0.00    5.74 ^ _331_/S (sky130_fd_sc_hd__mux2_2)
                  0.05    0.35    6.09 v _331_/X (sky130_fd_sc_hd__mux2_2)
     1    0.00                           _160_ (net)
                  0.05    0.00    6.09 v _332_/A (sky130_fd_sc_hd__buf_1)
                  0.02    0.09    6.18 v _332_/X (sky130_fd_sc_hd__buf_1)
     1    0.00                           _025_ (net)
                  0.02    0.00    6.18 v _445_/D (sky130_fd_sc_hd__dfrtp_2)
                                  6.18   data arrival time

                  0.15   25.00   25.00   clock clk (rise edge)
                          0.00   25.00   clock network delay (ideal)
                         -0.25   24.75   clock uncertainty
                          0.00   24.75   clock reconvergence pessimism
                                 24.75 ^ _445_/CLK (sky130_fd_sc_hd__dfrtp_2)
                         -0.08   24.67   library setup time
                                 24.67   data required time
-----------------------------------------------------------------------------
                                 24.67   data required time
                                 -6.18   data arrival time
-----------------------------------------------------------------------------
                                 18.49   slack (MET)


Startpoint: i_valid (input port clocked by clk)
Endpoint: _446_ (rising edge-triggered flip-flop clocked by clk)
Path Group: clk
Path Type: max

Fanout     Cap    Slew   Delay    Time   Description
-----------------------------------------------------------------------------
                  0.15    0.00    0.00   clock clk (rise edge)
                          0.00    0.00   clock network delay (ideal)
                          5.00    5.00 ^ input external delay
                  0.02    0.01    5.01 ^ i_valid (in)
     1    0.00                           i_valid (net)
                  0.02    0.00    5.01 ^ _211_/A (sky130_fd_sc_hd__buf_1)
                  0.46    0.38    5.39 ^ _211_/X (sky130_fd_sc_hd__buf_1)
    13    0.04                           _065_ (net)
                  0.46    0.00    5.39 ^ _306_/C1 (sky130_fd_sc_hd__o221a_2)
                  0.11    0.35    5.74 ^ _306_/X (sky130_fd_sc_hd__o221a_2)
     5    0.02                           _145_ (net)
                  0.11    0.00    5.74 ^ _333_/S (sky130_fd_sc_hd__mux2_2)
                  0.05    0.35    6.09 v _333_/X (sky130_fd_sc_hd__mux2_2)
     1    0.00                           _161_ (net)
                  0.05    0.00    6.09 v _334_/A (sky130_fd_sc_hd__buf_1)
                  0.02    0.09    6.18 v _334_/X (sky130_fd_sc_hd__buf_1)
     1    0.00                           _026_ (net)
                  0.02    0.00    6.18 v _446_/D (sky130_fd_sc_hd__dfrtp_2)
                                  6.18   data arrival time

                  0.15   25.00   25.00   clock clk (rise edge)
                          0.00   25.00   clock network delay (ideal)
                         -0.25   24.75   clock uncertainty
                          0.00   24.75   clock reconvergence pessimism
                                 24.75 ^ _446_/CLK (sky130_fd_sc_hd__dfrtp_2)
                         -0.08   24.67   library setup time
                                 24.67   data required time
-----------------------------------------------------------------------------
                                 24.67   data required time
                                 -6.18   data arrival time
-----------------------------------------------------------------------------
                                 18.49   slack (MET)


Startpoint: i_valid (input port clocked by clk)
Endpoint: _448_ (rising edge-triggered flip-flop clocked by clk)
Path Group: clk
Path Type: max

Fanout     Cap    Slew   Delay    Time   Description
-----------------------------------------------------------------------------
                  0.15    0.00    0.00   clock clk (rise edge)
                          0.00    0.00   clock network delay (ideal)
                          5.00    5.00 ^ input external delay
                  0.02    0.01    5.01 ^ i_valid (in)
     1    0.00                           i_valid (net)
                  0.02    0.00    5.01 ^ _211_/A (sky130_fd_sc_hd__buf_1)
                  0.46    0.38    5.39 ^ _211_/X (sky130_fd_sc_hd__buf_1)
    13    0.04                           _065_ (net)
                  0.46    0.00    5.39 ^ _266_/C1 (sky130_fd_sc_hd__o221a_2)
                  0.11    0.35    5.74 ^ _266_/X (sky130_fd_sc_hd__o221a_2)
     5    0.02                           _117_ (net)
                  0.11    0.00    5.74 ^ _337_/S (sky130_fd_sc_hd__mux2_2)
                  0.05    0.35    6.09 v _337_/X (sky130_fd_sc_hd__mux2_2)
     1    0.00                           _163_ (net)
                  0.05    0.00    6.09 v _338_/A (sky130_fd_sc_hd__buf_1)
                  0.02    0.09    6.18 v _338_/X (sky130_fd_sc_hd__buf_1)
     1    0.00                           _028_ (net)
                  0.02    0.00    6.18 v _448_/D (sky130_fd_sc_hd__dfrtp_2)
                                  6.18   data arrival time

                  0.15   25.00   25.00   clock clk (rise edge)
                          0.00   25.00   clock network delay (ideal)
                         -0.25   24.75   clock uncertainty
                          0.00   24.75   clock reconvergence pessimism
                                 24.75 ^ _448_/CLK (sky130_fd_sc_hd__dfrtp_2)
                         -0.08   24.67   library setup time
                                 24.67   data required time
-----------------------------------------------------------------------------
                                 24.67   data required time
                                 -6.18   data arrival time
-----------------------------------------------------------------------------
                                 18.49   slack (MET)


Startpoint: i_valid (input port clocked by clk)
Endpoint: _450_ (rising edge-triggered flip-flop clocked by clk)
Path Group: clk
Path Type: max

Fanout     Cap    Slew   Delay    Time   Description
-----------------------------------------------------------------------------
                  0.15    0.00    0.00   clock clk (rise edge)
                          0.00    0.00   clock network delay (ideal)
                          5.00    5.00 ^ input external delay
                  0.02    0.01    5.01 ^ i_valid (in)
     1    0.00                           i_valid (net)
                  0.02    0.00    5.01 ^ _211_/A (sky130_fd_sc_hd__buf_1)
                  0.46    0.38    5.39 ^ _211_/X (sky130_fd_sc_hd__buf_1)
    13    0.04                           _065_ (net)
                  0.46    0.00    5.39 ^ _323_/C1 (sky130_fd_sc_hd__o221a_2)
                  0.11    0.35    5.74 ^ _323_/X (sky130_fd_sc_hd__o221a_2)
     5    0.02                           _156_ (net)
                  0.11    0.00    5.74 ^ _340_/S (sky130_fd_sc_hd__mux2_2)
                  0.05    0.35    6.09 v _340_/X (sky130_fd_sc_hd__mux2_2)
     1    0.00                           _164_ (net)
                  0.05    0.00    6.09 v _341_/A (sky130_fd_sc_hd__buf_1)
                  0.02    0.09    6.18 v _341_/X (sky130_fd_sc_hd__buf_1)
     1    0.00                           _030_ (net)
                  0.02    0.00    6.18 v _450_/D (sky130_fd_sc_hd__dfrtp_2)
                                  6.18   data arrival time

                  0.15   25.00   25.00   clock clk (rise edge)
                          0.00   25.00   clock network delay (ideal)
                         -0.25   24.75   clock uncertainty
                          0.00   24.75   clock reconvergence pessimism
                                 24.75 ^ _450_/CLK (sky130_fd_sc_hd__dfrtp_2)
                         -0.08   24.67   library setup time
                                 24.67   data required time
-----------------------------------------------------------------------------
                                 24.67   data required time
                                 -6.18   data arrival time
-----------------------------------------------------------------------------
                                 18.49   slack (MET)


Startpoint: i_valid (input port clocked by clk)
Endpoint: _451_ (rising edge-triggered flip-flop clocked by clk)
Path Group: clk
Path Type: max

Fanout     Cap    Slew   Delay    Time   Description
-----------------------------------------------------------------------------
                  0.15    0.00    0.00   clock clk (rise edge)
                          0.00    0.00   clock network delay (ideal)
                          5.00    5.00 ^ input external delay
                  0.02    0.01    5.01 ^ i_valid (in)
     1    0.00                           i_valid (net)
                  0.02    0.00    5.01 ^ _211_/A (sky130_fd_sc_hd__buf_1)
                  0.46    0.38    5.39 ^ _211_/X (sky130_fd_sc_hd__buf_1)
    13    0.04                           _065_ (net)
                  0.46    0.00    5.39 ^ _323_/C1 (sky130_fd_sc_hd__o221a_2)
                  0.11    0.35    5.74 ^ _323_/X (sky130_fd_sc_hd__o221a_2)
     5    0.02                           _156_ (net)
                  0.11    0.00    5.74 ^ _342_/S (sky130_fd_sc_hd__mux2_2)
                  0.05    0.35    6.09 v _342_/X (sky130_fd_sc_hd__mux2_2)
     1    0.00                           _165_ (net)
                  0.05    0.00    6.09 v _343_/A (sky130_fd_sc_hd__buf_1)
                  0.02    0.09    6.18 v _343_/X (sky130_fd_sc_hd__buf_1)
     1    0.00                           _031_ (net)
                  0.02    0.00    6.18 v _451_/D (sky130_fd_sc_hd__dfrtp_2)
                                  6.18   data arrival time

                  0.15   25.00   25.00   clock clk (rise edge)
                          0.00   25.00   clock network delay (ideal)
                         -0.25   24.75   clock uncertainty
                          0.00   24.75   clock reconvergence pessimism
                                 24.75 ^ _451_/CLK (sky130_fd_sc_hd__dfrtp_2)
                         -0.08   24.67   library setup time
                                 24.67   data required time
-----------------------------------------------------------------------------
                                 24.67   data required time
                                 -6.18   data arrival time
-----------------------------------------------------------------------------
                                 18.49   slack (MET)


Startpoint: i_valid (input port clocked by clk)
Endpoint: _452_ (rising edge-triggered flip-flop clocked by clk)
Path Group: clk
Path Type: max

Fanout     Cap    Slew   Delay    Time   Description
-----------------------------------------------------------------------------
                  0.15    0.00    0.00   clock clk (rise edge)
                          0.00    0.00   clock network delay (ideal)
                          5.00    5.00 ^ input external delay
                  0.02    0.01    5.01 ^ i_valid (in)
     1    0.00                           i_valid (net)
                  0.02    0.00    5.01 ^ _211_/A (sky130_fd_sc_hd__buf_1)
                  0.46    0.38    5.39 ^ _211_/X (sky130_fd_sc_hd__buf_1)
    13    0.04                           _065_ (net)
                  0.46    0.00    5.39 ^ _323_/C1 (sky130_fd_sc_hd__o221a_2)
                  0.11    0.35    5.74 ^ _323_/X (sky130_fd_sc_hd__o221a_2)
     5    0.02                           _156_ (net)
                  0.11    0.00    5.74 ^ _344_/S (sky130_fd_sc_hd__mux2_2)
                  0.05    0.35    6.09 v _344_/X (sky130_fd_sc_hd__mux2_2)
     1    0.00                           _166_ (net)
                  0.05    0.00    6.09 v _345_/A (sky130_fd_sc_hd__buf_1)
                  0.02    0.09    6.18 v _345_/X (sky130_fd_sc_hd__buf_1)
     1    0.00                           _032_ (net)
                  0.02    0.00    6.18 v _452_/D (sky130_fd_sc_hd__dfrtp_2)
                                  6.18   data arrival time

                  0.15   25.00   25.00   clock clk (rise edge)
                          0.00   25.00   clock network delay (ideal)
                         -0.25   24.75   clock uncertainty
                          0.00   24.75   clock reconvergence pessimism
                                 24.75 ^ _452_/CLK (sky130_fd_sc_hd__dfrtp_2)
                         -0.08   24.67   library setup time
                                 24.67   data required time
-----------------------------------------------------------------------------
                                 24.67   data required time
                                 -6.18   data arrival time
-----------------------------------------------------------------------------
                                 18.49   slack (MET)


Startpoint: i_valid (input port clocked by clk)
Endpoint: _486_ (rising edge-triggered flip-flop clocked by clk)
Path Group: clk
Path Type: max

Fanout     Cap    Slew   Delay    Time   Description
-----------------------------------------------------------------------------
                  0.15    0.00    0.00   clock clk (rise edge)
                          0.00    0.00   clock network delay (ideal)
                          5.00    5.00 ^ input external delay
                  0.02    0.01    5.01 ^ i_valid (in)
     1    0.00                           i_valid (net)
                  0.02    0.00    5.01 ^ _211_/A (sky130_fd_sc_hd__buf_1)
                  0.46    0.38    5.39 ^ _211_/X (sky130_fd_sc_hd__buf_1)
    13    0.04                           _065_ (net)
                  0.46    0.00    5.39 ^ _212_/A (sky130_fd_sc_hd__and3_2)
                  0.09    0.32    5.71 ^ _212_/X (sky130_fd_sc_hd__and3_2)
     3    0.01                           _066_ (net)
                  0.09    0.00    5.71 ^ _213_/B (sky130_fd_sc_hd__and2_2)
                  0.03    0.14    5.85 ^ _213_/X (sky130_fd_sc_hd__and2_2)
     1    0.00                           _067_ (net)
                  0.03    0.00    5.85 ^ _214_/A (sky130_fd_sc_hd__buf_1)
                  0.09    0.11    5.97 ^ _214_/X (sky130_fd_sc_hd__buf_1)
     2    0.01                           _000_ (net)
                  0.09    0.00    5.97 ^ _421_/A (sky130_fd_sc_hd__nor2_2)
                  0.03    0.04    6.01 v _421_/Y (sky130_fd_sc_hd__nor2_2)
     1    0.00                           _064_ (net)
                  0.03    0.00    6.01 v _486_/D (sky130_fd_sc_hd__dfrtp_2)
                                  6.01   data arrival time

                  0.15   25.00   25.00   clock clk (rise edge)
                          0.00   25.00   clock network delay (ideal)
                         -0.25   24.75   clock uncertainty
                          0.00   24.75   clock reconvergence pessimism
                                 24.75 ^ _486_/CLK (sky130_fd_sc_hd__dfrtp_2)
                         -0.08   24.67   library setup time
                                 24.67   data required time
-----------------------------------------------------------------------------
                                 24.67   data required time
                                 -6.01   data arrival time
-----------------------------------------------------------------------------
                                 18.66   slack (MET)


Startpoint: i_valid (input port clocked by clk)
Endpoint: _422_ (rising edge-triggered flip-flop clocked by clk)
Path Group: clk
Path Type: max

Fanout     Cap    Slew   Delay    Time   Description
-----------------------------------------------------------------------------
                  0.15    0.00    0.00   clock clk (rise edge)
                          0.00    0.00   clock network delay (ideal)
                          5.00    5.00 ^ input external delay
                  0.02    0.01    5.01 ^ i_valid (in)
     1    0.00                           i_valid (net)
                  0.02    0.00    5.01 ^ _211_/A (sky130_fd_sc_hd__buf_1)
                  0.46    0.38    5.39 ^ _211_/X (sky130_fd_sc_hd__buf_1)
    13    0.04                           _065_ (net)
                  0.46    0.00    5.39 ^ _212_/A (sky130_fd_sc_hd__and3_2)
                  0.09    0.32    5.71 ^ _212_/X (sky130_fd_sc_hd__and3_2)
     3    0.01                           _066_ (net)
                  0.09    0.00    5.71 ^ _213_/B (sky130_fd_sc_hd__and2_2)
                  0.03    0.14    5.85 ^ _213_/X (sky130_fd_sc_hd__and2_2)
     1    0.00                           _067_ (net)
                  0.03    0.00    5.85 ^ _214_/A (sky130_fd_sc_hd__buf_1)
                  0.09    0.11    5.97 ^ _214_/X (sky130_fd_sc_hd__buf_1)
     2    0.01                           _000_ (net)
                  0.09    0.00    5.97 ^ _422_/D (sky130_fd_sc_hd__dfrtp_2)
                                  5.97   data arrival time

                  0.15   25.00   25.00   clock clk (rise edge)
                          0.00   25.00   clock network delay (ideal)
                         -0.25   24.75   clock uncertainty
                          0.00   24.75   clock reconvergence pessimism
                                 24.75 ^ _422_/CLK (sky130_fd_sc_hd__dfrtp_2)
                         -0.06   24.69   library setup time
                                 24.69   data required time
-----------------------------------------------------------------------------
                                 24.69   data required time
                                 -5.97   data arrival time
-----------------------------------------------------------------------------
                                 18.73   slack (MET)


Startpoint: i_valid (input port clocked by clk)
Endpoint: _485_ (rising edge-triggered flip-flop clocked by clk)
Path Group: clk
Path Type: max

Fanout     Cap    Slew   Delay    Time   Description
-----------------------------------------------------------------------------
                  0.15    0.00    0.00   clock clk (rise edge)
                          0.00    0.00   clock network delay (ideal)
                          5.00    5.00 ^ input external delay
                  0.02    0.01    5.01 ^ i_valid (in)
     1    0.00                           i_valid (net)
                  0.02    0.00    5.01 ^ _211_/A (sky130_fd_sc_hd__buf_1)
                  0.46    0.38    5.39 ^ _211_/X (sky130_fd_sc_hd__buf_1)
    13    0.04                           _065_ (net)
                  0.46    0.00    5.39 ^ _212_/A (sky130_fd_sc_hd__and3_2)
                  0.09    0.32    5.71 ^ _212_/X (sky130_fd_sc_hd__and3_2)
     3    0.01                           _066_ (net)
                  0.09    0.00    5.71 ^ _419_/A (sky130_fd_sc_hd__nor2_2)
                  0.03    0.04    5.75 v _419_/Y (sky130_fd_sc_hd__nor2_2)
     1    0.00                           _063_ (net)
                  0.03    0.00    5.75 v _485_/D (sky130_fd_sc_hd__dfrtp_2)
                                  5.75   data arrival time

                  0.15   25.00   25.00   clock clk (rise edge)
                          0.00   25.00   clock network delay (ideal)
                         -0.25   24.75   clock uncertainty
                          0.00   24.75   clock reconvergence pessimism
                                 24.75 ^ _485_/CLK (sky130_fd_sc_hd__dfrtp_2)
                         -0.08   24.67   library setup time
                                 24.67   data required time
-----------------------------------------------------------------------------
                                 24.67   data required time
                                 -5.75   data arrival time
-----------------------------------------------------------------------------
                                 18.91   slack (MET)


Startpoint: rst_n (input port clocked by clk)
Endpoint: _422_ (recovery check against rising-edge clock clk)
Path Group: asynchronous
Path Type: max

Fanout     Cap    Slew   Delay    Time   Description
-----------------------------------------------------------------------------
                  0.15    0.00    0.00   clock clk (rise edge)
                          0.00    0.00   clock network delay (ideal)
                          5.00    5.00 ^ input external delay
                  1.06    0.76    5.76 ^ rst_n (in)
    65    0.23                           rst_n (net)
                  1.06    0.00    5.76 ^ _422_/RESET_B (sky130_fd_sc_hd__dfrtp_2)
                                  5.76   data arrival time

                  0.15   25.00   25.00   clock clk (rise edge)
                          0.00   25.00   clock network delay (ideal)
                         -0.25   24.75   clock uncertainty
                          0.00   24.75   clock reconvergence pessimism
                                 24.75 ^ _422_/CLK (sky130_fd_sc_hd__dfrtp_2)
                         -0.07   24.68   library recovery time
                                 24.68   data required time
-----------------------------------------------------------------------------
                                 24.68   data required time
                                 -5.76   data arrival time
-----------------------------------------------------------------------------
                                 18.92   slack (MET)


Startpoint: rst_n (input port clocked by clk)
Endpoint: _423_ (recovery check against rising-edge clock clk)
Path Group: asynchronous
Path Type: max

Fanout     Cap    Slew   Delay    Time   Description
-----------------------------------------------------------------------------
                  0.15    0.00    0.00   clock clk (rise edge)
                          0.00    0.00   clock network delay (ideal)
                          5.00    5.00 ^ input external delay
                  1.06    0.76    5.76 ^ rst_n (in)
    65    0.23                           rst_n (net)
                  1.06    0.00    5.76 ^ _423_/RESET_B (sky130_fd_sc_hd__dfrtp_2)
                                  5.76   data arrival time

                  0.15   25.00   25.00   clock clk (rise edge)
                          0.00   25.00   clock network delay (ideal)
                         -0.25   24.75   clock uncertainty
                          0.00   24.75   clock reconvergence pessimism
                                 24.75 ^ _423_/CLK (sky130_fd_sc_hd__dfrtp_2)
                         -0.07   24.68   library recovery time
                                 24.68   data required time
-----------------------------------------------------------------------------
                                 24.68   data required time
                                 -5.76   data arrival time
-----------------------------------------------------------------------------
                                 18.92   slack (MET)


Startpoint: rst_n (input port clocked by clk)
Endpoint: _424_ (recovery check against rising-edge clock clk)
Path Group: asynchronous
Path Type: max

Fanout     Cap    Slew   Delay    Time   Description
-----------------------------------------------------------------------------
                  0.15    0.00    0.00   clock clk (rise edge)
                          0.00    0.00   clock network delay (ideal)
                          5.00    5.00 ^ input external delay
                  1.06    0.76    5.76 ^ rst_n (in)
    65    0.23                           rst_n (net)
                  1.06    0.00    5.76 ^ _424_/RESET_B (sky130_fd_sc_hd__dfrtp_2)
                                  5.76   data arrival time

                  0.15   25.00   25.00   clock clk (rise edge)
                          0.00   25.00   clock network delay (ideal)
                         -0.25   24.75   clock uncertainty
                          0.00   24.75   clock reconvergence pessimism
                                 24.75 ^ _424_/CLK (sky130_fd_sc_hd__dfrtp_2)
                         -0.07   24.68   library recovery time
                                 24.68   data required time
-----------------------------------------------------------------------------
                                 24.68   data required time
                                 -5.76   data arrival time
-----------------------------------------------------------------------------
                                 18.92   slack (MET)


Startpoint: rst_n (input port clocked by clk)
Endpoint: _425_ (recovery check against rising-edge clock clk)
Path Group: asynchronous
Path Type: max

Fanout     Cap    Slew   Delay    Time   Description
-----------------------------------------------------------------------------
                  0.15    0.00    0.00   clock clk (rise edge)
                          0.00    0.00   clock network delay (ideal)
                          5.00    5.00 ^ input external delay
                  1.06    0.76    5.76 ^ rst_n (in)
    65    0.23                           rst_n (net)
                  1.06    0.00    5.76 ^ _425_/RESET_B (sky130_fd_sc_hd__dfrtp_2)
                                  5.76   data arrival time

                  0.15   25.00   25.00   clock clk (rise edge)
                          0.00   25.00   clock network delay (ideal)
                         -0.25   24.75   clock uncertainty
                          0.00   24.75   clock reconvergence pessimism
                                 24.75 ^ _425_/CLK (sky130_fd_sc_hd__dfrtp_2)
                         -0.07   24.68   library recovery time
                                 24.68   data required time
-----------------------------------------------------------------------------
                                 24.68   data required time
                                 -5.76   data arrival time
-----------------------------------------------------------------------------
                                 18.92   slack (MET)


Startpoint: rst_n (input port clocked by clk)
Endpoint: _426_ (recovery check against rising-edge clock clk)
Path Group: asynchronous
Path Type: max

Fanout     Cap    Slew   Delay    Time   Description
-----------------------------------------------------------------------------
                  0.15    0.00    0.00   clock clk (rise edge)
                          0.00    0.00   clock network delay (ideal)
                          5.00    5.00 ^ input external delay
                  1.06    0.76    5.76 ^ rst_n (in)
    65    0.23                           rst_n (net)
                  1.06    0.00    5.76 ^ _426_/RESET_B (sky130_fd_sc_hd__dfrtp_2)
                                  5.76   data arrival time

                  0.15   25.00   25.00   clock clk (rise edge)
                          0.00   25.00   clock network delay (ideal)
                         -0.25   24.75   clock uncertainty
                          0.00   24.75   clock reconvergence pessimism
                                 24.75 ^ _426_/CLK (sky130_fd_sc_hd__dfrtp_2)
                         -0.07   24.68   library recovery time
                                 24.68   data required time
-----------------------------------------------------------------------------
                                 24.68   data required time
                                 -5.76   data arrival time
-----------------------------------------------------------------------------
                                 18.92   slack (MET)


Startpoint: rst_n (input port clocked by clk)
Endpoint: _427_ (recovery check against rising-edge clock clk)
Path Group: asynchronous
Path Type: max

Fanout     Cap    Slew   Delay    Time   Description
-----------------------------------------------------------------------------
                  0.15    0.00    0.00   clock clk (rise edge)
                          0.00    0.00   clock network delay (ideal)
                          5.00    5.00 ^ input external delay
                  1.06    0.76    5.76 ^ rst_n (in)
    65    0.23                           rst_n (net)
                  1.06    0.00    5.76 ^ _427_/RESET_B (sky130_fd_sc_hd__dfrtp_2)
                                  5.76   data arrival time

                  0.15   25.00   25.00   clock clk (rise edge)
                          0.00   25.00   clock network delay (ideal)
                         -0.25   24.75   clock uncertainty
                          0.00   24.75   clock reconvergence pessimism
                                 24.75 ^ _427_/CLK (sky130_fd_sc_hd__dfrtp_2)
                         -0.07   24.68   library recovery time
                                 24.68   data required time
-----------------------------------------------------------------------------
                                 24.68   data required time
                                 -5.76   data arrival time
-----------------------------------------------------------------------------
                                 18.92   slack (MET)


Startpoint: rst_n (input port clocked by clk)
Endpoint: _428_ (recovery check against rising-edge clock clk)
Path Group: asynchronous
Path Type: max

Fanout     Cap    Slew   Delay    Time   Description
-----------------------------------------------------------------------------
                  0.15    0.00    0.00   clock clk (rise edge)
                          0.00    0.00   clock network delay (ideal)
                          5.00    5.00 ^ input external delay
                  1.06    0.76    5.76 ^ rst_n (in)
    65    0.23                           rst_n (net)
                  1.06    0.00    5.76 ^ _428_/RESET_B (sky130_fd_sc_hd__dfrtp_2)
                                  5.76   data arrival time

                  0.15   25.00   25.00   clock clk (rise edge)
                          0.00   25.00   clock network delay (ideal)
                         -0.25   24.75   clock uncertainty
                          0.00   24.75   clock reconvergence pessimism
                                 24.75 ^ _428_/CLK (sky130_fd_sc_hd__dfrtp_2)
                         -0.07   24.68   library recovery time
                                 24.68   data required time
-----------------------------------------------------------------------------
                                 24.68   data required time
                                 -5.76   data arrival time
-----------------------------------------------------------------------------
                                 18.92   slack (MET)


Startpoint: rst_n (input port clocked by clk)
Endpoint: _429_ (recovery check against rising-edge clock clk)
Path Group: asynchronous
Path Type: max

Fanout     Cap    Slew   Delay    Time   Description
-----------------------------------------------------------------------------
                  0.15    0.00    0.00   clock clk (rise edge)
                          0.00    0.00   clock network delay (ideal)
                          5.00    5.00 ^ input external delay
                  1.06    0.76    5.76 ^ rst_n (in)
    65    0.23                           rst_n (net)
                  1.06    0.00    5.76 ^ _429_/RESET_B (sky130_fd_sc_hd__dfrtp_2)
                                  5.76   data arrival time

                  0.15   25.00   25.00   clock clk (rise edge)
                          0.00   25.00   clock network delay (ideal)
                         -0.25   24.75   clock uncertainty
                          0.00   24.75   clock reconvergence pessimism
                                 24.75 ^ _429_/CLK (sky130_fd_sc_hd__dfrtp_2)
                         -0.07   24.68   library recovery time
                                 24.68   data required time
-----------------------------------------------------------------------------
                                 24.68   data required time
                                 -5.76   data arrival time
-----------------------------------------------------------------------------
                                 18.92   slack (MET)


Startpoint: rst_n (input port clocked by clk)
Endpoint: _430_ (recovery check against rising-edge clock clk)
Path Group: asynchronous
Path Type: max

Fanout     Cap    Slew   Delay    Time   Description
-----------------------------------------------------------------------------
                  0.15    0.00    0.00   clock clk (rise edge)
                          0.00    0.00   clock network delay (ideal)
                          5.00    5.00 ^ input external delay
                  1.06    0.76    5.76 ^ rst_n (in)
    65    0.23                           rst_n (net)
                  1.06    0.00    5.76 ^ _430_/RESET_B (sky130_fd_sc_hd__dfrtp_2)
                                  5.76   data arrival time

                  0.15   25.00   25.00   clock clk (rise edge)
                          0.00   25.00   clock network delay (ideal)
                         -0.25   24.75   clock uncertainty
                          0.00   24.75   clock reconvergence pessimism
                                 24.75 ^ _430_/CLK (sky130_fd_sc_hd__dfrtp_2)
                         -0.07   24.68   library recovery time
                                 24.68   data required time
-----------------------------------------------------------------------------
                                 24.68   data required time
                                 -5.76   data arrival time
-----------------------------------------------------------------------------
                                 18.92   slack (MET)


Startpoint: rst_n (input port clocked by clk)
Endpoint: _431_ (recovery check against rising-edge clock clk)
Path Group: asynchronous
Path Type: max

Fanout     Cap    Slew   Delay    Time   Description
-----------------------------------------------------------------------------
                  0.15    0.00    0.00   clock clk (rise edge)
                          0.00    0.00   clock network delay (ideal)
                          5.00    5.00 ^ input external delay
                  1.06    0.76    5.76 ^ rst_n (in)
    65    0.23                           rst_n (net)
                  1.06    0.00    5.76 ^ _431_/RESET_B (sky130_fd_sc_hd__dfrtp_2)
                                  5.76   data arrival time

                  0.15   25.00   25.00   clock clk (rise edge)
                          0.00   25.00   clock network delay (ideal)
                         -0.25   24.75   clock uncertainty
                          0.00   24.75   clock reconvergence pessimism
                                 24.75 ^ _431_/CLK (sky130_fd_sc_hd__dfrtp_2)
                         -0.07   24.68   library recovery time
                                 24.68   data required time
-----------------------------------------------------------------------------
                                 24.68   data required time
                                 -5.76   data arrival time
-----------------------------------------------------------------------------
                                 18.92   slack (MET)


Startpoint: rst_n (input port clocked by clk)
Endpoint: _432_ (recovery check against rising-edge clock clk)
Path Group: asynchronous
Path Type: max

Fanout     Cap    Slew   Delay    Time   Description
-----------------------------------------------------------------------------
                  0.15    0.00    0.00   clock clk (rise edge)
                          0.00    0.00   clock network delay (ideal)
                          5.00    5.00 ^ input external delay
                  1.06    0.76    5.76 ^ rst_n (in)
    65    0.23                           rst_n (net)
                  1.06    0.00    5.76 ^ _432_/RESET_B (sky130_fd_sc_hd__dfrtp_2)
                                  5.76   data arrival time

                  0.15   25.00   25.00   clock clk (rise edge)
                          0.00   25.00   clock network delay (ideal)
                         -0.25   24.75   clock uncertainty
                          0.00   24.75   clock reconvergence pessimism
                                 24.75 ^ _432_/CLK (sky130_fd_sc_hd__dfrtp_2)
                         -0.07   24.68   library recovery time
                                 24.68   data required time
-----------------------------------------------------------------------------
                                 24.68   data required time
                                 -5.76   data arrival time
-----------------------------------------------------------------------------
                                 18.92   slack (MET)


Startpoint: rst_n (input port clocked by clk)
Endpoint: _433_ (recovery check against rising-edge clock clk)
Path Group: asynchronous
Path Type: max

Fanout     Cap    Slew   Delay    Time   Description
-----------------------------------------------------------------------------
                  0.15    0.00    0.00   clock clk (rise edge)
                          0.00    0.00   clock network delay (ideal)
                          5.00    5.00 ^ input external delay
                  1.06    0.76    5.76 ^ rst_n (in)
    65    0.23                           rst_n (net)
                  1.06    0.00    5.76 ^ _433_/RESET_B (sky130_fd_sc_hd__dfrtp_2)
                                  5.76   data arrival time

                  0.15   25.00   25.00   clock clk (rise edge)
                          0.00   25.00   clock network delay (ideal)
                         -0.25   24.75   clock uncertainty
                          0.00   24.75   clock reconvergence pessimism
                                 24.75 ^ _433_/CLK (sky130_fd_sc_hd__dfrtp_2)
                         -0.07   24.68   library recovery time
                                 24.68   data required time
-----------------------------------------------------------------------------
                                 24.68   data required time
                                 -5.76   data arrival time
-----------------------------------------------------------------------------
                                 18.92   slack (MET)


Startpoint: rst_n (input port clocked by clk)
Endpoint: _434_ (recovery check against rising-edge clock clk)
Path Group: asynchronous
Path Type: max

Fanout     Cap    Slew   Delay    Time   Description
-----------------------------------------------------------------------------
                  0.15    0.00    0.00   clock clk (rise edge)
                          0.00    0.00   clock network delay (ideal)
                          5.00    5.00 ^ input external delay
                  1.06    0.76    5.76 ^ rst_n (in)
    65    0.23                           rst_n (net)
                  1.06    0.00    5.76 ^ _434_/RESET_B (sky130_fd_sc_hd__dfrtp_2)
                                  5.76   data arrival time

                  0.15   25.00   25.00   clock clk (rise edge)
                          0.00   25.00   clock network delay (ideal)
                         -0.25   24.75   clock uncertainty
                          0.00   24.75   clock reconvergence pessimism
                                 24.75 ^ _434_/CLK (sky130_fd_sc_hd__dfrtp_2)
                         -0.07   24.68   library recovery time
                                 24.68   data required time
-----------------------------------------------------------------------------
                                 24.68   data required time
                                 -5.76   data arrival time
-----------------------------------------------------------------------------
                                 18.92   slack (MET)


Startpoint: rst_n (input port clocked by clk)
Endpoint: _435_ (recovery check against rising-edge clock clk)
Path Group: asynchronous
Path Type: max

Fanout     Cap    Slew   Delay    Time   Description
-----------------------------------------------------------------------------
                  0.15    0.00    0.00   clock clk (rise edge)
                          0.00    0.00   clock network delay (ideal)
                          5.00    5.00 ^ input external delay
                  1.06    0.76    5.76 ^ rst_n (in)
    65    0.23                           rst_n (net)
                  1.06    0.00    5.76 ^ _435_/RESET_B (sky130_fd_sc_hd__dfrtp_2)
                                  5.76   data arrival time

                  0.15   25.00   25.00   clock clk (rise edge)
                          0.00   25.00   clock network delay (ideal)
                         -0.25   24.75   clock uncertainty
                          0.00   24.75   clock reconvergence pessimism
                                 24.75 ^ _435_/CLK (sky130_fd_sc_hd__dfrtp_2)
                         -0.07   24.68   library recovery time
                                 24.68   data required time
-----------------------------------------------------------------------------
                                 24.68   data required time
                                 -5.76   data arrival time
-----------------------------------------------------------------------------
                                 18.92   slack (MET)


Startpoint: rst_n (input port clocked by clk)
Endpoint: _436_ (recovery check against rising-edge clock clk)
Path Group: asynchronous
Path Type: max

Fanout     Cap    Slew   Delay    Time   Description
-----------------------------------------------------------------------------
                  0.15    0.00    0.00   clock clk (rise edge)
                          0.00    0.00   clock network delay (ideal)
                          5.00    5.00 ^ input external delay
                  1.06    0.76    5.76 ^ rst_n (in)
    65    0.23                           rst_n (net)
                  1.06    0.00    5.76 ^ _436_/RESET_B (sky130_fd_sc_hd__dfrtp_2)
                                  5.76   data arrival time

                  0.15   25.00   25.00   clock clk (rise edge)
                          0.00   25.00   clock network delay (ideal)
                         -0.25   24.75   clock uncertainty
                          0.00   24.75   clock reconvergence pessimism
                                 24.75 ^ _436_/CLK (sky130_fd_sc_hd__dfrtp_2)
                         -0.07   24.68   library recovery time
                                 24.68   data required time
-----------------------------------------------------------------------------
                                 24.68   data required time
                                 -5.76   data arrival time
-----------------------------------------------------------------------------
                                 18.92   slack (MET)


Startpoint: rst_n (input port clocked by clk)
Endpoint: _437_ (recovery check against rising-edge clock clk)
Path Group: asynchronous
Path Type: max

Fanout     Cap    Slew   Delay    Time   Description
-----------------------------------------------------------------------------
                  0.15    0.00    0.00   clock clk (rise edge)
                          0.00    0.00   clock network delay (ideal)
                          5.00    5.00 ^ input external delay
                  1.06    0.76    5.76 ^ rst_n (in)
    65    0.23                           rst_n (net)
                  1.06    0.00    5.76 ^ _437_/RESET_B (sky130_fd_sc_hd__dfrtp_2)
                                  5.76   data arrival time

                  0.15   25.00   25.00   clock clk (rise edge)
                          0.00   25.00   clock network delay (ideal)
                         -0.25   24.75   clock uncertainty
                          0.00   24.75   clock reconvergence pessimism
                                 24.75 ^ _437_/CLK (sky130_fd_sc_hd__dfrtp_2)
                         -0.07   24.68   library recovery time
                                 24.68   data required time
-----------------------------------------------------------------------------
                                 24.68   data required time
                                 -5.76   data arrival time
-----------------------------------------------------------------------------
                                 18.92   slack (MET)


Startpoint: rst_n (input port clocked by clk)
Endpoint: _438_ (recovery check against rising-edge clock clk)
Path Group: asynchronous
Path Type: max

Fanout     Cap    Slew   Delay    Time   Description
-----------------------------------------------------------------------------
                  0.15    0.00    0.00   clock clk (rise edge)
                          0.00    0.00   clock network delay (ideal)
                          5.00    5.00 ^ input external delay
                  1.06    0.76    5.76 ^ rst_n (in)
    65    0.23                           rst_n (net)
                  1.06    0.00    5.76 ^ _438_/RESET_B (sky130_fd_sc_hd__dfrtp_2)
                                  5.76   data arrival time

                  0.15   25.00   25.00   clock clk (rise edge)
                          0.00   25.00   clock network delay (ideal)
                         -0.25   24.75   clock uncertainty
                          0.00   24.75   clock reconvergence pessimism
                                 24.75 ^ _438_/CLK (sky130_fd_sc_hd__dfrtp_2)
                         -0.07   24.68   library recovery time
                                 24.68   data required time
-----------------------------------------------------------------------------
                                 24.68   data required time
                                 -5.76   data arrival time
-----------------------------------------------------------------------------
                                 18.92   slack (MET)


Startpoint: rst_n (input port clocked by clk)
Endpoint: _439_ (recovery check against rising-edge clock clk)
Path Group: asynchronous
Path Type: max

Fanout     Cap    Slew   Delay    Time   Description
-----------------------------------------------------------------------------
                  0.15    0.00    0.00   clock clk (rise edge)
                          0.00    0.00   clock network delay (ideal)
                          5.00    5.00 ^ input external delay
                  1.06    0.76    5.76 ^ rst_n (in)
    65    0.23                           rst_n (net)
                  1.06    0.00    5.76 ^ _439_/RESET_B (sky130_fd_sc_hd__dfrtp_2)
                                  5.76   data arrival time

                  0.15   25.00   25.00   clock clk (rise edge)
                          0.00   25.00   clock network delay (ideal)
                         -0.25   24.75   clock uncertainty
                          0.00   24.75   clock reconvergence pessimism
                                 24.75 ^ _439_/CLK (sky130_fd_sc_hd__dfrtp_2)
                         -0.07   24.68   library recovery time
                                 24.68   data required time
-----------------------------------------------------------------------------
                                 24.68   data required time
                                 -5.76   data arrival time
-----------------------------------------------------------------------------
                                 18.92   slack (MET)


Startpoint: rst_n (input port clocked by clk)
Endpoint: _440_ (recovery check against rising-edge clock clk)
Path Group: asynchronous
Path Type: max

Fanout     Cap    Slew   Delay    Time   Description
-----------------------------------------------------------------------------
                  0.15    0.00    0.00   clock clk (rise edge)
                          0.00    0.00   clock network delay (ideal)
                          5.00    5.00 ^ input external delay
                  1.06    0.76    5.76 ^ rst_n (in)
    65    0.23                           rst_n (net)
                  1.06    0.00    5.76 ^ _440_/RESET_B (sky130_fd_sc_hd__dfrtp_2)
                                  5.76   data arrival time

                  0.15   25.00   25.00   clock clk (rise edge)
                          0.00   25.00   clock network delay (ideal)
                         -0.25   24.75   clock uncertainty
                          0.00   24.75   clock reconvergence pessimism
                                 24.75 ^ _440_/CLK (sky130_fd_sc_hd__dfrtp_2)
                         -0.07   24.68   library recovery time
                                 24.68   data required time
-----------------------------------------------------------------------------
                                 24.68   data required time
                                 -5.76   data arrival time
-----------------------------------------------------------------------------
                                 18.92   slack (MET)


Startpoint: rst_n (input port clocked by clk)
Endpoint: _441_ (recovery check against rising-edge clock clk)
Path Group: asynchronous
Path Type: max

Fanout     Cap    Slew   Delay    Time   Description
-----------------------------------------------------------------------------
                  0.15    0.00    0.00   clock clk (rise edge)
                          0.00    0.00   clock network delay (ideal)
                          5.00    5.00 ^ input external delay
                  1.06    0.76    5.76 ^ rst_n (in)
    65    0.23                           rst_n (net)
                  1.06    0.00    5.76 ^ _441_/RESET_B (sky130_fd_sc_hd__dfrtp_2)
                                  5.76   data arrival time

                  0.15   25.00   25.00   clock clk (rise edge)
                          0.00   25.00   clock network delay (ideal)
                         -0.25   24.75   clock uncertainty
                          0.00   24.75   clock reconvergence pessimism
                                 24.75 ^ _441_/CLK (sky130_fd_sc_hd__dfrtp_2)
                         -0.07   24.68   library recovery time
                                 24.68   data required time
-----------------------------------------------------------------------------
                                 24.68   data required time
                                 -5.76   data arrival time
-----------------------------------------------------------------------------
                                 18.92   slack (MET)


Startpoint: rst_n (input port clocked by clk)
Endpoint: _442_ (recovery check against rising-edge clock clk)
Path Group: asynchronous
Path Type: max

Fanout     Cap    Slew   Delay    Time   Description
-----------------------------------------------------------------------------
                  0.15    0.00    0.00   clock clk (rise edge)
                          0.00    0.00   clock network delay (ideal)
                          5.00    5.00 ^ input external delay
                  1.06    0.76    5.76 ^ rst_n (in)
    65    0.23                           rst_n (net)
                  1.06    0.00    5.76 ^ _442_/RESET_B (sky130_fd_sc_hd__dfrtp_2)
                                  5.76   data arrival time

                  0.15   25.00   25.00   clock clk (rise edge)
                          0.00   25.00   clock network delay (ideal)
                         -0.25   24.75   clock uncertainty
                          0.00   24.75   clock reconvergence pessimism
                                 24.75 ^ _442_/CLK (sky130_fd_sc_hd__dfrtp_2)
                         -0.07   24.68   library recovery time
                                 24.68   data required time
-----------------------------------------------------------------------------
                                 24.68   data required time
                                 -5.76   data arrival time
-----------------------------------------------------------------------------
                                 18.92   slack (MET)


Startpoint: rst_n (input port clocked by clk)
Endpoint: _443_ (recovery check against rising-edge clock clk)
Path Group: asynchronous
Path Type: max

Fanout     Cap    Slew   Delay    Time   Description
-----------------------------------------------------------------------------
                  0.15    0.00    0.00   clock clk (rise edge)
                          0.00    0.00   clock network delay (ideal)
                          5.00    5.00 ^ input external delay
                  1.06    0.76    5.76 ^ rst_n (in)
    65    0.23                           rst_n (net)
                  1.06    0.00    5.76 ^ _443_/RESET_B (sky130_fd_sc_hd__dfrtp_2)
                                  5.76   data arrival time

                  0.15   25.00   25.00   clock clk (rise edge)
                          0.00   25.00   clock network delay (ideal)
                         -0.25   24.75   clock uncertainty
                          0.00   24.75   clock reconvergence pessimism
                                 24.75 ^ _443_/CLK (sky130_fd_sc_hd__dfrtp_2)
                         -0.07   24.68   library recovery time
                                 24.68   data required time
-----------------------------------------------------------------------------
                                 24.68   data required time
                                 -5.76   data arrival time
-----------------------------------------------------------------------------
                                 18.92   slack (MET)


Startpoint: rst_n (input port clocked by clk)
Endpoint: _444_ (recovery check against rising-edge clock clk)
Path Group: asynchronous
Path Type: max

Fanout     Cap    Slew   Delay    Time   Description
-----------------------------------------------------------------------------
                  0.15    0.00    0.00   clock clk (rise edge)
                          0.00    0.00   clock network delay (ideal)
                          5.00    5.00 ^ input external delay
                  1.06    0.76    5.76 ^ rst_n (in)
    65    0.23                           rst_n (net)
                  1.06    0.00    5.76 ^ _444_/RESET_B (sky130_fd_sc_hd__dfrtp_2)
                                  5.76   data arrival time

                  0.15   25.00   25.00   clock clk (rise edge)
                          0.00   25.00   clock network delay (ideal)
                         -0.25   24.75   clock uncertainty
                          0.00   24.75   clock reconvergence pessimism
                                 24.75 ^ _444_/CLK (sky130_fd_sc_hd__dfrtp_2)
                         -0.07   24.68   library recovery time
                                 24.68   data required time
-----------------------------------------------------------------------------
                                 24.68   data required time
                                 -5.76   data arrival time
-----------------------------------------------------------------------------
                                 18.92   slack (MET)


Startpoint: rst_n (input port clocked by clk)
Endpoint: _445_ (recovery check against rising-edge clock clk)
Path Group: asynchronous
Path Type: max

Fanout     Cap    Slew   Delay    Time   Description
-----------------------------------------------------------------------------
                  0.15    0.00    0.00   clock clk (rise edge)
                          0.00    0.00   clock network delay (ideal)
                          5.00    5.00 ^ input external delay
                  1.06    0.76    5.76 ^ rst_n (in)
    65    0.23                           rst_n (net)
                  1.06    0.00    5.76 ^ _445_/RESET_B (sky130_fd_sc_hd__dfrtp_2)
                                  5.76   data arrival time

                  0.15   25.00   25.00   clock clk (rise edge)
                          0.00   25.00   clock network delay (ideal)
                         -0.25   24.75   clock uncertainty
                          0.00   24.75   clock reconvergence pessimism
                                 24.75 ^ _445_/CLK (sky130_fd_sc_hd__dfrtp_2)
                         -0.07   24.68   library recovery time
                                 24.68   data required time
-----------------------------------------------------------------------------
                                 24.68   data required time
                                 -5.76   data arrival time
-----------------------------------------------------------------------------
                                 18.92   slack (MET)


Startpoint: rst_n (input port clocked by clk)
Endpoint: _446_ (recovery check against rising-edge clock clk)
Path Group: asynchronous
Path Type: max

Fanout     Cap    Slew   Delay    Time   Description
-----------------------------------------------------------------------------
                  0.15    0.00    0.00   clock clk (rise edge)
                          0.00    0.00   clock network delay (ideal)
                          5.00    5.00 ^ input external delay
                  1.06    0.76    5.76 ^ rst_n (in)
    65    0.23                           rst_n (net)
                  1.06    0.00    5.76 ^ _446_/RESET_B (sky130_fd_sc_hd__dfrtp_2)
                                  5.76   data arrival time

                  0.15   25.00   25.00   clock clk (rise edge)
                          0.00   25.00   clock network delay (ideal)
                         -0.25   24.75   clock uncertainty
                          0.00   24.75   clock reconvergence pessimism
                                 24.75 ^ _446_/CLK (sky130_fd_sc_hd__dfrtp_2)
                         -0.07   24.68   library recovery time
                                 24.68   data required time
-----------------------------------------------------------------------------
                                 24.68   data required time
                                 -5.76   data arrival time
-----------------------------------------------------------------------------
                                 18.92   slack (MET)


Startpoint: rst_n (input port clocked by clk)
Endpoint: _447_ (recovery check against rising-edge clock clk)
Path Group: asynchronous
Path Type: max

Fanout     Cap    Slew   Delay    Time   Description
-----------------------------------------------------------------------------
                  0.15    0.00    0.00   clock clk (rise edge)
                          0.00    0.00   clock network delay (ideal)
                          5.00    5.00 ^ input external delay
                  1.06    0.76    5.76 ^ rst_n (in)
    65    0.23                           rst_n (net)
                  1.06    0.00    5.76 ^ _447_/RESET_B (sky130_fd_sc_hd__dfrtp_2)
                                  5.76   data arrival time

                  0.15   25.00   25.00   clock clk (rise edge)
                          0.00   25.00   clock network delay (ideal)
                         -0.25   24.75   clock uncertainty
                          0.00   24.75   clock reconvergence pessimism
                                 24.75 ^ _447_/CLK (sky130_fd_sc_hd__dfrtp_2)
                         -0.07   24.68   library recovery time
                                 24.68   data required time
-----------------------------------------------------------------------------
                                 24.68   data required time
                                 -5.76   data arrival time
-----------------------------------------------------------------------------
                                 18.92   slack (MET)


Startpoint: rst_n (input port clocked by clk)
Endpoint: _448_ (recovery check against rising-edge clock clk)
Path Group: asynchronous
Path Type: max

Fanout     Cap    Slew   Delay    Time   Description
-----------------------------------------------------------------------------
                  0.15    0.00    0.00   clock clk (rise edge)
                          0.00    0.00   clock network delay (ideal)
                          5.00    5.00 ^ input external delay
                  1.06    0.76    5.76 ^ rst_n (in)
    65    0.23                           rst_n (net)
                  1.06    0.00    5.76 ^ _448_/RESET_B (sky130_fd_sc_hd__dfrtp_2)
                                  5.76   data arrival time

                  0.15   25.00   25.00   clock clk (rise edge)
                          0.00   25.00   clock network delay (ideal)
                         -0.25   24.75   clock uncertainty
                          0.00   24.75   clock reconvergence pessimism
                                 24.75 ^ _448_/CLK (sky130_fd_sc_hd__dfrtp_2)
                         -0.07   24.68   library recovery time
                                 24.68   data required time
-----------------------------------------------------------------------------
                                 24.68   data required time
                                 -5.76   data arrival time
-----------------------------------------------------------------------------
                                 18.92   slack (MET)


Startpoint: rst_n (input port clocked by clk)
Endpoint: _449_ (recovery check against rising-edge clock clk)
Path Group: asynchronous
Path Type: max

Fanout     Cap    Slew   Delay    Time   Description
-----------------------------------------------------------------------------
                  0.15    0.00    0.00   clock clk (rise edge)
                          0.00    0.00   clock network delay (ideal)
                          5.00    5.00 ^ input external delay
                  1.06    0.76    5.76 ^ rst_n (in)
    65    0.23                           rst_n (net)
                  1.06    0.00    5.76 ^ _449_/RESET_B (sky130_fd_sc_hd__dfrtp_2)
                                  5.76   data arrival time

                  0.15   25.00   25.00   clock clk (rise edge)
                          0.00   25.00   clock network delay (ideal)
                         -0.25   24.75   clock uncertainty
                          0.00   24.75   clock reconvergence pessimism
                                 24.75 ^ _449_/CLK (sky130_fd_sc_hd__dfrtp_2)
                         -0.07   24.68   library recovery time
                                 24.68   data required time
-----------------------------------------------------------------------------
                                 24.68   data required time
                                 -5.76   data arrival time
-----------------------------------------------------------------------------
                                 18.92   slack (MET)


Startpoint: rst_n (input port clocked by clk)
Endpoint: _450_ (recovery check against rising-edge clock clk)
Path Group: asynchronous
Path Type: max

Fanout     Cap    Slew   Delay    Time   Description
-----------------------------------------------------------------------------
                  0.15    0.00    0.00   clock clk (rise edge)
                          0.00    0.00   clock network delay (ideal)
                          5.00    5.00 ^ input external delay
                  1.06    0.76    5.76 ^ rst_n (in)
    65    0.23                           rst_n (net)
                  1.06    0.00    5.76 ^ _450_/RESET_B (sky130_fd_sc_hd__dfrtp_2)
                                  5.76   data arrival time

                  0.15   25.00   25.00   clock clk (rise edge)
                          0.00   25.00   clock network delay (ideal)
                         -0.25   24.75   clock uncertainty
                          0.00   24.75   clock reconvergence pessimism
                                 24.75 ^ _450_/CLK (sky130_fd_sc_hd__dfrtp_2)
                         -0.07   24.68   library recovery time
                                 24.68   data required time
-----------------------------------------------------------------------------
                                 24.68   data required time
                                 -5.76   data arrival time
-----------------------------------------------------------------------------
                                 18.92   slack (MET)


Startpoint: rst_n (input port clocked by clk)
Endpoint: _451_ (recovery check against rising-edge clock clk)
Path Group: asynchronous
Path Type: max

Fanout     Cap    Slew   Delay    Time   Description
-----------------------------------------------------------------------------
                  0.15    0.00    0.00   clock clk (rise edge)
                          0.00    0.00   clock network delay (ideal)
                          5.00    5.00 ^ input external delay
                  1.06    0.76    5.76 ^ rst_n (in)
    65    0.23                           rst_n (net)
                  1.06    0.00    5.76 ^ _451_/RESET_B (sky130_fd_sc_hd__dfrtp_2)
                                  5.76   data arrival time

                  0.15   25.00   25.00   clock clk (rise edge)
                          0.00   25.00   clock network delay (ideal)
                         -0.25   24.75   clock uncertainty
                          0.00   24.75   clock reconvergence pessimism
                                 24.75 ^ _451_/CLK (sky130_fd_sc_hd__dfrtp_2)
                         -0.07   24.68   library recovery time
                                 24.68   data required time
-----------------------------------------------------------------------------
                                 24.68   data required time
                                 -5.76   data arrival time
-----------------------------------------------------------------------------
                                 18.92   slack (MET)


Startpoint: rst_n (input port clocked by clk)
Endpoint: _452_ (recovery check against rising-edge clock clk)
Path Group: asynchronous
Path Type: max

Fanout     Cap    Slew   Delay    Time   Description
-----------------------------------------------------------------------------
                  0.15    0.00    0.00   clock clk (rise edge)
                          0.00    0.00   clock network delay (ideal)
                          5.00    5.00 ^ input external delay
                  1.06    0.76    5.76 ^ rst_n (in)
    65    0.23                           rst_n (net)
                  1.06    0.00    5.76 ^ _452_/RESET_B (sky130_fd_sc_hd__dfrtp_2)
                                  5.76   data arrival time

                  0.15   25.00   25.00   clock clk (rise edge)
                          0.00   25.00   clock network delay (ideal)
                         -0.25   24.75   clock uncertainty
                          0.00   24.75   clock reconvergence pessimism
                                 24.75 ^ _452_/CLK (sky130_fd_sc_hd__dfrtp_2)
                         -0.07   24.68   library recovery time
                                 24.68   data required time
-----------------------------------------------------------------------------
                                 24.68   data required time
                                 -5.76   data arrival time
-----------------------------------------------------------------------------
                                 18.92   slack (MET)


Startpoint: rst_n (input port clocked by clk)
Endpoint: _453_ (recovery check against rising-edge clock clk)
Path Group: asynchronous
Path Type: max

Fanout     Cap    Slew   Delay    Time   Description
-----------------------------------------------------------------------------
                  0.15    0.00    0.00   clock clk (rise edge)
                          0.00    0.00   clock network delay (ideal)
                          5.00    5.00 ^ input external delay
                  1.06    0.76    5.76 ^ rst_n (in)
    65    0.23                           rst_n (net)
                  1.06    0.00    5.76 ^ _453_/RESET_B (sky130_fd_sc_hd__dfrtp_2)
                                  5.76   data arrival time

                  0.15   25.00   25.00   clock clk (rise edge)
                          0.00   25.00   clock network delay (ideal)
                         -0.25   24.75   clock uncertainty
                          0.00   24.75   clock reconvergence pessimism
                                 24.75 ^ _453_/CLK (sky130_fd_sc_hd__dfrtp_2)
                         -0.07   24.68   library recovery time
                                 24.68   data required time
-----------------------------------------------------------------------------
                                 24.68   data required time
                                 -5.76   data arrival time
-----------------------------------------------------------------------------
                                 18.92   slack (MET)


Startpoint: rst_n (input port clocked by clk)
Endpoint: _454_ (recovery check against rising-edge clock clk)
Path Group: asynchronous
Path Type: max

Fanout     Cap    Slew   Delay    Time   Description
-----------------------------------------------------------------------------
                  0.15    0.00    0.00   clock clk (rise edge)
                          0.00    0.00   clock network delay (ideal)
                          5.00    5.00 ^ input external delay
                  1.06    0.76    5.76 ^ rst_n (in)
    65    0.23                           rst_n (net)
                  1.06    0.00    5.76 ^ _454_/RESET_B (sky130_fd_sc_hd__dfrtp_2)
                                  5.76   data arrival time

                  0.15   25.00   25.00   clock clk (rise edge)
                          0.00   25.00   clock network delay (ideal)
                         -0.25   24.75   clock uncertainty
                          0.00   24.75   clock reconvergence pessimism
                                 24.75 ^ _454_/CLK (sky130_fd_sc_hd__dfrtp_2)
                         -0.07   24.68   library recovery time
                                 24.68   data required time
-----------------------------------------------------------------------------
                                 24.68   data required time
                                 -5.76   data arrival time
-----------------------------------------------------------------------------
                                 18.92   slack (MET)


Startpoint: rst_n (input port clocked by clk)
Endpoint: _455_ (recovery check against rising-edge clock clk)
Path Group: asynchronous
Path Type: max

Fanout     Cap    Slew   Delay    Time   Description
-----------------------------------------------------------------------------
                  0.15    0.00    0.00   clock clk (rise edge)
                          0.00    0.00   clock network delay (ideal)
                          5.00    5.00 ^ input external delay
                  1.06    0.76    5.76 ^ rst_n (in)
    65    0.23                           rst_n (net)
                  1.06    0.00    5.76 ^ _455_/RESET_B (sky130_fd_sc_hd__dfrtp_2)
                                  5.76   data arrival time

                  0.15   25.00   25.00   clock clk (rise edge)
                          0.00   25.00   clock network delay (ideal)
                         -0.25   24.75   clock uncertainty
                          0.00   24.75   clock reconvergence pessimism
                                 24.75 ^ _455_/CLK (sky130_fd_sc_hd__dfrtp_2)
                         -0.07   24.68   library recovery time
                                 24.68   data required time
-----------------------------------------------------------------------------
                                 24.68   data required time
                                 -5.76   data arrival time
-----------------------------------------------------------------------------
                                 18.92   slack (MET)


Startpoint: rst_n (input port clocked by clk)
Endpoint: _456_ (recovery check against rising-edge clock clk)
Path Group: asynchronous
Path Type: max

Fanout     Cap    Slew   Delay    Time   Description
-----------------------------------------------------------------------------
                  0.15    0.00    0.00   clock clk (rise edge)
                          0.00    0.00   clock network delay (ideal)
                          5.00    5.00 ^ input external delay
                  1.06    0.76    5.76 ^ rst_n (in)
    65    0.23                           rst_n (net)
                  1.06    0.00    5.76 ^ _456_/RESET_B (sky130_fd_sc_hd__dfrtp_2)
                                  5.76   data arrival time

                  0.15   25.00   25.00   clock clk (rise edge)
                          0.00   25.00   clock network delay (ideal)
                         -0.25   24.75   clock uncertainty
                          0.00   24.75   clock reconvergence pessimism
                                 24.75 ^ _456_/CLK (sky130_fd_sc_hd__dfrtp_2)
                         -0.07   24.68   library recovery time
                                 24.68   data required time
-----------------------------------------------------------------------------
                                 24.68   data required time
                                 -5.76   data arrival time
-----------------------------------------------------------------------------
                                 18.92   slack (MET)


Startpoint: rst_n (input port clocked by clk)
Endpoint: _457_ (recovery check against rising-edge clock clk)
Path Group: asynchronous
Path Type: max

Fanout     Cap    Slew   Delay    Time   Description
-----------------------------------------------------------------------------
                  0.15    0.00    0.00   clock clk (rise edge)
                          0.00    0.00   clock network delay (ideal)
                          5.00    5.00 ^ input external delay
                  1.06    0.76    5.76 ^ rst_n (in)
    65    0.23                           rst_n (net)
                  1.06    0.00    5.76 ^ _457_/RESET_B (sky130_fd_sc_hd__dfrtp_2)
                                  5.76   data arrival time

                  0.15   25.00   25.00   clock clk (rise edge)
                          0.00   25.00   clock network delay (ideal)
                         -0.25   24.75   clock uncertainty
                          0.00   24.75   clock reconvergence pessimism
                                 24.75 ^ _457_/CLK (sky130_fd_sc_hd__dfrtp_2)
                         -0.07   24.68   library recovery time
                                 24.68   data required time
-----------------------------------------------------------------------------
                                 24.68   data required time
                                 -5.76   data arrival time
-----------------------------------------------------------------------------
                                 18.92   slack (MET)


Startpoint: rst_n (input port clocked by clk)
Endpoint: _458_ (recovery check against rising-edge clock clk)
Path Group: asynchronous
Path Type: max

Fanout     Cap    Slew   Delay    Time   Description
-----------------------------------------------------------------------------
                  0.15    0.00    0.00   clock clk (rise edge)
                          0.00    0.00   clock network delay (ideal)
                          5.00    5.00 ^ input external delay
                  1.06    0.76    5.76 ^ rst_n (in)
    65    0.23                           rst_n (net)
                  1.06    0.00    5.76 ^ _458_/RESET_B (sky130_fd_sc_hd__dfrtp_2)
                                  5.76   data arrival time

                  0.15   25.00   25.00   clock clk (rise edge)
                          0.00   25.00   clock network delay (ideal)
                         -0.25   24.75   clock uncertainty
                          0.00   24.75   clock reconvergence pessimism
                                 24.75 ^ _458_/CLK (sky130_fd_sc_hd__dfrtp_2)
                         -0.07   24.68   library recovery time
                                 24.68   data required time
-----------------------------------------------------------------------------
                                 24.68   data required time
                                 -5.76   data arrival time
-----------------------------------------------------------------------------
                                 18.92   slack (MET)


Startpoint: rst_n (input port clocked by clk)
Endpoint: _459_ (recovery check against rising-edge clock clk)
Path Group: asynchronous
Path Type: max

Fanout     Cap    Slew   Delay    Time   Description
-----------------------------------------------------------------------------
                  0.15    0.00    0.00   clock clk (rise edge)
                          0.00    0.00   clock network delay (ideal)
                          5.00    5.00 ^ input external delay
                  1.06    0.76    5.76 ^ rst_n (in)
    65    0.23                           rst_n (net)
                  1.06    0.00    5.76 ^ _459_/RESET_B (sky130_fd_sc_hd__dfrtp_2)
                                  5.76   data arrival time

                  0.15   25.00   25.00   clock clk (rise edge)
                          0.00   25.00   clock network delay (ideal)
                         -0.25   24.75   clock uncertainty
                          0.00   24.75   clock reconvergence pessimism
                                 24.75 ^ _459_/CLK (sky130_fd_sc_hd__dfrtp_2)
                         -0.07   24.68   library recovery time
                                 24.68   data required time
-----------------------------------------------------------------------------
                                 24.68   data required time
                                 -5.76   data arrival time
-----------------------------------------------------------------------------
                                 18.92   slack (MET)


Startpoint: rst_n (input port clocked by clk)
Endpoint: _460_ (recovery check against rising-edge clock clk)
Path Group: asynchronous
Path Type: max

Fanout     Cap    Slew   Delay    Time   Description
-----------------------------------------------------------------------------
                  0.15    0.00    0.00   clock clk (rise edge)
                          0.00    0.00   clock network delay (ideal)
                          5.00    5.00 ^ input external delay
                  1.06    0.76    5.76 ^ rst_n (in)
    65    0.23                           rst_n (net)
                  1.06    0.00    5.76 ^ _460_/RESET_B (sky130_fd_sc_hd__dfrtp_2)
                                  5.76   data arrival time

                  0.15   25.00   25.00   clock clk (rise edge)
                          0.00   25.00   clock network delay (ideal)
                         -0.25   24.75   clock uncertainty
                          0.00   24.75   clock reconvergence pessimism
                                 24.75 ^ _460_/CLK (sky130_fd_sc_hd__dfrtp_2)
                         -0.07   24.68   library recovery time
                                 24.68   data required time
-----------------------------------------------------------------------------
                                 24.68   data required time
                                 -5.76   data arrival time
-----------------------------------------------------------------------------
                                 18.92   slack (MET)


Startpoint: rst_n (input port clocked by clk)
Endpoint: _461_ (recovery check against rising-edge clock clk)
Path Group: asynchronous
Path Type: max

Fanout     Cap    Slew   Delay    Time   Description
-----------------------------------------------------------------------------
                  0.15    0.00    0.00   clock clk (rise edge)
                          0.00    0.00   clock network delay (ideal)
                          5.00    5.00 ^ input external delay
                  1.06    0.76    5.76 ^ rst_n (in)
    65    0.23                           rst_n (net)
                  1.06    0.00    5.76 ^ _461_/RESET_B (sky130_fd_sc_hd__dfrtp_2)
                                  5.76   data arrival time

                  0.15   25.00   25.00   clock clk (rise edge)
                          0.00   25.00   clock network delay (ideal)
                         -0.25   24.75   clock uncertainty
                          0.00   24.75   clock reconvergence pessimism
                                 24.75 ^ _461_/CLK (sky130_fd_sc_hd__dfrtp_2)
                         -0.07   24.68   library recovery time
                                 24.68   data required time
-----------------------------------------------------------------------------
                                 24.68   data required time
                                 -5.76   data arrival time
-----------------------------------------------------------------------------
                                 18.92   slack (MET)


Startpoint: rst_n (input port clocked by clk)
Endpoint: _462_ (recovery check against rising-edge clock clk)
Path Group: asynchronous
Path Type: max

Fanout     Cap    Slew   Delay    Time   Description
-----------------------------------------------------------------------------
                  0.15    0.00    0.00   clock clk (rise edge)
                          0.00    0.00   clock network delay (ideal)
                          5.00    5.00 ^ input external delay
                  1.06    0.76    5.76 ^ rst_n (in)
    65    0.23                           rst_n (net)
                  1.06    0.00    5.76 ^ _462_/RESET_B (sky130_fd_sc_hd__dfrtp_2)
                                  5.76   data arrival time

                  0.15   25.00   25.00   clock clk (rise edge)
                          0.00   25.00   clock network delay (ideal)
                         -0.25   24.75   clock uncertainty
                          0.00   24.75   clock reconvergence pessimism
                                 24.75 ^ _462_/CLK (sky130_fd_sc_hd__dfrtp_2)
                         -0.07   24.68   library recovery time
                                 24.68   data required time
-----------------------------------------------------------------------------
                                 24.68   data required time
                                 -5.76   data arrival time
-----------------------------------------------------------------------------
                                 18.92   slack (MET)


Startpoint: rst_n (input port clocked by clk)
Endpoint: _463_ (recovery check against rising-edge clock clk)
Path Group: asynchronous
Path Type: max

Fanout     Cap    Slew   Delay    Time   Description
-----------------------------------------------------------------------------
                  0.15    0.00    0.00   clock clk (rise edge)
                          0.00    0.00   clock network delay (ideal)
                          5.00    5.00 ^ input external delay
                  1.06    0.76    5.76 ^ rst_n (in)
    65    0.23                           rst_n (net)
                  1.06    0.00    5.76 ^ _463_/RESET_B (sky130_fd_sc_hd__dfrtp_2)
                                  5.76   data arrival time

                  0.15   25.00   25.00   clock clk (rise edge)
                          0.00   25.00   clock network delay (ideal)
                         -0.25   24.75   clock uncertainty
                          0.00   24.75   clock reconvergence pessimism
                                 24.75 ^ _463_/CLK (sky130_fd_sc_hd__dfrtp_2)
                         -0.07   24.68   library recovery time
                                 24.68   data required time
-----------------------------------------------------------------------------
                                 24.68   data required time
                                 -5.76   data arrival time
-----------------------------------------------------------------------------
                                 18.92   slack (MET)


Startpoint: rst_n (input port clocked by clk)
Endpoint: _464_ (recovery check against rising-edge clock clk)
Path Group: asynchronous
Path Type: max

Fanout     Cap    Slew   Delay    Time   Description
-----------------------------------------------------------------------------
                  0.15    0.00    0.00   clock clk (rise edge)
                          0.00    0.00   clock network delay (ideal)
                          5.00    5.00 ^ input external delay
                  1.06    0.76    5.76 ^ rst_n (in)
    65    0.23                           rst_n (net)
                  1.06    0.00    5.76 ^ _464_/RESET_B (sky130_fd_sc_hd__dfrtp_2)
                                  5.76   data arrival time

                  0.15   25.00   25.00   clock clk (rise edge)
                          0.00   25.00   clock network delay (ideal)
                         -0.25   24.75   clock uncertainty
                          0.00   24.75   clock reconvergence pessimism
                                 24.75 ^ _464_/CLK (sky130_fd_sc_hd__dfrtp_2)
                         -0.07   24.68   library recovery time
                                 24.68   data required time
-----------------------------------------------------------------------------
                                 24.68   data required time
                                 -5.76   data arrival time
-----------------------------------------------------------------------------
                                 18.92   slack (MET)


Startpoint: rst_n (input port clocked by clk)
Endpoint: _465_ (recovery check against rising-edge clock clk)
Path Group: asynchronous
Path Type: max

Fanout     Cap    Slew   Delay    Time   Description
-----------------------------------------------------------------------------
                  0.15    0.00    0.00   clock clk (rise edge)
                          0.00    0.00   clock network delay (ideal)
                          5.00    5.00 ^ input external delay
                  1.06    0.76    5.76 ^ rst_n (in)
    65    0.23                           rst_n (net)
                  1.06    0.00    5.76 ^ _465_/RESET_B (sky130_fd_sc_hd__dfrtp_2)
                                  5.76   data arrival time

                  0.15   25.00   25.00   clock clk (rise edge)
                          0.00   25.00   clock network delay (ideal)
                         -0.25   24.75   clock uncertainty
                          0.00   24.75   clock reconvergence pessimism
                                 24.75 ^ _465_/CLK (sky130_fd_sc_hd__dfrtp_2)
                         -0.07   24.68   library recovery time
                                 24.68   data required time
-----------------------------------------------------------------------------
                                 24.68   data required time
                                 -5.76   data arrival time
-----------------------------------------------------------------------------
                                 18.92   slack (MET)


Startpoint: rst_n (input port clocked by clk)
Endpoint: _466_ (recovery check against rising-edge clock clk)
Path Group: asynchronous
Path Type: max

Fanout     Cap    Slew   Delay    Time   Description
-----------------------------------------------------------------------------
                  0.15    0.00    0.00   clock clk (rise edge)
                          0.00    0.00   clock network delay (ideal)
                          5.00    5.00 ^ input external delay
                  1.06    0.76    5.76 ^ rst_n (in)
    65    0.23                           rst_n (net)
                  1.06    0.00    5.76 ^ _466_/RESET_B (sky130_fd_sc_hd__dfrtp_2)
                                  5.76   data arrival time

                  0.15   25.00   25.00   clock clk (rise edge)
                          0.00   25.00   clock network delay (ideal)
                         -0.25   24.75   clock uncertainty
                          0.00   24.75   clock reconvergence pessimism
                                 24.75 ^ _466_/CLK (sky130_fd_sc_hd__dfrtp_2)
                         -0.07   24.68   library recovery time
                                 24.68   data required time
-----------------------------------------------------------------------------
                                 24.68   data required time
                                 -5.76   data arrival time
-----------------------------------------------------------------------------
                                 18.92   slack (MET)


Startpoint: rst_n (input port clocked by clk)
Endpoint: _467_ (recovery check against rising-edge clock clk)
Path Group: asynchronous
Path Type: max

Fanout     Cap    Slew   Delay    Time   Description
-----------------------------------------------------------------------------
                  0.15    0.00    0.00   clock clk (rise edge)
                          0.00    0.00   clock network delay (ideal)
                          5.00    5.00 ^ input external delay
                  1.06    0.76    5.76 ^ rst_n (in)
    65    0.23                           rst_n (net)
                  1.06    0.00    5.76 ^ _467_/RESET_B (sky130_fd_sc_hd__dfrtp_2)
                                  5.76   data arrival time

                  0.15   25.00   25.00   clock clk (rise edge)
                          0.00   25.00   clock network delay (ideal)
                         -0.25   24.75   clock uncertainty
                          0.00   24.75   clock reconvergence pessimism
                                 24.75 ^ _467_/CLK (sky130_fd_sc_hd__dfrtp_2)
                         -0.07   24.68   library recovery time
                                 24.68   data required time
-----------------------------------------------------------------------------
                                 24.68   data required time
                                 -5.76   data arrival time
-----------------------------------------------------------------------------
                                 18.92   slack (MET)


Startpoint: rst_n (input port clocked by clk)
Endpoint: _468_ (recovery check against rising-edge clock clk)
Path Group: asynchronous
Path Type: max

Fanout     Cap    Slew   Delay    Time   Description
-----------------------------------------------------------------------------
                  0.15    0.00    0.00   clock clk (rise edge)
                          0.00    0.00   clock network delay (ideal)
                          5.00    5.00 ^ input external delay
                  1.06    0.76    5.76 ^ rst_n (in)
    65    0.23                           rst_n (net)
                  1.06    0.00    5.76 ^ _468_/RESET_B (sky130_fd_sc_hd__dfrtp_2)
                                  5.76   data arrival time

                  0.15   25.00   25.00   clock clk (rise edge)
                          0.00   25.00   clock network delay (ideal)
                         -0.25   24.75   clock uncertainty
                          0.00   24.75   clock reconvergence pessimism
                                 24.75 ^ _468_/CLK (sky130_fd_sc_hd__dfrtp_2)
                         -0.07   24.68   library recovery time
                                 24.68   data required time
-----------------------------------------------------------------------------
                                 24.68   data required time
                                 -5.76   data arrival time
-----------------------------------------------------------------------------
                                 18.92   slack (MET)


Startpoint: rst_n (input port clocked by clk)
Endpoint: _469_ (recovery check against rising-edge clock clk)
Path Group: asynchronous
Path Type: max

Fanout     Cap    Slew   Delay    Time   Description
-----------------------------------------------------------------------------
                  0.15    0.00    0.00   clock clk (rise edge)
                          0.00    0.00   clock network delay (ideal)
                          5.00    5.00 ^ input external delay
                  1.06    0.76    5.76 ^ rst_n (in)
    65    0.23                           rst_n (net)
                  1.06    0.00    5.76 ^ _469_/RESET_B (sky130_fd_sc_hd__dfrtp_2)
                                  5.76   data arrival time

                  0.15   25.00   25.00   clock clk (rise edge)
                          0.00   25.00   clock network delay (ideal)
                         -0.25   24.75   clock uncertainty
                          0.00   24.75   clock reconvergence pessimism
                                 24.75 ^ _469_/CLK (sky130_fd_sc_hd__dfrtp_2)
                         -0.07   24.68   library recovery time
                                 24.68   data required time
-----------------------------------------------------------------------------
                                 24.68   data required time
                                 -5.76   data arrival time
-----------------------------------------------------------------------------
                                 18.92   slack (MET)


Startpoint: rst_n (input port clocked by clk)
Endpoint: _470_ (recovery check against rising-edge clock clk)
Path Group: asynchronous
Path Type: max

Fanout     Cap    Slew   Delay    Time   Description
-----------------------------------------------------------------------------
                  0.15    0.00    0.00   clock clk (rise edge)
                          0.00    0.00   clock network delay (ideal)
                          5.00    5.00 ^ input external delay
                  1.06    0.76    5.76 ^ rst_n (in)
    65    0.23                           rst_n (net)
                  1.06    0.00    5.76 ^ _470_/RESET_B (sky130_fd_sc_hd__dfrtp_2)
                                  5.76   data arrival time

                  0.15   25.00   25.00   clock clk (rise edge)
                          0.00   25.00   clock network delay (ideal)
                         -0.25   24.75   clock uncertainty
                          0.00   24.75   clock reconvergence pessimism
                                 24.75 ^ _470_/CLK (sky130_fd_sc_hd__dfrtp_2)
                         -0.07   24.68   library recovery time
                                 24.68   data required time
-----------------------------------------------------------------------------
                                 24.68   data required time
                                 -5.76   data arrival time
-----------------------------------------------------------------------------
                                 18.92   slack (MET)


Startpoint: rst_n (input port clocked by clk)
Endpoint: _471_ (recovery check against rising-edge clock clk)
Path Group: asynchronous
Path Type: max

Fanout     Cap    Slew   Delay    Time   Description
-----------------------------------------------------------------------------
                  0.15    0.00    0.00   clock clk (rise edge)
                          0.00    0.00   clock network delay (ideal)
                          5.00    5.00 ^ input external delay
                  1.06    0.76    5.76 ^ rst_n (in)
    65    0.23                           rst_n (net)
                  1.06    0.00    5.76 ^ _471_/RESET_B (sky130_fd_sc_hd__dfrtp_2)
                                  5.76   data arrival time

                  0.15   25.00   25.00   clock clk (rise edge)
                          0.00   25.00   clock network delay (ideal)
                         -0.25   24.75   clock uncertainty
                          0.00   24.75   clock reconvergence pessimism
                                 24.75 ^ _471_/CLK (sky130_fd_sc_hd__dfrtp_2)
                         -0.07   24.68   library recovery time
                                 24.68   data required time
-----------------------------------------------------------------------------
                                 24.68   data required time
                                 -5.76   data arrival time
-----------------------------------------------------------------------------
                                 18.92   slack (MET)


Startpoint: rst_n (input port clocked by clk)
Endpoint: _472_ (recovery check against rising-edge clock clk)
Path Group: asynchronous
Path Type: max

Fanout     Cap    Slew   Delay    Time   Description
-----------------------------------------------------------------------------
                  0.15    0.00    0.00   clock clk (rise edge)
                          0.00    0.00   clock network delay (ideal)
                          5.00    5.00 ^ input external delay
                  1.06    0.76    5.76 ^ rst_n (in)
    65    0.23                           rst_n (net)
                  1.06    0.00    5.76 ^ _472_/RESET_B (sky130_fd_sc_hd__dfrtp_2)
                                  5.76   data arrival time

                  0.15   25.00   25.00   clock clk (rise edge)
                          0.00   25.00   clock network delay (ideal)
                         -0.25   24.75   clock uncertainty
                          0.00   24.75   clock reconvergence pessimism
                                 24.75 ^ _472_/CLK (sky130_fd_sc_hd__dfrtp_2)
                         -0.07   24.68   library recovery time
                                 24.68   data required time
-----------------------------------------------------------------------------
                                 24.68   data required time
                                 -5.76   data arrival time
-----------------------------------------------------------------------------
                                 18.92   slack (MET)


Startpoint: rst_n (input port clocked by clk)
Endpoint: _473_ (recovery check against rising-edge clock clk)
Path Group: asynchronous
Path Type: max

Fanout     Cap    Slew   Delay    Time   Description
-----------------------------------------------------------------------------
                  0.15    0.00    0.00   clock clk (rise edge)
                          0.00    0.00   clock network delay (ideal)
                          5.00    5.00 ^ input external delay
                  1.06    0.76    5.76 ^ rst_n (in)
    65    0.23                           rst_n (net)
                  1.06    0.00    5.76 ^ _473_/RESET_B (sky130_fd_sc_hd__dfrtp_2)
                                  5.76   data arrival time

                  0.15   25.00   25.00   clock clk (rise edge)
                          0.00   25.00   clock network delay (ideal)
                         -0.25   24.75   clock uncertainty
                          0.00   24.75   clock reconvergence pessimism
                                 24.75 ^ _473_/CLK (sky130_fd_sc_hd__dfrtp_2)
                         -0.07   24.68   library recovery time
                                 24.68   data required time
-----------------------------------------------------------------------------
                                 24.68   data required time
                                 -5.76   data arrival time
-----------------------------------------------------------------------------
                                 18.92   slack (MET)


Startpoint: rst_n (input port clocked by clk)
Endpoint: _474_ (recovery check against rising-edge clock clk)
Path Group: asynchronous
Path Type: max

Fanout     Cap    Slew   Delay    Time   Description
-----------------------------------------------------------------------------
                  0.15    0.00    0.00   clock clk (rise edge)
                          0.00    0.00   clock network delay (ideal)
                          5.00    5.00 ^ input external delay
                  1.06    0.76    5.76 ^ rst_n (in)
    65    0.23                           rst_n (net)
                  1.06    0.00    5.76 ^ _474_/RESET_B (sky130_fd_sc_hd__dfrtp_2)
                                  5.76   data arrival time

                  0.15   25.00   25.00   clock clk (rise edge)
                          0.00   25.00   clock network delay (ideal)
                         -0.25   24.75   clock uncertainty
                          0.00   24.75   clock reconvergence pessimism
                                 24.75 ^ _474_/CLK (sky130_fd_sc_hd__dfrtp_2)
                         -0.07   24.68   library recovery time
                                 24.68   data required time
-----------------------------------------------------------------------------
                                 24.68   data required time
                                 -5.76   data arrival time
-----------------------------------------------------------------------------
                                 18.92   slack (MET)


Startpoint: rst_n (input port clocked by clk)
Endpoint: _475_ (recovery check against rising-edge clock clk)
Path Group: asynchronous
Path Type: max

Fanout     Cap    Slew   Delay    Time   Description
-----------------------------------------------------------------------------
                  0.15    0.00    0.00   clock clk (rise edge)
                          0.00    0.00   clock network delay (ideal)
                          5.00    5.00 ^ input external delay
                  1.06    0.76    5.76 ^ rst_n (in)
    65    0.23                           rst_n (net)
                  1.06    0.00    5.76 ^ _475_/RESET_B (sky130_fd_sc_hd__dfrtp_2)
                                  5.76   data arrival time

                  0.15   25.00   25.00   clock clk (rise edge)
                          0.00   25.00   clock network delay (ideal)
                         -0.25   24.75   clock uncertainty
                          0.00   24.75   clock reconvergence pessimism
                                 24.75 ^ _475_/CLK (sky130_fd_sc_hd__dfrtp_2)
                         -0.07   24.68   library recovery time
                                 24.68   data required time
-----------------------------------------------------------------------------
                                 24.68   data required time
                                 -5.76   data arrival time
-----------------------------------------------------------------------------
                                 18.92   slack (MET)


Startpoint: rst_n (input port clocked by clk)
Endpoint: _476_ (recovery check against rising-edge clock clk)
Path Group: asynchronous
Path Type: max

Fanout     Cap    Slew   Delay    Time   Description
-----------------------------------------------------------------------------
                  0.15    0.00    0.00   clock clk (rise edge)
                          0.00    0.00   clock network delay (ideal)
                          5.00    5.00 ^ input external delay
                  1.06    0.76    5.76 ^ rst_n (in)
    65    0.23                           rst_n (net)
                  1.06    0.00    5.76 ^ _476_/RESET_B (sky130_fd_sc_hd__dfrtp_2)
                                  5.76   data arrival time

                  0.15   25.00   25.00   clock clk (rise edge)
                          0.00   25.00   clock network delay (ideal)
                         -0.25   24.75   clock uncertainty
                          0.00   24.75   clock reconvergence pessimism
                                 24.75 ^ _476_/CLK (sky130_fd_sc_hd__dfrtp_2)
                         -0.07   24.68   library recovery time
                                 24.68   data required time
-----------------------------------------------------------------------------
                                 24.68   data required time
                                 -5.76   data arrival time
-----------------------------------------------------------------------------
                                 18.92   slack (MET)


Startpoint: rst_n (input port clocked by clk)
Endpoint: _477_ (recovery check against rising-edge clock clk)
Path Group: asynchronous
Path Type: max

Fanout     Cap    Slew   Delay    Time   Description
-----------------------------------------------------------------------------
                  0.15    0.00    0.00   clock clk (rise edge)
                          0.00    0.00   clock network delay (ideal)
                          5.00    5.00 ^ input external delay
                  1.06    0.76    5.76 ^ rst_n (in)
    65    0.23                           rst_n (net)
                  1.06    0.00    5.76 ^ _477_/RESET_B (sky130_fd_sc_hd__dfrtp_2)
                                  5.76   data arrival time

                  0.15   25.00   25.00   clock clk (rise edge)
                          0.00   25.00   clock network delay (ideal)
                         -0.25   24.75   clock uncertainty
                          0.00   24.75   clock reconvergence pessimism
                                 24.75 ^ _477_/CLK (sky130_fd_sc_hd__dfrtp_2)
                         -0.07   24.68   library recovery time
                                 24.68   data required time
-----------------------------------------------------------------------------
                                 24.68   data required time
                                 -5.76   data arrival time
-----------------------------------------------------------------------------
                                 18.92   slack (MET)


Startpoint: rst_n (input port clocked by clk)
Endpoint: _478_ (recovery check against rising-edge clock clk)
Path Group: asynchronous
Path Type: max

Fanout     Cap    Slew   Delay    Time   Description
-----------------------------------------------------------------------------
                  0.15    0.00    0.00   clock clk (rise edge)
                          0.00    0.00   clock network delay (ideal)
                          5.00    5.00 ^ input external delay
                  1.06    0.76    5.76 ^ rst_n (in)
    65    0.23                           rst_n (net)
                  1.06    0.00    5.76 ^ _478_/RESET_B (sky130_fd_sc_hd__dfrtp_2)
                                  5.76   data arrival time

                  0.15   25.00   25.00   clock clk (rise edge)
                          0.00   25.00   clock network delay (ideal)
                         -0.25   24.75   clock uncertainty
                          0.00   24.75   clock reconvergence pessimism
                                 24.75 ^ _478_/CLK (sky130_fd_sc_hd__dfrtp_2)
                         -0.07   24.68   library recovery time
                                 24.68   data required time
-----------------------------------------------------------------------------
                                 24.68   data required time
                                 -5.76   data arrival time
-----------------------------------------------------------------------------
                                 18.92   slack (MET)


Startpoint: rst_n (input port clocked by clk)
Endpoint: _479_ (recovery check against rising-edge clock clk)
Path Group: asynchronous
Path Type: max

Fanout     Cap    Slew   Delay    Time   Description
-----------------------------------------------------------------------------
                  0.15    0.00    0.00   clock clk (rise edge)
                          0.00    0.00   clock network delay (ideal)
                          5.00    5.00 ^ input external delay
                  1.06    0.76    5.76 ^ rst_n (in)
    65    0.23                           rst_n (net)
                  1.06    0.00    5.76 ^ _479_/RESET_B (sky130_fd_sc_hd__dfrtp_2)
                                  5.76   data arrival time

                  0.15   25.00   25.00   clock clk (rise edge)
                          0.00   25.00   clock network delay (ideal)
                         -0.25   24.75   clock uncertainty
                          0.00   24.75   clock reconvergence pessimism
                                 24.75 ^ _479_/CLK (sky130_fd_sc_hd__dfrtp_2)
                         -0.07   24.68   library recovery time
                                 24.68   data required time
-----------------------------------------------------------------------------
                                 24.68   data required time
                                 -5.76   data arrival time
-----------------------------------------------------------------------------
                                 18.92   slack (MET)


Startpoint: rst_n (input port clocked by clk)
Endpoint: _480_ (recovery check against rising-edge clock clk)
Path Group: asynchronous
Path Type: max

Fanout     Cap    Slew   Delay    Time   Description
-----------------------------------------------------------------------------
                  0.15    0.00    0.00   clock clk (rise edge)
                          0.00    0.00   clock network delay (ideal)
                          5.00    5.00 ^ input external delay
                  1.06    0.76    5.76 ^ rst_n (in)
    65    0.23                           rst_n (net)
                  1.06    0.00    5.76 ^ _480_/RESET_B (sky130_fd_sc_hd__dfrtp_2)
                                  5.76   data arrival time

                  0.15   25.00   25.00   clock clk (rise edge)
                          0.00   25.00   clock network delay (ideal)
                         -0.25   24.75   clock uncertainty
                          0.00   24.75   clock reconvergence pessimism
                                 24.75 ^ _480_/CLK (sky130_fd_sc_hd__dfrtp_2)
                         -0.07   24.68   library recovery time
                                 24.68   data required time
-----------------------------------------------------------------------------
                                 24.68   data required time
                                 -5.76   data arrival time
-----------------------------------------------------------------------------
                                 18.92   slack (MET)


Startpoint: rst_n (input port clocked by clk)
Endpoint: _481_ (recovery check against rising-edge clock clk)
Path Group: asynchronous
Path Type: max

Fanout     Cap    Slew   Delay    Time   Description
-----------------------------------------------------------------------------
                  0.15    0.00    0.00   clock clk (rise edge)
                          0.00    0.00   clock network delay (ideal)
                          5.00    5.00 ^ input external delay
                  1.06    0.76    5.76 ^ rst_n (in)
    65    0.23                           rst_n (net)
                  1.06    0.00    5.76 ^ _481_/RESET_B (sky130_fd_sc_hd__dfrtp_2)
                                  5.76   data arrival time

                  0.15   25.00   25.00   clock clk (rise edge)
                          0.00   25.00   clock network delay (ideal)
                         -0.25   24.75   clock uncertainty
                          0.00   24.75   clock reconvergence pessimism
                                 24.75 ^ _481_/CLK (sky130_fd_sc_hd__dfrtp_2)
                         -0.07   24.68   library recovery time
                                 24.68   data required time
-----------------------------------------------------------------------------
                                 24.68   data required time
                                 -5.76   data arrival time
-----------------------------------------------------------------------------
                                 18.92   slack (MET)


Startpoint: rst_n (input port clocked by clk)
Endpoint: _482_ (recovery check against rising-edge clock clk)
Path Group: asynchronous
Path Type: max

Fanout     Cap    Slew   Delay    Time   Description
-----------------------------------------------------------------------------
                  0.15    0.00    0.00   clock clk (rise edge)
                          0.00    0.00   clock network delay (ideal)
                          5.00    5.00 ^ input external delay
                  1.06    0.76    5.76 ^ rst_n (in)
    65    0.23                           rst_n (net)
                  1.06    0.00    5.76 ^ _482_/RESET_B (sky130_fd_sc_hd__dfrtp_2)
                                  5.76   data arrival time

                  0.15   25.00   25.00   clock clk (rise edge)
                          0.00   25.00   clock network delay (ideal)
                         -0.25   24.75   clock uncertainty
                          0.00   24.75   clock reconvergence pessimism
                                 24.75 ^ _482_/CLK (sky130_fd_sc_hd__dfrtp_2)
                         -0.07   24.68   library recovery time
                                 24.68   data required time
-----------------------------------------------------------------------------
                                 24.68   data required time
                                 -5.76   data arrival time
-----------------------------------------------------------------------------
                                 18.92   slack (MET)


Startpoint: rst_n (input port clocked by clk)
Endpoint: _483_ (recovery check against rising-edge clock clk)
Path Group: asynchronous
Path Type: max

Fanout     Cap    Slew   Delay    Time   Description
-----------------------------------------------------------------------------
                  0.15    0.00    0.00   clock clk (rise edge)
                          0.00    0.00   clock network delay (ideal)
                          5.00    5.00 ^ input external delay
                  1.06    0.76    5.76 ^ rst_n (in)
    65    0.23                           rst_n (net)
                  1.06    0.00    5.76 ^ _483_/RESET_B (sky130_fd_sc_hd__dfrtp_2)
                                  5.76   data arrival time

                  0.15   25.00   25.00   clock clk (rise edge)
                          0.00   25.00   clock network delay (ideal)
                         -0.25   24.75   clock uncertainty
                          0.00   24.75   clock reconvergence pessimism
                                 24.75 ^ _483_/CLK (sky130_fd_sc_hd__dfrtp_2)
                         -0.07   24.68   library recovery time
                                 24.68   data required time
-----------------------------------------------------------------------------
                                 24.68   data required time
                                 -5.76   data arrival time
-----------------------------------------------------------------------------
                                 18.92   slack (MET)


Startpoint: rst_n (input port clocked by clk)
Endpoint: _484_ (recovery check against rising-edge clock clk)
Path Group: asynchronous
Path Type: max

Fanout     Cap    Slew   Delay    Time   Description
-----------------------------------------------------------------------------
                  0.15    0.00    0.00   clock clk (rise edge)
                          0.00    0.00   clock network delay (ideal)
                          5.00    5.00 ^ input external delay
                  1.06    0.76    5.76 ^ rst_n (in)
    65    0.23                           rst_n (net)
                  1.06    0.00    5.76 ^ _484_/RESET_B (sky130_fd_sc_hd__dfrtp_2)
                                  5.76   data arrival time

                  0.15   25.00   25.00   clock clk (rise edge)
                          0.00   25.00   clock network delay (ideal)
                         -0.25   24.75   clock uncertainty
                          0.00   24.75   clock reconvergence pessimism
                                 24.75 ^ _484_/CLK (sky130_fd_sc_hd__dfrtp_2)
                         -0.07   24.68   library recovery time
                                 24.68   data required time
-----------------------------------------------------------------------------
                                 24.68   data required time
                                 -5.76   data arrival time
-----------------------------------------------------------------------------
                                 18.92   slack (MET)


Startpoint: rst_n (input port clocked by clk)
Endpoint: _485_ (recovery check against rising-edge clock clk)
Path Group: asynchronous
Path Type: max

Fanout     Cap    Slew   Delay    Time   Description
-----------------------------------------------------------------------------
                  0.15    0.00    0.00   clock clk (rise edge)
                          0.00    0.00   clock network delay (ideal)
                          5.00    5.00 ^ input external delay
                  1.06    0.76    5.76 ^ rst_n (in)
    65    0.23                           rst_n (net)
                  1.06    0.00    5.76 ^ _485_/RESET_B (sky130_fd_sc_hd__dfrtp_2)
                                  5.76   data arrival time

                  0.15   25.00   25.00   clock clk (rise edge)
                          0.00   25.00   clock network delay (ideal)
                         -0.25   24.75   clock uncertainty
                          0.00   24.75   clock reconvergence pessimism
                                 24.75 ^ _485_/CLK (sky130_fd_sc_hd__dfrtp_2)
                         -0.07   24.68   library recovery time
                                 24.68   data required time
-----------------------------------------------------------------------------
                                 24.68   data required time
                                 -5.76   data arrival time
-----------------------------------------------------------------------------
                                 18.92   slack (MET)


Startpoint: rst_n (input port clocked by clk)
Endpoint: _486_ (recovery check against rising-edge clock clk)
Path Group: asynchronous
Path Type: max

Fanout     Cap    Slew   Delay    Time   Description
-----------------------------------------------------------------------------
                  0.15    0.00    0.00   clock clk (rise edge)
                          0.00    0.00   clock network delay (ideal)
                          5.00    5.00 ^ input external delay
                  1.06    0.76    5.76 ^ rst_n (in)
    65    0.23                           rst_n (net)
                  1.06    0.00    5.76 ^ _486_/RESET_B (sky130_fd_sc_hd__dfrtp_2)
                                  5.76   data arrival time

                  0.15   25.00   25.00   clock clk (rise edge)
                          0.00   25.00   clock network delay (ideal)
                         -0.25   24.75   clock uncertainty
                          0.00   24.75   clock reconvergence pessimism
                                 24.75 ^ _486_/CLK (sky130_fd_sc_hd__dfrtp_2)
                         -0.07   24.68   library recovery time
                                 24.68   data required time
-----------------------------------------------------------------------------
                                 24.68   data required time
                                 -5.76   data arrival time
-----------------------------------------------------------------------------
                                 18.92   slack (MET)


Startpoint: i_valid (input port clocked by clk)
Endpoint: _449_ (rising edge-triggered flip-flop clocked by clk)
Path Group: clk
Path Type: max

Fanout     Cap    Slew   Delay    Time   Description
-----------------------------------------------------------------------------
                  0.15    0.00    0.00   clock clk (rise edge)
                          0.00    0.00   clock network delay (ideal)
                          5.00    5.00 ^ input external delay
                  0.02    0.01    5.01 ^ i_valid (in)
     1    0.00                           i_valid (net)
                  0.02    0.00    5.01 ^ _211_/A (sky130_fd_sc_hd__buf_1)
                  0.46    0.38    5.39 ^ _211_/X (sky130_fd_sc_hd__buf_1)
    13    0.04                           _065_ (net)
                  0.46    0.00    5.39 ^ _339_/A2 (sky130_fd_sc_hd__a21o_2)
                  0.03    0.21    5.59 ^ _339_/X (sky130_fd_sc_hd__a21o_2)
     1    0.00                           _029_ (net)
                  0.03    0.00    5.59 ^ _449_/D (sky130_fd_sc_hd__dfrtp_2)
                                  5.59   data arrival time

                  0.15   25.00   25.00   clock clk (rise edge)
                          0.00   25.00   clock network delay (ideal)
                         -0.25   24.75   clock uncertainty
                          0.00   24.75   clock reconvergence pessimism
                                 24.75 ^ _449_/CLK (sky130_fd_sc_hd__dfrtp_2)
                         -0.04   24.71   library setup time
                                 24.71   data required time
-----------------------------------------------------------------------------
                                 24.71   data required time
                                 -5.59   data arrival time
-----------------------------------------------------------------------------
                                 19.11   slack (MET)


Startpoint: i_valid (input port clocked by clk)
Endpoint: _428_ (rising edge-triggered flip-flop clocked by clk)
Path Group: clk
Path Type: max

Fanout     Cap    Slew   Delay    Time   Description
-----------------------------------------------------------------------------
                  0.15    0.00    0.00   clock clk (rise edge)
                          0.00    0.00   clock network delay (ideal)
                          5.00    5.00 ^ input external delay
                  0.02    0.01    5.01 ^ i_valid (in)
     1    0.00                           i_valid (net)
                  0.02    0.00    5.01 ^ _211_/A (sky130_fd_sc_hd__buf_1)
                  0.46    0.38    5.39 ^ _211_/X (sky130_fd_sc_hd__buf_1)
    13    0.04                           _065_ (net)
                  0.46    0.00    5.39 ^ _283_/A1 (sky130_fd_sc_hd__a21o_2)
                  0.03    0.20    5.58 ^ _283_/X (sky130_fd_sc_hd__a21o_2)
     1    0.00                           _008_ (net)
                  0.03    0.00    5.58 ^ _428_/D (sky130_fd_sc_hd__dfrtp_2)
                                  5.58   data arrival time

                  0.15   25.00   25.00   clock clk (rise edge)
                          0.00   25.00   clock network delay (ideal)
                         -0.25   24.75   clock uncertainty
                          0.00   24.75   clock reconvergence pessimism
                                 24.75 ^ _428_/CLK (sky130_fd_sc_hd__dfrtp_2)
                         -0.04   24.71   library setup time
                                 24.71   data required time
-----------------------------------------------------------------------------
                                 24.71   data required time
                                 -5.58   data arrival time
-----------------------------------------------------------------------------
                                 19.12   slack (MET)


Startpoint: i_valid (input port clocked by clk)
Endpoint: _431_ (rising edge-triggered flip-flop clocked by clk)
Path Group: clk
Path Type: max

Fanout     Cap    Slew   Delay    Time   Description
-----------------------------------------------------------------------------
                  0.15    0.00    0.00   clock clk (rise edge)
                          0.00    0.00   clock network delay (ideal)
                          5.00    5.00 ^ input external delay
                  0.02    0.01    5.01 ^ i_valid (in)
     1    0.00                           i_valid (net)
                  0.02    0.00    5.01 ^ _211_/A (sky130_fd_sc_hd__buf_1)
                  0.46    0.38    5.39 ^ _211_/X (sky130_fd_sc_hd__buf_1)
    13    0.04                           _065_ (net)
                  0.46    0.00    5.39 ^ _294_/A1 (sky130_fd_sc_hd__a21o_2)
                  0.03    0.20    5.58 ^ _294_/X (sky130_fd_sc_hd__a21o_2)
     1    0.00                           _011_ (net)
                  0.03    0.00    5.58 ^ _431_/D (sky130_fd_sc_hd__dfrtp_2)
                                  5.58   data arrival time

                  0.15   25.00   25.00   clock clk (rise edge)
                          0.00   25.00   clock network delay (ideal)
                         -0.25   24.75   clock uncertainty
                          0.00   24.75   clock reconvergence pessimism
                                 24.75 ^ _431_/CLK (sky130_fd_sc_hd__dfrtp_2)
                         -0.04   24.71   library setup time
                                 24.71   data required time
-----------------------------------------------------------------------------
                                 24.71   data required time
                                 -5.58   data arrival time
-----------------------------------------------------------------------------
                                 19.12   slack (MET)


Startpoint: i_valid (input port clocked by clk)
Endpoint: _437_ (rising edge-triggered flip-flop clocked by clk)
Path Group: clk
Path Type: max

Fanout     Cap    Slew   Delay    Time   Description
-----------------------------------------------------------------------------
                  0.15    0.00    0.00   clock clk (rise edge)
                          0.00    0.00   clock network delay (ideal)
                          5.00    5.00 ^ input external delay
                  0.02    0.01    5.01 ^ i_valid (in)
     1    0.00                           i_valid (net)
                  0.02    0.00    5.01 ^ _211_/A (sky130_fd_sc_hd__buf_1)
                  0.46    0.38    5.39 ^ _211_/X (sky130_fd_sc_hd__buf_1)
    13    0.04                           _065_ (net)
                  0.46    0.00    5.39 ^ _311_/A1 (sky130_fd_sc_hd__a21o_2)
                  0.03    0.20    5.58 ^ _311_/X (sky130_fd_sc_hd__a21o_2)
     1    0.00                           _017_ (net)
                  0.03    0.00    5.58 ^ _437_/D (sky130_fd_sc_hd__dfrtp_2)
                                  5.58   data arrival time

                  0.15   25.00   25.00   clock clk (rise edge)
                          0.00   25.00   clock network delay (ideal)
                         -0.25   24.75   clock uncertainty
                          0.00   24.75   clock reconvergence pessimism
                                 24.75 ^ _437_/CLK (sky130_fd_sc_hd__dfrtp_2)
                         -0.04   24.71   library setup time
                                 24.71   data required time
-----------------------------------------------------------------------------
                                 24.71   data required time
                                 -5.58   data arrival time
-----------------------------------------------------------------------------
                                 19.12   slack (MET)


Startpoint: i_valid (input port clocked by clk)
Endpoint: _443_ (rising edge-triggered flip-flop clocked by clk)
Path Group: clk
Path Type: max

Fanout     Cap    Slew   Delay    Time   Description
-----------------------------------------------------------------------------
                  0.15    0.00    0.00   clock clk (rise edge)
                          0.00    0.00   clock network delay (ideal)
                          5.00    5.00 ^ input external delay
                  0.02    0.01    5.01 ^ i_valid (in)
     1    0.00                           i_valid (net)
                  0.02    0.00    5.01 ^ _211_/A (sky130_fd_sc_hd__buf_1)
                  0.46    0.38    5.39 ^ _211_/X (sky130_fd_sc_hd__buf_1)
    13    0.04                           _065_ (net)
                  0.46    0.00    5.39 ^ _328_/A1 (sky130_fd_sc_hd__a21o_2)
                  0.03    0.20    5.58 ^ _328_/X (sky130_fd_sc_hd__a21o_2)
     1    0.00                           _023_ (net)
                  0.03    0.00    5.58 ^ _443_/D (sky130_fd_sc_hd__dfrtp_2)
                                  5.58   data arrival time

                  0.15   25.00   25.00   clock clk (rise edge)
                          0.00   25.00   clock network delay (ideal)
                         -0.25   24.75   clock uncertainty
                          0.00   24.75   clock reconvergence pessimism
                                 24.75 ^ _443_/CLK (sky130_fd_sc_hd__dfrtp_2)
                         -0.04   24.71   library setup time
                                 24.71   data required time
-----------------------------------------------------------------------------
                                 24.71   data required time
                                 -5.58   data arrival time
-----------------------------------------------------------------------------
                                 19.12   slack (MET)


Startpoint: i_valid (input port clocked by clk)
Endpoint: _484_ (rising edge-triggered flip-flop clocked by clk)
Path Group: clk
Path Type: max

Fanout     Cap    Slew   Delay    Time   Description
-----------------------------------------------------------------------------
                  0.15    0.00    0.00   clock clk (rise edge)
                          0.00    0.00   clock network delay (ideal)
                          5.00    5.00 ^ input external delay
                  0.02    0.01    5.01 ^ i_valid (in)
     1    0.00                           i_valid (net)
                  0.02    0.00    5.01 ^ _211_/A (sky130_fd_sc_hd__buf_1)
                  0.46    0.38    5.39 ^ _211_/X (sky130_fd_sc_hd__buf_1)
    13    0.04                           _065_ (net)
                  0.46    0.00    5.39 ^ _417_/A (sky130_fd_sc_hd__xor2_2)
                  0.09    0.17    5.55 ^ _417_/X (sky130_fd_sc_hd__xor2_2)
     1    0.00                           _062_ (net)
                  0.09    0.00    5.55 ^ _484_/D (sky130_fd_sc_hd__dfrtp_2)
                                  5.55   data arrival time

                  0.15   25.00   25.00   clock clk (rise edge)
                          0.00   25.00   clock network delay (ideal)
                         -0.25   24.75   clock uncertainty
                          0.00   24.75   clock reconvergence pessimism
                                 24.75 ^ _484_/CLK (sky130_fd_sc_hd__dfrtp_2)
                         -0.06   24.69   library setup time
                                 24.69   data required time
-----------------------------------------------------------------------------
                                 24.69   data required time
                                 -5.55   data arrival time
-----------------------------------------------------------------------------
                                 19.14   slack (MET)


Startpoint: _468_ (rising edge-triggered flip-flop clocked by clk)
Endpoint: o_bucket[0] (output port clocked by clk)
Path Group: clk
Path Type: max

Fanout     Cap    Slew   Delay    Time   Description
-----------------------------------------------------------------------------
                  0.15    0.00    0.00   clock clk (rise edge)
                          0.00    0.00   clock network delay (ideal)
                  0.15    0.00    0.00 ^ _468_/CLK (sky130_fd_sc_hd__dfrtp_2)
                  0.11    0.53    0.53 v _468_/Q (sky130_fd_sc_hd__dfrtp_2)
     2    0.04                           o_bucket[0] (net)
                  0.11    0.00    0.53 v o_bucket[0] (out)
                                  0.53   data arrival time

                  0.15   25.00   25.00   clock clk (rise edge)
                          0.00   25.00   clock network delay (ideal)
                         -0.25   24.75   clock uncertainty
                          0.00   24.75   clock reconvergence pessimism
                         -5.00   19.75   output external delay
                                 19.75   data required time
-----------------------------------------------------------------------------
                                 19.75   data required time
                                 -0.53   data arrival time
-----------------------------------------------------------------------------
                                 19.22   slack (MET)


Startpoint: _469_ (rising edge-triggered flip-flop clocked by clk)
Endpoint: o_bucket[1] (output port clocked by clk)
Path Group: clk
Path Type: max

Fanout     Cap    Slew   Delay    Time   Description
-----------------------------------------------------------------------------
                  0.15    0.00    0.00   clock clk (rise edge)
                          0.00    0.00   clock network delay (ideal)
                  0.15    0.00    0.00 ^ _469_/CLK (sky130_fd_sc_hd__dfrtp_2)
                  0.11    0.53    0.53 v _469_/Q (sky130_fd_sc_hd__dfrtp_2)
     2    0.04                           o_bucket[1] (net)
                  0.11    0.00    0.53 v o_bucket[1] (out)
                                  0.53   data arrival time

                  0.15   25.00   25.00   clock clk (rise edge)
                          0.00   25.00   clock network delay (ideal)
                         -0.25   24.75   clock uncertainty
                          0.00   24.75   clock reconvergence pessimism
                         -5.00   19.75   output external delay
                                 19.75   data required time
-----------------------------------------------------------------------------
                                 19.75   data required time
                                 -0.53   data arrival time
-----------------------------------------------------------------------------
                                 19.22   slack (MET)


Startpoint: _470_ (rising edge-triggered flip-flop clocked by clk)
Endpoint: o_bucket[2] (output port clocked by clk)
Path Group: clk
Path Type: max

Fanout     Cap    Slew   Delay    Time   Description
-----------------------------------------------------------------------------
                  0.15    0.00    0.00   clock clk (rise edge)
                          0.00    0.00   clock network delay (ideal)
                  0.15    0.00    0.00 ^ _470_/CLK (sky130_fd_sc_hd__dfrtp_2)
                  0.11    0.53    0.53 v _470_/Q (sky130_fd_sc_hd__dfrtp_2)
     2    0.04                           o_bucket[2] (net)
                  0.11    0.00    0.53 v o_bucket[2] (out)
                                  0.53   data arrival time

                  0.15   25.00   25.00   clock clk (rise edge)
                          0.00   25.00   clock network delay (ideal)
                         -0.25   24.75   clock uncertainty
                          0.00   24.75   clock reconvergence pessimism
                         -5.00   19.75   output external delay
                                 19.75   data required time
-----------------------------------------------------------------------------
                                 19.75   data required time
                                 -0.53   data arrival time
-----------------------------------------------------------------------------
                                 19.22   slack (MET)


Startpoint: _472_ (rising edge-triggered flip-flop clocked by clk)
Endpoint: o_index[0] (output port clocked by clk)
Path Group: clk
Path Type: max

Fanout     Cap    Slew   Delay    Time   Description
-----------------------------------------------------------------------------
                  0.15    0.00    0.00   clock clk (rise edge)
                          0.00    0.00   clock network delay (ideal)
                  0.15    0.00    0.00 ^ _472_/CLK (sky130_fd_sc_hd__dfrtp_2)
                  0.11    0.53    0.53 v _472_/Q (sky130_fd_sc_hd__dfrtp_2)
     2    0.04                           o_index[0] (net)
                  0.11    0.00    0.53 v o_index[0] (out)
                                  0.53   data arrival time

                  0.15   25.00   25.00   clock clk (rise edge)
                          0.00   25.00   clock network delay (ideal)
                         -0.25   24.75   clock uncertainty
                          0.00   24.75   clock reconvergence pessimism
                         -5.00   19.75   output external delay
                                 19.75   data required time
-----------------------------------------------------------------------------
                                 19.75   data required time
                                 -0.53   data arrival time
-----------------------------------------------------------------------------
                                 19.22   slack (MET)


Startpoint: _473_ (rising edge-triggered flip-flop clocked by clk)
Endpoint: o_index[1] (output port clocked by clk)
Path Group: clk
Path Type: max

Fanout     Cap    Slew   Delay    Time   Description
-----------------------------------------------------------------------------
                  0.15    0.00    0.00   clock clk (rise edge)
                          0.00    0.00   clock network delay (ideal)
                  0.15    0.00    0.00 ^ _473_/CLK (sky130_fd_sc_hd__dfrtp_2)
                  0.11    0.53    0.53 v _473_/Q (sky130_fd_sc_hd__dfrtp_2)
     2    0.04                           o_index[1] (net)
                  0.11    0.00    0.53 v o_index[1] (out)
                                  0.53   data arrival time

                  0.15   25.00   25.00   clock clk (rise edge)
                          0.00   25.00   clock network delay (ideal)
                         -0.25   24.75   clock uncertainty
                          0.00   24.75   clock reconvergence pessimism
                         -5.00   19.75   output external delay
                                 19.75   data required time
-----------------------------------------------------------------------------
                                 19.75   data required time
                                 -0.53   data arrival time
-----------------------------------------------------------------------------
                                 19.22   slack (MET)


Startpoint: _474_ (rising edge-triggered flip-flop clocked by clk)
Endpoint: o_index[2] (output port clocked by clk)
Path Group: clk
Path Type: max

Fanout     Cap    Slew   Delay    Time   Description
-----------------------------------------------------------------------------
                  0.15    0.00    0.00   clock clk (rise edge)
                          0.00    0.00   clock network delay (ideal)
                  0.15    0.00    0.00 ^ _474_/CLK (sky130_fd_sc_hd__dfrtp_2)
                  0.11    0.53    0.53 v _474_/Q (sky130_fd_sc_hd__dfrtp_2)
     2    0.04                           o_index[2] (net)
                  0.11    0.00    0.53 v o_index[2] (out)
                                  0.53   data arrival time

                  0.15   25.00   25.00   clock clk (rise edge)
                          0.00   25.00   clock network delay (ideal)
                         -0.25   24.75   clock uncertainty
                          0.00   24.75   clock reconvergence pessimism
                         -5.00   19.75   output external delay
                                 19.75   data required time
-----------------------------------------------------------------------------
                                 19.75   data required time
                                 -0.53   data arrival time
-----------------------------------------------------------------------------
                                 19.22   slack (MET)


Startpoint: _471_ (rising edge-triggered flip-flop clocked by clk)
Endpoint: o_valid (output port clocked by clk)
Path Group: clk
Path Type: max

Fanout     Cap    Slew   Delay    Time   Description
-----------------------------------------------------------------------------
                  0.15    0.00    0.00   clock clk (rise edge)
                          0.00    0.00   clock network delay (ideal)
                  0.15    0.00    0.00 ^ _471_/CLK (sky130_fd_sc_hd__dfrtp_2)
                  0.11    0.53    0.53 v _471_/Q (sky130_fd_sc_hd__dfrtp_2)
     1    0.03                           o_valid (net)
                  0.11    0.00    0.53 v o_valid (out)
                                  0.53   data arrival time

                  0.15   25.00   25.00   clock clk (rise edge)
                          0.00   25.00   clock network delay (ideal)
                         -0.25   24.75   clock uncertainty
                          0.00   24.75   clock reconvergence pessimism
                         -5.00   19.75   output external delay
                                 19.75   data required time
-----------------------------------------------------------------------------
                                 19.75   data required time
                                 -0.53   data arrival time
-----------------------------------------------------------------------------
                                 19.22   slack (MET)


Startpoint: _476_ (rising edge-triggered flip-flop clocked by clk)
Endpoint: _477_ (rising edge-triggered flip-flop clocked by clk)
Path Group: clk
Path Type: max

Fanout     Cap    Slew   Delay    Time   Description
-----------------------------------------------------------------------------
                  0.15    0.00    0.00   clock clk (rise edge)
                          0.00    0.00   clock network delay (ideal)
                  0.15    0.00    0.00 ^ _476_/CLK (sky130_fd_sc_hd__dfrtp_2)
                  0.04    0.38    0.38 ^ _476_/Q (sky130_fd_sc_hd__dfrtp_2)
     1    0.00                           u_sort.bucket_counter[1] (net)
                  0.04    0.00    0.38 ^ _218_/A (sky130_fd_sc_hd__buf_1)
                  0.57    0.46    0.84 ^ _218_/X (sky130_fd_sc_hd__buf_1)
    10    0.05                           _071_ (net)
                  0.57    0.00    0.84 ^ _241_/A (sky130_fd_sc_hd__xor2_2)
                  0.09    0.13    0.97 v _241_/X (sky130_fd_sc_hd__xor2_2)
     1    0.00                           _094_ (net)
                  0.09    0.00    0.97 v _243_/C1 (sky130_fd_sc_hd__a2111o_2)
                  0.11    0.50    1.47 v _243_/X (sky130_fd_sc_hd__a2111o_2)
     7    0.02                           _096_ (net)
                  0.11    0.00    1.47 v _250_/D (sky130_fd_sc_hd__and4b_2)
                  0.06    0.30    1.77 v _250_/X (sky130_fd_sc_hd__and4b_2)
     3    0.01                           _102_ (net)
                  0.06    0.00    1.77 v _259_/A2 (sky130_fd_sc_hd__o2111a_2)
                  0.09    0.32    2.09 v _259_/X (sky130_fd_sc_hd__o2111a_2)
     7    0.02                           _111_ (net)
                  0.09    0.00    2.09 v _402_/B (sky130_fd_sc_hd__or4_2)
                  0.11    0.69    2.78 v _402_/X (sky130_fd_sc_hd__or4_2)
     1    0.00                           _200_ (net)
                  0.11    0.00    2.78 v _403_/A2 (sky130_fd_sc_hd__a21oi_2)
                  0.11    0.15    2.93 ^ _403_/Y (sky130_fd_sc_hd__a21oi_2)
     1    0.00                           _056_ (net)
                  0.11    0.00    2.93 ^ _477_/D (sky130_fd_sc_hd__dfrtp_2)
                                  2.93   data arrival time

                  0.15   25.00   25.00   clock clk (rise edge)
                          0.00   25.00   clock network delay (ideal)
                         -0.25   24.75   clock uncertainty
                          0.00   24.75   clock reconvergence pessimism
                                 24.75 ^ _477_/CLK (sky130_fd_sc_hd__dfrtp_2)
                         -0.06   24.69   library setup time
                                 24.69   data required time
-----------------------------------------------------------------------------
                                 24.69   data required time
                                 -2.93   data arrival time
-----------------------------------------------------------------------------
                                 21.76   slack (MET)


Startpoint: _476_ (rising edge-triggered flip-flop clocked by clk)
Endpoint: _475_ (rising edge-triggered flip-flop clocked by clk)
Path Group: clk
Path Type: max

Fanout     Cap    Slew   Delay    Time   Description
-----------------------------------------------------------------------------
                  0.15    0.00    0.00   clock clk (rise edge)
                          0.00    0.00   clock network delay (ideal)
                  0.15    0.00    0.00 ^ _476_/CLK (sky130_fd_sc_hd__dfrtp_2)
                  0.04    0.38    0.38 ^ _476_/Q (sky130_fd_sc_hd__dfrtp_2)
     1    0.00                           u_sort.bucket_counter[1] (net)
                  0.04    0.00    0.38 ^ _218_/A (sky130_fd_sc_hd__buf_1)
                  0.57    0.46    0.84 ^ _218_/X (sky130_fd_sc_hd__buf_1)
    10    0.05                           _071_ (net)
                  0.57    0.00    0.84 ^ _241_/A (sky130_fd_sc_hd__xor2_2)
                  0.09    0.13    0.97 v _241_/X (sky130_fd_sc_hd__xor2_2)
     1    0.00                           _094_ (net)
                  0.09    0.00    0.97 v _243_/C1 (sky130_fd_sc_hd__a2111o_2)
                  0.11    0.50    1.47 v _243_/X (sky130_fd_sc_hd__a2111o_2)
     7    0.02                           _096_ (net)
                  0.11    0.00    1.47 v _250_/D (sky130_fd_sc_hd__and4b_2)
                  0.06    0.30    1.77 v _250_/X (sky130_fd_sc_hd__and4b_2)
     3    0.01                           _102_ (net)
                  0.06    0.00    1.77 v _259_/A2 (sky130_fd_sc_hd__o2111a_2)
                  0.09    0.32    2.09 v _259_/X (sky130_fd_sc_hd__o2111a_2)
     7    0.02                           _111_ (net)
                  0.09    0.00    2.09 v _392_/B (sky130_fd_sc_hd__or3_2)
                  0.07    0.46    2.55 v _392_/X (sky130_fd_sc_hd__or3_2)
     1    0.00                           _192_ (net)
                  0.07    0.00    2.55 v _394_/B (sky130_fd_sc_hd__and3_2)
                  0.04    0.20    2.76 v _394_/X (sky130_fd_sc_hd__and3_2)
     1    0.00                           _194_ (net)
                  0.04    0.00    2.76 v _395_/A (sky130_fd_sc_hd__buf_1)
                  0.02    0.08    2.84 v _395_/X (sky130_fd_sc_hd__buf_1)
     1    0.00                           _054_ (net)
                  0.02    0.00    2.84 v _475_/D (sky130_fd_sc_hd__dfrtp_2)
                                  2.84   data arrival time

                  0.15   25.00   25.00   clock clk (rise edge)
                          0.00   25.00   clock network delay (ideal)
                         -0.25   24.75   clock uncertainty
                          0.00   24.75   clock reconvergence pessimism
                                 24.75 ^ _475_/CLK (sky130_fd_sc_hd__dfrtp_2)
                         -0.08   24.67   library setup time
                                 24.67   data required time
-----------------------------------------------------------------------------
                                 24.67   data required time
                                 -2.84   data arrival time
-----------------------------------------------------------------------------
                                 21.83   slack (MET)


Startpoint: _476_ (rising edge-triggered flip-flop clocked by clk)
Endpoint: _468_ (rising edge-triggered flip-flop clocked by clk)
Path Group: clk
Path Type: max

Fanout     Cap    Slew   Delay    Time   Description
-----------------------------------------------------------------------------
                  0.15    0.00    0.00   clock clk (rise edge)
                          0.00    0.00   clock network delay (ideal)
                  0.15    0.00    0.00 ^ _476_/CLK (sky130_fd_sc_hd__dfrtp_2)
                  0.04    0.43    0.43 v _476_/Q (sky130_fd_sc_hd__dfrtp_2)
     1    0.00                           u_sort.bucket_counter[1] (net)
                  0.04    0.00    0.43 v _218_/A (sky130_fd_sc_hd__buf_1)
                  0.26    0.27    0.71 v _218_/X (sky130_fd_sc_hd__buf_1)
    10    0.04                           _071_ (net)
                  0.26    0.00    0.71 v _219_/A (sky130_fd_sc_hd__or2_2)
                  0.05    0.38    1.09 v _219_/X (sky130_fd_sc_hd__or2_2)
     1    0.00                           _072_ (net)
                  0.05    0.00    1.09 v _223_/B1 (sky130_fd_sc_hd__a221o_2)
                  0.05    0.34    1.42 v _223_/X (sky130_fd_sc_hd__a221o_2)
     1    0.00                           _076_ (net)
                  0.05    0.00    1.42 v _224_/C1 (sky130_fd_sc_hd__a211o_2)
                  0.05    0.27    1.70 v _224_/X (sky130_fd_sc_hd__a211o_2)
     2    0.00                           _077_ (net)
                  0.05    0.00    1.70 v _244_/A (sky130_fd_sc_hd__and4_2)
                  0.05    0.19    1.89 v _244_/X (sky130_fd_sc_hd__and4_2)
     2    0.01                           _097_ (net)
                  0.05    0.00    1.89 v _247_/A_N (sky130_fd_sc_hd__and3b_2)
                  0.04    0.23    2.12 ^ _247_/X (sky130_fd_sc_hd__and3b_2)
     1    0.00                           _100_ (net)
                  0.04    0.00    2.12 ^ _248_/A (sky130_fd_sc_hd__buf_1)
                  0.27    0.24    2.36 ^ _248_/X (sky130_fd_sc_hd__buf_1)
     7    0.02                           _002_ (net)
                  0.27    0.00    2.36 ^ _376_/S (sky130_fd_sc_hd__mux2_2)
                  0.05    0.38    2.74 v _376_/X (sky130_fd_sc_hd__mux2_2)
     1    0.00                           _182_ (net)
                  0.05    0.00    2.74 v _377_/A (sky130_fd_sc_hd__buf_1)
                  0.02    0.09    2.83 v _377_/X (sky130_fd_sc_hd__buf_1)
     1    0.00                           _048_ (net)
                  0.02    0.00    2.83 v _468_/D (sky130_fd_sc_hd__dfrtp_2)
                                  2.83   data arrival time

                  0.15   25.00   25.00   clock clk (rise edge)
                          0.00   25.00   clock network delay (ideal)
                         -0.25   24.75   clock uncertainty
                          0.00   24.75   clock reconvergence pessimism
                                 24.75 ^ _468_/CLK (sky130_fd_sc_hd__dfrtp_2)
                         -0.08   24.67   library setup time
                                 24.67   data required time
-----------------------------------------------------------------------------
                                 24.67   data required time
                                 -2.83   data arrival time
-----------------------------------------------------------------------------
                                 21.84   slack (MET)


Startpoint: _476_ (rising edge-triggered flip-flop clocked by clk)
Endpoint: _469_ (rising edge-triggered flip-flop clocked by clk)
Path Group: clk
Path Type: max

Fanout     Cap    Slew   Delay    Time   Description
-----------------------------------------------------------------------------
                  0.15    0.00    0.00   clock clk (rise edge)
                          0.00    0.00   clock network delay (ideal)
                  0.15    0.00    0.00 ^ _476_/CLK (sky130_fd_sc_hd__dfrtp_2)
                  0.04    0.43    0.43 v _476_/Q (sky130_fd_sc_hd__dfrtp_2)
     1    0.00                           u_sort.bucket_counter[1] (net)
                  0.04    0.00    0.43 v _218_/A (sky130_fd_sc_hd__buf_1)
                  0.26    0.27    0.71 v _218_/X (sky130_fd_sc_hd__buf_1)
    10    0.04                           _071_ (net)
                  0.26    0.00    0.71 v _219_/A (sky130_fd_sc_hd__or2_2)
                  0.05    0.38    1.09 v _219_/X (sky130_fd_sc_hd__or2_2)
     1    0.00                           _072_ (net)
                  0.05    0.00    1.09 v _223_/B1 (sky130_fd_sc_hd__a221o_2)
                  0.05    0.34    1.42 v _223_/X (sky130_fd_sc_hd__a221o_2)
     1    0.00                           _076_ (net)
                  0.05    0.00    1.42 v _224_/C1 (sky130_fd_sc_hd__a211o_2)
                  0.05    0.27    1.70 v _224_/X (sky130_fd_sc_hd__a211o_2)
     2    0.00                           _077_ (net)
                  0.05    0.00    1.70 v _244_/A (sky130_fd_sc_hd__and4_2)
                  0.05    0.19    1.89 v _244_/X (sky130_fd_sc_hd__and4_2)
     2    0.01                           _097_ (net)
                  0.05    0.00    1.89 v _247_/A_N (sky130_fd_sc_hd__and3b_2)
                  0.04    0.23    2.12 ^ _247_/X (sky130_fd_sc_hd__and3b_2)
     1    0.00                           _100_ (net)
                  0.04    0.00    2.12 ^ _248_/A (sky130_fd_sc_hd__buf_1)
                  0.27    0.24    2.36 ^ _248_/X (sky130_fd_sc_hd__buf_1)
     7    0.02                           _002_ (net)
                  0.27    0.00    2.36 ^ _378_/S (sky130_fd_sc_hd__mux2_2)
                  0.05    0.38    2.74 v _378_/X (sky130_fd_sc_hd__mux2_2)
     1    0.00                           _183_ (net)
                  0.05    0.00    2.74 v _379_/A (sky130_fd_sc_hd__buf_1)
                  0.02    0.09    2.83 v _379_/X (sky130_fd_sc_hd__buf_1)
     1    0.00                           _049_ (net)
                  0.02    0.00    2.83 v _469_/D (sky130_fd_sc_hd__dfrtp_2)
                                  2.83   data arrival time

                  0.15   25.00   25.00   clock clk (rise edge)
                          0.00   25.00   clock network delay (ideal)
                         -0.25   24.75   clock uncertainty
                          0.00   24.75   clock reconvergence pessimism
                                 24.75 ^ _469_/CLK (sky130_fd_sc_hd__dfrtp_2)
                         -0.08   24.67   library setup time
                                 24.67   data required time
-----------------------------------------------------------------------------
                                 24.67   data required time
                                 -2.83   data arrival time
-----------------------------------------------------------------------------
                                 21.84   slack (MET)


Startpoint: _476_ (rising edge-triggered flip-flop clocked by clk)
Endpoint: _470_ (rising edge-triggered flip-flop clocked by clk)
Path Group: clk
Path Type: max

Fanout     Cap    Slew   Delay    Time   Description
-----------------------------------------------------------------------------
                  0.15    0.00    0.00   clock clk (rise edge)
                          0.00    0.00   clock network delay (ideal)
                  0.15    0.00    0.00 ^ _476_/CLK (sky130_fd_sc_hd__dfrtp_2)
                  0.04    0.43    0.43 v _476_/Q (sky130_fd_sc_hd__dfrtp_2)
     1    0.00                           u_sort.bucket_counter[1] (net)
                  0.04    0.00    0.43 v _218_/A (sky130_fd_sc_hd__buf_1)
                  0.26    0.27    0.71 v _218_/X (sky130_fd_sc_hd__buf_1)
    10    0.04                           _071_ (net)
                  0.26    0.00    0.71 v _219_/A (sky130_fd_sc_hd__or2_2)
                  0.05    0.38    1.09 v _219_/X (sky130_fd_sc_hd__or2_2)
     1    0.00                           _072_ (net)
                  0.05    0.00    1.09 v _223_/B1 (sky130_fd_sc_hd__a221o_2)
                  0.05    0.34    1.42 v _223_/X (sky130_fd_sc_hd__a221o_2)
     1    0.00                           _076_ (net)
                  0.05    0.00    1.42 v _224_/C1 (sky130_fd_sc_hd__a211o_2)
                  0.05    0.27    1.70 v _224_/X (sky130_fd_sc_hd__a211o_2)
     2    0.00                           _077_ (net)
                  0.05    0.00    1.70 v _244_/A (sky130_fd_sc_hd__and4_2)
                  0.05    0.19    1.89 v _244_/X (sky130_fd_sc_hd__and4_2)
     2    0.01                           _097_ (net)
                  0.05    0.00    1.89 v _247_/A_N (sky130_fd_sc_hd__and3b_2)
                  0.04    0.23    2.12 ^ _247_/X (sky130_fd_sc_hd__and3b_2)
     1    0.00                           _100_ (net)
                  0.04    0.00    2.12 ^ _248_/A (sky130_fd_sc_hd__buf_1)
                  0.27    0.24    2.36 ^ _248_/X (sky130_fd_sc_hd__buf_1)
     7    0.02                           _002_ (net)
                  0.27    0.00    2.36 ^ _380_/S (sky130_fd_sc_hd__mux2_2)
                  0.05    0.38    2.74 v _380_/X (sky130_fd_sc_hd__mux2_2)
     1    0.00                           _184_ (net)
                  0.05    0.00    2.74 v _381_/A (sky130_fd_sc_hd__buf_1)
                  0.02    0.09    2.83 v _381_/X (sky130_fd_sc_hd__buf_1)
     1    0.00                           _050_ (net)
                  0.02    0.00    2.83 v _470_/D (sky130_fd_sc_hd__dfrtp_2)
                                  2.83   data arrival time

                  0.15   25.00   25.00   clock clk (rise edge)
                          0.00   25.00   clock network delay (ideal)
                         -0.25   24.75   clock uncertainty
                          0.00   24.75   clock reconvergence pessimism
                                 24.75 ^ _470_/CLK (sky130_fd_sc_hd__dfrtp_2)
                         -0.08   24.67   library setup time
                                 24.67   data required time
-----------------------------------------------------------------------------
                                 24.67   data required time
                                 -2.83   data arrival time
-----------------------------------------------------------------------------
                                 21.84   slack (MET)


Startpoint: _476_ (rising edge-triggered flip-flop clocked by clk)
Endpoint: _472_ (rising edge-triggered flip-flop clocked by clk)
Path Group: clk
Path Type: max

Fanout     Cap    Slew   Delay    Time   Description
-----------------------------------------------------------------------------
                  0.15    0.00    0.00   clock clk (rise edge)
                          0.00    0.00   clock network delay (ideal)
                  0.15    0.00    0.00 ^ _476_/CLK (sky130_fd_sc_hd__dfrtp_2)
                  0.04    0.43    0.43 v _476_/Q (sky130_fd_sc_hd__dfrtp_2)
     1    0.00                           u_sort.bucket_counter[1] (net)
                  0.04    0.00    0.43 v _218_/A (sky130_fd_sc_hd__buf_1)
                  0.26    0.27    0.71 v _218_/X (sky130_fd_sc_hd__buf_1)
    10    0.04                           _071_ (net)
                  0.26    0.00    0.71 v _219_/A (sky130_fd_sc_hd__or2_2)
                  0.05    0.38    1.09 v _219_/X (sky130_fd_sc_hd__or2_2)
     1    0.00                           _072_ (net)
                  0.05    0.00    1.09 v _223_/B1 (sky130_fd_sc_hd__a221o_2)
                  0.05    0.34    1.42 v _223_/X (sky130_fd_sc_hd__a221o_2)
     1    0.00                           _076_ (net)
                  0.05    0.00    1.42 v _224_/C1 (sky130_fd_sc_hd__a211o_2)
                  0.05    0.27    1.70 v _224_/X (sky130_fd_sc_hd__a211o_2)
     2    0.00                           _077_ (net)
                  0.05    0.00    1.70 v _244_/A (sky130_fd_sc_hd__and4_2)
                  0.05    0.19    1.89 v _244_/X (sky130_fd_sc_hd__and4_2)
     2    0.01                           _097_ (net)
                  0.05    0.00    1.89 v _247_/A_N (sky130_fd_sc_hd__and3b_2)
                  0.04    0.23    2.12 ^ _247_/X (sky130_fd_sc_hd__and3b_2)
     1    0.00                           _100_ (net)
                  0.04    0.00    2.12 ^ _248_/A (sky130_fd_sc_hd__buf_1)
                  0.27    0.24    2.36 ^ _248_/X (sky130_fd_sc_hd__buf_1)
     7    0.02                           _002_ (net)
                  0.27    0.00    2.36 ^ _384_/S (sky130_fd_sc_hd__mux2_2)
                  0.05    0.38    2.74 v _384_/X (sky130_fd_sc_hd__mux2_2)
     1    0.00                           _187_ (net)
                  0.05    0.00    2.74 v _385_/A (sky130_fd_sc_hd__buf_1)
                  0.02    0.09    2.83 v _385_/X (sky130_fd_sc_hd__buf_1)
     1    0.00                           _051_ (net)
                  0.02    0.00    2.83 v _472_/D (sky130_fd_sc_hd__dfrtp_2)
                                  2.83   data arrival time

                  0.15   25.00   25.00   clock clk (rise edge)
                          0.00   25.00   clock network delay (ideal)
                         -0.25   24.75   clock uncertainty
                          0.00   24.75   clock reconvergence pessimism
                                 24.75 ^ _472_/CLK (sky130_fd_sc_hd__dfrtp_2)
                         -0.08   24.67   library setup time
                                 24.67   data required time
-----------------------------------------------------------------------------
                                 24.67   data required time
                                 -2.83   data arrival time
-----------------------------------------------------------------------------
                                 21.84   slack (MET)


Startpoint: _476_ (rising edge-triggered flip-flop clocked by clk)
Endpoint: _473_ (rising edge-triggered flip-flop clocked by clk)
Path Group: clk
Path Type: max

Fanout     Cap    Slew   Delay    Time   Description
-----------------------------------------------------------------------------
                  0.15    0.00    0.00   clock clk (rise edge)
                          0.00    0.00   clock network delay (ideal)
                  0.15    0.00    0.00 ^ _476_/CLK (sky130_fd_sc_hd__dfrtp_2)
                  0.04    0.43    0.43 v _476_/Q (sky130_fd_sc_hd__dfrtp_2)
     1    0.00                           u_sort.bucket_counter[1] (net)
                  0.04    0.00    0.43 v _218_/A (sky130_fd_sc_hd__buf_1)
                  0.26    0.27    0.71 v _218_/X (sky130_fd_sc_hd__buf_1)
    10    0.04                           _071_ (net)
                  0.26    0.00    0.71 v _219_/A (sky130_fd_sc_hd__or2_2)
                  0.05    0.38    1.09 v _219_/X (sky130_fd_sc_hd__or2_2)
     1    0.00                           _072_ (net)
                  0.05    0.00    1.09 v _223_/B1 (sky130_fd_sc_hd__a221o_2)
                  0.05    0.34    1.42 v _223_/X (sky130_fd_sc_hd__a221o_2)
     1    0.00                           _076_ (net)
                  0.05    0.00    1.42 v _224_/C1 (sky130_fd_sc_hd__a211o_2)
                  0.05    0.27    1.70 v _224_/X (sky130_fd_sc_hd__a211o_2)
     2    0.00                           _077_ (net)
                  0.05    0.00    1.70 v _244_/A (sky130_fd_sc_hd__and4_2)
                  0.05    0.19    1.89 v _244_/X (sky130_fd_sc_hd__and4_2)
     2    0.01                           _097_ (net)
                  0.05    0.00    1.89 v _247_/A_N (sky130_fd_sc_hd__and3b_2)
                  0.04    0.23    2.12 ^ _247_/X (sky130_fd_sc_hd__and3b_2)
     1    0.00                           _100_ (net)
                  0.04    0.00    2.12 ^ _248_/A (sky130_fd_sc_hd__buf_1)
                  0.27    0.24    2.36 ^ _248_/X (sky130_fd_sc_hd__buf_1)
     7    0.02                           _002_ (net)
                  0.27    0.00    2.36 ^ _387_/S (sky130_fd_sc_hd__mux2_2)
                  0.05    0.38    2.74 v _387_/X (sky130_fd_sc_hd__mux2_2)
     1    0.00                           _189_ (net)
                  0.05    0.00    2.74 v _388_/A (sky130_fd_sc_hd__buf_1)
                  0.02    0.09    2.83 v _388_/X (sky130_fd_sc_hd__buf_1)
     1    0.00                           _052_ (net)
                  0.02    0.00    2.83 v _473_/D (sky130_fd_sc_hd__dfrtp_2)
                                  2.83   data arrival time

                  0.15   25.00   25.00   clock clk (rise edge)
                          0.00   25.00   clock network delay (ideal)
                         -0.25   24.75   clock uncertainty
                          0.00   24.75   clock reconvergence pessimism
                                 24.75 ^ _473_/CLK (sky130_fd_sc_hd__dfrtp_2)
                         -0.08   24.67   library setup time
                                 24.67   data required time
-----------------------------------------------------------------------------
                                 24.67   data required time
                                 -2.83   data arrival time
-----------------------------------------------------------------------------
                                 21.84   slack (MET)


Startpoint: _476_ (rising edge-triggered flip-flop clocked by clk)
Endpoint: _474_ (rising edge-triggered flip-flop clocked by clk)
Path Group: clk
Path Type: max

Fanout     Cap    Slew   Delay    Time   Description
-----------------------------------------------------------------------------
                  0.15    0.00    0.00   clock clk (rise edge)
                          0.00    0.00   clock network delay (ideal)
                  0.15    0.00    0.00 ^ _476_/CLK (sky130_fd_sc_hd__dfrtp_2)
                  0.04    0.43    0.43 v _476_/Q (sky130_fd_sc_hd__dfrtp_2)
     1    0.00                           u_sort.bucket_counter[1] (net)
                  0.04    0.00    0.43 v _218_/A (sky130_fd_sc_hd__buf_1)
                  0.26    0.27    0.71 v _218_/X (sky130_fd_sc_hd__buf_1)
    10    0.04                           _071_ (net)
                  0.26    0.00    0.71 v _219_/A (sky130_fd_sc_hd__or2_2)
                  0.05    0.38    1.09 v _219_/X (sky130_fd_sc_hd__or2_2)
     1    0.00                           _072_ (net)
                  0.05    0.00    1.09 v _223_/B1 (sky130_fd_sc_hd__a221o_2)
                  0.05    0.34    1.42 v _223_/X (sky130_fd_sc_hd__a221o_2)
     1    0.00                           _076_ (net)
                  0.05    0.00    1.42 v _224_/C1 (sky130_fd_sc_hd__a211o_2)
                  0.05    0.27    1.70 v _224_/X (sky130_fd_sc_hd__a211o_2)
     2    0.00                           _077_ (net)
                  0.05    0.00    1.70 v _244_/A (sky130_fd_sc_hd__and4_2)
                  0.05    0.19    1.89 v _244_/X (sky130_fd_sc_hd__and4_2)
     2    0.01                           _097_ (net)
                  0.05    0.00    1.89 v _247_/A_N (sky130_fd_sc_hd__and3b_2)
                  0.04    0.23    2.12 ^ _247_/X (sky130_fd_sc_hd__and3b_2)
     1    0.00                           _100_ (net)
                  0.04    0.00    2.12 ^ _248_/A (sky130_fd_sc_hd__buf_1)
                  0.27    0.24    2.36 ^ _248_/X (sky130_fd_sc_hd__buf_1)
     7    0.02                           _002_ (net)
                  0.27    0.00    2.36 ^ _389_/S (sky130_fd_sc_hd__mux2_2)
                  0.05    0.38    2.74 v _389_/X (sky130_fd_sc_hd__mux2_2)
     1    0.00                           _190_ (net)
                  0.05    0.00    2.74 v _390_/A (sky130_fd_sc_hd__buf_1)
                  0.02    0.09    2.83 v _390_/X (sky130_fd_sc_hd__buf_1)
     1    0.00                           _053_ (net)
                  0.02    0.00    2.83 v _474_/D (sky130_fd_sc_hd__dfrtp_2)
                                  2.83   data arrival time

                  0.15   25.00   25.00   clock clk (rise edge)
                          0.00   25.00   clock network delay (ideal)
                         -0.25   24.75   clock uncertainty
                          0.00   24.75   clock reconvergence pessimism
                                 24.75 ^ _474_/CLK (sky130_fd_sc_hd__dfrtp_2)
                         -0.08   24.67   library setup time
                                 24.67   data required time
-----------------------------------------------------------------------------
                                 24.67   data required time
                                 -2.83   data arrival time
-----------------------------------------------------------------------------
                                 21.84   slack (MET)


Startpoint: _476_ (rising edge-triggered flip-flop clocked by clk)
Endpoint: _476_ (rising edge-triggered flip-flop clocked by clk)
Path Group: clk
Path Type: max

Fanout     Cap    Slew   Delay    Time   Description
-----------------------------------------------------------------------------
                  0.15    0.00    0.00   clock clk (rise edge)
                          0.00    0.00   clock network delay (ideal)
                  0.15    0.00    0.00 ^ _476_/CLK (sky130_fd_sc_hd__dfrtp_2)
                  0.04    0.43    0.43 v _476_/Q (sky130_fd_sc_hd__dfrtp_2)
     1    0.00                           u_sort.bucket_counter[1] (net)
                  0.04    0.00    0.43 v _218_/A (sky130_fd_sc_hd__buf_1)
                  0.26    0.27    0.71 v _218_/X (sky130_fd_sc_hd__buf_1)
    10    0.04                           _071_ (net)
                  0.26    0.00    0.71 v _219_/A (sky130_fd_sc_hd__or2_2)
                  0.05    0.38    1.09 v _219_/X (sky130_fd_sc_hd__or2_2)
     1    0.00                           _072_ (net)
                  0.05    0.00    1.09 v _223_/B1 (sky130_fd_sc_hd__a221o_2)
                  0.05    0.34    1.42 v _223_/X (sky130_fd_sc_hd__a221o_2)
     1    0.00                           _076_ (net)
                  0.05    0.00    1.42 v _224_/C1 (sky130_fd_sc_hd__a211o_2)
                  0.05    0.27    1.70 v _224_/X (sky130_fd_sc_hd__a211o_2)
     2    0.00                           _077_ (net)
                  0.05    0.00    1.70 v _250_/A_N (sky130_fd_sc_hd__and4b_2)
                  0.09    0.31    2.01 ^ _250_/X (sky130_fd_sc_hd__and4b_2)
     3    0.01                           _102_ (net)
                  0.09    0.00    2.01 ^ _259_/A2 (sky130_fd_sc_hd__o2111a_2)
                  0.15    0.29    2.30 ^ _259_/X (sky130_fd_sc_hd__o2111a_2)
     7    0.03                           _111_ (net)
                  0.15    0.00    2.30 ^ _396_/A (sky130_fd_sc_hd__nor2_2)
                  0.04    0.05    2.35 v _396_/Y (sky130_fd_sc_hd__nor2_2)
     1    0.00                           _195_ (net)
                  0.04    0.00    2.35 v _400_/A2 (sky130_fd_sc_hd__o211a_2)
                  0.04    0.23    2.58 v _400_/X (sky130_fd_sc_hd__o211a_2)
     1    0.00                           _055_ (net)
                  0.04    0.00    2.58 v _476_/D (sky130_fd_sc_hd__dfrtp_2)
                                  2.58   data arrival time

                  0.15   25.00   25.00   clock clk (rise edge)
                          0.00   25.00   clock network delay (ideal)
                         -0.25   24.75   clock uncertainty
                          0.00   24.75   clock reconvergence pessimism
                                 24.75 ^ _476_/CLK (sky130_fd_sc_hd__dfrtp_2)
                         -0.09   24.66   library setup time
                                 24.66   data required time
-----------------------------------------------------------------------------
                                 24.66   data required time
                                 -2.58   data arrival time
-----------------------------------------------------------------------------
                                 22.08   slack (MET)


Startpoint: _476_ (rising edge-triggered flip-flop clocked by clk)
Endpoint: _483_ (rising edge-triggered flip-flop clocked by clk)
Path Group: clk
Path Type: max

Fanout     Cap    Slew   Delay    Time   Description
-----------------------------------------------------------------------------
                  0.15    0.00    0.00   clock clk (rise edge)
                          0.00    0.00   clock network delay (ideal)
                  0.15    0.00    0.00 ^ _476_/CLK (sky130_fd_sc_hd__dfrtp_2)
                  0.04    0.43    0.43 v _476_/Q (sky130_fd_sc_hd__dfrtp_2)
     1    0.00                           u_sort.bucket_counter[1] (net)
                  0.04    0.00    0.43 v _218_/A (sky130_fd_sc_hd__buf_1)
                  0.26    0.27    0.71 v _218_/X (sky130_fd_sc_hd__buf_1)
    10    0.04                           _071_ (net)
                  0.26    0.00    0.71 v _219_/A (sky130_fd_sc_hd__or2_2)
                  0.05    0.38    1.09 v _219_/X (sky130_fd_sc_hd__or2_2)
     1    0.00                           _072_ (net)
                  0.05    0.00    1.09 v _223_/B1 (sky130_fd_sc_hd__a221o_2)
                  0.05    0.34    1.42 v _223_/X (sky130_fd_sc_hd__a221o_2)
     1    0.00                           _076_ (net)
                  0.05    0.00    1.42 v _224_/C1 (sky130_fd_sc_hd__a211o_2)
                  0.05    0.27    1.70 v _224_/X (sky130_fd_sc_hd__a211o_2)
     2    0.00                           _077_ (net)
                  0.05    0.00    1.70 v _250_/A_N (sky130_fd_sc_hd__and4b_2)
                  0.09    0.31    2.01 ^ _250_/X (sky130_fd_sc_hd__and4b_2)
     3    0.01                           _102_ (net)
                  0.09    0.00    2.01 ^ _414_/A2 (sky130_fd_sc_hd__a21oi_2)
                  0.03    0.05    2.06 v _414_/Y (sky130_fd_sc_hd__a21oi_2)
     1    0.00                           _207_ (net)
                  0.03    0.00    2.06 v _415_/B (sky130_fd_sc_hd__or2_2)
                  0.05    0.27    2.33 v _415_/X (sky130_fd_sc_hd__or2_2)
     1    0.00                           _208_ (net)
                  0.05    0.00    2.33 v _416_/A (sky130_fd_sc_hd__buf_1)
                  0.02    0.09    2.42 v _416_/X (sky130_fd_sc_hd__buf_1)
     1    0.00                           _061_ (net)
                  0.02    0.00    2.42 v _483_/D (sky130_fd_sc_hd__dfrtp_2)
                                  2.42   data arrival time

                  0.15   25.00   25.00   clock clk (rise edge)
                          0.00   25.00   clock network delay (ideal)
                         -0.25   24.75   clock uncertainty
                          0.00   24.75   clock reconvergence pessimism
                                 24.75 ^ _483_/CLK (sky130_fd_sc_hd__dfrtp_2)
                         -0.08   24.67   library setup time
                                 24.67   data required time
-----------------------------------------------------------------------------
                                 24.67   data required time
                                 -2.42   data arrival time
-----------------------------------------------------------------------------
                                 22.24   slack (MET)


Startpoint: _476_ (rising edge-triggered flip-flop clocked by clk)
Endpoint: _471_ (rising edge-triggered flip-flop clocked by clk)
Path Group: clk
Path Type: max

Fanout     Cap    Slew   Delay    Time   Description
-----------------------------------------------------------------------------
                  0.15    0.00    0.00   clock clk (rise edge)
                          0.00    0.00   clock network delay (ideal)
                  0.15    0.00    0.00 ^ _476_/CLK (sky130_fd_sc_hd__dfrtp_2)
                  0.04    0.43    0.43 v _476_/Q (sky130_fd_sc_hd__dfrtp_2)
     1    0.00                           u_sort.bucket_counter[1] (net)
                  0.04    0.00    0.43 v _218_/A (sky130_fd_sc_hd__buf_1)
                  0.26    0.27    0.71 v _218_/X (sky130_fd_sc_hd__buf_1)
    10    0.04                           _071_ (net)
                  0.26    0.00    0.71 v _219_/A (sky130_fd_sc_hd__or2_2)
                  0.05    0.38    1.09 v _219_/X (sky130_fd_sc_hd__or2_2)
     1    0.00                           _072_ (net)
                  0.05    0.00    1.09 v _223_/B1 (sky130_fd_sc_hd__a221o_2)
                  0.05    0.34    1.42 v _223_/X (sky130_fd_sc_hd__a221o_2)
     1    0.00                           _076_ (net)
                  0.05    0.00    1.42 v _224_/C1 (sky130_fd_sc_hd__a211o_2)
                  0.05    0.27    1.70 v _224_/X (sky130_fd_sc_hd__a211o_2)
     2    0.00                           _077_ (net)
                  0.05    0.00    1.70 v _244_/A (sky130_fd_sc_hd__and4_2)
                  0.05    0.19    1.89 v _244_/X (sky130_fd_sc_hd__and4_2)
     2    0.01                           _097_ (net)
                  0.05    0.00    1.89 v _247_/A_N (sky130_fd_sc_hd__and3b_2)
                  0.04    0.23    2.12 ^ _247_/X (sky130_fd_sc_hd__and3b_2)
     1    0.00                           _100_ (net)
                  0.04    0.00    2.12 ^ _248_/A (sky130_fd_sc_hd__buf_1)
                  0.27    0.24    2.36 ^ _248_/X (sky130_fd_sc_hd__buf_1)
     7    0.02                           _002_ (net)
                  0.27    0.00    2.36 ^ _471_/D (sky130_fd_sc_hd__dfrtp_2)
                                  2.36   data arrival time

                  0.15   25.00   25.00   clock clk (rise edge)
                          0.00   25.00   clock network delay (ideal)
                         -0.25   24.75   clock uncertainty
                          0.00   24.75   clock reconvergence pessimism
                                 24.75 ^ _471_/CLK (sky130_fd_sc_hd__dfrtp_2)
                         -0.10   24.65   library setup time
                                 24.65   data required time
-----------------------------------------------------------------------------
                                 24.65   data required time
                                 -2.36   data arrival time
-----------------------------------------------------------------------------
                                 22.29   slack (MET)


Startpoint: _476_ (rising edge-triggered flip-flop clocked by clk)
Endpoint: _478_ (rising edge-triggered flip-flop clocked by clk)
Path Group: clk
Path Type: max

Fanout     Cap    Slew   Delay    Time   Description
-----------------------------------------------------------------------------
                  0.15    0.00    0.00   clock clk (rise edge)
                          0.00    0.00   clock network delay (ideal)
                  0.15    0.00    0.00 ^ _476_/CLK (sky130_fd_sc_hd__dfrtp_2)
                  0.04    0.43    0.43 v _476_/Q (sky130_fd_sc_hd__dfrtp_2)
     1    0.00                           u_sort.bucket_counter[1] (net)
                  0.04    0.00    0.43 v _218_/A (sky130_fd_sc_hd__buf_1)
                  0.26    0.27    0.71 v _218_/X (sky130_fd_sc_hd__buf_1)
    10    0.04                           _071_ (net)
                  0.26    0.00    0.71 v _219_/A (sky130_fd_sc_hd__or2_2)
                  0.05    0.38    1.09 v _219_/X (sky130_fd_sc_hd__or2_2)
     1    0.00                           _072_ (net)
                  0.05    0.00    1.09 v _223_/B1 (sky130_fd_sc_hd__a221o_2)
                  0.05    0.34    1.42 v _223_/X (sky130_fd_sc_hd__a221o_2)
     1    0.00                           _076_ (net)
                  0.05    0.00    1.42 v _224_/C1 (sky130_fd_sc_hd__a211o_2)
                  0.05    0.27    1.70 v _224_/X (sky130_fd_sc_hd__a211o_2)
     2    0.00                           _077_ (net)
                  0.05    0.00    1.70 v _250_/A_N (sky130_fd_sc_hd__and4b_2)
                  0.09    0.31    2.01 ^ _250_/X (sky130_fd_sc_hd__and4b_2)
     3    0.01                           _102_ (net)
                  0.09    0.00    2.01 ^ _259_/A2 (sky130_fd_sc_hd__o2111a_2)
                  0.15    0.29    2.30 ^ _259_/X (sky130_fd_sc_hd__o2111a_2)
     7    0.03                           _111_ (net)
                  0.15    0.00    2.30 ^ _260_/A2 (sky130_fd_sc_hd__o21ai_2)
                  0.04    0.06    2.36 v _260_/Y (sky130_fd_sc_hd__o21ai_2)
     1    0.00                           _001_ (net)
                  0.04    0.00    2.36 v _478_/D (sky130_fd_sc_hd__dfrtp_2)
                                  2.36   data arrival time

                  0.15   25.00   25.00   clock clk (rise edge)
                          0.00   25.00   clock network delay (ideal)
                         -0.25   24.75   clock uncertainty
                          0.00   24.75   clock reconvergence pessimism
                                 24.75 ^ _478_/CLK (sky130_fd_sc_hd__dfrtp_2)
                         -0.09   24.66   library setup time
                                 24.66   data required time
-----------------------------------------------------------------------------
                                 24.66   data required time
                                 -2.36   data arrival time
-----------------------------------------------------------------------------
                                 22.31   slack (MET)


Startpoint: _476_ (rising edge-triggered flip-flop clocked by clk)
Endpoint: _481_ (rising edge-triggered flip-flop clocked by clk)
Path Group: clk
Path Type: max

Fanout     Cap    Slew   Delay    Time   Description
-----------------------------------------------------------------------------
                  0.15    0.00    0.00   clock clk (rise edge)
                          0.00    0.00   clock network delay (ideal)
                  0.15    0.00    0.00 ^ _476_/CLK (sky130_fd_sc_hd__dfrtp_2)
                  0.04    0.38    0.38 ^ _476_/Q (sky130_fd_sc_hd__dfrtp_2)
     1    0.00                           u_sort.bucket_counter[1] (net)
                  0.04    0.00    0.38 ^ _218_/A (sky130_fd_sc_hd__buf_1)
                  0.57    0.46    0.84 ^ _218_/X (sky130_fd_sc_hd__buf_1)
    10    0.05                           _071_ (net)
                  0.57    0.00    0.84 ^ _225_/A (sky130_fd_sc_hd__inv_2)
                  0.10    0.08    0.92 v _225_/Y (sky130_fd_sc_hd__inv_2)
     2    0.01                           _078_ (net)
                  0.10    0.00    0.92 v _230_/A1 (sky130_fd_sc_hd__o2111a_2)
                  0.06    0.32    1.24 v _230_/X (sky130_fd_sc_hd__o2111a_2)
     3    0.01                           _083_ (net)
                  0.06    0.00    1.24 v _257_/A2 (sky130_fd_sc_hd__a21o_2)
                  0.06    0.26    1.50 v _257_/X (sky130_fd_sc_hd__a21o_2)
     4    0.01                           _109_ (net)
                  0.06    0.00    1.50 v _408_/A2 (sky130_fd_sc_hd__o31a_2)
                  0.05    0.33    1.83 v _408_/X (sky130_fd_sc_hd__o31a_2)
     1    0.00                           _203_ (net)
                  0.05    0.00    1.83 v _409_/B (sky130_fd_sc_hd__or2_2)
                  0.05    0.27    2.10 v _409_/X (sky130_fd_sc_hd__or2_2)
     1    0.00                           _204_ (net)
                  0.05    0.00    2.10 v _410_/A (sky130_fd_sc_hd__buf_1)
                  0.02    0.09    2.19 v _410_/X (sky130_fd_sc_hd__buf_1)
     1    0.00                           _059_ (net)
                  0.02    0.00    2.19 v _481_/D (sky130_fd_sc_hd__dfrtp_2)
                                  2.19   data arrival time

                  0.15   25.00   25.00   clock clk (rise edge)
                          0.00   25.00   clock network delay (ideal)
                         -0.25   24.75   clock uncertainty
                          0.00   24.75   clock reconvergence pessimism
                                 24.75 ^ _481_/CLK (sky130_fd_sc_hd__dfrtp_2)
                         -0.08   24.67   library setup time
                                 24.67   data required time
-----------------------------------------------------------------------------
                                 24.67   data required time
                                 -2.19   data arrival time
-----------------------------------------------------------------------------
                                 22.48   slack (MET)


Startpoint: _476_ (rising edge-triggered flip-flop clocked by clk)
Endpoint: _482_ (rising edge-triggered flip-flop clocked by clk)
Path Group: clk
Path Type: max

Fanout     Cap    Slew   Delay    Time   Description
-----------------------------------------------------------------------------
                  0.15    0.00    0.00   clock clk (rise edge)
                          0.00    0.00   clock network delay (ideal)
                  0.15    0.00    0.00 ^ _476_/CLK (sky130_fd_sc_hd__dfrtp_2)
                  0.04    0.38    0.38 ^ _476_/Q (sky130_fd_sc_hd__dfrtp_2)
     1    0.00                           u_sort.bucket_counter[1] (net)
                  0.04    0.00    0.38 ^ _218_/A (sky130_fd_sc_hd__buf_1)
                  0.57    0.46    0.84 ^ _218_/X (sky130_fd_sc_hd__buf_1)
    10    0.05                           _071_ (net)
                  0.57    0.00    0.84 ^ _225_/A (sky130_fd_sc_hd__inv_2)
                  0.10    0.08    0.92 v _225_/Y (sky130_fd_sc_hd__inv_2)
     2    0.01                           _078_ (net)
                  0.10    0.00    0.92 v _230_/A1 (sky130_fd_sc_hd__o2111a_2)
                  0.06    0.32    1.24 v _230_/X (sky130_fd_sc_hd__o2111a_2)
     3    0.01                           _083_ (net)
                  0.06    0.00    1.24 v _257_/A2 (sky130_fd_sc_hd__a21o_2)
                  0.06    0.26    1.50 v _257_/X (sky130_fd_sc_hd__a21o_2)
     4    0.01                           _109_ (net)
                  0.06    0.00    1.50 v _411_/A2 (sky130_fd_sc_hd__o31a_2)
                  0.05    0.33    1.83 v _411_/X (sky130_fd_sc_hd__o31a_2)
     1    0.00                           _205_ (net)
                  0.05    0.00    1.83 v _412_/B (sky130_fd_sc_hd__or2_2)
                  0.05    0.27    2.10 v _412_/X (sky130_fd_sc_hd__or2_2)
     1    0.00                           _206_ (net)
                  0.05    0.00    2.10 v _413_/A (sky130_fd_sc_hd__buf_1)
                  0.02    0.09    2.19 v _413_/X (sky130_fd_sc_hd__buf_1)
     1    0.00                           _060_ (net)
                  0.02    0.00    2.19 v _482_/D (sky130_fd_sc_hd__dfrtp_2)
                                  2.19   data arrival time

                  0.15   25.00   25.00   clock clk (rise edge)
                          0.00   25.00   clock network delay (ideal)
                         -0.25   24.75   clock uncertainty
                          0.00   24.75   clock reconvergence pessimism
                                 24.75 ^ _482_/CLK (sky130_fd_sc_hd__dfrtp_2)
                         -0.08   24.67   library setup time
                                 24.67   data required time
-----------------------------------------------------------------------------
                                 24.67   data required time
                                 -2.19   data arrival time
-----------------------------------------------------------------------------
                                 22.48   slack (MET)


Startpoint: _476_ (rising edge-triggered flip-flop clocked by clk)
Endpoint: _480_ (rising edge-triggered flip-flop clocked by clk)
Path Group: clk
Path Type: max

Fanout     Cap    Slew   Delay    Time   Description
-----------------------------------------------------------------------------
                  0.15    0.00    0.00   clock clk (rise edge)
                          0.00    0.00   clock network delay (ideal)
                  0.15    0.00    0.00 ^ _476_/CLK (sky130_fd_sc_hd__dfrtp_2)
                  0.04    0.38    0.38 ^ _476_/Q (sky130_fd_sc_hd__dfrtp_2)
     1    0.00                           u_sort.bucket_counter[1] (net)
                  0.04    0.00    0.38 ^ _218_/A (sky130_fd_sc_hd__buf_1)
                  0.57    0.46    0.84 ^ _218_/X (sky130_fd_sc_hd__buf_1)
    10    0.05                           _071_ (net)
                  0.57    0.00    0.84 ^ _232_/B (sky130_fd_sc_hd__xnor2_2)
                  0.10    0.12    0.96 v _232_/Y (sky130_fd_sc_hd__xnor2_2)
     2    0.01                           _085_ (net)
                  0.10    0.00    0.96 v _234_/C (sky130_fd_sc_hd__and4_2)
                  0.06    0.29    1.25 v _234_/X (sky130_fd_sc_hd__and4_2)
     4    0.01                           _087_ (net)
                  0.06    0.00    1.25 v _255_/A_N (sky130_fd_sc_hd__nand3b_2)
                  0.12    0.26    1.51 v _255_/Y (sky130_fd_sc_hd__nand3b_2)
     3    0.01                           _107_ (net)
                  0.12    0.00    1.51 v _406_/A2 (sky130_fd_sc_hd__o21ai_2)
                  0.10    0.15    1.66 ^ _406_/Y (sky130_fd_sc_hd__o21ai_2)
     1    0.00                           _202_ (net)
                  0.10    0.00    1.66 ^ _407_/B (sky130_fd_sc_hd__nand2_2)
                  0.04    0.05    1.71 v _407_/Y (sky130_fd_sc_hd__nand2_2)
     1    0.00                           _058_ (net)
                  0.04    0.00    1.71 v _480_/D (sky130_fd_sc_hd__dfrtp_2)
                                  1.71   data arrival time

                  0.15   25.00   25.00   clock clk (rise edge)
                          0.00   25.00   clock network delay (ideal)
                         -0.25   24.75   clock uncertainty
                          0.00   24.75   clock reconvergence pessimism
                                 24.75 ^ _480_/CLK (sky130_fd_sc_hd__dfrtp_2)
                         -0.09   24.66   library setup time
                                 24.66   data required time
-----------------------------------------------------------------------------
                                 24.66   data required time
                                 -1.71   data arrival time
-----------------------------------------------------------------------------
                                 22.95   slack (MET)


Startpoint: _422_ (rising edge-triggered flip-flop clocked by clk)
Endpoint: _453_ (rising edge-triggered flip-flop clocked by clk)
Path Group: clk
Path Type: max

Fanout     Cap    Slew   Delay    Time   Description
-----------------------------------------------------------------------------
                  0.15    0.00    0.00   clock clk (rise edge)
                          0.00    0.00   clock network delay (ideal)
                  0.15    0.00    0.00 ^ _422_/CLK (sky130_fd_sc_hd__dfrtp_2)
                  0.04    0.38    0.38 ^ _422_/Q (sky130_fd_sc_hd__dfrtp_2)
     1    0.00                           u_control.o_start_sort (net)
                  0.04    0.00    0.38 ^ _245_/A (sky130_fd_sc_hd__buf_1)
                  0.75    0.59    0.97 ^ _245_/X (sky130_fd_sc_hd__buf_1)
    20    0.06                           _098_ (net)
                  0.75    0.00    0.97 ^ _346_/S (sky130_fd_sc_hd__mux2_2)
                  0.05    0.42    1.40 v _346_/X (sky130_fd_sc_hd__mux2_2)
     1    0.00                           _167_ (net)
                  0.05    0.00    1.40 v _347_/A (sky130_fd_sc_hd__buf_1)
                  0.02    0.09    1.48 v _347_/X (sky130_fd_sc_hd__buf_1)
     1    0.00                           _033_ (net)
                  0.02    0.00    1.48 v _453_/D (sky130_fd_sc_hd__dfrtp_2)
                                  1.48   data arrival time

                  0.15   25.00   25.00   clock clk (rise edge)
                          0.00   25.00   clock network delay (ideal)
                         -0.25   24.75   clock uncertainty
                          0.00   24.75   clock reconvergence pessimism
                                 24.75 ^ _453_/CLK (sky130_fd_sc_hd__dfrtp_2)
                         -0.08   24.67   library setup time
                                 24.67   data required time
-----------------------------------------------------------------------------
                                 24.67   data required time
                                 -1.48   data arrival time
-----------------------------------------------------------------------------
                                 23.19   slack (MET)


Startpoint: _422_ (rising edge-triggered flip-flop clocked by clk)
Endpoint: _454_ (rising edge-triggered flip-flop clocked by clk)
Path Group: clk
Path Type: max

Fanout     Cap    Slew   Delay    Time   Description
-----------------------------------------------------------------------------
                  0.15    0.00    0.00   clock clk (rise edge)
                          0.00    0.00   clock network delay (ideal)
                  0.15    0.00    0.00 ^ _422_/CLK (sky130_fd_sc_hd__dfrtp_2)
                  0.04    0.38    0.38 ^ _422_/Q (sky130_fd_sc_hd__dfrtp_2)
     1    0.00                           u_control.o_start_sort (net)
                  0.04    0.00    0.38 ^ _245_/A (sky130_fd_sc_hd__buf_1)
                  0.75    0.59    0.97 ^ _245_/X (sky130_fd_sc_hd__buf_1)
    20    0.06                           _098_ (net)
                  0.75    0.00    0.97 ^ _348_/S (sky130_fd_sc_hd__mux2_2)
                  0.05    0.42    1.40 v _348_/X (sky130_fd_sc_hd__mux2_2)
     1    0.00                           _168_ (net)
                  0.05    0.00    1.40 v _349_/A (sky130_fd_sc_hd__buf_1)
                  0.02    0.09    1.48 v _349_/X (sky130_fd_sc_hd__buf_1)
     1    0.00                           _034_ (net)
                  0.02    0.00    1.48 v _454_/D (sky130_fd_sc_hd__dfrtp_2)
                                  1.48   data arrival time

                  0.15   25.00   25.00   clock clk (rise edge)
                          0.00   25.00   clock network delay (ideal)
                         -0.25   24.75   clock uncertainty
                          0.00   24.75   clock reconvergence pessimism
                                 24.75 ^ _454_/CLK (sky130_fd_sc_hd__dfrtp_2)
                         -0.08   24.67   library setup time
                                 24.67   data required time
-----------------------------------------------------------------------------
                                 24.67   data required time
                                 -1.48   data arrival time
-----------------------------------------------------------------------------
                                 23.19   slack (MET)


Startpoint: _422_ (rising edge-triggered flip-flop clocked by clk)
Endpoint: _455_ (rising edge-triggered flip-flop clocked by clk)
Path Group: clk
Path Type: max

Fanout     Cap    Slew   Delay    Time   Description
-----------------------------------------------------------------------------
                  0.15    0.00    0.00   clock clk (rise edge)
                          0.00    0.00   clock network delay (ideal)
                  0.15    0.00    0.00 ^ _422_/CLK (sky130_fd_sc_hd__dfrtp_2)
                  0.04    0.38    0.38 ^ _422_/Q (sky130_fd_sc_hd__dfrtp_2)
     1    0.00                           u_control.o_start_sort (net)
                  0.04    0.00    0.38 ^ _245_/A (sky130_fd_sc_hd__buf_1)
                  0.75    0.59    0.97 ^ _245_/X (sky130_fd_sc_hd__buf_1)
    20    0.06                           _098_ (net)
                  0.75    0.00    0.97 ^ _350_/S (sky130_fd_sc_hd__mux2_2)
                  0.05    0.42    1.40 v _350_/X (sky130_fd_sc_hd__mux2_2)
     1    0.00                           _169_ (net)
                  0.05    0.00    1.40 v _351_/A (sky130_fd_sc_hd__buf_1)
                  0.02    0.09    1.48 v _351_/X (sky130_fd_sc_hd__buf_1)
     1    0.00                           _035_ (net)
                  0.02    0.00    1.48 v _455_/D (sky130_fd_sc_hd__dfrtp_2)
                                  1.48   data arrival time

                  0.15   25.00   25.00   clock clk (rise edge)
                          0.00   25.00   clock network delay (ideal)
                         -0.25   24.75   clock uncertainty
                          0.00   24.75   clock reconvergence pessimism
                                 24.75 ^ _455_/CLK (sky130_fd_sc_hd__dfrtp_2)
                         -0.08   24.67   library setup time
                                 24.67   data required time
-----------------------------------------------------------------------------
                                 24.67   data required time
                                 -1.48   data arrival time
-----------------------------------------------------------------------------
                                 23.19   slack (MET)


Startpoint: _422_ (rising edge-triggered flip-flop clocked by clk)
Endpoint: _456_ (rising edge-triggered flip-flop clocked by clk)
Path Group: clk
Path Type: max

Fanout     Cap    Slew   Delay    Time   Description
-----------------------------------------------------------------------------
                  0.15    0.00    0.00   clock clk (rise edge)
                          0.00    0.00   clock network delay (ideal)
                  0.15    0.00    0.00 ^ _422_/CLK (sky130_fd_sc_hd__dfrtp_2)
                  0.04    0.38    0.38 ^ _422_/Q (sky130_fd_sc_hd__dfrtp_2)
     1    0.00                           u_control.o_start_sort (net)
                  0.04    0.00    0.38 ^ _245_/A (sky130_fd_sc_hd__buf_1)
                  0.75    0.59    0.97 ^ _245_/X (sky130_fd_sc_hd__buf_1)
    20    0.06                           _098_ (net)
                  0.75    0.00    0.97 ^ _352_/S (sky130_fd_sc_hd__mux2_2)
                  0.05    0.42    1.40 v _352_/X (sky130_fd_sc_hd__mux2_2)
     1    0.00                           _170_ (net)
                  0.05    0.00    1.40 v _353_/A (sky130_fd_sc_hd__buf_1)
                  0.02    0.09    1.48 v _353_/X (sky130_fd_sc_hd__buf_1)
     1    0.00                           _036_ (net)
                  0.02    0.00    1.48 v _456_/D (sky130_fd_sc_hd__dfrtp_2)
                                  1.48   data arrival time

                  0.15   25.00   25.00   clock clk (rise edge)
                          0.00   25.00   clock network delay (ideal)
                         -0.25   24.75   clock uncertainty
                          0.00   24.75   clock reconvergence pessimism
                                 24.75 ^ _456_/CLK (sky130_fd_sc_hd__dfrtp_2)
                         -0.08   24.67   library setup time
                                 24.67   data required time
-----------------------------------------------------------------------------
                                 24.67   data required time
                                 -1.48   data arrival time
-----------------------------------------------------------------------------
                                 23.19   slack (MET)


Startpoint: _422_ (rising edge-triggered flip-flop clocked by clk)
Endpoint: _457_ (rising edge-triggered flip-flop clocked by clk)
Path Group: clk
Path Type: max

Fanout     Cap    Slew   Delay    Time   Description
-----------------------------------------------------------------------------
                  0.15    0.00    0.00   clock clk (rise edge)
                          0.00    0.00   clock network delay (ideal)
                  0.15    0.00    0.00 ^ _422_/CLK (sky130_fd_sc_hd__dfrtp_2)
                  0.04    0.38    0.38 ^ _422_/Q (sky130_fd_sc_hd__dfrtp_2)
     1    0.00                           u_control.o_start_sort (net)
                  0.04    0.00    0.38 ^ _245_/A (sky130_fd_sc_hd__buf_1)
                  0.75    0.59    0.97 ^ _245_/X (sky130_fd_sc_hd__buf_1)
    20    0.06                           _098_ (net)
                  0.75    0.00    0.97 ^ _354_/S (sky130_fd_sc_hd__mux2_2)
                  0.05    0.42    1.40 v _354_/X (sky130_fd_sc_hd__mux2_2)
     1    0.00                           _171_ (net)
                  0.05    0.00    1.40 v _355_/A (sky130_fd_sc_hd__buf_1)
                  0.02    0.09    1.48 v _355_/X (sky130_fd_sc_hd__buf_1)
     1    0.00                           _037_ (net)
                  0.02    0.00    1.48 v _457_/D (sky130_fd_sc_hd__dfrtp_2)
                                  1.48   data arrival time

                  0.15   25.00   25.00   clock clk (rise edge)
                          0.00   25.00   clock network delay (ideal)
                         -0.25   24.75   clock uncertainty
                          0.00   24.75   clock reconvergence pessimism
                                 24.75 ^ _457_/CLK (sky130_fd_sc_hd__dfrtp_2)
                         -0.08   24.67   library setup time
                                 24.67   data required time
-----------------------------------------------------------------------------
                                 24.67   data required time
                                 -1.48   data arrival time
-----------------------------------------------------------------------------
                                 23.19   slack (MET)


Startpoint: _422_ (rising edge-triggered flip-flop clocked by clk)
Endpoint: _458_ (rising edge-triggered flip-flop clocked by clk)
Path Group: clk
Path Type: max

Fanout     Cap    Slew   Delay    Time   Description
-----------------------------------------------------------------------------
                  0.15    0.00    0.00   clock clk (rise edge)
                          0.00    0.00   clock network delay (ideal)
                  0.15    0.00    0.00 ^ _422_/CLK (sky130_fd_sc_hd__dfrtp_2)
                  0.04    0.38    0.38 ^ _422_/Q (sky130_fd_sc_hd__dfrtp_2)
     1    0.00                           u_control.o_start_sort (net)
                  0.04    0.00    0.38 ^ _245_/A (sky130_fd_sc_hd__buf_1)
                  0.75    0.59    0.97 ^ _245_/X (sky130_fd_sc_hd__buf_1)
    20    0.06                           _098_ (net)
                  0.75    0.00    0.97 ^ _356_/S (sky130_fd_sc_hd__mux2_2)
                  0.05    0.42    1.40 v _356_/X (sky130_fd_sc_hd__mux2_2)
     1    0.00                           _172_ (net)
                  0.05    0.00    1.40 v _357_/A (sky130_fd_sc_hd__buf_1)
                  0.02    0.09    1.48 v _357_/X (sky130_fd_sc_hd__buf_1)
     1    0.00                           _038_ (net)
                  0.02    0.00    1.48 v _458_/D (sky130_fd_sc_hd__dfrtp_2)
                                  1.48   data arrival time

                  0.15   25.00   25.00   clock clk (rise edge)
                          0.00   25.00   clock network delay (ideal)
                         -0.25   24.75   clock uncertainty
                          0.00   24.75   clock reconvergence pessimism
                                 24.75 ^ _458_/CLK (sky130_fd_sc_hd__dfrtp_2)
                         -0.08   24.67   library setup time
                                 24.67   data required time
-----------------------------------------------------------------------------
                                 24.67   data required time
                                 -1.48   data arrival time
-----------------------------------------------------------------------------
                                 23.19   slack (MET)


Startpoint: _422_ (rising edge-triggered flip-flop clocked by clk)
Endpoint: _459_ (rising edge-triggered flip-flop clocked by clk)
Path Group: clk
Path Type: max

Fanout     Cap    Slew   Delay    Time   Description
-----------------------------------------------------------------------------
                  0.15    0.00    0.00   clock clk (rise edge)
                          0.00    0.00   clock network delay (ideal)
                  0.15    0.00    0.00 ^ _422_/CLK (sky130_fd_sc_hd__dfrtp_2)
                  0.04    0.38    0.38 ^ _422_/Q (sky130_fd_sc_hd__dfrtp_2)
     1    0.00                           u_control.o_start_sort (net)
                  0.04    0.00    0.38 ^ _245_/A (sky130_fd_sc_hd__buf_1)
                  0.75    0.59    0.97 ^ _245_/X (sky130_fd_sc_hd__buf_1)
    20    0.06                           _098_ (net)
                  0.75    0.00    0.97 ^ _358_/S (sky130_fd_sc_hd__mux2_2)
                  0.05    0.42    1.40 v _358_/X (sky130_fd_sc_hd__mux2_2)
     1    0.00                           _173_ (net)
                  0.05    0.00    1.40 v _359_/A (sky130_fd_sc_hd__buf_1)
                  0.02    0.09    1.48 v _359_/X (sky130_fd_sc_hd__buf_1)
     1    0.00                           _039_ (net)
                  0.02    0.00    1.48 v _459_/D (sky130_fd_sc_hd__dfrtp_2)
                                  1.48   data arrival time

                  0.15   25.00   25.00   clock clk (rise edge)
                          0.00   25.00   clock network delay (ideal)
                         -0.25   24.75   clock uncertainty
                          0.00   24.75   clock reconvergence pessimism
                                 24.75 ^ _459_/CLK (sky130_fd_sc_hd__dfrtp_2)
                         -0.08   24.67   library setup time
                                 24.67   data required time
-----------------------------------------------------------------------------
                                 24.67   data required time
                                 -1.48   data arrival time
-----------------------------------------------------------------------------
                                 23.19   slack (MET)


Startpoint: _422_ (rising edge-triggered flip-flop clocked by clk)
Endpoint: _460_ (rising edge-triggered flip-flop clocked by clk)
Path Group: clk
Path Type: max

Fanout     Cap    Slew   Delay    Time   Description
-----------------------------------------------------------------------------
                  0.15    0.00    0.00   clock clk (rise edge)
                          0.00    0.00   clock network delay (ideal)
                  0.15    0.00    0.00 ^ _422_/CLK (sky130_fd_sc_hd__dfrtp_2)
                  0.04    0.38    0.38 ^ _422_/Q (sky130_fd_sc_hd__dfrtp_2)
     1    0.00                           u_control.o_start_sort (net)
                  0.04    0.00    0.38 ^ _245_/A (sky130_fd_sc_hd__buf_1)
                  0.75    0.59    0.97 ^ _245_/X (sky130_fd_sc_hd__buf_1)
    20    0.06                           _098_ (net)
                  0.75    0.00    0.97 ^ _360_/S (sky130_fd_sc_hd__mux2_2)
                  0.05    0.42    1.40 v _360_/X (sky130_fd_sc_hd__mux2_2)
     1    0.00                           _174_ (net)
                  0.05    0.00    1.40 v _361_/A (sky130_fd_sc_hd__buf_1)
                  0.02    0.09    1.48 v _361_/X (sky130_fd_sc_hd__buf_1)
     1    0.00                           _040_ (net)
                  0.02    0.00    1.48 v _460_/D (sky130_fd_sc_hd__dfrtp_2)
                                  1.48   data arrival time

                  0.15   25.00   25.00   clock clk (rise edge)
                          0.00   25.00   clock network delay (ideal)
                         -0.25   24.75   clock uncertainty
                          0.00   24.75   clock reconvergence pessimism
                                 24.75 ^ _460_/CLK (sky130_fd_sc_hd__dfrtp_2)
                         -0.08   24.67   library setup time
                                 24.67   data required time
-----------------------------------------------------------------------------
                                 24.67   data required time
                                 -1.48   data arrival time
-----------------------------------------------------------------------------
                                 23.19   slack (MET)


Startpoint: _422_ (rising edge-triggered flip-flop clocked by clk)
Endpoint: _461_ (rising edge-triggered flip-flop clocked by clk)
Path Group: clk
Path Type: max

Fanout     Cap    Slew   Delay    Time   Description
-----------------------------------------------------------------------------
                  0.15    0.00    0.00   clock clk (rise edge)
                          0.00    0.00   clock network delay (ideal)
                  0.15    0.00    0.00 ^ _422_/CLK (sky130_fd_sc_hd__dfrtp_2)
                  0.04    0.38    0.38 ^ _422_/Q (sky130_fd_sc_hd__dfrtp_2)
     1    0.00                           u_control.o_start_sort (net)
                  0.04    0.00    0.38 ^ _245_/A (sky130_fd_sc_hd__buf_1)
                  0.75    0.59    0.97 ^ _245_/X (sky130_fd_sc_hd__buf_1)
    20    0.06                           _098_ (net)
                  0.75    0.00    0.97 ^ _362_/S (sky130_fd_sc_hd__mux2_2)
                  0.05    0.42    1.40 v _362_/X (sky130_fd_sc_hd__mux2_2)
     1    0.00                           _175_ (net)
                  0.05    0.00    1.40 v _363_/A (sky130_fd_sc_hd__buf_1)
                  0.02    0.09    1.48 v _363_/X (sky130_fd_sc_hd__buf_1)
     1    0.00                           _041_ (net)
                  0.02    0.00    1.48 v _461_/D (sky130_fd_sc_hd__dfrtp_2)
                                  1.48   data arrival time

                  0.15   25.00   25.00   clock clk (rise edge)
                          0.00   25.00   clock network delay (ideal)
                         -0.25   24.75   clock uncertainty
                          0.00   24.75   clock reconvergence pessimism
                                 24.75 ^ _461_/CLK (sky130_fd_sc_hd__dfrtp_2)
                         -0.08   24.67   library setup time
                                 24.67   data required time
-----------------------------------------------------------------------------
                                 24.67   data required time
                                 -1.48   data arrival time
-----------------------------------------------------------------------------
                                 23.19   slack (MET)


Startpoint: _422_ (rising edge-triggered flip-flop clocked by clk)
Endpoint: _462_ (rising edge-triggered flip-flop clocked by clk)
Path Group: clk
Path Type: max

Fanout     Cap    Slew   Delay    Time   Description
-----------------------------------------------------------------------------
                  0.15    0.00    0.00   clock clk (rise edge)
                          0.00    0.00   clock network delay (ideal)
                  0.15    0.00    0.00 ^ _422_/CLK (sky130_fd_sc_hd__dfrtp_2)
                  0.04    0.38    0.38 ^ _422_/Q (sky130_fd_sc_hd__dfrtp_2)
     1    0.00                           u_control.o_start_sort (net)
                  0.04    0.00    0.38 ^ _245_/A (sky130_fd_sc_hd__buf_1)
                  0.75    0.59    0.97 ^ _245_/X (sky130_fd_sc_hd__buf_1)
    20    0.06                           _098_ (net)
                  0.75    0.00    0.97 ^ _364_/S (sky130_fd_sc_hd__mux2_2)
                  0.05    0.42    1.40 v _364_/X (sky130_fd_sc_hd__mux2_2)
     1    0.00                           _176_ (net)
                  0.05    0.00    1.40 v _365_/A (sky130_fd_sc_hd__buf_1)
                  0.02    0.09    1.48 v _365_/X (sky130_fd_sc_hd__buf_1)
     1    0.00                           _042_ (net)
                  0.02    0.00    1.48 v _462_/D (sky130_fd_sc_hd__dfrtp_2)
                                  1.48   data arrival time

                  0.15   25.00   25.00   clock clk (rise edge)
                          0.00   25.00   clock network delay (ideal)
                         -0.25   24.75   clock uncertainty
                          0.00   24.75   clock reconvergence pessimism
                                 24.75 ^ _462_/CLK (sky130_fd_sc_hd__dfrtp_2)
                         -0.08   24.67   library setup time
                                 24.67   data required time
-----------------------------------------------------------------------------
                                 24.67   data required time
                                 -1.48   data arrival time
-----------------------------------------------------------------------------
                                 23.19   slack (MET)


Startpoint: _422_ (rising edge-triggered flip-flop clocked by clk)
Endpoint: _463_ (rising edge-triggered flip-flop clocked by clk)
Path Group: clk
Path Type: max

Fanout     Cap    Slew   Delay    Time   Description
-----------------------------------------------------------------------------
                  0.15    0.00    0.00   clock clk (rise edge)
                          0.00    0.00   clock network delay (ideal)
                  0.15    0.00    0.00 ^ _422_/CLK (sky130_fd_sc_hd__dfrtp_2)
                  0.04    0.38    0.38 ^ _422_/Q (sky130_fd_sc_hd__dfrtp_2)
     1    0.00                           u_control.o_start_sort (net)
                  0.04    0.00    0.38 ^ _245_/A (sky130_fd_sc_hd__buf_1)
                  0.75    0.59    0.97 ^ _245_/X (sky130_fd_sc_hd__buf_1)
    20    0.06                           _098_ (net)
                  0.75    0.00    0.97 ^ _366_/S (sky130_fd_sc_hd__mux2_2)
                  0.05    0.42    1.40 v _366_/X (sky130_fd_sc_hd__mux2_2)
     1    0.00                           _177_ (net)
                  0.05    0.00    1.40 v _367_/A (sky130_fd_sc_hd__buf_1)
                  0.02    0.09    1.48 v _367_/X (sky130_fd_sc_hd__buf_1)
     1    0.00                           _043_ (net)
                  0.02    0.00    1.48 v _463_/D (sky130_fd_sc_hd__dfrtp_2)
                                  1.48   data arrival time

                  0.15   25.00   25.00   clock clk (rise edge)
                          0.00   25.00   clock network delay (ideal)
                         -0.25   24.75   clock uncertainty
                          0.00   24.75   clock reconvergence pessimism
                                 24.75 ^ _463_/CLK (sky130_fd_sc_hd__dfrtp_2)
                         -0.08   24.67   library setup time
                                 24.67   data required time
-----------------------------------------------------------------------------
                                 24.67   data required time
                                 -1.48   data arrival time
-----------------------------------------------------------------------------
                                 23.19   slack (MET)


Startpoint: _422_ (rising edge-triggered flip-flop clocked by clk)
Endpoint: _464_ (rising edge-triggered flip-flop clocked by clk)
Path Group: clk
Path Type: max

Fanout     Cap    Slew   Delay    Time   Description
-----------------------------------------------------------------------------
                  0.15    0.00    0.00   clock clk (rise edge)
                          0.00    0.00   clock network delay (ideal)
                  0.15    0.00    0.00 ^ _422_/CLK (sky130_fd_sc_hd__dfrtp_2)
                  0.04    0.38    0.38 ^ _422_/Q (sky130_fd_sc_hd__dfrtp_2)
     1    0.00                           u_control.o_start_sort (net)
                  0.04    0.00    0.38 ^ _245_/A (sky130_fd_sc_hd__buf_1)
                  0.75    0.59    0.97 ^ _245_/X (sky130_fd_sc_hd__buf_1)
    20    0.06                           _098_ (net)
                  0.75    0.00    0.97 ^ _368_/S (sky130_fd_sc_hd__mux2_2)
                  0.05    0.42    1.40 v _368_/X (sky130_fd_sc_hd__mux2_2)
     1    0.00                           _178_ (net)
                  0.05    0.00    1.40 v _369_/A (sky130_fd_sc_hd__buf_1)
                  0.02    0.09    1.48 v _369_/X (sky130_fd_sc_hd__buf_1)
     1    0.00                           _044_ (net)
                  0.02    0.00    1.48 v _464_/D (sky130_fd_sc_hd__dfrtp_2)
                                  1.48   data arrival time

                  0.15   25.00   25.00   clock clk (rise edge)
                          0.00   25.00   clock network delay (ideal)
                         -0.25   24.75   clock uncertainty
                          0.00   24.75   clock reconvergence pessimism
                                 24.75 ^ _464_/CLK (sky130_fd_sc_hd__dfrtp_2)
                         -0.08   24.67   library setup time
                                 24.67   data required time
-----------------------------------------------------------------------------
                                 24.67   data required time
                                 -1.48   data arrival time
-----------------------------------------------------------------------------
                                 23.19   slack (MET)


Startpoint: _422_ (rising edge-triggered flip-flop clocked by clk)
Endpoint: _465_ (rising edge-triggered flip-flop clocked by clk)
Path Group: clk
Path Type: max

Fanout     Cap    Slew   Delay    Time   Description
-----------------------------------------------------------------------------
                  0.15    0.00    0.00   clock clk (rise edge)
                          0.00    0.00   clock network delay (ideal)
                  0.15    0.00    0.00 ^ _422_/CLK (sky130_fd_sc_hd__dfrtp_2)
                  0.04    0.38    0.38 ^ _422_/Q (sky130_fd_sc_hd__dfrtp_2)
     1    0.00                           u_control.o_start_sort (net)
                  0.04    0.00    0.38 ^ _245_/A (sky130_fd_sc_hd__buf_1)
                  0.75    0.59    0.97 ^ _245_/X (sky130_fd_sc_hd__buf_1)
    20    0.06                           _098_ (net)
                  0.75    0.00    0.97 ^ _370_/S (sky130_fd_sc_hd__mux2_2)
                  0.05    0.42    1.40 v _370_/X (sky130_fd_sc_hd__mux2_2)
     1    0.00                           _179_ (net)
                  0.05    0.00    1.40 v _371_/A (sky130_fd_sc_hd__buf_1)
                  0.02    0.09    1.48 v _371_/X (sky130_fd_sc_hd__buf_1)
     1    0.00                           _045_ (net)
                  0.02    0.00    1.48 v _465_/D (sky130_fd_sc_hd__dfrtp_2)
                                  1.48   data arrival time

                  0.15   25.00   25.00   clock clk (rise edge)
                          0.00   25.00   clock network delay (ideal)
                         -0.25   24.75   clock uncertainty
                          0.00   24.75   clock reconvergence pessimism
                                 24.75 ^ _465_/CLK (sky130_fd_sc_hd__dfrtp_2)
                         -0.08   24.67   library setup time
                                 24.67   data required time
-----------------------------------------------------------------------------
                                 24.67   data required time
                                 -1.48   data arrival time
-----------------------------------------------------------------------------
                                 23.19   slack (MET)


Startpoint: _422_ (rising edge-triggered flip-flop clocked by clk)
Endpoint: _466_ (rising edge-triggered flip-flop clocked by clk)
Path Group: clk
Path Type: max

Fanout     Cap    Slew   Delay    Time   Description
-----------------------------------------------------------------------------
                  0.15    0.00    0.00   clock clk (rise edge)
                          0.00    0.00   clock network delay (ideal)
                  0.15    0.00    0.00 ^ _422_/CLK (sky130_fd_sc_hd__dfrtp_2)
                  0.04    0.38    0.38 ^ _422_/Q (sky130_fd_sc_hd__dfrtp_2)
     1    0.00                           u_control.o_start_sort (net)
                  0.04    0.00    0.38 ^ _245_/A (sky130_fd_sc_hd__buf_1)
                  0.75    0.59    0.97 ^ _245_/X (sky130_fd_sc_hd__buf_1)
    20    0.06                           _098_ (net)
                  0.75    0.00    0.97 ^ _372_/S (sky130_fd_sc_hd__mux2_2)
                  0.05    0.42    1.40 v _372_/X (sky130_fd_sc_hd__mux2_2)
     1    0.00                           _180_ (net)
                  0.05    0.00    1.40 v _373_/A (sky130_fd_sc_hd__buf_1)
                  0.02    0.09    1.48 v _373_/X (sky130_fd_sc_hd__buf_1)
     1    0.00                           _046_ (net)
                  0.02    0.00    1.48 v _466_/D (sky130_fd_sc_hd__dfrtp_2)
                                  1.48   data arrival time

                  0.15   25.00   25.00   clock clk (rise edge)
                          0.00   25.00   clock network delay (ideal)
                         -0.25   24.75   clock uncertainty
                          0.00   24.75   clock reconvergence pessimism
                                 24.75 ^ _466_/CLK (sky130_fd_sc_hd__dfrtp_2)
                         -0.08   24.67   library setup time
                                 24.67   data required time
-----------------------------------------------------------------------------
                                 24.67   data required time
                                 -1.48   data arrival time
-----------------------------------------------------------------------------
                                 23.19   slack (MET)


Startpoint: _422_ (rising edge-triggered flip-flop clocked by clk)
Endpoint: _467_ (rising edge-triggered flip-flop clocked by clk)
Path Group: clk
Path Type: max

Fanout     Cap    Slew   Delay    Time   Description
-----------------------------------------------------------------------------
                  0.15    0.00    0.00   clock clk (rise edge)
                          0.00    0.00   clock network delay (ideal)
                  0.15    0.00    0.00 ^ _422_/CLK (sky130_fd_sc_hd__dfrtp_2)
                  0.04    0.38    0.38 ^ _422_/Q (sky130_fd_sc_hd__dfrtp_2)
     1    0.00                           u_control.o_start_sort (net)
                  0.04    0.00    0.38 ^ _245_/A (sky130_fd_sc_hd__buf_1)
                  0.75    0.59    0.97 ^ _245_/X (sky130_fd_sc_hd__buf_1)
    20    0.06                           _098_ (net)
                  0.75    0.00    0.97 ^ _374_/S (sky130_fd_sc_hd__mux2_2)
                  0.05    0.42    1.40 v _374_/X (sky130_fd_sc_hd__mux2_2)
     1    0.00                           _181_ (net)
                  0.05    0.00    1.40 v _375_/A (sky130_fd_sc_hd__buf_1)
                  0.02    0.09    1.48 v _375_/X (sky130_fd_sc_hd__buf_1)
     1    0.00                           _047_ (net)
                  0.02    0.00    1.48 v _467_/D (sky130_fd_sc_hd__dfrtp_2)
                                  1.48   data arrival time

                  0.15   25.00   25.00   clock clk (rise edge)
                          0.00   25.00   clock network delay (ideal)
                         -0.25   24.75   clock uncertainty
                          0.00   24.75   clock reconvergence pessimism
                                 24.75 ^ _467_/CLK (sky130_fd_sc_hd__dfrtp_2)
                         -0.08   24.67   library setup time
                                 24.67   data required time
-----------------------------------------------------------------------------
                                 24.67   data required time
                                 -1.48   data arrival time
-----------------------------------------------------------------------------
                                 23.19   slack (MET)


Startpoint: _476_ (rising edge-triggered flip-flop clocked by clk)
Endpoint: _479_ (rising edge-triggered flip-flop clocked by clk)
Path Group: clk
Path Type: max

Fanout     Cap    Slew   Delay    Time   Description
-----------------------------------------------------------------------------
                  0.15    0.00    0.00   clock clk (rise edge)
                          0.00    0.00   clock network delay (ideal)
                  0.15    0.00    0.00 ^ _476_/CLK (sky130_fd_sc_hd__dfrtp_2)
                  0.04    0.38    0.38 ^ _476_/Q (sky130_fd_sc_hd__dfrtp_2)
     1    0.00                           u_sort.bucket_counter[1] (net)
                  0.04    0.00    0.38 ^ _218_/A (sky130_fd_sc_hd__buf_1)
                  0.57    0.46    0.84 ^ _218_/X (sky130_fd_sc_hd__buf_1)
    10    0.05                           _071_ (net)
                  0.57    0.00    0.84 ^ _232_/B (sky130_fd_sc_hd__xnor2_2)
                  0.15    0.19    1.03 ^ _232_/Y (sky130_fd_sc_hd__xnor2_2)
     2    0.01                           _085_ (net)
                  0.15    0.00    1.03 ^ _254_/B (sky130_fd_sc_hd__nand3_2)
                  0.08    0.12    1.14 v _254_/Y (sky130_fd_sc_hd__nand3_2)
     2    0.01                           _106_ (net)
                  0.08    0.00    1.14 v _404_/A2 (sky130_fd_sc_hd__o21ai_2)
                  0.10    0.13    1.28 ^ _404_/Y (sky130_fd_sc_hd__o21ai_2)
     1    0.00                           _201_ (net)
                  0.10    0.00    1.28 ^ _405_/B (sky130_fd_sc_hd__nand2_2)
                  0.04    0.05    1.33 v _405_/Y (sky130_fd_sc_hd__nand2_2)
     1    0.00                           _057_ (net)
                  0.04    0.00    1.33 v _479_/D (sky130_fd_sc_hd__dfrtp_2)
                                  1.33   data arrival time

                  0.15   25.00   25.00   clock clk (rise edge)
                          0.00   25.00   clock network delay (ideal)
                         -0.25   24.75   clock uncertainty
                          0.00   24.75   clock reconvergence pessimism
                                 24.75 ^ _479_/CLK (sky130_fd_sc_hd__dfrtp_2)
                         -0.09   24.66   library setup time
                                 24.66   data required time
-----------------------------------------------------------------------------
                                 24.66   data required time
                                 -1.33   data arrival time
-----------------------------------------------------------------------------
                                 23.33   slack (MET)



max_report_end
checks_report

===========================================================================
report_checks -unconstrained
===========================================================================
======================= Typical Corner ===================================

Startpoint: rst_n (input port clocked by clk)
Endpoint: _422_ (recovery check against rising-edge clock clk)
Path Group: asynchronous
Path Type: max

Fanout     Cap    Slew   Delay    Time   Description
-----------------------------------------------------------------------------
                  0.15    0.00    0.00   clock clk (rise edge)
                          0.00    0.00   clock network delay (ideal)
                          5.00    5.00 ^ input external delay
                  1.06    0.76    5.76 ^ rst_n (in)
    65    0.23                           rst_n (net)
                  1.06    0.00    5.76 ^ _422_/RESET_B (sky130_fd_sc_hd__dfrtp_2)
                                  5.76   data arrival time

                  0.15   25.00   25.00   clock clk (rise edge)
                          0.00   25.00   clock network delay (ideal)
                         -0.25   24.75   clock uncertainty
                          0.00   24.75   clock reconvergence pessimism
                                 24.75 ^ _422_/CLK (sky130_fd_sc_hd__dfrtp_2)
                         -0.07   24.68   library recovery time
                                 24.68   data required time
-----------------------------------------------------------------------------
                                 24.68   data required time
                                 -5.76   data arrival time
-----------------------------------------------------------------------------
                                 18.92   slack (MET)


Startpoint: i_valid (input port clocked by clk)
Endpoint: _426_ (rising edge-triggered flip-flop clocked by clk)
Path Group: clk
Path Type: max

Fanout     Cap    Slew   Delay    Time   Description
-----------------------------------------------------------------------------
                  0.15    0.00    0.00   clock clk (rise edge)
                          0.00    0.00   clock network delay (ideal)
                          5.00    5.00 ^ input external delay
                  0.02    0.01    5.01 ^ i_valid (in)
     1    0.00                           i_valid (net)
                  0.02    0.00    5.01 ^ _211_/A (sky130_fd_sc_hd__buf_1)
                  0.46    0.38    5.39 ^ _211_/X (sky130_fd_sc_hd__buf_1)
    13    0.04                           _065_ (net)
                  0.46    0.00    5.39 ^ _278_/C1 (sky130_fd_sc_hd__o221a_2)
                  0.11    0.35    5.74 ^ _278_/X (sky130_fd_sc_hd__o221a_2)
     5    0.02                           _126_ (net)
                  0.11    0.00    5.74 ^ _279_/S (sky130_fd_sc_hd__mux2_2)
                  0.05    0.35    6.09 v _279_/X (sky130_fd_sc_hd__mux2_2)
     1    0.00                           _127_ (net)
                  0.05    0.00    6.09 v _280_/A (sky130_fd_sc_hd__buf_1)
                  0.02    0.09    6.18 v _280_/X (sky130_fd_sc_hd__buf_1)
     1    0.00                           _006_ (net)
                  0.02    0.00    6.18 v _426_/D (sky130_fd_sc_hd__dfrtp_2)
                                  6.18   data arrival time

                  0.15   25.00   25.00   clock clk (rise edge)
                          0.00   25.00   clock network delay (ideal)
                         -0.25   24.75   clock uncertainty
                          0.00   24.75   clock reconvergence pessimism
                                 24.75 ^ _426_/CLK (sky130_fd_sc_hd__dfrtp_2)
                         -0.08   24.67   library setup time
                                 24.67   data required time
-----------------------------------------------------------------------------
                                 24.67   data required time
                                 -6.18   data arrival time
-----------------------------------------------------------------------------
                                 18.49   slack (MET)




===========================================================================
report_checks --slack_max -0.01
============================================================================
======================= Typical Corner ===================================

No paths found.


===========================================================================
 report_check_types -max_slew -max_cap -max_fanout -violators
============================================================================
======================= Typical Corner ===================================

max slew

Pin                                    Limit    Slew   Slack
------------------------------------------------------------
rst_n                                   0.75    1.06   -0.31 (VIOLATED)
_422_/RESET_B                           0.75    1.06   -0.31 (VIOLATED)
_423_/RESET_B                           0.75    1.06   -0.31 (VIOLATED)
_424_/RESET_B                           0.75    1.06   -0.31 (VIOLATED)
_425_/RESET_B                           0.75    1.06   -0.31 (VIOLATED)
_426_/RESET_B                           0.75    1.06   -0.31 (VIOLATED)
_427_/RESET_B                           0.75    1.06   -0.31 (VIOLATED)
_428_/RESET_B                           0.75    1.06   -0.31 (VIOLATED)
_429_/RESET_B                           0.75    1.06   -0.31 (VIOLATED)
_430_/RESET_B                           0.75    1.06   -0.31 (VIOLATED)
_431_/RESET_B                           0.75    1.06   -0.31 (VIOLATED)
_432_/RESET_B                           0.75    1.06   -0.31 (VIOLATED)
_433_/RESET_B                           0.75    1.06   -0.31 (VIOLATED)
_434_/RESET_B                           0.75    1.06   -0.31 (VIOLATED)
_435_/RESET_B                           0.75    1.06   -0.31 (VIOLATED)
_436_/RESET_B                           0.75    1.06   -0.31 (VIOLATED)
_437_/RESET_B                           0.75    1.06   -0.31 (VIOLATED)
_438_/RESET_B                           0.75    1.06   -0.31 (VIOLATED)
_439_/RESET_B                           0.75    1.06   -0.31 (VIOLATED)
_440_/RESET_B                           0.75    1.06   -0.31 (VIOLATED)
_441_/RESET_B                           0.75    1.06   -0.31 (VIOLATED)
_442_/RESET_B                           0.75    1.06   -0.31 (VIOLATED)
_443_/RESET_B                           0.75    1.06   -0.31 (VIOLATED)
_444_/RESET_B                           0.75    1.06   -0.31 (VIOLATED)
_445_/RESET_B                           0.75    1.06   -0.31 (VIOLATED)
_446_/RESET_B                           0.75    1.06   -0.31 (VIOLATED)
_447_/RESET_B                           0.75    1.06   -0.31 (VIOLATED)
_448_/RESET_B                           0.75    1.06   -0.31 (VIOLATED)
_449_/RESET_B                           0.75    1.06   -0.31 (VIOLATED)
_450_/RESET_B                           0.75    1.06   -0.31 (VIOLATED)
_451_/RESET_B                           0.75    1.06   -0.31 (VIOLATED)
_452_/RESET_B                           0.75    1.06   -0.31 (VIOLATED)
_453_/RESET_B                           0.75    1.06   -0.31 (VIOLATED)
_454_/RESET_B                           0.75    1.06   -0.31 (VIOLATED)
_455_/RESET_B                           0.75    1.06   -0.31 (VIOLATED)
_456_/RESET_B                           0.75    1.06   -0.31 (VIOLATED)
_457_/RESET_B                           0.75    1.06   -0.31 (VIOLATED)
_458_/RESET_B                           0.75    1.06   -0.31 (VIOLATED)
_459_/RESET_B                           0.75    1.06   -0.31 (VIOLATED)
_460_/RESET_B                           0.75    1.06   -0.31 (VIOLATED)
_461_/RESET_B                           0.75    1.06   -0.31 (VIOLATED)
_462_/RESET_B                           0.75    1.06   -0.31 (VIOLATED)
_463_/RESET_B                           0.75    1.06   -0.31 (VIOLATED)
_464_/RESET_B                           0.75    1.06   -0.31 (VIOLATED)
_465_/RESET_B                           0.75    1.06   -0.31 (VIOLATED)
_466_/RESET_B                           0.75    1.06   -0.31 (VIOLATED)
_467_/RESET_B                           0.75    1.06   -0.31 (VIOLATED)
_468_/RESET_B                           0.75    1.06   -0.31 (VIOLATED)
_469_/RESET_B                           0.75    1.06   -0.31 (VIOLATED)
_470_/RESET_B                           0.75    1.06   -0.31 (VIOLATED)
_471_/RESET_B                           0.75    1.06   -0.31 (VIOLATED)
_472_/RESET_B                           0.75    1.06   -0.31 (VIOLATED)
_473_/RESET_B                           0.75    1.06   -0.31 (VIOLATED)
_474_/RESET_B                           0.75    1.06   -0.31 (VIOLATED)
_475_/RESET_B                           0.75    1.06   -0.31 (VIOLATED)
_476_/RESET_B                           0.75    1.06   -0.31 (VIOLATED)
_477_/RESET_B                           0.75    1.06   -0.31 (VIOLATED)
_478_/RESET_B                           0.75    1.06   -0.31 (VIOLATED)
_479_/RESET_B                           0.75    1.06   -0.31 (VIOLATED)
_480_/RESET_B                           0.75    1.06   -0.31 (VIOLATED)
_481_/RESET_B                           0.75    1.06   -0.31 (VIOLATED)
_482_/RESET_B                           0.75    1.06   -0.31 (VIOLATED)
_483_/RESET_B                           0.75    1.06   -0.31 (VIOLATED)
_484_/RESET_B                           0.75    1.06   -0.31 (VIOLATED)
_485_/RESET_B                           0.75    1.06   -0.31 (VIOLATED)
_486_/RESET_B                           0.75    1.06   -0.31 (VIOLATED)



===========================================================================
report_parasitic_annotation -report_unannotated
============================================================================
Found 294 unannotated drivers.
 clk
 i_valid
 i_value0[0]
 i_value0[1]
 i_value0[2]
 i_value1[0]
 i_value1[1]
 i_value1[2]
 i_value2[0]
 i_value2[1]
 i_value2[2]
 i_value3[0]
 i_value3[1]
 i_value3[2]
 i_value4[0]
 i_value4[1]
 i_value4[2]
 rst_n
 _211_/X
 _212_/X
 _213_/X
 _214_/X
 _215_/Y
 _216_/Y
 _217_/Y
 _218_/X
 _219_/X
 _220_/Y
 _221_/X
 _222_/X
 _223_/X
 _224_/X
 _225_/Y
 _226_/X
 _227_/Y
 _228_/X
 _229_/X
 _230_/X
 _231_/Y
 _232_/Y
 _233_/Y
 _234_/X
 _235_/Y
 _236_/Y
 _237_/X
 _238_/X
 _239_/X
 _240_/Y
 _241_/X
 _242_/X
 _243_/X
 _244_/X
 _245_/X
 _246_/Y
 _247_/X
 _248_/X
 _249_/Y
 _250_/X
 _251_/Y
 _252_/Y
 _253_/X
 _254_/Y
 _255_/Y
 _256_/Y
 _257_/X
 _258_/Y
 _259_/X
 _260_/Y
 _261_/Y
 _262_/Y
 _263_/Y
 _264_/X
 _265_/X
 _266_/X
 _267_/X
 _268_/X
 _269_/X
 _270_/X
 _271_/X
 _272_/X
 _273_/Y
 _274_/Y
 _275_/Y
 _276_/X
 _277_/X
 _278_/X
 _279_/X
 _280_/X
 _281_/X
 _282_/X
 _283_/X
 _284_/Y
 _285_/Y
 _286_/Y
 _287_/X
 _288_/X
 _289_/X
 _290_/X
 _291_/X
 _292_/X
 _293_/X
 _294_/X
 _295_/X
 _296_/X
 _297_/X
 _298_/X
 _299_/X
 _300_/X
 _301_/Y
 _302_/Y
 _303_/Y
 _304_/X
 _305_/X
 _306_/X
 _307_/X
 _308_/X
 _309_/X
 _310_/X
 _311_/X
 _312_/X
 _313_/X
 _314_/X
 _315_/X
 _316_/X
 _317_/X
 _318_/Y
 _319_/Y
 _320_/Y
 _321_/X
 _322_/X
 _323_/X
 _324_/X
 _325_/X
 _326_/X
 _327_/X
 _328_/X
 _329_/X
 _330_/X
 _331_/X
 _332_/X
 _333_/X
 _334_/X
 _335_/X
 _336_/X
 _337_/X
 _338_/X
 _339_/X
 _340_/X
 _341_/X
 _342_/X
 _343_/X
 _344_/X
 _345_/X
 _346_/X
 _347_/X
 _348_/X
 _349_/X
 _350_/X
 _351_/X
 _352_/X
 _353_/X
 _354_/X
 _355_/X
 _356_/X
 _357_/X
 _358_/X
 _359_/X
 _360_/X
 _361_/X
 _362_/X
 _363_/X
 _364_/X
 _365_/X
 _366_/X
 _367_/X
 _368_/X
 _369_/X
 _370_/X
 _371_/X
 _372_/X
 _373_/X
 _374_/X
 _375_/X
 _376_/X
 _377_/X
 _378_/X
 _379_/X
 _380_/X
 _381_/X
 _382_/Y
 _383_/Y
 _384_/X
 _385_/X
 _386_/Y
 _387_/X
 _388_/X
 _389_/X
 _390_/X
 _391_/Y
 _392_/X
 _393_/Y
 _394_/X
 _395_/X
 _396_/Y
 _397_/Y
 _398_/X
 _399_/X
 _400_/X
 _401_/Y
 _402_/X
 _403_/Y
 _404_/Y
 _405_/Y
 _406_/Y
 _407_/Y
 _408_/X
 _409_/X
 _410_/X
 _411_/X
 _412_/X
 _413_/X
 _414_/Y
 _415_/X
 _416_/X
 _417_/X
 _418_/Y
 _419_/Y
 _420_/Y
 _421_/Y
 _422_/Q
 _423_/Q
 _424_/Q
 _425_/Q
 _426_/Q
 _427_/Q
 _428_/Q
 _429_/Q
 _430_/Q
 _431_/Q
 _432_/Q
 _433_/Q
 _434_/Q
 _435_/Q
 _436_/Q
 _437_/Q
 _438_/Q
 _439_/Q
 _440_/Q
 _441_/Q
 _442_/Q
 _443_/Q
 _444_/Q
 _445_/Q
 _446_/Q
 _447_/Q
 _448_/Q
 _449_/Q
 _450_/Q
 _451_/Q
 _452_/Q
 _453_/Q
 _454_/Q
 _455_/Q
 _456_/Q
 _457_/Q
 _458_/Q
 _459_/Q
 _460_/Q
 _461_/Q
 _462_/Q
 _463_/Q
 _464_/Q
 _465_/Q
 _466_/Q
 _467_/Q
 _468_/Q
 _469_/Q
 _470_/Q
 _471_/Q
 _472_/Q
 _473_/Q
 _474_/Q
 _475_/Q
 _476_/Q
 _477_/Q
 _478_/Q
 _479_/Q
 _480_/Q
 _481_/Q
 _482_/Q
 _483_/Q
 _484_/Q
 _485_/Q
 _486_/Q
Found 0 partially unannotated drivers.

===========================================================================
max slew violation count 66
max fanout violation count 0
max cap violation count 0
============================================================================

===========================================================================
check_setup -verbose -unconstrained_endpoints -multiple_clock -no_clock -no_input_delay -loops -generated_clocks
===========================================================================
checks_report_end
power_report

===========================================================================
 report_power
============================================================================
======================= Typical Corner ===================================

Group                  Internal  Switching    Leakage      Total
                          Power      Power      Power      Power (Watts)
----------------------------------------------------------------
Sequential             1.51e-04   4.19e-05   6.93e-10   1.93e-04  47.9%
Combinational          1.36e-04   7.39e-05   6.41e-10   2.10e-04  52.1%
Macro                  0.00e+00   0.00e+00   0.00e+00   0.00e+00   0.0%
Pad                    0.00e+00   0.00e+00   0.00e+00   0.00e+00   0.0%
----------------------------------------------------------------
Total                  2.87e-04   1.16e-04   1.33e-09   4.02e-04 100.0%
                          71.2%      28.8%       0.0%

power_report_end
skew_report

===========================================================================
report_clock_skew
============================================================================
Clock clk
Latency      CRPR       Skew
_422_/CLK ^
   0.40
_453_/CLK ^
   0.36      0.00       0.04

skew_report_end
summary_report

===========================================================================
report_tns
============================================================================
tns 0.00

===========================================================================
report_wns
============================================================================
wns 0.00

===========================================================================
report_worst_slack -max (Setup)
============================================================================
worst slack 18.49

===========================================================================
report_worst_slack -min (Hold)
============================================================================
worst slack 0.21
summary_report_end
[WARNING] Did not save OpenROAD database!
Writing SDF to '/openlane/designs/Reformer/runs/MS3/results/synthesis/top.sdf'…
