
===========================================================================
report_checks -path_delay max (Setup)
============================================================================
======================= Typical Corner ===================================

Startpoint: i_valid (input port clocked by clk)
Endpoint: _440_ (rising edge-triggered flip-flop clocked by clk)
Path Group: clk
Path Type: max

Fanout     Cap    Slew   Delay    Time   Description
-----------------------------------------------------------------------------
                  0.15    0.00    0.00   clock clk (rise edge)
                          0.00    0.00   clock network delay (ideal)
                          5.00    5.00 ^ input external delay
                  0.02    0.01    5.01 ^ i_valid (in)
     1    0.00                           i_valid (net)
                  0.02    0.00    5.01 ^ _211_/A (sky130_fd_sc_hd__buf_1)
                  0.65    0.52    5.53 ^ _211_/X (sky130_fd_sc_hd__buf_1)
    13    0.06                           _065_ (net)
                  0.65    0.00    5.53 ^ _289_/C1 (sky130_fd_sc_hd__o221a_2)
                  0.13    0.41    5.94 ^ _289_/X (sky130_fd_sc_hd__o221a_2)
     5    0.02                           _134_ (net)
                  0.13    0.00    5.94 ^ _316_/S (sky130_fd_sc_hd__mux2_2)
                  0.05    0.36    6.29 v _316_/X (sky130_fd_sc_hd__mux2_2)
     1    0.00                           _150_ (net)
                  0.05    0.00    6.29 v _317_/A (sky130_fd_sc_hd__buf_1)
                  0.02    0.09    6.38 v _317_/X (sky130_fd_sc_hd__buf_1)
     1    0.00                           _020_ (net)
                  0.02    0.00    6.38 v _440_/D (sky130_fd_sc_hd__dfrtp_2)
                                  6.38   data arrival time

                  0.15   25.00   25.00   clock clk (rise edge)
                          0.00   25.00   clock network delay (ideal)
                         -0.25   24.75   clock uncertainty
                          0.00   24.75   clock reconvergence pessimism
                                 24.75 ^ _440_/CLK (sky130_fd_sc_hd__dfrtp_2)
                         -0.08   24.67   library setup time
                                 24.67   data required time
-----------------------------------------------------------------------------
                                 24.67   data required time
                                 -6.38   data arrival time
-----------------------------------------------------------------------------
                                 18.29   slack (MET)


Startpoint: i_valid (input port clocked by clk)
Endpoint: _439_ (rising edge-triggered flip-flop clocked by clk)
Path Group: clk
Path Type: max

Fanout     Cap    Slew   Delay    Time   Description
-----------------------------------------------------------------------------
                  0.15    0.00    0.00   clock clk (rise edge)
                          0.00    0.00   clock network delay (ideal)
                          5.00    5.00 ^ input external delay
                  0.02    0.01    5.01 ^ i_valid (in)
     1    0.00                           i_valid (net)
                  0.02    0.00    5.01 ^ _211_/A (sky130_fd_sc_hd__buf_1)
                  0.65    0.52    5.53 ^ _211_/X (sky130_fd_sc_hd__buf_1)
    13    0.06                           _065_ (net)
                  0.65    0.00    5.53 ^ _289_/C1 (sky130_fd_sc_hd__o221a_2)
                  0.13    0.41    5.94 ^ _289_/X (sky130_fd_sc_hd__o221a_2)
     5    0.02                           _134_ (net)
                  0.13    0.00    5.94 ^ _314_/S (sky130_fd_sc_hd__mux2_2)
                  0.05    0.36    6.29 v _314_/X (sky130_fd_sc_hd__mux2_2)
     1    0.00                           _149_ (net)
                  0.05    0.00    6.29 v _315_/A (sky130_fd_sc_hd__buf_1)
                  0.02    0.09    6.38 v _315_/X (sky130_fd_sc_hd__buf_1)
     1    0.00                           _019_ (net)
                  0.02    0.00    6.38 v _439_/D (sky130_fd_sc_hd__dfrtp_2)
                                  6.38   data arrival time

                  0.15   25.00   25.00   clock clk (rise edge)
                          0.00   25.00   clock network delay (ideal)
                         -0.25   24.75   clock uncertainty
                          0.00   24.75   clock reconvergence pessimism
                                 24.75 ^ _439_/CLK (sky130_fd_sc_hd__dfrtp_2)
                         -0.08   24.67   library setup time
                                 24.67   data required time
-----------------------------------------------------------------------------
                                 24.67   data required time
                                 -6.38   data arrival time
-----------------------------------------------------------------------------
                                 18.29   slack (MET)


Startpoint: i_valid (input port clocked by clk)
Endpoint: _429_ (rising edge-triggered flip-flop clocked by clk)
Path Group: clk
Path Type: max

Fanout     Cap    Slew   Delay    Time   Description
-----------------------------------------------------------------------------
                  0.15    0.00    0.00   clock clk (rise edge)
                          0.00    0.00   clock network delay (ideal)
                          5.00    5.00 ^ input external delay
                  0.02    0.01    5.01 ^ i_valid (in)
     1    0.00                           i_valid (net)
                  0.02    0.00    5.01 ^ _211_/A (sky130_fd_sc_hd__buf_1)
                  0.65    0.52    5.53 ^ _211_/X (sky130_fd_sc_hd__buf_1)
    13    0.06                           _065_ (net)
                  0.65    0.00    5.53 ^ _289_/C1 (sky130_fd_sc_hd__o221a_2)
                  0.13    0.41    5.94 ^ _289_/X (sky130_fd_sc_hd__o221a_2)
     5    0.02                           _134_ (net)
                  0.13    0.00    5.94 ^ _290_/S (sky130_fd_sc_hd__mux2_2)
                  0.05    0.36    6.29 v _290_/X (sky130_fd_sc_hd__mux2_2)
     1    0.00                           _135_ (net)
                  0.05    0.00    6.29 v _291_/A (sky130_fd_sc_hd__buf_1)
                  0.02    0.09    6.38 v _291_/X (sky130_fd_sc_hd__buf_1)
     1    0.00                           _009_ (net)
                  0.02    0.00    6.38 v _429_/D (sky130_fd_sc_hd__dfrtp_2)
                                  6.38   data arrival time

                  0.15   25.00   25.00   clock clk (rise edge)
                          0.00   25.00   clock network delay (ideal)
                         -0.25   24.75   clock uncertainty
                          0.00   24.75   clock reconvergence pessimism
                                 24.75 ^ _429_/CLK (sky130_fd_sc_hd__dfrtp_2)
                         -0.08   24.67   library setup time
                                 24.67   data required time
-----------------------------------------------------------------------------
                                 24.67   data required time
                                 -6.38   data arrival time
-----------------------------------------------------------------------------
                                 18.29   slack (MET)


Startpoint: i_valid (input port clocked by clk)
Endpoint: _430_ (rising edge-triggered flip-flop clocked by clk)
Path Group: clk
Path Type: max

Fanout     Cap    Slew   Delay    Time   Description
-----------------------------------------------------------------------------
                  0.15    0.00    0.00   clock clk (rise edge)
                          0.00    0.00   clock network delay (ideal)
                          5.00    5.00 ^ input external delay
                  0.02    0.01    5.01 ^ i_valid (in)
     1    0.00                           i_valid (net)
                  0.02    0.00    5.01 ^ _211_/A (sky130_fd_sc_hd__buf_1)
                  0.65    0.52    5.53 ^ _211_/X (sky130_fd_sc_hd__buf_1)
    13    0.06                           _065_ (net)
                  0.65    0.00    5.53 ^ _289_/C1 (sky130_fd_sc_hd__o221a_2)
                  0.13    0.41    5.94 ^ _289_/X (sky130_fd_sc_hd__o221a_2)
     5    0.02                           _134_ (net)
                  0.13    0.00    5.94 ^ _292_/S (sky130_fd_sc_hd__mux2_2)
                  0.05    0.36    6.29 v _292_/X (sky130_fd_sc_hd__mux2_2)
     1    0.00                           _136_ (net)
                  0.05    0.00    6.29 v _293_/A (sky130_fd_sc_hd__buf_1)
                  0.02    0.09    6.38 v _293_/X (sky130_fd_sc_hd__buf_1)
     1    0.00                           _010_ (net)
                  0.02    0.00    6.38 v _430_/D (sky130_fd_sc_hd__dfrtp_2)
                                  6.38   data arrival time

                  0.15   25.00   25.00   clock clk (rise edge)
                          0.00   25.00   clock network delay (ideal)
                         -0.25   24.75   clock uncertainty
                          0.00   24.75   clock reconvergence pessimism
                                 24.75 ^ _430_/CLK (sky130_fd_sc_hd__dfrtp_2)
                         -0.08   24.67   library setup time
                                 24.67   data required time
-----------------------------------------------------------------------------
                                 24.67   data required time
                                 -6.38   data arrival time
-----------------------------------------------------------------------------
                                 18.29   slack (MET)


Startpoint: i_valid (input port clocked by clk)
Endpoint: _446_ (rising edge-triggered flip-flop clocked by clk)
Path Group: clk
Path Type: max

Fanout     Cap    Slew   Delay    Time   Description
-----------------------------------------------------------------------------
                  0.15    0.00    0.00   clock clk (rise edge)
                          0.00    0.00   clock network delay (ideal)
                          5.00    5.00 ^ input external delay
                  0.02    0.01    5.01 ^ i_valid (in)
     1    0.00                           i_valid (net)
                  0.02    0.00    5.01 ^ _211_/A (sky130_fd_sc_hd__buf_1)
                  0.65    0.52    5.53 ^ _211_/X (sky130_fd_sc_hd__buf_1)
    13    0.06                           _065_ (net)
                  0.65    0.00    5.53 ^ _306_/C1 (sky130_fd_sc_hd__o221a_2)
                  0.13    0.41    5.93 ^ _306_/X (sky130_fd_sc_hd__o221a_2)
     5    0.02                           _145_ (net)
                  0.13    0.00    5.93 ^ _333_/S (sky130_fd_sc_hd__mux2_2)
                  0.05    0.36    6.29 v _333_/X (sky130_fd_sc_hd__mux2_2)
     1    0.00                           _161_ (net)
                  0.05    0.00    6.29 v _334_/A (sky130_fd_sc_hd__buf_1)
                  0.02    0.09    6.38 v _334_/X (sky130_fd_sc_hd__buf_1)
     1    0.00                           _026_ (net)
                  0.02    0.00    6.38 v _446_/D (sky130_fd_sc_hd__dfrtp_2)
                                  6.38   data arrival time

                  0.15   25.00   25.00   clock clk (rise edge)
                          0.00   25.00   clock network delay (ideal)
                         -0.25   24.75   clock uncertainty
                          0.00   24.75   clock reconvergence pessimism
                                 24.75 ^ _446_/CLK (sky130_fd_sc_hd__dfrtp_2)
                         -0.08   24.67   library setup time
                                 24.67   data required time
-----------------------------------------------------------------------------
                                 24.67   data required time
                                 -6.38   data arrival time
-----------------------------------------------------------------------------
                                 18.29   slack (MET)


Startpoint: i_valid (input port clocked by clk)
Endpoint: _438_ (rising edge-triggered flip-flop clocked by clk)
Path Group: clk
Path Type: max

Fanout     Cap    Slew   Delay    Time   Description
-----------------------------------------------------------------------------
                  0.15    0.00    0.00   clock clk (rise edge)
                          0.00    0.00   clock network delay (ideal)
                          5.00    5.00 ^ input external delay
                  0.02    0.01    5.01 ^ i_valid (in)
     1    0.00                           i_valid (net)
                  0.02    0.00    5.01 ^ _211_/A (sky130_fd_sc_hd__buf_1)
                  0.65    0.52    5.53 ^ _211_/X (sky130_fd_sc_hd__buf_1)
    13    0.06                           _065_ (net)
                  0.65    0.00    5.53 ^ _289_/C1 (sky130_fd_sc_hd__o221a_2)
                  0.13    0.41    5.94 ^ _289_/X (sky130_fd_sc_hd__o221a_2)
     5    0.02                           _134_ (net)
                  0.13    0.00    5.94 ^ _312_/S (sky130_fd_sc_hd__mux2_2)
                  0.05    0.36    6.29 v _312_/X (sky130_fd_sc_hd__mux2_2)
     1    0.00                           _148_ (net)
                  0.05    0.00    6.29 v _313_/A (sky130_fd_sc_hd__buf_1)
                  0.02    0.09    6.38 v _313_/X (sky130_fd_sc_hd__buf_1)
     1    0.00                           _018_ (net)
                  0.02    0.00    6.38 v _438_/D (sky130_fd_sc_hd__dfrtp_2)
                                  6.38   data arrival time

                  0.15   25.00   25.00   clock clk (rise edge)
                          0.00   25.00   clock network delay (ideal)
                         -0.25   24.75   clock uncertainty
                          0.00   24.75   clock reconvergence pessimism
                                 24.75 ^ _438_/CLK (sky130_fd_sc_hd__dfrtp_2)
                         -0.08   24.67   library setup time
                                 24.67   data required time
-----------------------------------------------------------------------------
                                 24.67   data required time
                                 -6.38   data arrival time
-----------------------------------------------------------------------------
                                 18.29   slack (MET)


Startpoint: i_valid (input port clocked by clk)
Endpoint: _436_ (rising edge-triggered flip-flop clocked by clk)
Path Group: clk
Path Type: max

Fanout     Cap    Slew   Delay    Time   Description
-----------------------------------------------------------------------------
                  0.15    0.00    0.00   clock clk (rise edge)
                          0.00    0.00   clock network delay (ideal)
                          5.00    5.00 ^ input external delay
                  0.02    0.01    5.01 ^ i_valid (in)
     1    0.00                           i_valid (net)
                  0.02    0.00    5.01 ^ _211_/A (sky130_fd_sc_hd__buf_1)
                  0.65    0.52    5.53 ^ _211_/X (sky130_fd_sc_hd__buf_1)
    13    0.06                           _065_ (net)
                  0.65    0.00    5.53 ^ _306_/C1 (sky130_fd_sc_hd__o221a_2)
                  0.13    0.41    5.93 ^ _306_/X (sky130_fd_sc_hd__o221a_2)
     5    0.02                           _145_ (net)
                  0.13    0.00    5.93 ^ _309_/S (sky130_fd_sc_hd__mux2_2)
                  0.05    0.36    6.29 v _309_/X (sky130_fd_sc_hd__mux2_2)
     1    0.00                           _147_ (net)
                  0.05    0.00    6.29 v _310_/A (sky130_fd_sc_hd__buf_1)
                  0.02    0.09    6.38 v _310_/X (sky130_fd_sc_hd__buf_1)
     1    0.00                           _016_ (net)
                  0.02    0.00    6.38 v _436_/D (sky130_fd_sc_hd__dfrtp_2)
                                  6.38   data arrival time

                  0.15   25.00   25.00   clock clk (rise edge)
                          0.00   25.00   clock network delay (ideal)
                         -0.25   24.75   clock uncertainty
                          0.00   24.75   clock reconvergence pessimism
                                 24.75 ^ _436_/CLK (sky130_fd_sc_hd__dfrtp_2)
                         -0.08   24.67   library setup time
                                 24.67   data required time
-----------------------------------------------------------------------------
                                 24.67   data required time
                                 -6.38   data arrival time
-----------------------------------------------------------------------------
                                 18.29   slack (MET)


Startpoint: i_valid (input port clocked by clk)
Endpoint: _435_ (rising edge-triggered flip-flop clocked by clk)
Path Group: clk
Path Type: max

Fanout     Cap    Slew   Delay    Time   Description
-----------------------------------------------------------------------------
                  0.15    0.00    0.00   clock clk (rise edge)
                          0.00    0.00   clock network delay (ideal)
                          5.00    5.00 ^ input external delay
                  0.02    0.01    5.01 ^ i_valid (in)
     1    0.00                           i_valid (net)
                  0.02    0.00    5.01 ^ _211_/A (sky130_fd_sc_hd__buf_1)
                  0.65    0.52    5.53 ^ _211_/X (sky130_fd_sc_hd__buf_1)
    13    0.06                           _065_ (net)
                  0.65    0.00    5.53 ^ _306_/C1 (sky130_fd_sc_hd__o221a_2)
                  0.13    0.41    5.93 ^ _306_/X (sky130_fd_sc_hd__o221a_2)
     5    0.02                           _145_ (net)
                  0.13    0.00    5.93 ^ _307_/S (sky130_fd_sc_hd__mux2_2)
                  0.05    0.36    6.29 v _307_/X (sky130_fd_sc_hd__mux2_2)
     1    0.00                           _146_ (net)
                  0.05    0.00    6.29 v _308_/A (sky130_fd_sc_hd__buf_1)
                  0.02    0.09    6.38 v _308_/X (sky130_fd_sc_hd__buf_1)
     1    0.00                           _015_ (net)
                  0.02    0.00    6.38 v _435_/D (sky130_fd_sc_hd__dfrtp_2)
                                  6.38   data arrival time

                  0.15   25.00   25.00   clock clk (rise edge)
                          0.00   25.00   clock network delay (ideal)
                         -0.25   24.75   clock uncertainty
                          0.00   24.75   clock reconvergence pessimism
                                 24.75 ^ _435_/CLK (sky130_fd_sc_hd__dfrtp_2)
                         -0.08   24.67   library setup time
                                 24.67   data required time
-----------------------------------------------------------------------------
                                 24.67   data required time
                                 -6.38   data arrival time
-----------------------------------------------------------------------------
                                 18.29   slack (MET)


Startpoint: i_valid (input port clocked by clk)
Endpoint: _447_ (rising edge-triggered flip-flop clocked by clk)
Path Group: clk
Path Type: max

Fanout     Cap    Slew   Delay    Time   Description
-----------------------------------------------------------------------------
                  0.15    0.00    0.00   clock clk (rise edge)
                          0.00    0.00   clock network delay (ideal)
                          5.00    5.00 ^ input external delay
                  0.02    0.01    5.01 ^ i_valid (in)
     1    0.00                           i_valid (net)
                  0.02    0.00    5.01 ^ _211_/A (sky130_fd_sc_hd__buf_1)
                  0.65    0.52    5.53 ^ _211_/X (sky130_fd_sc_hd__buf_1)
    13    0.06                           _065_ (net)
                  0.65    0.00    5.53 ^ _266_/C1 (sky130_fd_sc_hd__o221a_2)
                  0.13    0.40    5.93 ^ _266_/X (sky130_fd_sc_hd__o221a_2)
     5    0.02                           _117_ (net)
                  0.13    0.00    5.93 ^ _335_/S (sky130_fd_sc_hd__mux2_2)
                  0.05    0.36    6.29 v _335_/X (sky130_fd_sc_hd__mux2_2)
     1    0.00                           _162_ (net)
                  0.05    0.00    6.29 v _336_/A (sky130_fd_sc_hd__buf_1)
                  0.02    0.09    6.38 v _336_/X (sky130_fd_sc_hd__buf_1)
     1    0.00                           _027_ (net)
                  0.02    0.00    6.38 v _447_/D (sky130_fd_sc_hd__dfrtp_2)
                                  6.38   data arrival time

                  0.15   25.00   25.00   clock clk (rise edge)
                          0.00   25.00   clock network delay (ideal)
                         -0.25   24.75   clock uncertainty
                          0.00   24.75   clock reconvergence pessimism
                                 24.75 ^ _447_/CLK (sky130_fd_sc_hd__dfrtp_2)
                         -0.08   24.67   library setup time
                                 24.67   data required time
-----------------------------------------------------------------------------
                                 24.67   data required time
                                 -6.38   data arrival time
-----------------------------------------------------------------------------
                                 18.29   slack (MET)


Startpoint: i_valid (input port clocked by clk)
Endpoint: _444_ (rising edge-triggered flip-flop clocked by clk)
Path Group: clk
Path Type: max

Fanout     Cap    Slew   Delay    Time   Description
-----------------------------------------------------------------------------
                  0.15    0.00    0.00   clock clk (rise edge)
                          0.00    0.00   clock network delay (ideal)
                          5.00    5.00 ^ input external delay
                  0.02    0.01    5.01 ^ i_valid (in)
     1    0.00                           i_valid (net)
                  0.02    0.00    5.01 ^ _211_/A (sky130_fd_sc_hd__buf_1)
                  0.65    0.52    5.53 ^ _211_/X (sky130_fd_sc_hd__buf_1)
    13    0.06                           _065_ (net)
                  0.65    0.00    5.53 ^ _306_/C1 (sky130_fd_sc_hd__o221a_2)
                  0.13    0.41    5.93 ^ _306_/X (sky130_fd_sc_hd__o221a_2)
     5    0.02                           _145_ (net)
                  0.13    0.00    5.93 ^ _329_/S (sky130_fd_sc_hd__mux2_2)
                  0.05    0.36    6.29 v _329_/X (sky130_fd_sc_hd__mux2_2)
     1    0.00                           _159_ (net)
                  0.05    0.00    6.29 v _330_/A (sky130_fd_sc_hd__buf_1)
                  0.02    0.09    6.38 v _330_/X (sky130_fd_sc_hd__buf_1)
     1    0.00                           _024_ (net)
                  0.02    0.00    6.38 v _444_/D (sky130_fd_sc_hd__dfrtp_2)
                                  6.38   data arrival time

                  0.15   25.00   25.00   clock clk (rise edge)
                          0.00   25.00   clock network delay (ideal)
                         -0.25   24.75   clock uncertainty
                          0.00   24.75   clock reconvergence pessimism
                                 24.75 ^ _444_/CLK (sky130_fd_sc_hd__dfrtp_2)
                         -0.08   24.67   library setup time
                                 24.67   data required time
-----------------------------------------------------------------------------
                                 24.67   data required time
                                 -6.38   data arrival time
-----------------------------------------------------------------------------
                                 18.29   slack (MET)


Startpoint: i_valid (input port clocked by clk)
Endpoint: _424_ (rising edge-triggered flip-flop clocked by clk)
Path Group: clk
Path Type: max

Fanout     Cap    Slew   Delay    Time   Description
-----------------------------------------------------------------------------
                  0.15    0.00    0.00   clock clk (rise edge)
                          0.00    0.00   clock network delay (ideal)
                          5.00    5.00 ^ input external delay
                  0.02    0.01    5.01 ^ i_valid (in)
     1    0.00                           i_valid (net)
                  0.02    0.00    5.01 ^ _211_/A (sky130_fd_sc_hd__buf_1)
                  0.65    0.52    5.53 ^ _211_/X (sky130_fd_sc_hd__buf_1)
    13    0.06                           _065_ (net)
                  0.65    0.00    5.53 ^ _266_/C1 (sky130_fd_sc_hd__o221a_2)
                  0.13    0.40    5.93 ^ _266_/X (sky130_fd_sc_hd__o221a_2)
     5    0.02                           _117_ (net)
                  0.13    0.00    5.93 ^ _269_/S (sky130_fd_sc_hd__mux2_2)
                  0.05    0.36    6.29 v _269_/X (sky130_fd_sc_hd__mux2_2)
     1    0.00                           _119_ (net)
                  0.05    0.00    6.29 v _270_/A (sky130_fd_sc_hd__buf_1)
                  0.02    0.09    6.38 v _270_/X (sky130_fd_sc_hd__buf_1)
     1    0.00                           _004_ (net)
                  0.02    0.00    6.38 v _424_/D (sky130_fd_sc_hd__dfrtp_2)
                                  6.38   data arrival time

                  0.15   25.00   25.00   clock clk (rise edge)
                          0.00   25.00   clock network delay (ideal)
                         -0.25   24.75   clock uncertainty
                          0.00   24.75   clock reconvergence pessimism
                                 24.75 ^ _424_/CLK (sky130_fd_sc_hd__dfrtp_2)
                         -0.08   24.67   library setup time
                                 24.67   data required time
-----------------------------------------------------------------------------
                                 24.67   data required time
                                 -6.38   data arrival time
-----------------------------------------------------------------------------
                                 18.29   slack (MET)


Startpoint: i_valid (input port clocked by clk)
Endpoint: _426_ (rising edge-triggered flip-flop clocked by clk)
Path Group: clk
Path Type: max

Fanout     Cap    Slew   Delay    Time   Description
-----------------------------------------------------------------------------
                  0.15    0.00    0.00   clock clk (rise edge)
                          0.00    0.00   clock network delay (ideal)
                          5.00    5.00 ^ input external delay
                  0.02    0.01    5.01 ^ i_valid (in)
     1    0.00                           i_valid (net)
                  0.02    0.00    5.01 ^ _211_/A (sky130_fd_sc_hd__buf_1)
                  0.65    0.52    5.53 ^ _211_/X (sky130_fd_sc_hd__buf_1)
    13    0.06                           _065_ (net)
                  0.65    0.00    5.53 ^ _278_/C1 (sky130_fd_sc_hd__o221a_2)
                  0.13    0.40    5.93 ^ _278_/X (sky130_fd_sc_hd__o221a_2)
     5    0.02                           _126_ (net)
                  0.13    0.00    5.93 ^ _279_/S (sky130_fd_sc_hd__mux2_2)
                  0.05    0.36    6.29 v _279_/X (sky130_fd_sc_hd__mux2_2)
     1    0.00                           _127_ (net)
                  0.05    0.00    6.29 v _280_/A (sky130_fd_sc_hd__buf_1)
                  0.02    0.09    6.38 v _280_/X (sky130_fd_sc_hd__buf_1)
     1    0.00                           _006_ (net)
                  0.02    0.00    6.38 v _426_/D (sky130_fd_sc_hd__dfrtp_2)
                                  6.38   data arrival time

                  0.15   25.00   25.00   clock clk (rise edge)
                          0.00   25.00   clock network delay (ideal)
                         -0.25   24.75   clock uncertainty
                          0.00   24.75   clock reconvergence pessimism
                                 24.75 ^ _426_/CLK (sky130_fd_sc_hd__dfrtp_2)
                         -0.08   24.67   library setup time
                                 24.67   data required time
-----------------------------------------------------------------------------
                                 24.67   data required time
                                 -6.38   data arrival time
-----------------------------------------------------------------------------
                                 18.29   slack (MET)


Startpoint: i_valid (input port clocked by clk)
Endpoint: _427_ (rising edge-triggered flip-flop clocked by clk)
Path Group: clk
Path Type: max

Fanout     Cap    Slew   Delay    Time   Description
-----------------------------------------------------------------------------
                  0.15    0.00    0.00   clock clk (rise edge)
                          0.00    0.00   clock network delay (ideal)
                          5.00    5.00 ^ input external delay
                  0.02    0.01    5.01 ^ i_valid (in)
     1    0.00                           i_valid (net)
                  0.02    0.00    5.01 ^ _211_/A (sky130_fd_sc_hd__buf_1)
                  0.65    0.52    5.53 ^ _211_/X (sky130_fd_sc_hd__buf_1)
    13    0.06                           _065_ (net)
                  0.65    0.00    5.53 ^ _278_/C1 (sky130_fd_sc_hd__o221a_2)
                  0.13    0.40    5.93 ^ _278_/X (sky130_fd_sc_hd__o221a_2)
     5    0.02                           _126_ (net)
                  0.13    0.00    5.93 ^ _281_/S (sky130_fd_sc_hd__mux2_2)
                  0.05    0.36    6.29 v _281_/X (sky130_fd_sc_hd__mux2_2)
     1    0.00                           _128_ (net)
                  0.05    0.00    6.29 v _282_/A (sky130_fd_sc_hd__buf_1)
                  0.02    0.09    6.38 v _282_/X (sky130_fd_sc_hd__buf_1)
     1    0.00                           _007_ (net)
                  0.02    0.00    6.38 v _427_/D (sky130_fd_sc_hd__dfrtp_2)
                                  6.38   data arrival time

                  0.15   25.00   25.00   clock clk (rise edge)
                          0.00   25.00   clock network delay (ideal)
                         -0.25   24.75   clock uncertainty
                          0.00   24.75   clock reconvergence pessimism
                                 24.75 ^ _427_/CLK (sky130_fd_sc_hd__dfrtp_2)
                         -0.08   24.67   library setup time
                                 24.67   data required time
-----------------------------------------------------------------------------
                                 24.67   data required time
                                 -6.38   data arrival time
-----------------------------------------------------------------------------
                                 18.29   slack (MET)


Startpoint: i_valid (input port clocked by clk)
Endpoint: _445_ (rising edge-triggered flip-flop clocked by clk)
Path Group: clk
Path Type: max

Fanout     Cap    Slew   Delay    Time   Description
-----------------------------------------------------------------------------
                  0.15    0.00    0.00   clock clk (rise edge)
                          0.00    0.00   clock network delay (ideal)
                          5.00    5.00 ^ input external delay
                  0.02    0.01    5.01 ^ i_valid (in)
     1    0.00                           i_valid (net)
                  0.02    0.00    5.01 ^ _211_/A (sky130_fd_sc_hd__buf_1)
                  0.65    0.52    5.53 ^ _211_/X (sky130_fd_sc_hd__buf_1)
    13    0.06                           _065_ (net)
                  0.65    0.00    5.53 ^ _306_/C1 (sky130_fd_sc_hd__o221a_2)
                  0.13    0.41    5.93 ^ _306_/X (sky130_fd_sc_hd__o221a_2)
     5    0.02                           _145_ (net)
                  0.13    0.00    5.93 ^ _331_/S (sky130_fd_sc_hd__mux2_2)
                  0.05    0.36    6.29 v _331_/X (sky130_fd_sc_hd__mux2_2)
     1    0.00                           _160_ (net)
                  0.05    0.00    6.29 v _332_/A (sky130_fd_sc_hd__buf_1)
                  0.02    0.09    6.38 v _332_/X (sky130_fd_sc_hd__buf_1)
     1    0.00                           _025_ (net)
                  0.02    0.00    6.38 v _445_/D (sky130_fd_sc_hd__dfrtp_2)
                                  6.38   data arrival time

                  0.15   25.00   25.00   clock clk (rise edge)
                          0.00   25.00   clock network delay (ideal)
                         -0.25   24.75   clock uncertainty
                          0.00   24.75   clock reconvergence pessimism
                                 24.75 ^ _445_/CLK (sky130_fd_sc_hd__dfrtp_2)
                         -0.08   24.67   library setup time
                                 24.67   data required time
-----------------------------------------------------------------------------
                                 24.67   data required time
                                 -6.38   data arrival time
-----------------------------------------------------------------------------
                                 18.29   slack (MET)


Startpoint: i_valid (input port clocked by clk)
Endpoint: _425_ (rising edge-triggered flip-flop clocked by clk)
Path Group: clk
Path Type: max

Fanout     Cap    Slew   Delay    Time   Description
-----------------------------------------------------------------------------
                  0.15    0.00    0.00   clock clk (rise edge)
                          0.00    0.00   clock network delay (ideal)
                          5.00    5.00 ^ input external delay
                  0.02    0.01    5.01 ^ i_valid (in)
     1    0.00                           i_valid (net)
                  0.02    0.00    5.01 ^ _211_/A (sky130_fd_sc_hd__buf_1)
                  0.65    0.52    5.53 ^ _211_/X (sky130_fd_sc_hd__buf_1)
    13    0.06                           _065_ (net)
                  0.65    0.00    5.53 ^ _266_/C1 (sky130_fd_sc_hd__o221a_2)
                  0.13    0.40    5.93 ^ _266_/X (sky130_fd_sc_hd__o221a_2)
     5    0.02                           _117_ (net)
                  0.13    0.00    5.93 ^ _271_/S (sky130_fd_sc_hd__mux2_2)
                  0.05    0.36    6.29 v _271_/X (sky130_fd_sc_hd__mux2_2)
     1    0.00                           _120_ (net)
                  0.05    0.00    6.29 v _272_/A (sky130_fd_sc_hd__buf_1)
                  0.02    0.09    6.38 v _272_/X (sky130_fd_sc_hd__buf_1)
     1    0.00                           _005_ (net)
                  0.02    0.00    6.38 v _425_/D (sky130_fd_sc_hd__dfrtp_2)
                                  6.38   data arrival time

                  0.15   25.00   25.00   clock clk (rise edge)
                          0.00   25.00   clock network delay (ideal)
                         -0.25   24.75   clock uncertainty
                          0.00   24.75   clock reconvergence pessimism
                                 24.75 ^ _425_/CLK (sky130_fd_sc_hd__dfrtp_2)
                         -0.08   24.67   library setup time
                                 24.67   data required time
-----------------------------------------------------------------------------
                                 24.67   data required time
                                 -6.38   data arrival time
-----------------------------------------------------------------------------
                                 18.29   slack (MET)


Startpoint: i_valid (input port clocked by clk)
Endpoint: _434_ (rising edge-triggered flip-flop clocked by clk)
Path Group: clk
Path Type: max

Fanout     Cap    Slew   Delay    Time   Description
-----------------------------------------------------------------------------
                  0.15    0.00    0.00   clock clk (rise edge)
                          0.00    0.00   clock network delay (ideal)
                          5.00    5.00 ^ input external delay
                  0.02    0.01    5.01 ^ i_valid (in)
     1    0.00                           i_valid (net)
                  0.02    0.00    5.01 ^ _211_/A (sky130_fd_sc_hd__buf_1)
                  0.65    0.52    5.53 ^ _211_/X (sky130_fd_sc_hd__buf_1)
    13    0.06                           _065_ (net)
                  0.65    0.00    5.53 ^ _278_/C1 (sky130_fd_sc_hd__o221a_2)
                  0.13    0.40    5.93 ^ _278_/X (sky130_fd_sc_hd__o221a_2)
     5    0.02                           _126_ (net)
                  0.13    0.00    5.93 ^ _299_/S (sky130_fd_sc_hd__mux2_2)
                  0.05    0.36    6.29 v _299_/X (sky130_fd_sc_hd__mux2_2)
     1    0.00                           _139_ (net)
                  0.05    0.00    6.29 v _300_/A (sky130_fd_sc_hd__buf_1)
                  0.02    0.09    6.38 v _300_/X (sky130_fd_sc_hd__buf_1)
     1    0.00                           _014_ (net)
                  0.02    0.00    6.38 v _434_/D (sky130_fd_sc_hd__dfrtp_2)
                                  6.38   data arrival time

                  0.15   25.00   25.00   clock clk (rise edge)
                          0.00   25.00   clock network delay (ideal)
                         -0.25   24.75   clock uncertainty
                          0.00   24.75   clock reconvergence pessimism
                                 24.75 ^ _434_/CLK (sky130_fd_sc_hd__dfrtp_2)
                         -0.08   24.67   library setup time
                                 24.67   data required time
-----------------------------------------------------------------------------
                                 24.67   data required time
                                 -6.38   data arrival time
-----------------------------------------------------------------------------
                                 18.29   slack (MET)


Startpoint: i_valid (input port clocked by clk)
Endpoint: _442_ (rising edge-triggered flip-flop clocked by clk)
Path Group: clk
Path Type: max

Fanout     Cap    Slew   Delay    Time   Description
-----------------------------------------------------------------------------
                  0.15    0.00    0.00   clock clk (rise edge)
                          0.00    0.00   clock network delay (ideal)
                          5.00    5.00 ^ input external delay
                  0.02    0.01    5.01 ^ i_valid (in)
     1    0.00                           i_valid (net)
                  0.02    0.00    5.01 ^ _211_/A (sky130_fd_sc_hd__buf_1)
                  0.65    0.52    5.53 ^ _211_/X (sky130_fd_sc_hd__buf_1)
    13    0.06                           _065_ (net)
                  0.65    0.00    5.53 ^ _323_/C1 (sky130_fd_sc_hd__o221a_2)
                  0.13    0.40    5.93 ^ _323_/X (sky130_fd_sc_hd__o221a_2)
     5    0.02                           _156_ (net)
                  0.13    0.00    5.93 ^ _326_/S (sky130_fd_sc_hd__mux2_2)
                  0.05    0.36    6.29 v _326_/X (sky130_fd_sc_hd__mux2_2)
     1    0.00                           _158_ (net)
                  0.05    0.00    6.29 v _327_/A (sky130_fd_sc_hd__buf_1)
                  0.02    0.09    6.38 v _327_/X (sky130_fd_sc_hd__buf_1)
     1    0.00                           _022_ (net)
                  0.02    0.00    6.38 v _442_/D (sky130_fd_sc_hd__dfrtp_2)
                                  6.38   data arrival time

                  0.15   25.00   25.00   clock clk (rise edge)
                          0.00   25.00   clock network delay (ideal)
                         -0.25   24.75   clock uncertainty
                          0.00   24.75   clock reconvergence pessimism
                                 24.75 ^ _442_/CLK (sky130_fd_sc_hd__dfrtp_2)
                         -0.08   24.67   library setup time
                                 24.67   data required time
-----------------------------------------------------------------------------
                                 24.67   data required time
                                 -6.38   data arrival time
-----------------------------------------------------------------------------
                                 18.29   slack (MET)


Startpoint: i_valid (input port clocked by clk)
Endpoint: _423_ (rising edge-triggered flip-flop clocked by clk)
Path Group: clk
Path Type: max

Fanout     Cap    Slew   Delay    Time   Description
-----------------------------------------------------------------------------
                  0.15    0.00    0.00   clock clk (rise edge)
                          0.00    0.00   clock network delay (ideal)
                          5.00    5.00 ^ input external delay
                  0.02    0.01    5.01 ^ i_valid (in)
     1    0.00                           i_valid (net)
                  0.02    0.00    5.01 ^ _211_/A (sky130_fd_sc_hd__buf_1)
                  0.65    0.52    5.53 ^ _211_/X (sky130_fd_sc_hd__buf_1)
    13    0.06                           _065_ (net)
                  0.65    0.00    5.53 ^ _266_/C1 (sky130_fd_sc_hd__o221a_2)
                  0.13    0.40    5.93 ^ _266_/X (sky130_fd_sc_hd__o221a_2)
     5    0.02                           _117_ (net)
                  0.13    0.00    5.93 ^ _267_/S (sky130_fd_sc_hd__mux2_2)
                  0.05    0.36    6.29 v _267_/X (sky130_fd_sc_hd__mux2_2)
     1    0.00                           _118_ (net)
                  0.05    0.00    6.29 v _268_/A (sky130_fd_sc_hd__buf_1)
                  0.02    0.09    6.38 v _268_/X (sky130_fd_sc_hd__buf_1)
     1    0.00                           _003_ (net)
                  0.02    0.00    6.38 v _423_/D (sky130_fd_sc_hd__dfrtp_2)
                                  6.38   data arrival time

                  0.15   25.00   25.00   clock clk (rise edge)
                          0.00   25.00   clock network delay (ideal)
                         -0.25   24.75   clock uncertainty
                          0.00   24.75   clock reconvergence pessimism
                                 24.75 ^ _423_/CLK (sky130_fd_sc_hd__dfrtp_2)
                         -0.08   24.67   library setup time
                                 24.67   data required time
-----------------------------------------------------------------------------
                                 24.67   data required time
                                 -6.38   data arrival time
-----------------------------------------------------------------------------
                                 18.29   slack (MET)


Startpoint: i_valid (input port clocked by clk)
Endpoint: _452_ (rising edge-triggered flip-flop clocked by clk)
Path Group: clk
Path Type: max

Fanout     Cap    Slew   Delay    Time   Description
-----------------------------------------------------------------------------
                  0.15    0.00    0.00   clock clk (rise edge)
                          0.00    0.00   clock network delay (ideal)
                          5.00    5.00 ^ input external delay
                  0.02    0.01    5.01 ^ i_valid (in)
     1    0.00                           i_valid (net)
                  0.02    0.00    5.01 ^ _211_/A (sky130_fd_sc_hd__buf_1)
                  0.65    0.52    5.53 ^ _211_/X (sky130_fd_sc_hd__buf_1)
    13    0.06                           _065_ (net)
                  0.65    0.00    5.53 ^ _323_/C1 (sky130_fd_sc_hd__o221a_2)
                  0.13    0.40    5.93 ^ _323_/X (sky130_fd_sc_hd__o221a_2)
     5    0.02                           _156_ (net)
                  0.13    0.00    5.93 ^ _344_/S (sky130_fd_sc_hd__mux2_2)
                  0.05    0.36    6.29 v _344_/X (sky130_fd_sc_hd__mux2_2)
     1    0.00                           _166_ (net)
                  0.05    0.00    6.29 v _345_/A (sky130_fd_sc_hd__buf_1)
                  0.02    0.09    6.38 v _345_/X (sky130_fd_sc_hd__buf_1)
     1    0.00                           _032_ (net)
                  0.02    0.00    6.38 v _452_/D (sky130_fd_sc_hd__dfrtp_2)
                                  6.38   data arrival time

                  0.15   25.00   25.00   clock clk (rise edge)
                          0.00   25.00   clock network delay (ideal)
                         -0.25   24.75   clock uncertainty
                          0.00   24.75   clock reconvergence pessimism
                                 24.75 ^ _452_/CLK (sky130_fd_sc_hd__dfrtp_2)
                         -0.08   24.67   library setup time
                                 24.67   data required time
-----------------------------------------------------------------------------
                                 24.67   data required time
                                 -6.38   data arrival time
-----------------------------------------------------------------------------
                                 18.29   slack (MET)


Startpoint: i_valid (input port clocked by clk)
Endpoint: _448_ (rising edge-triggered flip-flop clocked by clk)
Path Group: clk
Path Type: max

Fanout     Cap    Slew   Delay    Time   Description
-----------------------------------------------------------------------------
                  0.15    0.00    0.00   clock clk (rise edge)
                          0.00    0.00   clock network delay (ideal)
                          5.00    5.00 ^ input external delay
                  0.02    0.01    5.01 ^ i_valid (in)
     1    0.00                           i_valid (net)
                  0.02    0.00    5.01 ^ _211_/A (sky130_fd_sc_hd__buf_1)
                  0.65    0.52    5.53 ^ _211_/X (sky130_fd_sc_hd__buf_1)
    13    0.06                           _065_ (net)
                  0.65    0.00    5.53 ^ _266_/C1 (sky130_fd_sc_hd__o221a_2)
                  0.13    0.40    5.93 ^ _266_/X (sky130_fd_sc_hd__o221a_2)
     5    0.02                           _117_ (net)
                  0.13    0.00    5.93 ^ _337_/S (sky130_fd_sc_hd__mux2_2)
                  0.05    0.35    6.29 v _337_/X (sky130_fd_sc_hd__mux2_2)
     1    0.00                           _163_ (net)
                  0.05    0.00    6.29 v _338_/A (sky130_fd_sc_hd__buf_1)
                  0.02    0.09    6.38 v _338_/X (sky130_fd_sc_hd__buf_1)
     1    0.00                           _028_ (net)
                  0.02    0.00    6.38 v _448_/D (sky130_fd_sc_hd__dfrtp_2)
                                  6.38   data arrival time

                  0.15   25.00   25.00   clock clk (rise edge)
                          0.00   25.00   clock network delay (ideal)
                         -0.25   24.75   clock uncertainty
                          0.00   24.75   clock reconvergence pessimism
                                 24.75 ^ _448_/CLK (sky130_fd_sc_hd__dfrtp_2)
                         -0.08   24.67   library setup time
                                 24.67   data required time
-----------------------------------------------------------------------------
                                 24.67   data required time
                                 -6.38   data arrival time
-----------------------------------------------------------------------------
                                 18.29   slack (MET)


Startpoint: i_valid (input port clocked by clk)
Endpoint: _433_ (rising edge-triggered flip-flop clocked by clk)
Path Group: clk
Path Type: max

Fanout     Cap    Slew   Delay    Time   Description
-----------------------------------------------------------------------------
                  0.15    0.00    0.00   clock clk (rise edge)
                          0.00    0.00   clock network delay (ideal)
                          5.00    5.00 ^ input external delay
                  0.02    0.01    5.01 ^ i_valid (in)
     1    0.00                           i_valid (net)
                  0.02    0.00    5.01 ^ _211_/A (sky130_fd_sc_hd__buf_1)
                  0.65    0.52    5.53 ^ _211_/X (sky130_fd_sc_hd__buf_1)
    13    0.06                           _065_ (net)
                  0.65    0.00    5.53 ^ _278_/C1 (sky130_fd_sc_hd__o221a_2)
                  0.13    0.40    5.93 ^ _278_/X (sky130_fd_sc_hd__o221a_2)
     5    0.02                           _126_ (net)
                  0.13    0.00    5.93 ^ _297_/S (sky130_fd_sc_hd__mux2_2)
                  0.05    0.36    6.29 v _297_/X (sky130_fd_sc_hd__mux2_2)
     1    0.00                           _138_ (net)
                  0.05    0.00    6.29 v _298_/A (sky130_fd_sc_hd__buf_1)
                  0.02    0.09    6.38 v _298_/X (sky130_fd_sc_hd__buf_1)
     1    0.00                           _013_ (net)
                  0.02    0.00    6.38 v _433_/D (sky130_fd_sc_hd__dfrtp_2)
                                  6.38   data arrival time

                  0.15   25.00   25.00   clock clk (rise edge)
                          0.00   25.00   clock network delay (ideal)
                         -0.25   24.75   clock uncertainty
                          0.00   24.75   clock reconvergence pessimism
                                 24.75 ^ _433_/CLK (sky130_fd_sc_hd__dfrtp_2)
                         -0.08   24.67   library setup time
                                 24.67   data required time
-----------------------------------------------------------------------------
                                 24.67   data required time
                                 -6.38   data arrival time
-----------------------------------------------------------------------------
                                 18.29   slack (MET)


Startpoint: i_valid (input port clocked by clk)
Endpoint: _451_ (rising edge-triggered flip-flop clocked by clk)
Path Group: clk
Path Type: max

Fanout     Cap    Slew   Delay    Time   Description
-----------------------------------------------------------------------------
                  0.15    0.00    0.00   clock clk (rise edge)
                          0.00    0.00   clock network delay (ideal)
                          5.00    5.00 ^ input external delay
                  0.02    0.01    5.01 ^ i_valid (in)
     1    0.00                           i_valid (net)
                  0.02    0.00    5.01 ^ _211_/A (sky130_fd_sc_hd__buf_1)
                  0.65    0.52    5.53 ^ _211_/X (sky130_fd_sc_hd__buf_1)
    13    0.06                           _065_ (net)
                  0.65    0.00    5.53 ^ _323_/C1 (sky130_fd_sc_hd__o221a_2)
                  0.13    0.40    5.93 ^ _323_/X (sky130_fd_sc_hd__o221a_2)
     5    0.02                           _156_ (net)
                  0.13    0.00    5.93 ^ _342_/S (sky130_fd_sc_hd__mux2_2)
                  0.05    0.36    6.29 v _342_/X (sky130_fd_sc_hd__mux2_2)
     1    0.00                           _165_ (net)
                  0.05    0.00    6.29 v _343_/A (sky130_fd_sc_hd__buf_1)
                  0.02    0.09    6.37 v _343_/X (sky130_fd_sc_hd__buf_1)
     1    0.00                           _031_ (net)
                  0.02    0.00    6.37 v _451_/D (sky130_fd_sc_hd__dfrtp_2)
                                  6.37   data arrival time

                  0.15   25.00   25.00   clock clk (rise edge)
                          0.00   25.00   clock network delay (ideal)
                         -0.25   24.75   clock uncertainty
                          0.00   24.75   clock reconvergence pessimism
                                 24.75 ^ _451_/CLK (sky130_fd_sc_hd__dfrtp_2)
                         -0.08   24.67   library setup time
                                 24.67   data required time
-----------------------------------------------------------------------------
                                 24.67   data required time
                                 -6.37   data arrival time
-----------------------------------------------------------------------------
                                 18.29   slack (MET)


Startpoint: i_valid (input port clocked by clk)
Endpoint: _432_ (rising edge-triggered flip-flop clocked by clk)
Path Group: clk
Path Type: max

Fanout     Cap    Slew   Delay    Time   Description
-----------------------------------------------------------------------------
                  0.15    0.00    0.00   clock clk (rise edge)
                          0.00    0.00   clock network delay (ideal)
                          5.00    5.00 ^ input external delay
                  0.02    0.01    5.01 ^ i_valid (in)
     1    0.00                           i_valid (net)
                  0.02    0.00    5.01 ^ _211_/A (sky130_fd_sc_hd__buf_1)
                  0.65    0.52    5.53 ^ _211_/X (sky130_fd_sc_hd__buf_1)
    13    0.06                           _065_ (net)
                  0.65    0.00    5.53 ^ _278_/C1 (sky130_fd_sc_hd__o221a_2)
                  0.13    0.40    5.93 ^ _278_/X (sky130_fd_sc_hd__o221a_2)
     5    0.02                           _126_ (net)
                  0.13    0.00    5.93 ^ _295_/S (sky130_fd_sc_hd__mux2_2)
                  0.05    0.35    6.29 v _295_/X (sky130_fd_sc_hd__mux2_2)
     1    0.00                           _137_ (net)
                  0.05    0.00    6.29 v _296_/A (sky130_fd_sc_hd__buf_1)
                  0.02    0.09    6.37 v _296_/X (sky130_fd_sc_hd__buf_1)
     1    0.00                           _012_ (net)
                  0.02    0.00    6.37 v _432_/D (sky130_fd_sc_hd__dfrtp_2)
                                  6.37   data arrival time

                  0.15   25.00   25.00   clock clk (rise edge)
                          0.00   25.00   clock network delay (ideal)
                         -0.25   24.75   clock uncertainty
                          0.00   24.75   clock reconvergence pessimism
                                 24.75 ^ _432_/CLK (sky130_fd_sc_hd__dfrtp_2)
                         -0.08   24.67   library setup time
                                 24.67   data required time
-----------------------------------------------------------------------------
                                 24.67   data required time
                                 -6.37   data arrival time
-----------------------------------------------------------------------------
                                 18.29   slack (MET)


Startpoint: i_valid (input port clocked by clk)
Endpoint: _450_ (rising edge-triggered flip-flop clocked by clk)
Path Group: clk
Path Type: max

Fanout     Cap    Slew   Delay    Time   Description
-----------------------------------------------------------------------------
                  0.15    0.00    0.00   clock clk (rise edge)
                          0.00    0.00   clock network delay (ideal)
                          5.00    5.00 ^ input external delay
                  0.02    0.01    5.01 ^ i_valid (in)
     1    0.00                           i_valid (net)
                  0.02    0.00    5.01 ^ _211_/A (sky130_fd_sc_hd__buf_1)
                  0.65    0.52    5.53 ^ _211_/X (sky130_fd_sc_hd__buf_1)
    13    0.06                           _065_ (net)
                  0.65    0.00    5.53 ^ _323_/C1 (sky130_fd_sc_hd__o221a_2)
                  0.13    0.40    5.93 ^ _323_/X (sky130_fd_sc_hd__o221a_2)
     5    0.02                           _156_ (net)
                  0.13    0.00    5.93 ^ _340_/S (sky130_fd_sc_hd__mux2_2)
                  0.05    0.36    6.29 v _340_/X (sky130_fd_sc_hd__mux2_2)
     1    0.00                           _164_ (net)
                  0.05    0.00    6.29 v _341_/A (sky130_fd_sc_hd__buf_1)
                  0.02    0.09    6.37 v _341_/X (sky130_fd_sc_hd__buf_1)
     1    0.00                           _030_ (net)
                  0.02    0.00    6.37 v _450_/D (sky130_fd_sc_hd__dfrtp_2)
                                  6.37   data arrival time

                  0.15   25.00   25.00   clock clk (rise edge)
                          0.00   25.00   clock network delay (ideal)
                         -0.25   24.75   clock uncertainty
                          0.00   24.75   clock reconvergence pessimism
                                 24.75 ^ _450_/CLK (sky130_fd_sc_hd__dfrtp_2)
                         -0.08   24.67   library setup time
                                 24.67   data required time
-----------------------------------------------------------------------------
                                 24.67   data required time
                                 -6.37   data arrival time
-----------------------------------------------------------------------------
                                 18.29   slack (MET)


Startpoint: i_valid (input port clocked by clk)
Endpoint: _441_ (rising edge-triggered flip-flop clocked by clk)
Path Group: clk
Path Type: max

Fanout     Cap    Slew   Delay    Time   Description
-----------------------------------------------------------------------------
                  0.15    0.00    0.00   clock clk (rise edge)
                          0.00    0.00   clock network delay (ideal)
                          5.00    5.00 ^ input external delay
                  0.02    0.01    5.01 ^ i_valid (in)
     1    0.00                           i_valid (net)
                  0.02    0.00    5.01 ^ _211_/A (sky130_fd_sc_hd__buf_1)
                  0.65    0.52    5.53 ^ _211_/X (sky130_fd_sc_hd__buf_1)
    13    0.06                           _065_ (net)
                  0.65    0.00    5.53 ^ _323_/C1 (sky130_fd_sc_hd__o221a_2)
                  0.13    0.40    5.93 ^ _323_/X (sky130_fd_sc_hd__o221a_2)
     5    0.02                           _156_ (net)
                  0.13    0.00    5.93 ^ _324_/S (sky130_fd_sc_hd__mux2_2)
                  0.05    0.35    6.29 v _324_/X (sky130_fd_sc_hd__mux2_2)
     1    0.00                           _157_ (net)
                  0.05    0.00    6.29 v _325_/A (sky130_fd_sc_hd__buf_1)
                  0.02    0.09    6.37 v _325_/X (sky130_fd_sc_hd__buf_1)
     1    0.00                           _021_ (net)
                  0.02    0.00    6.37 v _441_/D (sky130_fd_sc_hd__dfrtp_2)
                                  6.37   data arrival time

                  0.15   25.00   25.00   clock clk (rise edge)
                          0.00   25.00   clock network delay (ideal)
                         -0.25   24.75   clock uncertainty
                          0.00   24.75   clock reconvergence pessimism
                                 24.75 ^ _441_/CLK (sky130_fd_sc_hd__dfrtp_2)
                         -0.08   24.67   library setup time
                                 24.67   data required time
-----------------------------------------------------------------------------
                                 24.67   data required time
                                 -6.37   data arrival time
-----------------------------------------------------------------------------
                                 18.29   slack (MET)


Startpoint: i_valid (input port clocked by clk)
Endpoint: _486_ (rising edge-triggered flip-flop clocked by clk)
Path Group: clk
Path Type: max

Fanout     Cap    Slew   Delay    Time   Description
-----------------------------------------------------------------------------
                  0.15    0.00    0.00   clock clk (rise edge)
                          0.00    0.00   clock network delay (ideal)
                          5.00    5.00 ^ input external delay
                  0.02    0.01    5.01 ^ i_valid (in)
     1    0.00                           i_valid (net)
                  0.02    0.00    5.01 ^ _211_/A (sky130_fd_sc_hd__buf_1)
                  0.65    0.52    5.53 ^ _211_/X (sky130_fd_sc_hd__buf_1)
    13    0.06                           _065_ (net)
                  0.65    0.00    5.53 ^ _212_/A (sky130_fd_sc_hd__and3_2)
                  0.09    0.37    5.89 ^ _212_/X (sky130_fd_sc_hd__and3_2)
     3    0.01                           _066_ (net)
                  0.09    0.00    5.89 ^ _213_/B (sky130_fd_sc_hd__and2_2)
                  0.04    0.15    6.04 ^ _213_/X (sky130_fd_sc_hd__and2_2)
     1    0.00                           _067_ (net)
                  0.04    0.00    6.04 ^ _214_/A (sky130_fd_sc_hd__buf_1)
                  0.10    0.12    6.16 ^ _214_/X (sky130_fd_sc_hd__buf_1)
     2    0.01                           _000_ (net)
                  0.10    0.00    6.16 ^ _421_/A (sky130_fd_sc_hd__nor2_2)
                  0.03    0.05    6.21 v _421_/Y (sky130_fd_sc_hd__nor2_2)
     1    0.00                           _064_ (net)
                  0.03    0.00    6.21 v _486_/D (sky130_fd_sc_hd__dfrtp_2)
                                  6.21   data arrival time

                  0.15   25.00   25.00   clock clk (rise edge)
                          0.00   25.00   clock network delay (ideal)
                         -0.25   24.75   clock uncertainty
                          0.00   24.75   clock reconvergence pessimism
                                 24.75 ^ _486_/CLK (sky130_fd_sc_hd__dfrtp_2)
                         -0.08   24.67   library setup time
                                 24.67   data required time
-----------------------------------------------------------------------------
                                 24.67   data required time
                                 -6.21   data arrival time
-----------------------------------------------------------------------------
                                 18.46   slack (MET)


Startpoint: i_valid (input port clocked by clk)
Endpoint: _422_ (rising edge-triggered flip-flop clocked by clk)
Path Group: clk
Path Type: max

Fanout     Cap    Slew   Delay    Time   Description
-----------------------------------------------------------------------------
                  0.15    0.00    0.00   clock clk (rise edge)
                          0.00    0.00   clock network delay (ideal)
                          5.00    5.00 ^ input external delay
                  0.02    0.01    5.01 ^ i_valid (in)
     1    0.00                           i_valid (net)
                  0.02    0.00    5.01 ^ _211_/A (sky130_fd_sc_hd__buf_1)
                  0.65    0.52    5.53 ^ _211_/X (sky130_fd_sc_hd__buf_1)
    13    0.06                           _065_ (net)
                  0.65    0.00    5.53 ^ _212_/A (sky130_fd_sc_hd__and3_2)
                  0.09    0.37    5.89 ^ _212_/X (sky130_fd_sc_hd__and3_2)
     3    0.01                           _066_ (net)
                  0.09    0.00    5.89 ^ _213_/B (sky130_fd_sc_hd__and2_2)
                  0.04    0.15    6.04 ^ _213_/X (sky130_fd_sc_hd__and2_2)
     1    0.00                           _067_ (net)
                  0.04    0.00    6.04 ^ _214_/A (sky130_fd_sc_hd__buf_1)
                  0.10    0.12    6.16 ^ _214_/X (sky130_fd_sc_hd__buf_1)
     2    0.01                           _000_ (net)
                  0.10    0.00    6.16 ^ _422_/D (sky130_fd_sc_hd__dfrtp_2)
                                  6.16   data arrival time

                  0.15   25.00   25.00   clock clk (rise edge)
                          0.00   25.00   clock network delay (ideal)
                         -0.25   24.75   clock uncertainty
                          0.00   24.75   clock reconvergence pessimism
                                 24.75 ^ _422_/CLK (sky130_fd_sc_hd__dfrtp_2)
                         -0.06   24.69   library setup time
                                 24.69   data required time
-----------------------------------------------------------------------------
                                 24.69   data required time
                                 -6.16   data arrival time
-----------------------------------------------------------------------------
                                 18.53   slack (MET)


Startpoint: rst_n (input port clocked by clk)
Endpoint: _471_ (recovery check against rising-edge clock clk)
Path Group: asynchronous
Path Type: max

Fanout     Cap    Slew   Delay    Time   Description
-----------------------------------------------------------------------------
                  0.15    0.00    0.00   clock clk (rise edge)
                          0.00    0.00   clock network delay (ideal)
                          5.00    5.00 ^ input external delay
                  1.26    0.92    5.92 ^ rst_n (in)
    65    0.28                           rst_n (net)
                  1.26    0.00    5.92 ^ _471_/RESET_B (sky130_fd_sc_hd__dfrtp_2)
                                  5.92   data arrival time

                  0.15   25.00   25.00   clock clk (rise edge)
                          0.00   25.00   clock network delay (ideal)
                         -0.25   24.75   clock uncertainty
                          0.00   24.75   clock reconvergence pessimism
                                 24.75 ^ _471_/CLK (sky130_fd_sc_hd__dfrtp_2)
                         -0.14   24.61   library recovery time
                                 24.61   data required time
-----------------------------------------------------------------------------
                                 24.61   data required time
                                 -5.92   data arrival time
-----------------------------------------------------------------------------
                                 18.69   slack (MET)


Startpoint: rst_n (input port clocked by clk)
Endpoint: _429_ (recovery check against rising-edge clock clk)
Path Group: asynchronous
Path Type: max

Fanout     Cap    Slew   Delay    Time   Description
-----------------------------------------------------------------------------
                  0.15    0.00    0.00   clock clk (rise edge)
                          0.00    0.00   clock network delay (ideal)
                          5.00    5.00 ^ input external delay
                  1.26    0.92    5.92 ^ rst_n (in)
    65    0.28                           rst_n (net)
                  1.26    0.00    5.92 ^ _429_/RESET_B (sky130_fd_sc_hd__dfrtp_2)
                                  5.92   data arrival time

                  0.15   25.00   25.00   clock clk (rise edge)
                          0.00   25.00   clock network delay (ideal)
                         -0.25   24.75   clock uncertainty
                          0.00   24.75   clock reconvergence pessimism
                                 24.75 ^ _429_/CLK (sky130_fd_sc_hd__dfrtp_2)
                         -0.14   24.61   library recovery time
                                 24.61   data required time
-----------------------------------------------------------------------------
                                 24.61   data required time
                                 -5.92   data arrival time
-----------------------------------------------------------------------------
                                 18.69   slack (MET)


Startpoint: rst_n (input port clocked by clk)
Endpoint: _430_ (recovery check against rising-edge clock clk)
Path Group: asynchronous
Path Type: max

Fanout     Cap    Slew   Delay    Time   Description
-----------------------------------------------------------------------------
                  0.15    0.00    0.00   clock clk (rise edge)
                          0.00    0.00   clock network delay (ideal)
                          5.00    5.00 ^ input external delay
                  1.26    0.92    5.92 ^ rst_n (in)
    65    0.28                           rst_n (net)
                  1.26    0.00    5.92 ^ _430_/RESET_B (sky130_fd_sc_hd__dfrtp_2)
                                  5.92   data arrival time

                  0.15   25.00   25.00   clock clk (rise edge)
                          0.00   25.00   clock network delay (ideal)
                         -0.25   24.75   clock uncertainty
                          0.00   24.75   clock reconvergence pessimism
                                 24.75 ^ _430_/CLK (sky130_fd_sc_hd__dfrtp_2)
                         -0.14   24.61   library recovery time
                                 24.61   data required time
-----------------------------------------------------------------------------
                                 24.61   data required time
                                 -5.92   data arrival time
-----------------------------------------------------------------------------
                                 18.69   slack (MET)


Startpoint: rst_n (input port clocked by clk)
Endpoint: _470_ (recovery check against rising-edge clock clk)
Path Group: asynchronous
Path Type: max

Fanout     Cap    Slew   Delay    Time   Description
-----------------------------------------------------------------------------
                  0.15    0.00    0.00   clock clk (rise edge)
                          0.00    0.00   clock network delay (ideal)
                          5.00    5.00 ^ input external delay
                  1.26    0.92    5.92 ^ rst_n (in)
    65    0.28                           rst_n (net)
                  1.26    0.00    5.92 ^ _470_/RESET_B (sky130_fd_sc_hd__dfrtp_2)
                                  5.92   data arrival time

                  0.15   25.00   25.00   clock clk (rise edge)
                          0.00   25.00   clock network delay (ideal)
                         -0.25   24.75   clock uncertainty
                          0.00   24.75   clock reconvergence pessimism
                                 24.75 ^ _470_/CLK (sky130_fd_sc_hd__dfrtp_2)
                         -0.14   24.61   library recovery time
                                 24.61   data required time
-----------------------------------------------------------------------------
                                 24.61   data required time
                                 -5.92   data arrival time
-----------------------------------------------------------------------------
                                 18.69   slack (MET)


Startpoint: rst_n (input port clocked by clk)
Endpoint: _440_ (recovery check against rising-edge clock clk)
Path Group: asynchronous
Path Type: max

Fanout     Cap    Slew   Delay    Time   Description
-----------------------------------------------------------------------------
                  0.15    0.00    0.00   clock clk (rise edge)
                          0.00    0.00   clock network delay (ideal)
                          5.00    5.00 ^ input external delay
                  1.26    0.92    5.92 ^ rst_n (in)
    65    0.28                           rst_n (net)
                  1.26    0.00    5.92 ^ _440_/RESET_B (sky130_fd_sc_hd__dfrtp_2)
                                  5.92   data arrival time

                  0.15   25.00   25.00   clock clk (rise edge)
                          0.00   25.00   clock network delay (ideal)
                         -0.25   24.75   clock uncertainty
                          0.00   24.75   clock reconvergence pessimism
                                 24.75 ^ _440_/CLK (sky130_fd_sc_hd__dfrtp_2)
                         -0.14   24.61   library recovery time
                                 24.61   data required time
-----------------------------------------------------------------------------
                                 24.61   data required time
                                 -5.92   data arrival time
-----------------------------------------------------------------------------
                                 18.69   slack (MET)


Startpoint: rst_n (input port clocked by clk)
Endpoint: _464_ (recovery check against rising-edge clock clk)
Path Group: asynchronous
Path Type: max

Fanout     Cap    Slew   Delay    Time   Description
-----------------------------------------------------------------------------
                  0.15    0.00    0.00   clock clk (rise edge)
                          0.00    0.00   clock network delay (ideal)
                          5.00    5.00 ^ input external delay
                  1.26    0.92    5.92 ^ rst_n (in)
    65    0.28                           rst_n (net)
                  1.26    0.00    5.92 ^ _464_/RESET_B (sky130_fd_sc_hd__dfrtp_2)
                                  5.92   data arrival time

                  0.15   25.00   25.00   clock clk (rise edge)
                          0.00   25.00   clock network delay (ideal)
                         -0.25   24.75   clock uncertainty
                          0.00   24.75   clock reconvergence pessimism
                                 24.75 ^ _464_/CLK (sky130_fd_sc_hd__dfrtp_2)
                         -0.14   24.61   library recovery time
                                 24.61   data required time
-----------------------------------------------------------------------------
                                 24.61   data required time
                                 -5.92   data arrival time
-----------------------------------------------------------------------------
                                 18.69   slack (MET)


Startpoint: rst_n (input port clocked by clk)
Endpoint: _474_ (recovery check against rising-edge clock clk)
Path Group: asynchronous
Path Type: max

Fanout     Cap    Slew   Delay    Time   Description
-----------------------------------------------------------------------------
                  0.15    0.00    0.00   clock clk (rise edge)
                          0.00    0.00   clock network delay (ideal)
                          5.00    5.00 ^ input external delay
                  1.26    0.92    5.92 ^ rst_n (in)
    65    0.28                           rst_n (net)
                  1.26    0.00    5.92 ^ _474_/RESET_B (sky130_fd_sc_hd__dfrtp_2)
                                  5.92   data arrival time

                  0.15   25.00   25.00   clock clk (rise edge)
                          0.00   25.00   clock network delay (ideal)
                         -0.25   24.75   clock uncertainty
                          0.00   24.75   clock reconvergence pessimism
                                 24.75 ^ _474_/CLK (sky130_fd_sc_hd__dfrtp_2)
                         -0.14   24.61   library recovery time
                                 24.61   data required time
-----------------------------------------------------------------------------
                                 24.61   data required time
                                 -5.92   data arrival time
-----------------------------------------------------------------------------
                                 18.69   slack (MET)


Startpoint: rst_n (input port clocked by clk)
Endpoint: _439_ (recovery check against rising-edge clock clk)
Path Group: asynchronous
Path Type: max

Fanout     Cap    Slew   Delay    Time   Description
-----------------------------------------------------------------------------
                  0.15    0.00    0.00   clock clk (rise edge)
                          0.00    0.00   clock network delay (ideal)
                          5.00    5.00 ^ input external delay
                  1.26    0.92    5.92 ^ rst_n (in)
    65    0.28                           rst_n (net)
                  1.26    0.00    5.92 ^ _439_/RESET_B (sky130_fd_sc_hd__dfrtp_2)
                                  5.92   data arrival time

                  0.15   25.00   25.00   clock clk (rise edge)
                          0.00   25.00   clock network delay (ideal)
                         -0.25   24.75   clock uncertainty
                          0.00   24.75   clock reconvergence pessimism
                                 24.75 ^ _439_/CLK (sky130_fd_sc_hd__dfrtp_2)
                         -0.14   24.61   library recovery time
                                 24.61   data required time
-----------------------------------------------------------------------------
                                 24.61   data required time
                                 -5.92   data arrival time
-----------------------------------------------------------------------------
                                 18.69   slack (MET)


Startpoint: rst_n (input port clocked by clk)
Endpoint: _463_ (recovery check against rising-edge clock clk)
Path Group: asynchronous
Path Type: max

Fanout     Cap    Slew   Delay    Time   Description
-----------------------------------------------------------------------------
                  0.15    0.00    0.00   clock clk (rise edge)
                          0.00    0.00   clock network delay (ideal)
                          5.00    5.00 ^ input external delay
                  1.26    0.92    5.92 ^ rst_n (in)
    65    0.28                           rst_n (net)
                  1.26    0.00    5.92 ^ _463_/RESET_B (sky130_fd_sc_hd__dfrtp_2)
                                  5.92   data arrival time

                  0.15   25.00   25.00   clock clk (rise edge)
                          0.00   25.00   clock network delay (ideal)
                         -0.25   24.75   clock uncertainty
                          0.00   24.75   clock reconvergence pessimism
                                 24.75 ^ _463_/CLK (sky130_fd_sc_hd__dfrtp_2)
                         -0.14   24.61   library recovery time
                                 24.61   data required time
-----------------------------------------------------------------------------
                                 24.61   data required time
                                 -5.92   data arrival time
-----------------------------------------------------------------------------
                                 18.69   slack (MET)


Startpoint: rst_n (input port clocked by clk)
Endpoint: _481_ (recovery check against rising-edge clock clk)
Path Group: asynchronous
Path Type: max

Fanout     Cap    Slew   Delay    Time   Description
-----------------------------------------------------------------------------
                  0.15    0.00    0.00   clock clk (rise edge)
                          0.00    0.00   clock network delay (ideal)
                          5.00    5.00 ^ input external delay
                  1.26    0.92    5.92 ^ rst_n (in)
    65    0.28                           rst_n (net)
                  1.26    0.00    5.92 ^ _481_/RESET_B (sky130_fd_sc_hd__dfrtp_2)
                                  5.92   data arrival time

                  0.15   25.00   25.00   clock clk (rise edge)
                          0.00   25.00   clock network delay (ideal)
                         -0.25   24.75   clock uncertainty
                          0.00   24.75   clock reconvergence pessimism
                                 24.75 ^ _481_/CLK (sky130_fd_sc_hd__dfrtp_2)
                         -0.14   24.61   library recovery time
                                 24.61   data required time
-----------------------------------------------------------------------------
                                 24.61   data required time
                                 -5.92   data arrival time
-----------------------------------------------------------------------------
                                 18.69   slack (MET)


Startpoint: rst_n (input port clocked by clk)
Endpoint: _436_ (recovery check against rising-edge clock clk)
Path Group: asynchronous
Path Type: max

Fanout     Cap    Slew   Delay    Time   Description
-----------------------------------------------------------------------------
                  0.15    0.00    0.00   clock clk (rise edge)
                          0.00    0.00   clock network delay (ideal)
                          5.00    5.00 ^ input external delay
                  1.26    0.92    5.92 ^ rst_n (in)
    65    0.28                           rst_n (net)
                  1.26    0.00    5.92 ^ _436_/RESET_B (sky130_fd_sc_hd__dfrtp_2)
                                  5.92   data arrival time

                  0.15   25.00   25.00   clock clk (rise edge)
                          0.00   25.00   clock network delay (ideal)
                         -0.25   24.75   clock uncertainty
                          0.00   24.75   clock reconvergence pessimism
                                 24.75 ^ _436_/CLK (sky130_fd_sc_hd__dfrtp_2)
                         -0.14   24.61   library recovery time
                                 24.61   data required time
-----------------------------------------------------------------------------
                                 24.61   data required time
                                 -5.92   data arrival time
-----------------------------------------------------------------------------
                                 18.69   slack (MET)


Startpoint: rst_n (input port clocked by clk)
Endpoint: _435_ (recovery check against rising-edge clock clk)
Path Group: asynchronous
Path Type: max

Fanout     Cap    Slew   Delay    Time   Description
-----------------------------------------------------------------------------
                  0.15    0.00    0.00   clock clk (rise edge)
                          0.00    0.00   clock network delay (ideal)
                          5.00    5.00 ^ input external delay
                  1.26    0.92    5.92 ^ rst_n (in)
    65    0.28                           rst_n (net)
                  1.26    0.00    5.92 ^ _435_/RESET_B (sky130_fd_sc_hd__dfrtp_2)
                                  5.92   data arrival time

                  0.15   25.00   25.00   clock clk (rise edge)
                          0.00   25.00   clock network delay (ideal)
                         -0.25   24.75   clock uncertainty
                          0.00   24.75   clock reconvergence pessimism
                                 24.75 ^ _435_/CLK (sky130_fd_sc_hd__dfrtp_2)
                         -0.14   24.61   library recovery time
                                 24.61   data required time
-----------------------------------------------------------------------------
                                 24.61   data required time
                                 -5.92   data arrival time
-----------------------------------------------------------------------------
                                 18.69   slack (MET)


Startpoint: rst_n (input port clocked by clk)
Endpoint: _446_ (recovery check against rising-edge clock clk)
Path Group: asynchronous
Path Type: max

Fanout     Cap    Slew   Delay    Time   Description
-----------------------------------------------------------------------------
                  0.15    0.00    0.00   clock clk (rise edge)
                          0.00    0.00   clock network delay (ideal)
                          5.00    5.00 ^ input external delay
                  1.26    0.92    5.92 ^ rst_n (in)
    65    0.28                           rst_n (net)
                  1.26    0.00    5.92 ^ _446_/RESET_B (sky130_fd_sc_hd__dfrtp_2)
                                  5.92   data arrival time

                  0.15   25.00   25.00   clock clk (rise edge)
                          0.00   25.00   clock network delay (ideal)
                         -0.25   24.75   clock uncertainty
                          0.00   24.75   clock reconvergence pessimism
                                 24.75 ^ _446_/CLK (sky130_fd_sc_hd__dfrtp_2)
                         -0.14   24.61   library recovery time
                                 24.61   data required time
-----------------------------------------------------------------------------
                                 24.61   data required time
                                 -5.92   data arrival time
-----------------------------------------------------------------------------
                                 18.69   slack (MET)


Startpoint: rst_n (input port clocked by clk)
Endpoint: _461_ (recovery check against rising-edge clock clk)
Path Group: asynchronous
Path Type: max

Fanout     Cap    Slew   Delay    Time   Description
-----------------------------------------------------------------------------
                  0.15    0.00    0.00   clock clk (rise edge)
                          0.00    0.00   clock network delay (ideal)
                          5.00    5.00 ^ input external delay
                  1.26    0.92    5.92 ^ rst_n (in)
    65    0.28                           rst_n (net)
                  1.26    0.00    5.92 ^ _461_/RESET_B (sky130_fd_sc_hd__dfrtp_2)
                                  5.92   data arrival time

                  0.15   25.00   25.00   clock clk (rise edge)
                          0.00   25.00   clock network delay (ideal)
                         -0.25   24.75   clock uncertainty
                          0.00   24.75   clock reconvergence pessimism
                                 24.75 ^ _461_/CLK (sky130_fd_sc_hd__dfrtp_2)
                         -0.14   24.61   library recovery time
                                 24.61   data required time
-----------------------------------------------------------------------------
                                 24.61   data required time
                                 -5.92   data arrival time
-----------------------------------------------------------------------------
                                 18.69   slack (MET)


Startpoint: rst_n (input port clocked by clk)
Endpoint: _445_ (recovery check against rising-edge clock clk)
Path Group: asynchronous
Path Type: max

Fanout     Cap    Slew   Delay    Time   Description
-----------------------------------------------------------------------------
                  0.15    0.00    0.00   clock clk (rise edge)
                          0.00    0.00   clock network delay (ideal)
                          5.00    5.00 ^ input external delay
                  1.26    0.92    5.92 ^ rst_n (in)
    65    0.28                           rst_n (net)
                  1.26    0.00    5.92 ^ _445_/RESET_B (sky130_fd_sc_hd__dfrtp_2)
                                  5.92   data arrival time

                  0.15   25.00   25.00   clock clk (rise edge)
                          0.00   25.00   clock network delay (ideal)
                         -0.25   24.75   clock uncertainty
                          0.00   24.75   clock reconvergence pessimism
                                 24.75 ^ _445_/CLK (sky130_fd_sc_hd__dfrtp_2)
                         -0.14   24.61   library recovery time
                                 24.61   data required time
-----------------------------------------------------------------------------
                                 24.61   data required time
                                 -5.92   data arrival time
-----------------------------------------------------------------------------
                                 18.69   slack (MET)


Startpoint: rst_n (input port clocked by clk)
Endpoint: _444_ (recovery check against rising-edge clock clk)
Path Group: asynchronous
Path Type: max

Fanout     Cap    Slew   Delay    Time   Description
-----------------------------------------------------------------------------
                  0.15    0.00    0.00   clock clk (rise edge)
                          0.00    0.00   clock network delay (ideal)
                          5.00    5.00 ^ input external delay
                  1.26    0.92    5.92 ^ rst_n (in)
    65    0.28                           rst_n (net)
                  1.26    0.00    5.92 ^ _444_/RESET_B (sky130_fd_sc_hd__dfrtp_2)
                                  5.92   data arrival time

                  0.15   25.00   25.00   clock clk (rise edge)
                          0.00   25.00   clock network delay (ideal)
                         -0.25   24.75   clock uncertainty
                          0.00   24.75   clock reconvergence pessimism
                                 24.75 ^ _444_/CLK (sky130_fd_sc_hd__dfrtp_2)
                         -0.14   24.61   library recovery time
                                 24.61   data required time
-----------------------------------------------------------------------------
                                 24.61   data required time
                                 -5.92   data arrival time
-----------------------------------------------------------------------------
                                 18.69   slack (MET)


Startpoint: rst_n (input port clocked by clk)
Endpoint: _459_ (recovery check against rising-edge clock clk)
Path Group: asynchronous
Path Type: max

Fanout     Cap    Slew   Delay    Time   Description
-----------------------------------------------------------------------------
                  0.15    0.00    0.00   clock clk (rise edge)
                          0.00    0.00   clock network delay (ideal)
                          5.00    5.00 ^ input external delay
                  1.26    0.92    5.92 ^ rst_n (in)
    65    0.28                           rst_n (net)
                  1.26    0.00    5.92 ^ _459_/RESET_B (sky130_fd_sc_hd__dfrtp_2)
                                  5.92   data arrival time

                  0.15   25.00   25.00   clock clk (rise edge)
                          0.00   25.00   clock network delay (ideal)
                         -0.25   24.75   clock uncertainty
                          0.00   24.75   clock reconvergence pessimism
                                 24.75 ^ _459_/CLK (sky130_fd_sc_hd__dfrtp_2)
                         -0.14   24.61   library recovery time
                                 24.61   data required time
-----------------------------------------------------------------------------
                                 24.61   data required time
                                 -5.92   data arrival time
-----------------------------------------------------------------------------
                                 18.69   slack (MET)


Startpoint: rst_n (input port clocked by clk)
Endpoint: _460_ (recovery check against rising-edge clock clk)
Path Group: asynchronous
Path Type: max

Fanout     Cap    Slew   Delay    Time   Description
-----------------------------------------------------------------------------
                  0.15    0.00    0.00   clock clk (rise edge)
                          0.00    0.00   clock network delay (ideal)
                          5.00    5.00 ^ input external delay
                  1.26    0.92    5.92 ^ rst_n (in)
    65    0.28                           rst_n (net)
                  1.26    0.00    5.92 ^ _460_/RESET_B (sky130_fd_sc_hd__dfrtp_2)
                                  5.92   data arrival time

                  0.15   25.00   25.00   clock clk (rise edge)
                          0.00   25.00   clock network delay (ideal)
                         -0.25   24.75   clock uncertainty
                          0.00   24.75   clock reconvergence pessimism
                                 24.75 ^ _460_/CLK (sky130_fd_sc_hd__dfrtp_2)
                         -0.14   24.61   library recovery time
                                 24.61   data required time
-----------------------------------------------------------------------------
                                 24.61   data required time
                                 -5.92   data arrival time
-----------------------------------------------------------------------------
                                 18.69   slack (MET)


Startpoint: rst_n (input port clocked by clk)
Endpoint: _443_ (recovery check against rising-edge clock clk)
Path Group: asynchronous
Path Type: max

Fanout     Cap    Slew   Delay    Time   Description
-----------------------------------------------------------------------------
                  0.15    0.00    0.00   clock clk (rise edge)
                          0.00    0.00   clock network delay (ideal)
                          5.00    5.00 ^ input external delay
                  1.26    0.92    5.92 ^ rst_n (in)
    65    0.28                           rst_n (net)
                  1.26    0.00    5.92 ^ _443_/RESET_B (sky130_fd_sc_hd__dfrtp_2)
                                  5.92   data arrival time

                  0.15   25.00   25.00   clock clk (rise edge)
                          0.00   25.00   clock network delay (ideal)
                         -0.25   24.75   clock uncertainty
                          0.00   24.75   clock reconvergence pessimism
                                 24.75 ^ _443_/CLK (sky130_fd_sc_hd__dfrtp_2)
                         -0.14   24.61   library recovery time
                                 24.61   data required time
-----------------------------------------------------------------------------
                                 24.61   data required time
                                 -5.92   data arrival time
-----------------------------------------------------------------------------
                                 18.69   slack (MET)


Startpoint: rst_n (input port clocked by clk)
Endpoint: _442_ (recovery check against rising-edge clock clk)
Path Group: asynchronous
Path Type: max

Fanout     Cap    Slew   Delay    Time   Description
-----------------------------------------------------------------------------
                  0.15    0.00    0.00   clock clk (rise edge)
                          0.00    0.00   clock network delay (ideal)
                          5.00    5.00 ^ input external delay
                  1.26    0.92    5.92 ^ rst_n (in)
    65    0.28                           rst_n (net)
                  1.26    0.00    5.92 ^ _442_/RESET_B (sky130_fd_sc_hd__dfrtp_2)
                                  5.92   data arrival time

                  0.15   25.00   25.00   clock clk (rise edge)
                          0.00   25.00   clock network delay (ideal)
                         -0.25   24.75   clock uncertainty
                          0.00   24.75   clock reconvergence pessimism
                                 24.75 ^ _442_/CLK (sky130_fd_sc_hd__dfrtp_2)
                         -0.14   24.61   library recovery time
                                 24.61   data required time
-----------------------------------------------------------------------------
                                 24.61   data required time
                                 -5.92   data arrival time
-----------------------------------------------------------------------------
                                 18.69   slack (MET)


Startpoint: rst_n (input port clocked by clk)
Endpoint: _437_ (recovery check against rising-edge clock clk)
Path Group: asynchronous
Path Type: max

Fanout     Cap    Slew   Delay    Time   Description
-----------------------------------------------------------------------------
                  0.15    0.00    0.00   clock clk (rise edge)
                          0.00    0.00   clock network delay (ideal)
                          5.00    5.00 ^ input external delay
                  1.26    0.92    5.92 ^ rst_n (in)
    65    0.28                           rst_n (net)
                  1.26    0.00    5.92 ^ _437_/RESET_B (sky130_fd_sc_hd__dfrtp_2)
                                  5.92   data arrival time

                  0.15   25.00   25.00   clock clk (rise edge)
                          0.00   25.00   clock network delay (ideal)
                         -0.25   24.75   clock uncertainty
                          0.00   24.75   clock reconvergence pessimism
                                 24.75 ^ _437_/CLK (sky130_fd_sc_hd__dfrtp_2)
                         -0.14   24.61   library recovery time
                                 24.61   data required time
-----------------------------------------------------------------------------
                                 24.61   data required time
                                 -5.92   data arrival time
-----------------------------------------------------------------------------
                                 18.69   slack (MET)


Startpoint: rst_n (input port clocked by clk)
Endpoint: _452_ (recovery check against rising-edge clock clk)
Path Group: asynchronous
Path Type: max

Fanout     Cap    Slew   Delay    Time   Description
-----------------------------------------------------------------------------
                  0.15    0.00    0.00   clock clk (rise edge)
                          0.00    0.00   clock network delay (ideal)
                          5.00    5.00 ^ input external delay
                  1.26    0.92    5.92 ^ rst_n (in)
    65    0.28                           rst_n (net)
                  1.26    0.00    5.92 ^ _452_/RESET_B (sky130_fd_sc_hd__dfrtp_2)
                                  5.92   data arrival time

                  0.15   25.00   25.00   clock clk (rise edge)
                          0.00   25.00   clock network delay (ideal)
                         -0.25   24.75   clock uncertainty
                          0.00   24.75   clock reconvergence pessimism
                                 24.75 ^ _452_/CLK (sky130_fd_sc_hd__dfrtp_2)
                         -0.14   24.61   library recovery time
                                 24.61   data required time
-----------------------------------------------------------------------------
                                 24.61   data required time
                                 -5.92   data arrival time
-----------------------------------------------------------------------------
                                 18.69   slack (MET)


Startpoint: rst_n (input port clocked by clk)
Endpoint: _458_ (recovery check against rising-edge clock clk)
Path Group: asynchronous
Path Type: max

Fanout     Cap    Slew   Delay    Time   Description
-----------------------------------------------------------------------------
                  0.15    0.00    0.00   clock clk (rise edge)
                          0.00    0.00   clock network delay (ideal)
                          5.00    5.00 ^ input external delay
                  1.26    0.92    5.92 ^ rst_n (in)
    65    0.28                           rst_n (net)
                  1.26    0.00    5.92 ^ _458_/RESET_B (sky130_fd_sc_hd__dfrtp_2)
                                  5.92   data arrival time

                  0.15   25.00   25.00   clock clk (rise edge)
                          0.00   25.00   clock network delay (ideal)
                         -0.25   24.75   clock uncertainty
                          0.00   24.75   clock reconvergence pessimism
                                 24.75 ^ _458_/CLK (sky130_fd_sc_hd__dfrtp_2)
                         -0.14   24.61   library recovery time
                                 24.61   data required time
-----------------------------------------------------------------------------
                                 24.61   data required time
                                 -5.92   data arrival time
-----------------------------------------------------------------------------
                                 18.69   slack (MET)


Startpoint: rst_n (input port clocked by clk)
Endpoint: _451_ (recovery check against rising-edge clock clk)
Path Group: asynchronous
Path Type: max

Fanout     Cap    Slew   Delay    Time   Description
-----------------------------------------------------------------------------
                  0.15    0.00    0.00   clock clk (rise edge)
                          0.00    0.00   clock network delay (ideal)
                          5.00    5.00 ^ input external delay
                  1.26    0.92    5.92 ^ rst_n (in)
    65    0.28                           rst_n (net)
                  1.26    0.00    5.92 ^ _451_/RESET_B (sky130_fd_sc_hd__dfrtp_2)
                                  5.92   data arrival time

                  0.15   25.00   25.00   clock clk (rise edge)
                          0.00   25.00   clock network delay (ideal)
                         -0.25   24.75   clock uncertainty
                          0.00   24.75   clock reconvergence pessimism
                                 24.75 ^ _451_/CLK (sky130_fd_sc_hd__dfrtp_2)
                         -0.14   24.61   library recovery time
                                 24.61   data required time
-----------------------------------------------------------------------------
                                 24.61   data required time
                                 -5.92   data arrival time
-----------------------------------------------------------------------------
                                 18.69   slack (MET)


Startpoint: rst_n (input port clocked by clk)
Endpoint: _457_ (recovery check against rising-edge clock clk)
Path Group: asynchronous
Path Type: max

Fanout     Cap    Slew   Delay    Time   Description
-----------------------------------------------------------------------------
                  0.15    0.00    0.00   clock clk (rise edge)
                          0.00    0.00   clock network delay (ideal)
                          5.00    5.00 ^ input external delay
                  1.26    0.92    5.92 ^ rst_n (in)
    65    0.28                           rst_n (net)
                  1.26    0.00    5.92 ^ _457_/RESET_B (sky130_fd_sc_hd__dfrtp_2)
                                  5.92   data arrival time

                  0.15   25.00   25.00   clock clk (rise edge)
                          0.00   25.00   clock network delay (ideal)
                         -0.25   24.75   clock uncertainty
                          0.00   24.75   clock reconvergence pessimism
                                 24.75 ^ _457_/CLK (sky130_fd_sc_hd__dfrtp_2)
                         -0.14   24.61   library recovery time
                                 24.61   data required time
-----------------------------------------------------------------------------
                                 24.61   data required time
                                 -5.92   data arrival time
-----------------------------------------------------------------------------
                                 18.69   slack (MET)


Startpoint: rst_n (input port clocked by clk)
Endpoint: _441_ (recovery check against rising-edge clock clk)
Path Group: asynchronous
Path Type: max

Fanout     Cap    Slew   Delay    Time   Description
-----------------------------------------------------------------------------
                  0.15    0.00    0.00   clock clk (rise edge)
                          0.00    0.00   clock network delay (ideal)
                          5.00    5.00 ^ input external delay
                  1.26    0.92    5.92 ^ rst_n (in)
    65    0.28                           rst_n (net)
                  1.26    0.00    5.92 ^ _441_/RESET_B (sky130_fd_sc_hd__dfrtp_2)
                                  5.92   data arrival time

                  0.15   25.00   25.00   clock clk (rise edge)
                          0.00   25.00   clock network delay (ideal)
                         -0.25   24.75   clock uncertainty
                          0.00   24.75   clock reconvergence pessimism
                                 24.75 ^ _441_/CLK (sky130_fd_sc_hd__dfrtp_2)
                         -0.14   24.61   library recovery time
                                 24.61   data required time
-----------------------------------------------------------------------------
                                 24.61   data required time
                                 -5.92   data arrival time
-----------------------------------------------------------------------------
                                 18.69   slack (MET)


Startpoint: rst_n (input port clocked by clk)
Endpoint: _450_ (recovery check against rising-edge clock clk)
Path Group: asynchronous
Path Type: max

Fanout     Cap    Slew   Delay    Time   Description
-----------------------------------------------------------------------------
                  0.15    0.00    0.00   clock clk (rise edge)
                          0.00    0.00   clock network delay (ideal)
                          5.00    5.00 ^ input external delay
                  1.26    0.92    5.92 ^ rst_n (in)
    65    0.28                           rst_n (net)
                  1.26    0.00    5.92 ^ _450_/RESET_B (sky130_fd_sc_hd__dfrtp_2)
                                  5.92   data arrival time

                  0.15   25.00   25.00   clock clk (rise edge)
                          0.00   25.00   clock network delay (ideal)
                         -0.25   24.75   clock uncertainty
                          0.00   24.75   clock reconvergence pessimism
                                 24.75 ^ _450_/CLK (sky130_fd_sc_hd__dfrtp_2)
                         -0.14   24.61   library recovery time
                                 24.61   data required time
-----------------------------------------------------------------------------
                                 24.61   data required time
                                 -5.92   data arrival time
-----------------------------------------------------------------------------
                                 18.69   slack (MET)


Startpoint: rst_n (input port clocked by clk)
Endpoint: _486_ (recovery check against rising-edge clock clk)
Path Group: asynchronous
Path Type: max

Fanout     Cap    Slew   Delay    Time   Description
-----------------------------------------------------------------------------
                  0.15    0.00    0.00   clock clk (rise edge)
                          0.00    0.00   clock network delay (ideal)
                          5.00    5.00 ^ input external delay
                  1.26    0.92    5.92 ^ rst_n (in)
    65    0.28                           rst_n (net)
                  1.26    0.00    5.92 ^ _486_/RESET_B (sky130_fd_sc_hd__dfrtp_2)
                                  5.92   data arrival time

                  0.15   25.00   25.00   clock clk (rise edge)
                          0.00   25.00   clock network delay (ideal)
                         -0.25   24.75   clock uncertainty
                          0.00   24.75   clock reconvergence pessimism
                                 24.75 ^ _486_/CLK (sky130_fd_sc_hd__dfrtp_2)
                         -0.14   24.61   library recovery time
                                 24.61   data required time
-----------------------------------------------------------------------------
                                 24.61   data required time
                                 -5.92   data arrival time
-----------------------------------------------------------------------------
                                 18.69   slack (MET)


Startpoint: rst_n (input port clocked by clk)
Endpoint: _456_ (recovery check against rising-edge clock clk)
Path Group: asynchronous
Path Type: max

Fanout     Cap    Slew   Delay    Time   Description
-----------------------------------------------------------------------------
                  0.15    0.00    0.00   clock clk (rise edge)
                          0.00    0.00   clock network delay (ideal)
                          5.00    5.00 ^ input external delay
                  1.26    0.92    5.92 ^ rst_n (in)
    65    0.28                           rst_n (net)
                  1.26    0.00    5.92 ^ _456_/RESET_B (sky130_fd_sc_hd__dfrtp_2)
                                  5.92   data arrival time

                  0.15   25.00   25.00   clock clk (rise edge)
                          0.00   25.00   clock network delay (ideal)
                         -0.25   24.75   clock uncertainty
                          0.00   24.75   clock reconvergence pessimism
                                 24.75 ^ _456_/CLK (sky130_fd_sc_hd__dfrtp_2)
                         -0.14   24.61   library recovery time
                                 24.61   data required time
-----------------------------------------------------------------------------
                                 24.61   data required time
                                 -5.92   data arrival time
-----------------------------------------------------------------------------
                                 18.69   slack (MET)


Startpoint: rst_n (input port clocked by clk)
Endpoint: _485_ (recovery check against rising-edge clock clk)
Path Group: asynchronous
Path Type: max

Fanout     Cap    Slew   Delay    Time   Description
-----------------------------------------------------------------------------
                  0.15    0.00    0.00   clock clk (rise edge)
                          0.00    0.00   clock network delay (ideal)
                          5.00    5.00 ^ input external delay
                  1.26    0.92    5.92 ^ rst_n (in)
    65    0.28                           rst_n (net)
                  1.26    0.00    5.92 ^ _485_/RESET_B (sky130_fd_sc_hd__dfrtp_2)
                                  5.92   data arrival time

                  0.15   25.00   25.00   clock clk (rise edge)
                          0.00   25.00   clock network delay (ideal)
                         -0.25   24.75   clock uncertainty
                          0.00   24.75   clock reconvergence pessimism
                                 24.75 ^ _485_/CLK (sky130_fd_sc_hd__dfrtp_2)
                         -0.14   24.61   library recovery time
                                 24.61   data required time
-----------------------------------------------------------------------------
                                 24.61   data required time
                                 -5.92   data arrival time
-----------------------------------------------------------------------------
                                 18.69   slack (MET)


Startpoint: rst_n (input port clocked by clk)
Endpoint: _422_ (recovery check against rising-edge clock clk)
Path Group: asynchronous
Path Type: max

Fanout     Cap    Slew   Delay    Time   Description
-----------------------------------------------------------------------------
                  0.15    0.00    0.00   clock clk (rise edge)
                          0.00    0.00   clock network delay (ideal)
                          5.00    5.00 ^ input external delay
                  1.26    0.92    5.92 ^ rst_n (in)
    65    0.28                           rst_n (net)
                  1.26    0.00    5.92 ^ _422_/RESET_B (sky130_fd_sc_hd__dfrtp_2)
                                  5.92   data arrival time

                  0.15   25.00   25.00   clock clk (rise edge)
                          0.00   25.00   clock network delay (ideal)
                         -0.25   24.75   clock uncertainty
                          0.00   24.75   clock reconvergence pessimism
                                 24.75 ^ _422_/CLK (sky130_fd_sc_hd__dfrtp_2)
                         -0.14   24.61   library recovery time
                                 24.61   data required time
-----------------------------------------------------------------------------
                                 24.61   data required time
                                 -5.92   data arrival time
-----------------------------------------------------------------------------
                                 18.69   slack (MET)


Startpoint: rst_n (input port clocked by clk)
Endpoint: _482_ (recovery check against rising-edge clock clk)
Path Group: asynchronous
Path Type: max

Fanout     Cap    Slew   Delay    Time   Description
-----------------------------------------------------------------------------
                  0.15    0.00    0.00   clock clk (rise edge)
                          0.00    0.00   clock network delay (ideal)
                          5.00    5.00 ^ input external delay
                  1.26    0.92    5.92 ^ rst_n (in)
    65    0.28                           rst_n (net)
                  1.26    0.00    5.92 ^ _482_/RESET_B (sky130_fd_sc_hd__dfrtp_2)
                                  5.92   data arrival time

                  0.15   25.00   25.00   clock clk (rise edge)
                          0.00   25.00   clock network delay (ideal)
                         -0.25   24.75   clock uncertainty
                          0.00   24.75   clock reconvergence pessimism
                                 24.75 ^ _482_/CLK (sky130_fd_sc_hd__dfrtp_2)
                         -0.14   24.61   library recovery time
                                 24.61   data required time
-----------------------------------------------------------------------------
                                 24.61   data required time
                                 -5.92   data arrival time
-----------------------------------------------------------------------------
                                 18.69   slack (MET)


Startpoint: rst_n (input port clocked by clk)
Endpoint: _455_ (recovery check against rising-edge clock clk)
Path Group: asynchronous
Path Type: max

Fanout     Cap    Slew   Delay    Time   Description
-----------------------------------------------------------------------------
                  0.15    0.00    0.00   clock clk (rise edge)
                          0.00    0.00   clock network delay (ideal)
                          5.00    5.00 ^ input external delay
                  1.26    0.92    5.92 ^ rst_n (in)
    65    0.28                           rst_n (net)
                  1.26    0.00    5.92 ^ _455_/RESET_B (sky130_fd_sc_hd__dfrtp_2)
                                  5.92   data arrival time

                  0.15   25.00   25.00   clock clk (rise edge)
                          0.00   25.00   clock network delay (ideal)
                         -0.25   24.75   clock uncertainty
                          0.00   24.75   clock reconvergence pessimism
                                 24.75 ^ _455_/CLK (sky130_fd_sc_hd__dfrtp_2)
                         -0.14   24.61   library recovery time
                                 24.61   data required time
-----------------------------------------------------------------------------
                                 24.61   data required time
                                 -5.92   data arrival time
-----------------------------------------------------------------------------
                                 18.69   slack (MET)


Startpoint: rst_n (input port clocked by clk)
Endpoint: _473_ (recovery check against rising-edge clock clk)
Path Group: asynchronous
Path Type: max

Fanout     Cap    Slew   Delay    Time   Description
-----------------------------------------------------------------------------
                  0.15    0.00    0.00   clock clk (rise edge)
                          0.00    0.00   clock network delay (ideal)
                          5.00    5.00 ^ input external delay
                  1.26    0.91    5.91 ^ rst_n (in)
    65    0.28                           rst_n (net)
                  1.26    0.00    5.91 ^ _473_/RESET_B (sky130_fd_sc_hd__dfrtp_2)
                                  5.91   data arrival time

                  0.15   25.00   25.00   clock clk (rise edge)
                          0.00   25.00   clock network delay (ideal)
                         -0.25   24.75   clock uncertainty
                          0.00   24.75   clock reconvergence pessimism
                                 24.75 ^ _473_/CLK (sky130_fd_sc_hd__dfrtp_2)
                         -0.14   24.61   library recovery time
                                 24.61   data required time
-----------------------------------------------------------------------------
                                 24.61   data required time
                                 -5.91   data arrival time
-----------------------------------------------------------------------------
                                 18.69   slack (MET)


Startpoint: rst_n (input port clocked by clk)
Endpoint: _431_ (recovery check against rising-edge clock clk)
Path Group: asynchronous
Path Type: max

Fanout     Cap    Slew   Delay    Time   Description
-----------------------------------------------------------------------------
                  0.15    0.00    0.00   clock clk (rise edge)
                          0.00    0.00   clock network delay (ideal)
                          5.00    5.00 ^ input external delay
                  1.26    0.91    5.91 ^ rst_n (in)
    65    0.28                           rst_n (net)
                  1.26    0.00    5.91 ^ _431_/RESET_B (sky130_fd_sc_hd__dfrtp_2)
                                  5.91   data arrival time

                  0.15   25.00   25.00   clock clk (rise edge)
                          0.00   25.00   clock network delay (ideal)
                         -0.25   24.75   clock uncertainty
                          0.00   24.75   clock reconvergence pessimism
                                 24.75 ^ _431_/CLK (sky130_fd_sc_hd__dfrtp_2)
                         -0.14   24.61   library recovery time
                                 24.61   data required time
-----------------------------------------------------------------------------
                                 24.61   data required time
                                 -5.91   data arrival time
-----------------------------------------------------------------------------
                                 18.69   slack (MET)


Startpoint: rst_n (input port clocked by clk)
Endpoint: _472_ (recovery check against rising-edge clock clk)
Path Group: asynchronous
Path Type: max

Fanout     Cap    Slew   Delay    Time   Description
-----------------------------------------------------------------------------
                  0.15    0.00    0.00   clock clk (rise edge)
                          0.00    0.00   clock network delay (ideal)
                          5.00    5.00 ^ input external delay
                  1.26    0.91    5.91 ^ rst_n (in)
    65    0.28                           rst_n (net)
                  1.26    0.00    5.91 ^ _472_/RESET_B (sky130_fd_sc_hd__dfrtp_2)
                                  5.91   data arrival time

                  0.15   25.00   25.00   clock clk (rise edge)
                          0.00   25.00   clock network delay (ideal)
                         -0.25   24.75   clock uncertainty
                          0.00   24.75   clock reconvergence pessimism
                                 24.75 ^ _472_/CLK (sky130_fd_sc_hd__dfrtp_2)
                         -0.14   24.61   library recovery time
                                 24.61   data required time
-----------------------------------------------------------------------------
                                 24.61   data required time
                                 -5.91   data arrival time
-----------------------------------------------------------------------------
                                 18.69   slack (MET)


Startpoint: rst_n (input port clocked by clk)
Endpoint: _476_ (recovery check against rising-edge clock clk)
Path Group: asynchronous
Path Type: max

Fanout     Cap    Slew   Delay    Time   Description
-----------------------------------------------------------------------------
                  0.15    0.00    0.00   clock clk (rise edge)
                          0.00    0.00   clock network delay (ideal)
                          5.00    5.00 ^ input external delay
                  1.26    0.91    5.91 ^ rst_n (in)
    65    0.28                           rst_n (net)
                  1.26    0.00    5.91 ^ _476_/RESET_B (sky130_fd_sc_hd__dfrtp_2)
                                  5.91   data arrival time

                  0.15   25.00   25.00   clock clk (rise edge)
                          0.00   25.00   clock network delay (ideal)
                         -0.25   24.75   clock uncertainty
                          0.00   24.75   clock reconvergence pessimism
                                 24.75 ^ _476_/CLK (sky130_fd_sc_hd__dfrtp_2)
                         -0.14   24.61   library recovery time
                                 24.61   data required time
-----------------------------------------------------------------------------
                                 24.61   data required time
                                 -5.91   data arrival time
-----------------------------------------------------------------------------
                                 18.69   slack (MET)


Startpoint: rst_n (input port clocked by clk)
Endpoint: _438_ (recovery check against rising-edge clock clk)
Path Group: asynchronous
Path Type: max

Fanout     Cap    Slew   Delay    Time   Description
-----------------------------------------------------------------------------
                  0.15    0.00    0.00   clock clk (rise edge)
                          0.00    0.00   clock network delay (ideal)
                          5.00    5.00 ^ input external delay
                  1.26    0.91    5.91 ^ rst_n (in)
    65    0.28                           rst_n (net)
                  1.26    0.00    5.91 ^ _438_/RESET_B (sky130_fd_sc_hd__dfrtp_2)
                                  5.91   data arrival time

                  0.15   25.00   25.00   clock clk (rise edge)
                          0.00   25.00   clock network delay (ideal)
                         -0.25   24.75   clock uncertainty
                          0.00   24.75   clock reconvergence pessimism
                                 24.75 ^ _438_/CLK (sky130_fd_sc_hd__dfrtp_2)
                         -0.14   24.61   library recovery time
                                 24.61   data required time
-----------------------------------------------------------------------------
                                 24.61   data required time
                                 -5.91   data arrival time
-----------------------------------------------------------------------------
                                 18.69   slack (MET)


Startpoint: rst_n (input port clocked by clk)
Endpoint: _462_ (recovery check against rising-edge clock clk)
Path Group: asynchronous
Path Type: max

Fanout     Cap    Slew   Delay    Time   Description
-----------------------------------------------------------------------------
                  0.15    0.00    0.00   clock clk (rise edge)
                          0.00    0.00   clock network delay (ideal)
                          5.00    5.00 ^ input external delay
                  1.26    0.91    5.91 ^ rst_n (in)
    65    0.28                           rst_n (net)
                  1.26    0.00    5.91 ^ _462_/RESET_B (sky130_fd_sc_hd__dfrtp_2)
                                  5.91   data arrival time

                  0.15   25.00   25.00   clock clk (rise edge)
                          0.00   25.00   clock network delay (ideal)
                         -0.25   24.75   clock uncertainty
                          0.00   24.75   clock reconvergence pessimism
                                 24.75 ^ _462_/CLK (sky130_fd_sc_hd__dfrtp_2)
                         -0.14   24.61   library recovery time
                                 24.61   data required time
-----------------------------------------------------------------------------
                                 24.61   data required time
                                 -5.91   data arrival time
-----------------------------------------------------------------------------
                                 18.69   slack (MET)


Startpoint: rst_n (input port clocked by clk)
Endpoint: _449_ (recovery check against rising-edge clock clk)
Path Group: asynchronous
Path Type: max

Fanout     Cap    Slew   Delay    Time   Description
-----------------------------------------------------------------------------
                  0.15    0.00    0.00   clock clk (rise edge)
                          0.00    0.00   clock network delay (ideal)
                          5.00    5.00 ^ input external delay
                  1.26    0.91    5.91 ^ rst_n (in)
    65    0.28                           rst_n (net)
                  1.26    0.00    5.91 ^ _449_/RESET_B (sky130_fd_sc_hd__dfrtp_2)
                                  5.91   data arrival time

                  0.15   25.00   25.00   clock clk (rise edge)
                          0.00   25.00   clock network delay (ideal)
                         -0.25   24.75   clock uncertainty
                          0.00   24.75   clock reconvergence pessimism
                                 24.75 ^ _449_/CLK (sky130_fd_sc_hd__dfrtp_2)
                         -0.14   24.61   library recovery time
                                 24.61   data required time
-----------------------------------------------------------------------------
                                 24.61   data required time
                                 -5.91   data arrival time
-----------------------------------------------------------------------------
                                 18.69   slack (MET)


Startpoint: rst_n (input port clocked by clk)
Endpoint: _477_ (recovery check against rising-edge clock clk)
Path Group: asynchronous
Path Type: max

Fanout     Cap    Slew   Delay    Time   Description
-----------------------------------------------------------------------------
                  0.15    0.00    0.00   clock clk (rise edge)
                          0.00    0.00   clock network delay (ideal)
                          5.00    5.00 ^ input external delay
                  1.26    0.91    5.91 ^ rst_n (in)
    65    0.28                           rst_n (net)
                  1.26    0.00    5.91 ^ _477_/RESET_B (sky130_fd_sc_hd__dfrtp_2)
                                  5.91   data arrival time

                  0.15   25.00   25.00   clock clk (rise edge)
                          0.00   25.00   clock network delay (ideal)
                         -0.25   24.75   clock uncertainty
                          0.00   24.75   clock reconvergence pessimism
                                 24.75 ^ _477_/CLK (sky130_fd_sc_hd__dfrtp_2)
                         -0.14   24.61   library recovery time
                                 24.61   data required time
-----------------------------------------------------------------------------
                                 24.61   data required time
                                 -5.91   data arrival time
-----------------------------------------------------------------------------
                                 18.69   slack (MET)


Startpoint: rst_n (input port clocked by clk)
Endpoint: _447_ (recovery check against rising-edge clock clk)
Path Group: asynchronous
Path Type: max

Fanout     Cap    Slew   Delay    Time   Description
-----------------------------------------------------------------------------
                  0.15    0.00    0.00   clock clk (rise edge)
                          0.00    0.00   clock network delay (ideal)
                          5.00    5.00 ^ input external delay
                  1.26    0.91    5.91 ^ rst_n (in)
    65    0.28                           rst_n (net)
                  1.26    0.00    5.91 ^ _447_/RESET_B (sky130_fd_sc_hd__dfrtp_2)
                                  5.91   data arrival time

                  0.15   25.00   25.00   clock clk (rise edge)
                          0.00   25.00   clock network delay (ideal)
                         -0.25   24.75   clock uncertainty
                          0.00   24.75   clock reconvergence pessimism
                                 24.75 ^ _447_/CLK (sky130_fd_sc_hd__dfrtp_2)
                         -0.14   24.61   library recovery time
                                 24.61   data required time
-----------------------------------------------------------------------------
                                 24.61   data required time
                                 -5.91   data arrival time
-----------------------------------------------------------------------------
                                 18.69   slack (MET)


Startpoint: rst_n (input port clocked by clk)
Endpoint: _448_ (recovery check against rising-edge clock clk)
Path Group: asynchronous
Path Type: max

Fanout     Cap    Slew   Delay    Time   Description
-----------------------------------------------------------------------------
                  0.15    0.00    0.00   clock clk (rise edge)
                          0.00    0.00   clock network delay (ideal)
                          5.00    5.00 ^ input external delay
                  1.26    0.91    5.91 ^ rst_n (in)
    65    0.28                           rst_n (net)
                  1.26    0.00    5.91 ^ _448_/RESET_B (sky130_fd_sc_hd__dfrtp_2)
                                  5.91   data arrival time

                  0.15   25.00   25.00   clock clk (rise edge)
                          0.00   25.00   clock network delay (ideal)
                         -0.25   24.75   clock uncertainty
                          0.00   24.75   clock reconvergence pessimism
                                 24.75 ^ _448_/CLK (sky130_fd_sc_hd__dfrtp_2)
                         -0.14   24.61   library recovery time
                                 24.61   data required time
-----------------------------------------------------------------------------
                                 24.61   data required time
                                 -5.91   data arrival time
-----------------------------------------------------------------------------
                                 18.69   slack (MET)


Startpoint: rst_n (input port clocked by clk)
Endpoint: _465_ (recovery check against rising-edge clock clk)
Path Group: asynchronous
Path Type: max

Fanout     Cap    Slew   Delay    Time   Description
-----------------------------------------------------------------------------
                  0.15    0.00    0.00   clock clk (rise edge)
                          0.00    0.00   clock network delay (ideal)
                          5.00    5.00 ^ input external delay
                  1.26    0.91    5.91 ^ rst_n (in)
    65    0.28                           rst_n (net)
                  1.26    0.00    5.91 ^ _465_/RESET_B (sky130_fd_sc_hd__dfrtp_2)
                                  5.91   data arrival time

                  0.15   25.00   25.00   clock clk (rise edge)
                          0.00   25.00   clock network delay (ideal)
                         -0.25   24.75   clock uncertainty
                          0.00   24.75   clock reconvergence pessimism
                                 24.75 ^ _465_/CLK (sky130_fd_sc_hd__dfrtp_2)
                         -0.14   24.61   library recovery time
                                 24.61   data required time
-----------------------------------------------------------------------------
                                 24.61   data required time
                                 -5.91   data arrival time
-----------------------------------------------------------------------------
                                 18.69   slack (MET)


Startpoint: rst_n (input port clocked by clk)
Endpoint: _480_ (recovery check against rising-edge clock clk)
Path Group: asynchronous
Path Type: max

Fanout     Cap    Slew   Delay    Time   Description
-----------------------------------------------------------------------------
                  0.15    0.00    0.00   clock clk (rise edge)
                          0.00    0.00   clock network delay (ideal)
                          5.00    5.00 ^ input external delay
                  1.26    0.91    5.91 ^ rst_n (in)
    65    0.28                           rst_n (net)
                  1.26    0.00    5.91 ^ _480_/RESET_B (sky130_fd_sc_hd__dfrtp_2)
                                  5.91   data arrival time

                  0.15   25.00   25.00   clock clk (rise edge)
                          0.00   25.00   clock network delay (ideal)
                         -0.25   24.75   clock uncertainty
                          0.00   24.75   clock reconvergence pessimism
                                 24.75 ^ _480_/CLK (sky130_fd_sc_hd__dfrtp_2)
                         -0.14   24.61   library recovery time
                                 24.61   data required time
-----------------------------------------------------------------------------
                                 24.61   data required time
                                 -5.91   data arrival time
-----------------------------------------------------------------------------
                                 18.69   slack (MET)


Startpoint: rst_n (input port clocked by clk)
Endpoint: _425_ (recovery check against rising-edge clock clk)
Path Group: asynchronous
Path Type: max

Fanout     Cap    Slew   Delay    Time   Description
-----------------------------------------------------------------------------
                  0.15    0.00    0.00   clock clk (rise edge)
                          0.00    0.00   clock network delay (ideal)
                          5.00    5.00 ^ input external delay
                  1.26    0.91    5.91 ^ rst_n (in)
    65    0.28                           rst_n (net)
                  1.26    0.00    5.91 ^ _425_/RESET_B (sky130_fd_sc_hd__dfrtp_2)
                                  5.91   data arrival time

                  0.15   25.00   25.00   clock clk (rise edge)
                          0.00   25.00   clock network delay (ideal)
                         -0.25   24.75   clock uncertainty
                          0.00   24.75   clock reconvergence pessimism
                                 24.75 ^ _425_/CLK (sky130_fd_sc_hd__dfrtp_2)
                         -0.14   24.61   library recovery time
                                 24.61   data required time
-----------------------------------------------------------------------------
                                 24.61   data required time
                                 -5.91   data arrival time
-----------------------------------------------------------------------------
                                 18.69   slack (MET)


Startpoint: rst_n (input port clocked by clk)
Endpoint: _475_ (recovery check against rising-edge clock clk)
Path Group: asynchronous
Path Type: max

Fanout     Cap    Slew   Delay    Time   Description
-----------------------------------------------------------------------------
                  0.15    0.00    0.00   clock clk (rise edge)
                          0.00    0.00   clock network delay (ideal)
                          5.00    5.00 ^ input external delay
                  1.26    0.91    5.91 ^ rst_n (in)
    65    0.28                           rst_n (net)
                  1.26    0.00    5.91 ^ _475_/RESET_B (sky130_fd_sc_hd__dfrtp_2)
                                  5.91   data arrival time

                  0.15   25.00   25.00   clock clk (rise edge)
                          0.00   25.00   clock network delay (ideal)
                         -0.25   24.75   clock uncertainty
                          0.00   24.75   clock reconvergence pessimism
                                 24.75 ^ _475_/CLK (sky130_fd_sc_hd__dfrtp_2)
                         -0.14   24.61   library recovery time
                                 24.61   data required time
-----------------------------------------------------------------------------
                                 24.61   data required time
                                 -5.91   data arrival time
-----------------------------------------------------------------------------
                                 18.69   slack (MET)


Startpoint: rst_n (input port clocked by clk)
Endpoint: _484_ (recovery check against rising-edge clock clk)
Path Group: asynchronous
Path Type: max

Fanout     Cap    Slew   Delay    Time   Description
-----------------------------------------------------------------------------
                  0.15    0.00    0.00   clock clk (rise edge)
                          0.00    0.00   clock network delay (ideal)
                          5.00    5.00 ^ input external delay
                  1.26    0.91    5.91 ^ rst_n (in)
    65    0.28                           rst_n (net)
                  1.26    0.00    5.91 ^ _484_/RESET_B (sky130_fd_sc_hd__dfrtp_2)
                                  5.91   data arrival time

                  0.15   25.00   25.00   clock clk (rise edge)
                          0.00   25.00   clock network delay (ideal)
                         -0.25   24.75   clock uncertainty
                          0.00   24.75   clock reconvergence pessimism
                                 24.75 ^ _484_/CLK (sky130_fd_sc_hd__dfrtp_2)
                         -0.14   24.61   library recovery time
                                 24.61   data required time
-----------------------------------------------------------------------------
                                 24.61   data required time
                                 -5.91   data arrival time
-----------------------------------------------------------------------------
                                 18.69   slack (MET)


Startpoint: rst_n (input port clocked by clk)
Endpoint: _423_ (recovery check against rising-edge clock clk)
Path Group: asynchronous
Path Type: max

Fanout     Cap    Slew   Delay    Time   Description
-----------------------------------------------------------------------------
                  0.15    0.00    0.00   clock clk (rise edge)
                          0.00    0.00   clock network delay (ideal)
                          5.00    5.00 ^ input external delay
                  1.26    0.91    5.91 ^ rst_n (in)
    65    0.28                           rst_n (net)
                  1.26    0.00    5.91 ^ _423_/RESET_B (sky130_fd_sc_hd__dfrtp_2)
                                  5.91   data arrival time

                  0.15   25.00   25.00   clock clk (rise edge)
                          0.00   25.00   clock network delay (ideal)
                         -0.25   24.75   clock uncertainty
                          0.00   24.75   clock reconvergence pessimism
                                 24.75 ^ _423_/CLK (sky130_fd_sc_hd__dfrtp_2)
                         -0.14   24.61   library recovery time
                                 24.61   data required time
-----------------------------------------------------------------------------
                                 24.61   data required time
                                 -5.91   data arrival time
-----------------------------------------------------------------------------
                                 18.69   slack (MET)


Startpoint: rst_n (input port clocked by clk)
Endpoint: _424_ (recovery check against rising-edge clock clk)
Path Group: asynchronous
Path Type: max

Fanout     Cap    Slew   Delay    Time   Description
-----------------------------------------------------------------------------
                  0.15    0.00    0.00   clock clk (rise edge)
                          0.00    0.00   clock network delay (ideal)
                          5.00    5.00 ^ input external delay
                  1.26    0.91    5.91 ^ rst_n (in)
    65    0.28                           rst_n (net)
                  1.26    0.00    5.91 ^ _424_/RESET_B (sky130_fd_sc_hd__dfrtp_2)
                                  5.91   data arrival time

                  0.15   25.00   25.00   clock clk (rise edge)
                          0.00   25.00   clock network delay (ideal)
                         -0.25   24.75   clock uncertainty
                          0.00   24.75   clock reconvergence pessimism
                                 24.75 ^ _424_/CLK (sky130_fd_sc_hd__dfrtp_2)
                         -0.14   24.61   library recovery time
                                 24.61   data required time
-----------------------------------------------------------------------------
                                 24.61   data required time
                                 -5.91   data arrival time
-----------------------------------------------------------------------------
                                 18.69   slack (MET)


Startpoint: rst_n (input port clocked by clk)
Endpoint: _479_ (recovery check against rising-edge clock clk)
Path Group: asynchronous
Path Type: max

Fanout     Cap    Slew   Delay    Time   Description
-----------------------------------------------------------------------------
                  0.15    0.00    0.00   clock clk (rise edge)
                          0.00    0.00   clock network delay (ideal)
                          5.00    5.00 ^ input external delay
                  1.26    0.91    5.91 ^ rst_n (in)
    65    0.28                           rst_n (net)
                  1.26    0.00    5.91 ^ _479_/RESET_B (sky130_fd_sc_hd__dfrtp_2)
                                  5.91   data arrival time

                  0.15   25.00   25.00   clock clk (rise edge)
                          0.00   25.00   clock network delay (ideal)
                         -0.25   24.75   clock uncertainty
                          0.00   24.75   clock reconvergence pessimism
                                 24.75 ^ _479_/CLK (sky130_fd_sc_hd__dfrtp_2)
                         -0.14   24.61   library recovery time
                                 24.61   data required time
-----------------------------------------------------------------------------
                                 24.61   data required time
                                 -5.91   data arrival time
-----------------------------------------------------------------------------
                                 18.69   slack (MET)


Startpoint: rst_n (input port clocked by clk)
Endpoint: _478_ (recovery check against rising-edge clock clk)
Path Group: asynchronous
Path Type: max

Fanout     Cap    Slew   Delay    Time   Description
-----------------------------------------------------------------------------
                  0.15    0.00    0.00   clock clk (rise edge)
                          0.00    0.00   clock network delay (ideal)
                          5.00    5.00 ^ input external delay
                  1.26    0.91    5.91 ^ rst_n (in)
    65    0.28                           rst_n (net)
                  1.26    0.00    5.91 ^ _478_/RESET_B (sky130_fd_sc_hd__dfrtp_2)
                                  5.91   data arrival time

                  0.15   25.00   25.00   clock clk (rise edge)
                          0.00   25.00   clock network delay (ideal)
                         -0.25   24.75   clock uncertainty
                          0.00   24.75   clock reconvergence pessimism
                                 24.75 ^ _478_/CLK (sky130_fd_sc_hd__dfrtp_2)
                         -0.14   24.61   library recovery time
                                 24.61   data required time
-----------------------------------------------------------------------------
                                 24.61   data required time
                                 -5.91   data arrival time
-----------------------------------------------------------------------------
                                 18.69   slack (MET)


Startpoint: rst_n (input port clocked by clk)
Endpoint: _426_ (recovery check against rising-edge clock clk)
Path Group: asynchronous
Path Type: max

Fanout     Cap    Slew   Delay    Time   Description
-----------------------------------------------------------------------------
                  0.15    0.00    0.00   clock clk (rise edge)
                          0.00    0.00   clock network delay (ideal)
                          5.00    5.00 ^ input external delay
                  1.26    0.91    5.91 ^ rst_n (in)
    65    0.28                           rst_n (net)
                  1.26    0.00    5.91 ^ _426_/RESET_B (sky130_fd_sc_hd__dfrtp_2)
                                  5.91   data arrival time

                  0.15   25.00   25.00   clock clk (rise edge)
                          0.00   25.00   clock network delay (ideal)
                         -0.25   24.75   clock uncertainty
                          0.00   24.75   clock reconvergence pessimism
                                 24.75 ^ _426_/CLK (sky130_fd_sc_hd__dfrtp_2)
                         -0.14   24.61   library recovery time
                                 24.61   data required time
-----------------------------------------------------------------------------
                                 24.61   data required time
                                 -5.91   data arrival time
-----------------------------------------------------------------------------
                                 18.70   slack (MET)


Startpoint: rst_n (input port clocked by clk)
Endpoint: _427_ (recovery check against rising-edge clock clk)
Path Group: asynchronous
Path Type: max

Fanout     Cap    Slew   Delay    Time   Description
-----------------------------------------------------------------------------
                  0.15    0.00    0.00   clock clk (rise edge)
                          0.00    0.00   clock network delay (ideal)
                          5.00    5.00 ^ input external delay
                  1.26    0.91    5.91 ^ rst_n (in)
    65    0.28                           rst_n (net)
                  1.26    0.00    5.91 ^ _427_/RESET_B (sky130_fd_sc_hd__dfrtp_2)
                                  5.91   data arrival time

                  0.15   25.00   25.00   clock clk (rise edge)
                          0.00   25.00   clock network delay (ideal)
                         -0.25   24.75   clock uncertainty
                          0.00   24.75   clock reconvergence pessimism
                                 24.75 ^ _427_/CLK (sky130_fd_sc_hd__dfrtp_2)
                         -0.14   24.61   library recovery time
                                 24.61   data required time
-----------------------------------------------------------------------------
                                 24.61   data required time
                                 -5.91   data arrival time
-----------------------------------------------------------------------------
                                 18.70   slack (MET)


Startpoint: rst_n (input port clocked by clk)
Endpoint: _428_ (recovery check against rising-edge clock clk)
Path Group: asynchronous
Path Type: max

Fanout     Cap    Slew   Delay    Time   Description
-----------------------------------------------------------------------------
                  0.15    0.00    0.00   clock clk (rise edge)
                          0.00    0.00   clock network delay (ideal)
                          5.00    5.00 ^ input external delay
                  1.26    0.91    5.91 ^ rst_n (in)
    65    0.28                           rst_n (net)
                  1.26    0.00    5.91 ^ _428_/RESET_B (sky130_fd_sc_hd__dfrtp_2)
                                  5.91   data arrival time

                  0.15   25.00   25.00   clock clk (rise edge)
                          0.00   25.00   clock network delay (ideal)
                         -0.25   24.75   clock uncertainty
                          0.00   24.75   clock reconvergence pessimism
                                 24.75 ^ _428_/CLK (sky130_fd_sc_hd__dfrtp_2)
                         -0.14   24.61   library recovery time
                                 24.61   data required time
-----------------------------------------------------------------------------
                                 24.61   data required time
                                 -5.91   data arrival time
-----------------------------------------------------------------------------
                                 18.70   slack (MET)


Startpoint: rst_n (input port clocked by clk)
Endpoint: _469_ (recovery check against rising-edge clock clk)
Path Group: asynchronous
Path Type: max

Fanout     Cap    Slew   Delay    Time   Description
-----------------------------------------------------------------------------
                  0.15    0.00    0.00   clock clk (rise edge)
                          0.00    0.00   clock network delay (ideal)
                          5.00    5.00 ^ input external delay
                  1.26    0.91    5.91 ^ rst_n (in)
    65    0.28                           rst_n (net)
                  1.26    0.00    5.91 ^ _469_/RESET_B (sky130_fd_sc_hd__dfrtp_2)
                                  5.91   data arrival time

                  0.15   25.00   25.00   clock clk (rise edge)
                          0.00   25.00   clock network delay (ideal)
                         -0.25   24.75   clock uncertainty
                          0.00   24.75   clock reconvergence pessimism
                                 24.75 ^ _469_/CLK (sky130_fd_sc_hd__dfrtp_2)
                         -0.14   24.61   library recovery time
                                 24.61   data required time
-----------------------------------------------------------------------------
                                 24.61   data required time
                                 -5.91   data arrival time
-----------------------------------------------------------------------------
                                 18.70   slack (MET)


Startpoint: rst_n (input port clocked by clk)
Endpoint: _432_ (recovery check against rising-edge clock clk)
Path Group: asynchronous
Path Type: max

Fanout     Cap    Slew   Delay    Time   Description
-----------------------------------------------------------------------------
                  0.15    0.00    0.00   clock clk (rise edge)
                          0.00    0.00   clock network delay (ideal)
                          5.00    5.00 ^ input external delay
                  1.26    0.91    5.91 ^ rst_n (in)
    65    0.28                           rst_n (net)
                  1.26    0.00    5.91 ^ _432_/RESET_B (sky130_fd_sc_hd__dfrtp_2)
                                  5.91   data arrival time

                  0.15   25.00   25.00   clock clk (rise edge)
                          0.00   25.00   clock network delay (ideal)
                         -0.25   24.75   clock uncertainty
                          0.00   24.75   clock reconvergence pessimism
                                 24.75 ^ _432_/CLK (sky130_fd_sc_hd__dfrtp_2)
                         -0.14   24.61   library recovery time
                                 24.61   data required time
-----------------------------------------------------------------------------
                                 24.61   data required time
                                 -5.91   data arrival time
-----------------------------------------------------------------------------
                                 18.70   slack (MET)


Startpoint: rst_n (input port clocked by clk)
Endpoint: _454_ (recovery check against rising-edge clock clk)
Path Group: asynchronous
Path Type: max

Fanout     Cap    Slew   Delay    Time   Description
-----------------------------------------------------------------------------
                  0.15    0.00    0.00   clock clk (rise edge)
                          0.00    0.00   clock network delay (ideal)
                          5.00    5.00 ^ input external delay
                  1.26    0.91    5.91 ^ rst_n (in)
    65    0.28                           rst_n (net)
                  1.26    0.00    5.91 ^ _454_/RESET_B (sky130_fd_sc_hd__dfrtp_2)
                                  5.91   data arrival time

                  0.15   25.00   25.00   clock clk (rise edge)
                          0.00   25.00   clock network delay (ideal)
                         -0.25   24.75   clock uncertainty
                          0.00   24.75   clock reconvergence pessimism
                                 24.75 ^ _454_/CLK (sky130_fd_sc_hd__dfrtp_2)
                         -0.14   24.61   library recovery time
                                 24.61   data required time
-----------------------------------------------------------------------------
                                 24.61   data required time
                                 -5.91   data arrival time
-----------------------------------------------------------------------------
                                 18.70   slack (MET)


Startpoint: rst_n (input port clocked by clk)
Endpoint: _433_ (recovery check against rising-edge clock clk)
Path Group: asynchronous
Path Type: max

Fanout     Cap    Slew   Delay    Time   Description
-----------------------------------------------------------------------------
                  0.15    0.00    0.00   clock clk (rise edge)
                          0.00    0.00   clock network delay (ideal)
                          5.00    5.00 ^ input external delay
                  1.26    0.91    5.91 ^ rst_n (in)
    65    0.28                           rst_n (net)
                  1.26    0.00    5.91 ^ _433_/RESET_B (sky130_fd_sc_hd__dfrtp_2)
                                  5.91   data arrival time

                  0.15   25.00   25.00   clock clk (rise edge)
                          0.00   25.00   clock network delay (ideal)
                         -0.25   24.75   clock uncertainty
                          0.00   24.75   clock reconvergence pessimism
                                 24.75 ^ _433_/CLK (sky130_fd_sc_hd__dfrtp_2)
                         -0.14   24.61   library recovery time
                                 24.61   data required time
-----------------------------------------------------------------------------
                                 24.61   data required time
                                 -5.91   data arrival time
-----------------------------------------------------------------------------
                                 18.70   slack (MET)


Startpoint: rst_n (input port clocked by clk)
Endpoint: _434_ (recovery check against rising-edge clock clk)
Path Group: asynchronous
Path Type: max

Fanout     Cap    Slew   Delay    Time   Description
-----------------------------------------------------------------------------
                  0.15    0.00    0.00   clock clk (rise edge)
                          0.00    0.00   clock network delay (ideal)
                          5.00    5.00 ^ input external delay
                  1.26    0.91    5.91 ^ rst_n (in)
    65    0.28                           rst_n (net)
                  1.26    0.00    5.91 ^ _434_/RESET_B (sky130_fd_sc_hd__dfrtp_2)
                                  5.91   data arrival time

                  0.15   25.00   25.00   clock clk (rise edge)
                          0.00   25.00   clock network delay (ideal)
                         -0.25   24.75   clock uncertainty
                          0.00   24.75   clock reconvergence pessimism
                                 24.75 ^ _434_/CLK (sky130_fd_sc_hd__dfrtp_2)
                         -0.14   24.61   library recovery time
                                 24.61   data required time
-----------------------------------------------------------------------------
                                 24.61   data required time
                                 -5.91   data arrival time
-----------------------------------------------------------------------------
                                 18.70   slack (MET)


Startpoint: rst_n (input port clocked by clk)
Endpoint: _483_ (recovery check against rising-edge clock clk)
Path Group: asynchronous
Path Type: max

Fanout     Cap    Slew   Delay    Time   Description
-----------------------------------------------------------------------------
                  0.15    0.00    0.00   clock clk (rise edge)
                          0.00    0.00   clock network delay (ideal)
                          5.00    5.00 ^ input external delay
                  1.26    0.91    5.91 ^ rst_n (in)
    65    0.28                           rst_n (net)
                  1.26    0.00    5.91 ^ _483_/RESET_B (sky130_fd_sc_hd__dfrtp_2)
                                  5.91   data arrival time

                  0.15   25.00   25.00   clock clk (rise edge)
                          0.00   25.00   clock network delay (ideal)
                         -0.25   24.75   clock uncertainty
                          0.00   24.75   clock reconvergence pessimism
                                 24.75 ^ _483_/CLK (sky130_fd_sc_hd__dfrtp_2)
                         -0.14   24.61   library recovery time
                                 24.61   data required time
-----------------------------------------------------------------------------
                                 24.61   data required time
                                 -5.91   data arrival time
-----------------------------------------------------------------------------
                                 18.70   slack (MET)


Startpoint: rst_n (input port clocked by clk)
Endpoint: _468_ (recovery check against rising-edge clock clk)
Path Group: asynchronous
Path Type: max

Fanout     Cap    Slew   Delay    Time   Description
-----------------------------------------------------------------------------
                  0.15    0.00    0.00   clock clk (rise edge)
                          0.00    0.00   clock network delay (ideal)
                          5.00    5.00 ^ input external delay
                  1.26    0.91    5.91 ^ rst_n (in)
    65    0.28                           rst_n (net)
                  1.26    0.00    5.91 ^ _468_/RESET_B (sky130_fd_sc_hd__dfrtp_2)
                                  5.91   data arrival time

                  0.15   25.00   25.00   clock clk (rise edge)
                          0.00   25.00   clock network delay (ideal)
                         -0.25   24.75   clock uncertainty
                          0.00   24.75   clock reconvergence pessimism
                                 24.75 ^ _468_/CLK (sky130_fd_sc_hd__dfrtp_2)
                         -0.14   24.61   library recovery time
                                 24.61   data required time
-----------------------------------------------------------------------------
                                 24.61   data required time
                                 -5.91   data arrival time
-----------------------------------------------------------------------------
                                 18.70   slack (MET)


Startpoint: rst_n (input port clocked by clk)
Endpoint: _466_ (recovery check against rising-edge clock clk)
Path Group: asynchronous
Path Type: max

Fanout     Cap    Slew   Delay    Time   Description
-----------------------------------------------------------------------------
                  0.15    0.00    0.00   clock clk (rise edge)
                          0.00    0.00   clock network delay (ideal)
                          5.00    5.00 ^ input external delay
                  1.26    0.91    5.91 ^ rst_n (in)
    65    0.28                           rst_n (net)
                  1.26    0.00    5.91 ^ _466_/RESET_B (sky130_fd_sc_hd__dfrtp_2)
                                  5.91   data arrival time

                  0.15   25.00   25.00   clock clk (rise edge)
                          0.00   25.00   clock network delay (ideal)
                         -0.25   24.75   clock uncertainty
                          0.00   24.75   clock reconvergence pessimism
                                 24.75 ^ _466_/CLK (sky130_fd_sc_hd__dfrtp_2)
                         -0.14   24.61   library recovery time
                                 24.61   data required time
-----------------------------------------------------------------------------
                                 24.61   data required time
                                 -5.91   data arrival time
-----------------------------------------------------------------------------
                                 18.70   slack (MET)


Startpoint: rst_n (input port clocked by clk)
Endpoint: _467_ (recovery check against rising-edge clock clk)
Path Group: asynchronous
Path Type: max

Fanout     Cap    Slew   Delay    Time   Description
-----------------------------------------------------------------------------
                  0.15    0.00    0.00   clock clk (rise edge)
                          0.00    0.00   clock network delay (ideal)
                          5.00    5.00 ^ input external delay
                  1.26    0.91    5.91 ^ rst_n (in)
    65    0.28                           rst_n (net)
                  1.26    0.00    5.91 ^ _467_/RESET_B (sky130_fd_sc_hd__dfrtp_2)
                                  5.91   data arrival time

                  0.15   25.00   25.00   clock clk (rise edge)
                          0.00   25.00   clock network delay (ideal)
                         -0.25   24.75   clock uncertainty
                          0.00   24.75   clock reconvergence pessimism
                                 24.75 ^ _467_/CLK (sky130_fd_sc_hd__dfrtp_2)
                         -0.14   24.61   library recovery time
                                 24.61   data required time
-----------------------------------------------------------------------------
                                 24.61   data required time
                                 -5.91   data arrival time
-----------------------------------------------------------------------------
                                 18.70   slack (MET)


Startpoint: rst_n (input port clocked by clk)
Endpoint: _453_ (recovery check against rising-edge clock clk)
Path Group: asynchronous
Path Type: max

Fanout     Cap    Slew   Delay    Time   Description
-----------------------------------------------------------------------------
                  0.15    0.00    0.00   clock clk (rise edge)
                          0.00    0.00   clock network delay (ideal)
                          5.00    5.00 ^ input external delay
                  1.26    0.91    5.91 ^ rst_n (in)
    65    0.28                           rst_n (net)
                  1.26    0.00    5.91 ^ _453_/RESET_B (sky130_fd_sc_hd__dfrtp_2)
                                  5.91   data arrival time

                  0.15   25.00   25.00   clock clk (rise edge)
                          0.00   25.00   clock network delay (ideal)
                         -0.25   24.75   clock uncertainty
                          0.00   24.75   clock reconvergence pessimism
                                 24.75 ^ _453_/CLK (sky130_fd_sc_hd__dfrtp_2)
                         -0.14   24.61   library recovery time
                                 24.61   data required time
-----------------------------------------------------------------------------
                                 24.61   data required time
                                 -5.91   data arrival time
-----------------------------------------------------------------------------
                                 18.70   slack (MET)


Startpoint: i_valid (input port clocked by clk)
Endpoint: _485_ (rising edge-triggered flip-flop clocked by clk)
Path Group: clk
Path Type: max

Fanout     Cap    Slew   Delay    Time   Description
-----------------------------------------------------------------------------
                  0.15    0.00    0.00   clock clk (rise edge)
                          0.00    0.00   clock network delay (ideal)
                          5.00    5.00 ^ input external delay
                  0.02    0.01    5.01 ^ i_valid (in)
     1    0.00                           i_valid (net)
                  0.02    0.00    5.01 ^ _211_/A (sky130_fd_sc_hd__buf_1)
                  0.65    0.52    5.53 ^ _211_/X (sky130_fd_sc_hd__buf_1)
    13    0.06                           _065_ (net)
                  0.65    0.00    5.53 ^ _212_/A (sky130_fd_sc_hd__and3_2)
                  0.09    0.37    5.89 ^ _212_/X (sky130_fd_sc_hd__and3_2)
     3    0.01                           _066_ (net)
                  0.09    0.00    5.89 ^ _419_/A (sky130_fd_sc_hd__nor2_2)
                  0.03    0.05    5.94 v _419_/Y (sky130_fd_sc_hd__nor2_2)
     1    0.00                           _063_ (net)
                  0.03    0.00    5.94 v _485_/D (sky130_fd_sc_hd__dfrtp_2)
                                  5.94   data arrival time

                  0.15   25.00   25.00   clock clk (rise edge)
                          0.00   25.00   clock network delay (ideal)
                         -0.25   24.75   clock uncertainty
                          0.00   24.75   clock reconvergence pessimism
                                 24.75 ^ _485_/CLK (sky130_fd_sc_hd__dfrtp_2)
                         -0.08   24.67   library setup time
                                 24.67   data required time
-----------------------------------------------------------------------------
                                 24.67   data required time
                                 -5.94   data arrival time
-----------------------------------------------------------------------------
                                 18.73   slack (MET)


Startpoint: i_valid (input port clocked by clk)
Endpoint: _449_ (rising edge-triggered flip-flop clocked by clk)
Path Group: clk
Path Type: max

Fanout     Cap    Slew   Delay    Time   Description
-----------------------------------------------------------------------------
                  0.15    0.00    0.00   clock clk (rise edge)
                          0.00    0.00   clock network delay (ideal)
                          5.00    5.00 ^ input external delay
                  0.02    0.01    5.01 ^ i_valid (in)
     1    0.00                           i_valid (net)
                  0.02    0.00    5.01 ^ _211_/A (sky130_fd_sc_hd__buf_1)
                  0.65    0.52    5.53 ^ _211_/X (sky130_fd_sc_hd__buf_1)
    13    0.06                           _065_ (net)
                  0.65    0.00    5.53 ^ _339_/A2 (sky130_fd_sc_hd__a21o_2)
                  0.04    0.23    5.76 ^ _339_/X (sky130_fd_sc_hd__a21o_2)
     1    0.00                           _029_ (net)
                  0.04    0.00    5.76 ^ _449_/D (sky130_fd_sc_hd__dfrtp_2)
                                  5.76   data arrival time

                  0.15   25.00   25.00   clock clk (rise edge)
                          0.00   25.00   clock network delay (ideal)
                         -0.25   24.75   clock uncertainty
                          0.00   24.75   clock reconvergence pessimism
                                 24.75 ^ _449_/CLK (sky130_fd_sc_hd__dfrtp_2)
                         -0.05   24.70   library setup time
                                 24.70   data required time
-----------------------------------------------------------------------------
                                 24.70   data required time
                                 -5.76   data arrival time
-----------------------------------------------------------------------------
                                 18.94   slack (MET)


Startpoint: i_valid (input port clocked by clk)
Endpoint: _443_ (rising edge-triggered flip-flop clocked by clk)
Path Group: clk
Path Type: max

Fanout     Cap    Slew   Delay    Time   Description
-----------------------------------------------------------------------------
                  0.15    0.00    0.00   clock clk (rise edge)
                          0.00    0.00   clock network delay (ideal)
                          5.00    5.00 ^ input external delay
                  0.02    0.01    5.01 ^ i_valid (in)
     1    0.00                           i_valid (net)
                  0.02    0.00    5.01 ^ _211_/A (sky130_fd_sc_hd__buf_1)
                  0.65    0.52    5.53 ^ _211_/X (sky130_fd_sc_hd__buf_1)
    13    0.06                           _065_ (net)
                  0.65    0.00    5.53 ^ _328_/A1 (sky130_fd_sc_hd__a21o_2)
                  0.04    0.22    5.75 ^ _328_/X (sky130_fd_sc_hd__a21o_2)
     1    0.00                           _023_ (net)
                  0.04    0.00    5.75 ^ _443_/D (sky130_fd_sc_hd__dfrtp_2)
                                  5.75   data arrival time

                  0.15   25.00   25.00   clock clk (rise edge)
                          0.00   25.00   clock network delay (ideal)
                         -0.25   24.75   clock uncertainty
                          0.00   24.75   clock reconvergence pessimism
                                 24.75 ^ _443_/CLK (sky130_fd_sc_hd__dfrtp_2)
                         -0.05   24.70   library setup time
                                 24.70   data required time
-----------------------------------------------------------------------------
                                 24.70   data required time
                                 -5.75   data arrival time
-----------------------------------------------------------------------------
                                 18.95   slack (MET)


Startpoint: i_valid (input port clocked by clk)
Endpoint: _431_ (rising edge-triggered flip-flop clocked by clk)
Path Group: clk
Path Type: max

Fanout     Cap    Slew   Delay    Time   Description
-----------------------------------------------------------------------------
                  0.15    0.00    0.00   clock clk (rise edge)
                          0.00    0.00   clock network delay (ideal)
                          5.00    5.00 ^ input external delay
                  0.02    0.01    5.01 ^ i_valid (in)
     1    0.00                           i_valid (net)
                  0.02    0.00    5.01 ^ _211_/A (sky130_fd_sc_hd__buf_1)
                  0.65    0.52    5.53 ^ _211_/X (sky130_fd_sc_hd__buf_1)
    13    0.06                           _065_ (net)
                  0.65    0.00    5.53 ^ _294_/A1 (sky130_fd_sc_hd__a21o_2)
                  0.04    0.22    5.75 ^ _294_/X (sky130_fd_sc_hd__a21o_2)
     1    0.00                           _011_ (net)
                  0.04    0.00    5.75 ^ _431_/D (sky130_fd_sc_hd__dfrtp_2)
                                  5.75   data arrival time

                  0.15   25.00   25.00   clock clk (rise edge)
                          0.00   25.00   clock network delay (ideal)
                         -0.25   24.75   clock uncertainty
                          0.00   24.75   clock reconvergence pessimism
                                 24.75 ^ _431_/CLK (sky130_fd_sc_hd__dfrtp_2)
                         -0.05   24.70   library setup time
                                 24.70   data required time
-----------------------------------------------------------------------------
                                 24.70   data required time
                                 -5.75   data arrival time
-----------------------------------------------------------------------------
                                 18.95   slack (MET)


Startpoint: i_valid (input port clocked by clk)
Endpoint: _428_ (rising edge-triggered flip-flop clocked by clk)
Path Group: clk
Path Type: max

Fanout     Cap    Slew   Delay    Time   Description
-----------------------------------------------------------------------------
                  0.15    0.00    0.00   clock clk (rise edge)
                          0.00    0.00   clock network delay (ideal)
                          5.00    5.00 ^ input external delay
                  0.02    0.01    5.01 ^ i_valid (in)
     1    0.00                           i_valid (net)
                  0.02    0.00    5.01 ^ _211_/A (sky130_fd_sc_hd__buf_1)
                  0.65    0.52    5.53 ^ _211_/X (sky130_fd_sc_hd__buf_1)
    13    0.06                           _065_ (net)
                  0.65    0.00    5.53 ^ _283_/A1 (sky130_fd_sc_hd__a21o_2)
                  0.04    0.22    5.75 ^ _283_/X (sky130_fd_sc_hd__a21o_2)
     1    0.00                           _008_ (net)
                  0.04    0.00    5.75 ^ _428_/D (sky130_fd_sc_hd__dfrtp_2)
                                  5.75   data arrival time

                  0.15   25.00   25.00   clock clk (rise edge)
                          0.00   25.00   clock network delay (ideal)
                         -0.25   24.75   clock uncertainty
                          0.00   24.75   clock reconvergence pessimism
                                 24.75 ^ _428_/CLK (sky130_fd_sc_hd__dfrtp_2)
                         -0.05   24.70   library setup time
                                 24.70   data required time
-----------------------------------------------------------------------------
                                 24.70   data required time
                                 -5.75   data arrival time
-----------------------------------------------------------------------------
                                 18.95   slack (MET)


Startpoint: i_valid (input port clocked by clk)
Endpoint: _437_ (rising edge-triggered flip-flop clocked by clk)
Path Group: clk
Path Type: max

Fanout     Cap    Slew   Delay    Time   Description
-----------------------------------------------------------------------------
                  0.15    0.00    0.00   clock clk (rise edge)
                          0.00    0.00   clock network delay (ideal)
                          5.00    5.00 ^ input external delay
                  0.02    0.01    5.01 ^ i_valid (in)
     1    0.00                           i_valid (net)
                  0.02    0.00    5.01 ^ _211_/A (sky130_fd_sc_hd__buf_1)
                  0.65    0.52    5.53 ^ _211_/X (sky130_fd_sc_hd__buf_1)
    13    0.06                           _065_ (net)
                  0.65    0.00    5.53 ^ _311_/A1 (sky130_fd_sc_hd__a21o_2)
                  0.04    0.22    5.75 ^ _311_/X (sky130_fd_sc_hd__a21o_2)
     1    0.00                           _017_ (net)
                  0.04    0.00    5.75 ^ _437_/D (sky130_fd_sc_hd__dfrtp_2)
                                  5.75   data arrival time

                  0.15   25.00   25.00   clock clk (rise edge)
                          0.00   25.00   clock network delay (ideal)
                         -0.25   24.75   clock uncertainty
                          0.00   24.75   clock reconvergence pessimism
                                 24.75 ^ _437_/CLK (sky130_fd_sc_hd__dfrtp_2)
                         -0.05   24.70   library setup time
                                 24.70   data required time
-----------------------------------------------------------------------------
                                 24.70   data required time
                                 -5.75   data arrival time
-----------------------------------------------------------------------------
                                 18.95   slack (MET)


Startpoint: i_valid (input port clocked by clk)
Endpoint: _484_ (rising edge-triggered flip-flop clocked by clk)
Path Group: clk
Path Type: max

Fanout     Cap    Slew   Delay    Time   Description
-----------------------------------------------------------------------------
                  0.15    0.00    0.00   clock clk (rise edge)
                          0.00    0.00   clock network delay (ideal)
                          5.00    5.00 ^ input external delay
                  0.02    0.01    5.01 ^ i_valid (in)
     1    0.00                           i_valid (net)
                  0.02    0.00    5.01 ^ _211_/A (sky130_fd_sc_hd__buf_1)
                  0.65    0.52    5.53 ^ _211_/X (sky130_fd_sc_hd__buf_1)
    13    0.06                           _065_ (net)
                  0.65    0.00    5.53 ^ _417_/A (sky130_fd_sc_hd__xor2_2)
                  0.10    0.13    5.66 v _417_/X (sky130_fd_sc_hd__xor2_2)
     1    0.00                           _062_ (net)
                  0.10    0.00    5.66 v _484_/D (sky130_fd_sc_hd__dfrtp_2)
                                  5.66   data arrival time

                  0.15   25.00   25.00   clock clk (rise edge)
                          0.00   25.00   clock network delay (ideal)
                         -0.25   24.75   clock uncertainty
                          0.00   24.75   clock reconvergence pessimism
                                 24.75 ^ _484_/CLK (sky130_fd_sc_hd__dfrtp_2)
                         -0.11   24.64   library setup time
                                 24.64   data required time
-----------------------------------------------------------------------------
                                 24.64   data required time
                                 -5.66   data arrival time
-----------------------------------------------------------------------------
                                 18.97   slack (MET)


Startpoint: _473_ (rising edge-triggered flip-flop clocked by clk)
Endpoint: o_index[1] (output port clocked by clk)
Path Group: clk
Path Type: max

Fanout     Cap    Slew   Delay    Time   Description
-----------------------------------------------------------------------------
                  0.15    0.00    0.00   clock clk (rise edge)
                          0.00    0.00   clock network delay (ideal)
                  0.15    0.00    0.00 ^ _473_/CLK (sky130_fd_sc_hd__dfrtp_2)
                  0.12    0.54    0.54 v _473_/Q (sky130_fd_sc_hd__dfrtp_2)
     2    0.04                           o_index[1] (net)
                  0.12    0.00    0.54 v o_index[1] (out)
                                  0.54   data arrival time

                  0.15   25.00   25.00   clock clk (rise edge)
                          0.00   25.00   clock network delay (ideal)
                         -0.25   24.75   clock uncertainty
                          0.00   24.75   clock reconvergence pessimism
                         -5.00   19.75   output external delay
                                 19.75   data required time
-----------------------------------------------------------------------------
                                 19.75   data required time
                                 -0.54   data arrival time
-----------------------------------------------------------------------------
                                 19.21   slack (MET)


Startpoint: _472_ (rising edge-triggered flip-flop clocked by clk)
Endpoint: o_index[0] (output port clocked by clk)
Path Group: clk
Path Type: max

Fanout     Cap    Slew   Delay    Time   Description
-----------------------------------------------------------------------------
                  0.15    0.00    0.00   clock clk (rise edge)
                          0.00    0.00   clock network delay (ideal)
                  0.15    0.00    0.00 ^ _472_/CLK (sky130_fd_sc_hd__dfrtp_2)
                  0.12    0.54    0.54 v _472_/Q (sky130_fd_sc_hd__dfrtp_2)
     2    0.04                           o_index[0] (net)
                  0.12    0.00    0.54 v o_index[0] (out)
                                  0.54   data arrival time

                  0.15   25.00   25.00   clock clk (rise edge)
                          0.00   25.00   clock network delay (ideal)
                         -0.25   24.75   clock uncertainty
                          0.00   24.75   clock reconvergence pessimism
                         -5.00   19.75   output external delay
                                 19.75   data required time
-----------------------------------------------------------------------------
                                 19.75   data required time
                                 -0.54   data arrival time
-----------------------------------------------------------------------------
                                 19.21   slack (MET)


Startpoint: _474_ (rising edge-triggered flip-flop clocked by clk)
Endpoint: o_index[2] (output port clocked by clk)
Path Group: clk
Path Type: max

Fanout     Cap    Slew   Delay    Time   Description
-----------------------------------------------------------------------------
                  0.15    0.00    0.00   clock clk (rise edge)
                          0.00    0.00   clock network delay (ideal)
                  0.15    0.00    0.00 ^ _474_/CLK (sky130_fd_sc_hd__dfrtp_2)
                  0.12    0.54    0.54 v _474_/Q (sky130_fd_sc_hd__dfrtp_2)
     2    0.04                           o_index[2] (net)
                  0.12    0.00    0.54 v o_index[2] (out)
                                  0.54   data arrival time

                  0.15   25.00   25.00   clock clk (rise edge)
                          0.00   25.00   clock network delay (ideal)
                         -0.25   24.75   clock uncertainty
                          0.00   24.75   clock reconvergence pessimism
                         -5.00   19.75   output external delay
                                 19.75   data required time
-----------------------------------------------------------------------------
                                 19.75   data required time
                                 -0.54   data arrival time
-----------------------------------------------------------------------------
                                 19.21   slack (MET)


Startpoint: _470_ (rising edge-triggered flip-flop clocked by clk)
Endpoint: o_bucket[2] (output port clocked by clk)
Path Group: clk
Path Type: max

Fanout     Cap    Slew   Delay    Time   Description
-----------------------------------------------------------------------------
                  0.15    0.00    0.00   clock clk (rise edge)
                          0.00    0.00   clock network delay (ideal)
                  0.15    0.00    0.00 ^ _470_/CLK (sky130_fd_sc_hd__dfrtp_2)
                  0.12    0.54    0.54 v _470_/Q (sky130_fd_sc_hd__dfrtp_2)
     2    0.04                           o_bucket[2] (net)
                  0.12    0.00    0.54 v o_bucket[2] (out)
                                  0.54   data arrival time

                  0.15   25.00   25.00   clock clk (rise edge)
                          0.00   25.00   clock network delay (ideal)
                         -0.25   24.75   clock uncertainty
                          0.00   24.75   clock reconvergence pessimism
                         -5.00   19.75   output external delay
                                 19.75   data required time
-----------------------------------------------------------------------------
                                 19.75   data required time
                                 -0.54   data arrival time
-----------------------------------------------------------------------------
                                 19.21   slack (MET)


Startpoint: _468_ (rising edge-triggered flip-flop clocked by clk)
Endpoint: o_bucket[0] (output port clocked by clk)
Path Group: clk
Path Type: max

Fanout     Cap    Slew   Delay    Time   Description
-----------------------------------------------------------------------------
                  0.15    0.00    0.00   clock clk (rise edge)
                          0.00    0.00   clock network delay (ideal)
                  0.15    0.00    0.00 ^ _468_/CLK (sky130_fd_sc_hd__dfrtp_2)
                  0.12    0.54    0.54 v _468_/Q (sky130_fd_sc_hd__dfrtp_2)
     2    0.04                           o_bucket[0] (net)
                  0.12    0.00    0.54 v o_bucket[0] (out)
                                  0.54   data arrival time

                  0.15   25.00   25.00   clock clk (rise edge)
                          0.00   25.00   clock network delay (ideal)
                         -0.25   24.75   clock uncertainty
                          0.00   24.75   clock reconvergence pessimism
                         -5.00   19.75   output external delay
                                 19.75   data required time
-----------------------------------------------------------------------------
                                 19.75   data required time
                                 -0.54   data arrival time
-----------------------------------------------------------------------------
                                 19.21   slack (MET)


Startpoint: _469_ (rising edge-triggered flip-flop clocked by clk)
Endpoint: o_bucket[1] (output port clocked by clk)
Path Group: clk
Path Type: max

Fanout     Cap    Slew   Delay    Time   Description
-----------------------------------------------------------------------------
                  0.15    0.00    0.00   clock clk (rise edge)
                          0.00    0.00   clock network delay (ideal)
                  0.15    0.00    0.00 ^ _469_/CLK (sky130_fd_sc_hd__dfrtp_2)
                  0.12    0.54    0.54 v _469_/Q (sky130_fd_sc_hd__dfrtp_2)
     2    0.04                           o_bucket[1] (net)
                  0.12    0.00    0.54 v o_bucket[1] (out)
                                  0.54   data arrival time

                  0.15   25.00   25.00   clock clk (rise edge)
                          0.00   25.00   clock network delay (ideal)
                         -0.25   24.75   clock uncertainty
                          0.00   24.75   clock reconvergence pessimism
                         -5.00   19.75   output external delay
                                 19.75   data required time
-----------------------------------------------------------------------------
                                 19.75   data required time
                                 -0.54   data arrival time
-----------------------------------------------------------------------------
                                 19.21   slack (MET)


Startpoint: _471_ (rising edge-triggered flip-flop clocked by clk)
Endpoint: o_valid (output port clocked by clk)
Path Group: clk
Path Type: max

Fanout     Cap    Slew   Delay    Time   Description
-----------------------------------------------------------------------------
                  0.15    0.00    0.00   clock clk (rise edge)
                          0.00    0.00   clock network delay (ideal)
                  0.15    0.00    0.00 ^ _471_/CLK (sky130_fd_sc_hd__dfrtp_2)
                  0.12    0.53    0.53 v _471_/Q (sky130_fd_sc_hd__dfrtp_2)
     1    0.04                           o_valid (net)
                  0.12    0.00    0.53 v o_valid (out)
                                  0.53   data arrival time

                  0.15   25.00   25.00   clock clk (rise edge)
                          0.00   25.00   clock network delay (ideal)
                         -0.25   24.75   clock uncertainty
                          0.00   24.75   clock reconvergence pessimism
                         -5.00   19.75   output external delay
                                 19.75   data required time
-----------------------------------------------------------------------------
                                 19.75   data required time
                                 -0.53   data arrival time
-----------------------------------------------------------------------------
                                 19.22   slack (MET)


Startpoint: _476_ (rising edge-triggered flip-flop clocked by clk)
Endpoint: _477_ (rising edge-triggered flip-flop clocked by clk)
Path Group: clk
Path Type: max

Fanout     Cap    Slew   Delay    Time   Description
-----------------------------------------------------------------------------
                  0.15    0.00    0.00   clock clk (rise edge)
                          0.00    0.00   clock network delay (ideal)
                  0.15    0.00    0.00 ^ _476_/CLK (sky130_fd_sc_hd__dfrtp_2)
                  0.04    0.38    0.38 ^ _476_/Q (sky130_fd_sc_hd__dfrtp_2)
     1    0.00                           u_sort.bucket_counter[1] (net)
                  0.04    0.00    0.38 ^ _218_/A (sky130_fd_sc_hd__buf_1)
                  0.70    0.56    0.94 ^ _218_/X (sky130_fd_sc_hd__buf_1)
    10    0.06                           _071_ (net)
                  0.70    0.00    0.94 ^ _241_/A (sky130_fd_sc_hd__xor2_2)
                  0.11    0.14    1.09 v _241_/X (sky130_fd_sc_hd__xor2_2)
     1    0.00                           _094_ (net)
                  0.11    0.00    1.09 v _243_/C1 (sky130_fd_sc_hd__a2111o_2)
                  0.11    0.52    1.60 v _243_/X (sky130_fd_sc_hd__a2111o_2)
     7    0.02                           _096_ (net)
                  0.11    0.00    1.60 v _250_/D (sky130_fd_sc_hd__and4b_2)
                  0.06    0.31    1.91 v _250_/X (sky130_fd_sc_hd__and4b_2)
     3    0.01                           _102_ (net)
                  0.06    0.00    1.91 v _259_/A2 (sky130_fd_sc_hd__o2111a_2)
                  0.09    0.33    2.24 v _259_/X (sky130_fd_sc_hd__o2111a_2)
     7    0.03                           _111_ (net)
                  0.09    0.00    2.24 v _402_/B (sky130_fd_sc_hd__or4_2)
                  0.11    0.70    2.94 v _402_/X (sky130_fd_sc_hd__or4_2)
     1    0.00                           _200_ (net)
                  0.11    0.00    2.94 v _403_/A2 (sky130_fd_sc_hd__a21oi_2)
                  0.13    0.15    3.09 ^ _403_/Y (sky130_fd_sc_hd__a21oi_2)
     1    0.00                           _056_ (net)
                  0.13    0.00    3.09 ^ _477_/D (sky130_fd_sc_hd__dfrtp_2)
                                  3.09   data arrival time

                  0.15   25.00   25.00   clock clk (rise edge)
                          0.00   25.00   clock network delay (ideal)
                         -0.25   24.75   clock uncertainty
                          0.00   24.75   clock reconvergence pessimism
                                 24.75 ^ _477_/CLK (sky130_fd_sc_hd__dfrtp_2)
                         -0.07   24.68   library setup time
                                 24.68   data required time
-----------------------------------------------------------------------------
                                 24.68   data required time
                                 -3.09   data arrival time
-----------------------------------------------------------------------------
                                 21.60   slack (MET)


Startpoint: _476_ (rising edge-triggered flip-flop clocked by clk)
Endpoint: _470_ (rising edge-triggered flip-flop clocked by clk)
Path Group: clk
Path Type: max

Fanout     Cap    Slew   Delay    Time   Description
-----------------------------------------------------------------------------
                  0.15    0.00    0.00   clock clk (rise edge)
                          0.00    0.00   clock network delay (ideal)
                  0.15    0.00    0.00 ^ _476_/CLK (sky130_fd_sc_hd__dfrtp_2)
                  0.04    0.43    0.43 v _476_/Q (sky130_fd_sc_hd__dfrtp_2)
     1    0.00                           u_sort.bucket_counter[1] (net)
                  0.04    0.00    0.43 v _218_/A (sky130_fd_sc_hd__buf_1)
                  0.32    0.33    0.76 v _218_/X (sky130_fd_sc_hd__buf_1)
    10    0.06                           _071_ (net)
                  0.32    0.00    0.76 v _219_/A (sky130_fd_sc_hd__or2_2)
                  0.05    0.41    1.17 v _219_/X (sky130_fd_sc_hd__or2_2)
     1    0.00                           _072_ (net)
                  0.05    0.00    1.17 v _223_/B1 (sky130_fd_sc_hd__a221o_2)
                  0.05    0.34    1.51 v _223_/X (sky130_fd_sc_hd__a221o_2)
     1    0.00                           _076_ (net)
                  0.05    0.00    1.51 v _224_/C1 (sky130_fd_sc_hd__a211o_2)
                  0.05    0.28    1.79 v _224_/X (sky130_fd_sc_hd__a211o_2)
     2    0.00                           _077_ (net)
                  0.05    0.00    1.79 v _244_/A (sky130_fd_sc_hd__and4_2)
                  0.05    0.20    1.99 v _244_/X (sky130_fd_sc_hd__and4_2)
     2    0.01                           _097_ (net)
                  0.05    0.00    1.99 v _247_/A_N (sky130_fd_sc_hd__and3b_2)
                  0.04    0.23    2.21 ^ _247_/X (sky130_fd_sc_hd__and3b_2)
     1    0.00                           _100_ (net)
                  0.04    0.00    2.21 ^ _248_/A (sky130_fd_sc_hd__buf_1)
                  0.41    0.35    2.57 ^ _248_/X (sky130_fd_sc_hd__buf_1)
     7    0.03                           _002_ (net)
                  0.41    0.00    2.57 ^ _380_/S (sky130_fd_sc_hd__mux2_2)
                  0.05    0.40    2.96 v _380_/X (sky130_fd_sc_hd__mux2_2)
     1    0.00                           _184_ (net)
                  0.05    0.00    2.96 v _381_/A (sky130_fd_sc_hd__buf_1)
                  0.02    0.09    3.05 v _381_/X (sky130_fd_sc_hd__buf_1)
     1    0.00                           _050_ (net)
                  0.02    0.00    3.05 v _470_/D (sky130_fd_sc_hd__dfrtp_2)
                                  3.05   data arrival time

                  0.15   25.00   25.00   clock clk (rise edge)
                          0.00   25.00   clock network delay (ideal)
                         -0.25   24.75   clock uncertainty
                          0.00   24.75   clock reconvergence pessimism
                                 24.75 ^ _470_/CLK (sky130_fd_sc_hd__dfrtp_2)
                         -0.08   24.67   library setup time
                                 24.67   data required time
-----------------------------------------------------------------------------
                                 24.67   data required time
                                 -3.05   data arrival time
-----------------------------------------------------------------------------
                                 21.62   slack (MET)


Startpoint: _476_ (rising edge-triggered flip-flop clocked by clk)
Endpoint: _474_ (rising edge-triggered flip-flop clocked by clk)
Path Group: clk
Path Type: max

Fanout     Cap    Slew   Delay    Time   Description
-----------------------------------------------------------------------------
                  0.15    0.00    0.00   clock clk (rise edge)
                          0.00    0.00   clock network delay (ideal)
                  0.15    0.00    0.00 ^ _476_/CLK (sky130_fd_sc_hd__dfrtp_2)
                  0.04    0.43    0.43 v _476_/Q (sky130_fd_sc_hd__dfrtp_2)
     1    0.00                           u_sort.bucket_counter[1] (net)
                  0.04    0.00    0.43 v _218_/A (sky130_fd_sc_hd__buf_1)
                  0.32    0.33    0.76 v _218_/X (sky130_fd_sc_hd__buf_1)
    10    0.06                           _071_ (net)
                  0.32    0.00    0.76 v _219_/A (sky130_fd_sc_hd__or2_2)
                  0.05    0.41    1.17 v _219_/X (sky130_fd_sc_hd__or2_2)
     1    0.00                           _072_ (net)
                  0.05    0.00    1.17 v _223_/B1 (sky130_fd_sc_hd__a221o_2)
                  0.05    0.34    1.51 v _223_/X (sky130_fd_sc_hd__a221o_2)
     1    0.00                           _076_ (net)
                  0.05    0.00    1.51 v _224_/C1 (sky130_fd_sc_hd__a211o_2)
                  0.05    0.28    1.79 v _224_/X (sky130_fd_sc_hd__a211o_2)
     2    0.00                           _077_ (net)
                  0.05    0.00    1.79 v _244_/A (sky130_fd_sc_hd__and4_2)
                  0.05    0.20    1.99 v _244_/X (sky130_fd_sc_hd__and4_2)
     2    0.01                           _097_ (net)
                  0.05    0.00    1.99 v _247_/A_N (sky130_fd_sc_hd__and3b_2)
                  0.04    0.23    2.21 ^ _247_/X (sky130_fd_sc_hd__and3b_2)
     1    0.00                           _100_ (net)
                  0.04    0.00    2.21 ^ _248_/A (sky130_fd_sc_hd__buf_1)
                  0.41    0.35    2.57 ^ _248_/X (sky130_fd_sc_hd__buf_1)
     7    0.03                           _002_ (net)
                  0.41    0.00    2.57 ^ _389_/S (sky130_fd_sc_hd__mux2_2)
                  0.05    0.40    2.96 v _389_/X (sky130_fd_sc_hd__mux2_2)
     1    0.00                           _190_ (net)
                  0.05    0.00    2.96 v _390_/A (sky130_fd_sc_hd__buf_1)
                  0.02    0.09    3.05 v _390_/X (sky130_fd_sc_hd__buf_1)
     1    0.00                           _053_ (net)
                  0.02    0.00    3.05 v _474_/D (sky130_fd_sc_hd__dfrtp_2)
                                  3.05   data arrival time

                  0.15   25.00   25.00   clock clk (rise edge)
                          0.00   25.00   clock network delay (ideal)
                         -0.25   24.75   clock uncertainty
                          0.00   24.75   clock reconvergence pessimism
                                 24.75 ^ _474_/CLK (sky130_fd_sc_hd__dfrtp_2)
                         -0.08   24.67   library setup time
                                 24.67   data required time
-----------------------------------------------------------------------------
                                 24.67   data required time
                                 -3.05   data arrival time
-----------------------------------------------------------------------------
                                 21.62   slack (MET)


Startpoint: _476_ (rising edge-triggered flip-flop clocked by clk)
Endpoint: _472_ (rising edge-triggered flip-flop clocked by clk)
Path Group: clk
Path Type: max

Fanout     Cap    Slew   Delay    Time   Description
-----------------------------------------------------------------------------
                  0.15    0.00    0.00   clock clk (rise edge)
                          0.00    0.00   clock network delay (ideal)
                  0.15    0.00    0.00 ^ _476_/CLK (sky130_fd_sc_hd__dfrtp_2)
                  0.04    0.43    0.43 v _476_/Q (sky130_fd_sc_hd__dfrtp_2)
     1    0.00                           u_sort.bucket_counter[1] (net)
                  0.04    0.00    0.43 v _218_/A (sky130_fd_sc_hd__buf_1)
                  0.32    0.33    0.76 v _218_/X (sky130_fd_sc_hd__buf_1)
    10    0.06                           _071_ (net)
                  0.32    0.00    0.76 v _219_/A (sky130_fd_sc_hd__or2_2)
                  0.05    0.41    1.17 v _219_/X (sky130_fd_sc_hd__or2_2)
     1    0.00                           _072_ (net)
                  0.05    0.00    1.17 v _223_/B1 (sky130_fd_sc_hd__a221o_2)
                  0.05    0.34    1.51 v _223_/X (sky130_fd_sc_hd__a221o_2)
     1    0.00                           _076_ (net)
                  0.05    0.00    1.51 v _224_/C1 (sky130_fd_sc_hd__a211o_2)
                  0.05    0.28    1.79 v _224_/X (sky130_fd_sc_hd__a211o_2)
     2    0.00                           _077_ (net)
                  0.05    0.00    1.79 v _244_/A (sky130_fd_sc_hd__and4_2)
                  0.05    0.20    1.99 v _244_/X (sky130_fd_sc_hd__and4_2)
     2    0.01                           _097_ (net)
                  0.05    0.00    1.99 v _247_/A_N (sky130_fd_sc_hd__and3b_2)
                  0.04    0.23    2.21 ^ _247_/X (sky130_fd_sc_hd__and3b_2)
     1    0.00                           _100_ (net)
                  0.04    0.00    2.21 ^ _248_/A (sky130_fd_sc_hd__buf_1)
                  0.41    0.35    2.57 ^ _248_/X (sky130_fd_sc_hd__buf_1)
     7    0.03                           _002_ (net)
                  0.41    0.00    2.57 ^ _384_/S (sky130_fd_sc_hd__mux2_2)
                  0.05    0.40    2.96 v _384_/X (sky130_fd_sc_hd__mux2_2)
     1    0.00                           _187_ (net)
                  0.05    0.00    2.96 v _385_/A (sky130_fd_sc_hd__buf_1)
                  0.02    0.09    3.05 v _385_/X (sky130_fd_sc_hd__buf_1)
     1    0.00                           _051_ (net)
                  0.02    0.00    3.05 v _472_/D (sky130_fd_sc_hd__dfrtp_2)
                                  3.05   data arrival time

                  0.15   25.00   25.00   clock clk (rise edge)
                          0.00   25.00   clock network delay (ideal)
                         -0.25   24.75   clock uncertainty
                          0.00   24.75   clock reconvergence pessimism
                                 24.75 ^ _472_/CLK (sky130_fd_sc_hd__dfrtp_2)
                         -0.08   24.67   library setup time
                                 24.67   data required time
-----------------------------------------------------------------------------
                                 24.67   data required time
                                 -3.05   data arrival time
-----------------------------------------------------------------------------
                                 21.62   slack (MET)


Startpoint: _476_ (rising edge-triggered flip-flop clocked by clk)
Endpoint: _473_ (rising edge-triggered flip-flop clocked by clk)
Path Group: clk
Path Type: max

Fanout     Cap    Slew   Delay    Time   Description
-----------------------------------------------------------------------------
                  0.15    0.00    0.00   clock clk (rise edge)
                          0.00    0.00   clock network delay (ideal)
                  0.15    0.00    0.00 ^ _476_/CLK (sky130_fd_sc_hd__dfrtp_2)
                  0.04    0.43    0.43 v _476_/Q (sky130_fd_sc_hd__dfrtp_2)
     1    0.00                           u_sort.bucket_counter[1] (net)
                  0.04    0.00    0.43 v _218_/A (sky130_fd_sc_hd__buf_1)
                  0.32    0.33    0.76 v _218_/X (sky130_fd_sc_hd__buf_1)
    10    0.06                           _071_ (net)
                  0.32    0.00    0.76 v _219_/A (sky130_fd_sc_hd__or2_2)
                  0.05    0.41    1.17 v _219_/X (sky130_fd_sc_hd__or2_2)
     1    0.00                           _072_ (net)
                  0.05    0.00    1.17 v _223_/B1 (sky130_fd_sc_hd__a221o_2)
                  0.05    0.34    1.51 v _223_/X (sky130_fd_sc_hd__a221o_2)
     1    0.00                           _076_ (net)
                  0.05    0.00    1.51 v _224_/C1 (sky130_fd_sc_hd__a211o_2)
                  0.05    0.28    1.79 v _224_/X (sky130_fd_sc_hd__a211o_2)
     2    0.00                           _077_ (net)
                  0.05    0.00    1.79 v _244_/A (sky130_fd_sc_hd__and4_2)
                  0.05    0.20    1.99 v _244_/X (sky130_fd_sc_hd__and4_2)
     2    0.01                           _097_ (net)
                  0.05    0.00    1.99 v _247_/A_N (sky130_fd_sc_hd__and3b_2)
                  0.04    0.23    2.21 ^ _247_/X (sky130_fd_sc_hd__and3b_2)
     1    0.00                           _100_ (net)
                  0.04    0.00    2.21 ^ _248_/A (sky130_fd_sc_hd__buf_1)
                  0.41    0.35    2.57 ^ _248_/X (sky130_fd_sc_hd__buf_1)
     7    0.03                           _002_ (net)
                  0.41    0.00    2.57 ^ _387_/S (sky130_fd_sc_hd__mux2_2)
                  0.05    0.40    2.96 v _387_/X (sky130_fd_sc_hd__mux2_2)
     1    0.00                           _189_ (net)
                  0.05    0.00    2.96 v _388_/A (sky130_fd_sc_hd__buf_1)
                  0.02    0.09    3.05 v _388_/X (sky130_fd_sc_hd__buf_1)
     1    0.00                           _052_ (net)
                  0.02    0.00    3.05 v _473_/D (sky130_fd_sc_hd__dfrtp_2)
                                  3.05   data arrival time

                  0.15   25.00   25.00   clock clk (rise edge)
                          0.00   25.00   clock network delay (ideal)
                         -0.25   24.75   clock uncertainty
                          0.00   24.75   clock reconvergence pessimism
                                 24.75 ^ _473_/CLK (sky130_fd_sc_hd__dfrtp_2)
                         -0.08   24.67   library setup time
                                 24.67   data required time
-----------------------------------------------------------------------------
                                 24.67   data required time
                                 -3.05   data arrival time
-----------------------------------------------------------------------------
                                 21.62   slack (MET)


Startpoint: _476_ (rising edge-triggered flip-flop clocked by clk)
Endpoint: _469_ (rising edge-triggered flip-flop clocked by clk)
Path Group: clk
Path Type: max

Fanout     Cap    Slew   Delay    Time   Description
-----------------------------------------------------------------------------
                  0.15    0.00    0.00   clock clk (rise edge)
                          0.00    0.00   clock network delay (ideal)
                  0.15    0.00    0.00 ^ _476_/CLK (sky130_fd_sc_hd__dfrtp_2)
                  0.04    0.43    0.43 v _476_/Q (sky130_fd_sc_hd__dfrtp_2)
     1    0.00                           u_sort.bucket_counter[1] (net)
                  0.04    0.00    0.43 v _218_/A (sky130_fd_sc_hd__buf_1)
                  0.32    0.33    0.76 v _218_/X (sky130_fd_sc_hd__buf_1)
    10    0.06                           _071_ (net)
                  0.32    0.00    0.76 v _219_/A (sky130_fd_sc_hd__or2_2)
                  0.05    0.41    1.17 v _219_/X (sky130_fd_sc_hd__or2_2)
     1    0.00                           _072_ (net)
                  0.05    0.00    1.17 v _223_/B1 (sky130_fd_sc_hd__a221o_2)
                  0.05    0.34    1.51 v _223_/X (sky130_fd_sc_hd__a221o_2)
     1    0.00                           _076_ (net)
                  0.05    0.00    1.51 v _224_/C1 (sky130_fd_sc_hd__a211o_2)
                  0.05    0.28    1.79 v _224_/X (sky130_fd_sc_hd__a211o_2)
     2    0.00                           _077_ (net)
                  0.05    0.00    1.79 v _244_/A (sky130_fd_sc_hd__and4_2)
                  0.05    0.20    1.99 v _244_/X (sky130_fd_sc_hd__and4_2)
     2    0.01                           _097_ (net)
                  0.05    0.00    1.99 v _247_/A_N (sky130_fd_sc_hd__and3b_2)
                  0.04    0.23    2.21 ^ _247_/X (sky130_fd_sc_hd__and3b_2)
     1    0.00                           _100_ (net)
                  0.04    0.00    2.21 ^ _248_/A (sky130_fd_sc_hd__buf_1)
                  0.41    0.35    2.57 ^ _248_/X (sky130_fd_sc_hd__buf_1)
     7    0.03                           _002_ (net)
                  0.41    0.00    2.57 ^ _378_/S (sky130_fd_sc_hd__mux2_2)
                  0.05    0.40    2.96 v _378_/X (sky130_fd_sc_hd__mux2_2)
     1    0.00                           _183_ (net)
                  0.05    0.00    2.96 v _379_/A (sky130_fd_sc_hd__buf_1)
                  0.02    0.09    3.05 v _379_/X (sky130_fd_sc_hd__buf_1)
     1    0.00                           _049_ (net)
                  0.02    0.00    3.05 v _469_/D (sky130_fd_sc_hd__dfrtp_2)
                                  3.05   data arrival time

                  0.15   25.00   25.00   clock clk (rise edge)
                          0.00   25.00   clock network delay (ideal)
                         -0.25   24.75   clock uncertainty
                          0.00   24.75   clock reconvergence pessimism
                                 24.75 ^ _469_/CLK (sky130_fd_sc_hd__dfrtp_2)
                         -0.08   24.67   library setup time
                                 24.67   data required time
-----------------------------------------------------------------------------
                                 24.67   data required time
                                 -3.05   data arrival time
-----------------------------------------------------------------------------
                                 21.62   slack (MET)


Startpoint: _476_ (rising edge-triggered flip-flop clocked by clk)
Endpoint: _468_ (rising edge-triggered flip-flop clocked by clk)
Path Group: clk
Path Type: max

Fanout     Cap    Slew   Delay    Time   Description
-----------------------------------------------------------------------------
                  0.15    0.00    0.00   clock clk (rise edge)
                          0.00    0.00   clock network delay (ideal)
                  0.15    0.00    0.00 ^ _476_/CLK (sky130_fd_sc_hd__dfrtp_2)
                  0.04    0.43    0.43 v _476_/Q (sky130_fd_sc_hd__dfrtp_2)
     1    0.00                           u_sort.bucket_counter[1] (net)
                  0.04    0.00    0.43 v _218_/A (sky130_fd_sc_hd__buf_1)
                  0.32    0.33    0.76 v _218_/X (sky130_fd_sc_hd__buf_1)
    10    0.06                           _071_ (net)
                  0.32    0.00    0.76 v _219_/A (sky130_fd_sc_hd__or2_2)
                  0.05    0.41    1.17 v _219_/X (sky130_fd_sc_hd__or2_2)
     1    0.00                           _072_ (net)
                  0.05    0.00    1.17 v _223_/B1 (sky130_fd_sc_hd__a221o_2)
                  0.05    0.34    1.51 v _223_/X (sky130_fd_sc_hd__a221o_2)
     1    0.00                           _076_ (net)
                  0.05    0.00    1.51 v _224_/C1 (sky130_fd_sc_hd__a211o_2)
                  0.05    0.28    1.79 v _224_/X (sky130_fd_sc_hd__a211o_2)
     2    0.00                           _077_ (net)
                  0.05    0.00    1.79 v _244_/A (sky130_fd_sc_hd__and4_2)
                  0.05    0.20    1.99 v _244_/X (sky130_fd_sc_hd__and4_2)
     2    0.01                           _097_ (net)
                  0.05    0.00    1.99 v _247_/A_N (sky130_fd_sc_hd__and3b_2)
                  0.04    0.23    2.21 ^ _247_/X (sky130_fd_sc_hd__and3b_2)
     1    0.00                           _100_ (net)
                  0.04    0.00    2.21 ^ _248_/A (sky130_fd_sc_hd__buf_1)
                  0.41    0.35    2.57 ^ _248_/X (sky130_fd_sc_hd__buf_1)
     7    0.03                           _002_ (net)
                  0.41    0.00    2.57 ^ _376_/S (sky130_fd_sc_hd__mux2_2)
                  0.05    0.40    2.96 v _376_/X (sky130_fd_sc_hd__mux2_2)
     1    0.00                           _182_ (net)
                  0.05    0.00    2.96 v _377_/A (sky130_fd_sc_hd__buf_1)
                  0.02    0.09    3.05 v _377_/X (sky130_fd_sc_hd__buf_1)
     1    0.00                           _048_ (net)
                  0.02    0.00    3.05 v _468_/D (sky130_fd_sc_hd__dfrtp_2)
                                  3.05   data arrival time

                  0.15   25.00   25.00   clock clk (rise edge)
                          0.00   25.00   clock network delay (ideal)
                         -0.25   24.75   clock uncertainty
                          0.00   24.75   clock reconvergence pessimism
                                 24.75 ^ _468_/CLK (sky130_fd_sc_hd__dfrtp_2)
                         -0.08   24.67   library setup time
                                 24.67   data required time
-----------------------------------------------------------------------------
                                 24.67   data required time
                                 -3.05   data arrival time
-----------------------------------------------------------------------------
                                 21.62   slack (MET)


Startpoint: _476_ (rising edge-triggered flip-flop clocked by clk)
Endpoint: _475_ (rising edge-triggered flip-flop clocked by clk)
Path Group: clk
Path Type: max

Fanout     Cap    Slew   Delay    Time   Description
-----------------------------------------------------------------------------
                  0.15    0.00    0.00   clock clk (rise edge)
                          0.00    0.00   clock network delay (ideal)
                  0.15    0.00    0.00 ^ _476_/CLK (sky130_fd_sc_hd__dfrtp_2)
                  0.04    0.38    0.38 ^ _476_/Q (sky130_fd_sc_hd__dfrtp_2)
     1    0.00                           u_sort.bucket_counter[1] (net)
                  0.04    0.00    0.38 ^ _218_/A (sky130_fd_sc_hd__buf_1)
                  0.70    0.56    0.94 ^ _218_/X (sky130_fd_sc_hd__buf_1)
    10    0.06                           _071_ (net)
                  0.70    0.00    0.94 ^ _241_/A (sky130_fd_sc_hd__xor2_2)
                  0.11    0.14    1.09 v _241_/X (sky130_fd_sc_hd__xor2_2)
     1    0.00                           _094_ (net)
                  0.11    0.00    1.09 v _243_/C1 (sky130_fd_sc_hd__a2111o_2)
                  0.11    0.52    1.60 v _243_/X (sky130_fd_sc_hd__a2111o_2)
     7    0.02                           _096_ (net)
                  0.11    0.00    1.60 v _250_/D (sky130_fd_sc_hd__and4b_2)
                  0.06    0.31    1.91 v _250_/X (sky130_fd_sc_hd__and4b_2)
     3    0.01                           _102_ (net)
                  0.06    0.00    1.91 v _259_/A2 (sky130_fd_sc_hd__o2111a_2)
                  0.09    0.33    2.24 v _259_/X (sky130_fd_sc_hd__o2111a_2)
     7    0.03                           _111_ (net)
                  0.09    0.00    2.24 v _392_/B (sky130_fd_sc_hd__or3_2)
                  0.07    0.47    2.71 v _392_/X (sky130_fd_sc_hd__or3_2)
     1    0.00                           _192_ (net)
                  0.07    0.00    2.71 v _394_/B (sky130_fd_sc_hd__and3_2)
                  0.04    0.20    2.91 v _394_/X (sky130_fd_sc_hd__and3_2)
     1    0.00                           _194_ (net)
                  0.04    0.00    2.91 v _395_/A (sky130_fd_sc_hd__buf_1)
                  0.02    0.08    3.00 v _395_/X (sky130_fd_sc_hd__buf_1)
     1    0.00                           _054_ (net)
                  0.02    0.00    3.00 v _475_/D (sky130_fd_sc_hd__dfrtp_2)
                                  3.00   data arrival time

                  0.15   25.00   25.00   clock clk (rise edge)
                          0.00   25.00   clock network delay (ideal)
                         -0.25   24.75   clock uncertainty
                          0.00   24.75   clock reconvergence pessimism
                                 24.75 ^ _475_/CLK (sky130_fd_sc_hd__dfrtp_2)
                         -0.08   24.67   library setup time
                                 24.67   data required time
-----------------------------------------------------------------------------
                                 24.67   data required time
                                 -3.00   data arrival time
-----------------------------------------------------------------------------
                                 21.67   slack (MET)


Startpoint: _476_ (rising edge-triggered flip-flop clocked by clk)
Endpoint: _476_ (rising edge-triggered flip-flop clocked by clk)
Path Group: clk
Path Type: max

Fanout     Cap    Slew   Delay    Time   Description
-----------------------------------------------------------------------------
                  0.15    0.00    0.00   clock clk (rise edge)
                          0.00    0.00   clock network delay (ideal)
                  0.15    0.00    0.00 ^ _476_/CLK (sky130_fd_sc_hd__dfrtp_2)
                  0.04    0.43    0.43 v _476_/Q (sky130_fd_sc_hd__dfrtp_2)
     1    0.00                           u_sort.bucket_counter[1] (net)
                  0.04    0.00    0.43 v _218_/A (sky130_fd_sc_hd__buf_1)
                  0.32    0.33    0.76 v _218_/X (sky130_fd_sc_hd__buf_1)
    10    0.06                           _071_ (net)
                  0.32    0.00    0.76 v _219_/A (sky130_fd_sc_hd__or2_2)
                  0.05    0.41    1.17 v _219_/X (sky130_fd_sc_hd__or2_2)
     1    0.00                           _072_ (net)
                  0.05    0.00    1.17 v _223_/B1 (sky130_fd_sc_hd__a221o_2)
                  0.05    0.34    1.51 v _223_/X (sky130_fd_sc_hd__a221o_2)
     1    0.00                           _076_ (net)
                  0.05    0.00    1.51 v _224_/C1 (sky130_fd_sc_hd__a211o_2)
                  0.05    0.28    1.79 v _224_/X (sky130_fd_sc_hd__a211o_2)
     2    0.00                           _077_ (net)
                  0.05    0.00    1.79 v _250_/A_N (sky130_fd_sc_hd__and4b_2)
                  0.10    0.33    2.12 ^ _250_/X (sky130_fd_sc_hd__and4b_2)
     3    0.01                           _102_ (net)
                  0.10    0.00    2.12 ^ _259_/A2 (sky130_fd_sc_hd__o2111a_2)
                  0.16    0.30    2.42 ^ _259_/X (sky130_fd_sc_hd__o2111a_2)
     7    0.03                           _111_ (net)
                  0.16    0.00    2.42 ^ _396_/A (sky130_fd_sc_hd__nor2_2)
                  0.04    0.06    2.48 v _396_/Y (sky130_fd_sc_hd__nor2_2)
     1    0.00                           _195_ (net)
                  0.04    0.00    2.48 v _400_/A2 (sky130_fd_sc_hd__o211a_2)
                  0.04    0.24    2.72 v _400_/X (sky130_fd_sc_hd__o211a_2)
     1    0.00                           _055_ (net)
                  0.04    0.00    2.72 v _476_/D (sky130_fd_sc_hd__dfrtp_2)
                                  2.72   data arrival time

                  0.15   25.00   25.00   clock clk (rise edge)
                          0.00   25.00   clock network delay (ideal)
                         -0.25   24.75   clock uncertainty
                          0.00   24.75   clock reconvergence pessimism
                                 24.75 ^ _476_/CLK (sky130_fd_sc_hd__dfrtp_2)
                         -0.09   24.66   library setup time
                                 24.66   data required time
-----------------------------------------------------------------------------
                                 24.66   data required time
                                 -2.72   data arrival time
-----------------------------------------------------------------------------
                                 21.94   slack (MET)


Startpoint: _476_ (rising edge-triggered flip-flop clocked by clk)
Endpoint: _471_ (rising edge-triggered flip-flop clocked by clk)
Path Group: clk
Path Type: max

Fanout     Cap    Slew   Delay    Time   Description
-----------------------------------------------------------------------------
                  0.15    0.00    0.00   clock clk (rise edge)
                          0.00    0.00   clock network delay (ideal)
                  0.15    0.00    0.00 ^ _476_/CLK (sky130_fd_sc_hd__dfrtp_2)
                  0.04    0.43    0.43 v _476_/Q (sky130_fd_sc_hd__dfrtp_2)
     1    0.00                           u_sort.bucket_counter[1] (net)
                  0.04    0.00    0.43 v _218_/A (sky130_fd_sc_hd__buf_1)
                  0.32    0.33    0.76 v _218_/X (sky130_fd_sc_hd__buf_1)
    10    0.06                           _071_ (net)
                  0.32    0.00    0.76 v _219_/A (sky130_fd_sc_hd__or2_2)
                  0.05    0.41    1.17 v _219_/X (sky130_fd_sc_hd__or2_2)
     1    0.00                           _072_ (net)
                  0.05    0.00    1.17 v _223_/B1 (sky130_fd_sc_hd__a221o_2)
                  0.05    0.34    1.51 v _223_/X (sky130_fd_sc_hd__a221o_2)
     1    0.00                           _076_ (net)
                  0.05    0.00    1.51 v _224_/C1 (sky130_fd_sc_hd__a211o_2)
                  0.05    0.28    1.79 v _224_/X (sky130_fd_sc_hd__a211o_2)
     2    0.00                           _077_ (net)
                  0.05    0.00    1.79 v _244_/A (sky130_fd_sc_hd__and4_2)
                  0.05    0.20    1.99 v _244_/X (sky130_fd_sc_hd__and4_2)
     2    0.01                           _097_ (net)
                  0.05    0.00    1.99 v _247_/A_N (sky130_fd_sc_hd__and3b_2)
                  0.04    0.23    2.21 ^ _247_/X (sky130_fd_sc_hd__and3b_2)
     1    0.00                           _100_ (net)
                  0.04    0.00    2.21 ^ _248_/A (sky130_fd_sc_hd__buf_1)
                  0.41    0.35    2.57 ^ _248_/X (sky130_fd_sc_hd__buf_1)
     7    0.03                           _002_ (net)
                  0.41    0.00    2.57 ^ _471_/D (sky130_fd_sc_hd__dfrtp_2)
                                  2.57   data arrival time

                  0.15   25.00   25.00   clock clk (rise edge)
                          0.00   25.00   clock network delay (ideal)
                         -0.25   24.75   clock uncertainty
                          0.00   24.75   clock reconvergence pessimism
                                 24.75 ^ _471_/CLK (sky130_fd_sc_hd__dfrtp_2)
                         -0.13   24.62   library setup time
                                 24.62   data required time
-----------------------------------------------------------------------------
                                 24.62   data required time
                                 -2.57   data arrival time
-----------------------------------------------------------------------------
                                 22.05   slack (MET)


Startpoint: _476_ (rising edge-triggered flip-flop clocked by clk)
Endpoint: _483_ (rising edge-triggered flip-flop clocked by clk)
Path Group: clk
Path Type: max

Fanout     Cap    Slew   Delay    Time   Description
-----------------------------------------------------------------------------
                  0.15    0.00    0.00   clock clk (rise edge)
                          0.00    0.00   clock network delay (ideal)
                  0.15    0.00    0.00 ^ _476_/CLK (sky130_fd_sc_hd__dfrtp_2)
                  0.04    0.43    0.43 v _476_/Q (sky130_fd_sc_hd__dfrtp_2)
     1    0.00                           u_sort.bucket_counter[1] (net)
                  0.04    0.00    0.43 v _218_/A (sky130_fd_sc_hd__buf_1)
                  0.32    0.33    0.76 v _218_/X (sky130_fd_sc_hd__buf_1)
    10    0.06                           _071_ (net)
                  0.32    0.00    0.76 v _219_/A (sky130_fd_sc_hd__or2_2)
                  0.05    0.41    1.17 v _219_/X (sky130_fd_sc_hd__or2_2)
     1    0.00                           _072_ (net)
                  0.05    0.00    1.17 v _223_/B1 (sky130_fd_sc_hd__a221o_2)
                  0.05    0.34    1.51 v _223_/X (sky130_fd_sc_hd__a221o_2)
     1    0.00                           _076_ (net)
                  0.05    0.00    1.51 v _224_/C1 (sky130_fd_sc_hd__a211o_2)
                  0.05    0.28    1.79 v _224_/X (sky130_fd_sc_hd__a211o_2)
     2    0.00                           _077_ (net)
                  0.05    0.00    1.79 v _250_/A_N (sky130_fd_sc_hd__and4b_2)
                  0.10    0.33    2.12 ^ _250_/X (sky130_fd_sc_hd__and4b_2)
     3    0.01                           _102_ (net)
                  0.10    0.00    2.12 ^ _414_/A2 (sky130_fd_sc_hd__a21oi_2)
                  0.03    0.06    2.18 v _414_/Y (sky130_fd_sc_hd__a21oi_2)
     1    0.00                           _207_ (net)
                  0.03    0.00    2.18 v _415_/B (sky130_fd_sc_hd__or2_2)
                  0.05    0.27    2.45 v _415_/X (sky130_fd_sc_hd__or2_2)
     1    0.00                           _208_ (net)
                  0.05    0.00    2.45 v _416_/A (sky130_fd_sc_hd__buf_1)
                  0.02    0.09    2.55 v _416_/X (sky130_fd_sc_hd__buf_1)
     1    0.00                           _061_ (net)
                  0.02    0.00    2.55 v _483_/D (sky130_fd_sc_hd__dfrtp_2)
                                  2.55   data arrival time

                  0.15   25.00   25.00   clock clk (rise edge)
                          0.00   25.00   clock network delay (ideal)
                         -0.25   24.75   clock uncertainty
                          0.00   24.75   clock reconvergence pessimism
                                 24.75 ^ _483_/CLK (sky130_fd_sc_hd__dfrtp_2)
                         -0.08   24.67   library setup time
                                 24.67   data required time
-----------------------------------------------------------------------------
                                 24.67   data required time
                                 -2.55   data arrival time
-----------------------------------------------------------------------------
                                 22.12   slack (MET)


Startpoint: _476_ (rising edge-triggered flip-flop clocked by clk)
Endpoint: _478_ (rising edge-triggered flip-flop clocked by clk)
Path Group: clk
Path Type: max

Fanout     Cap    Slew   Delay    Time   Description
-----------------------------------------------------------------------------
                  0.15    0.00    0.00   clock clk (rise edge)
                          0.00    0.00   clock network delay (ideal)
                  0.15    0.00    0.00 ^ _476_/CLK (sky130_fd_sc_hd__dfrtp_2)
                  0.04    0.43    0.43 v _476_/Q (sky130_fd_sc_hd__dfrtp_2)
     1    0.00                           u_sort.bucket_counter[1] (net)
                  0.04    0.00    0.43 v _218_/A (sky130_fd_sc_hd__buf_1)
                  0.32    0.33    0.76 v _218_/X (sky130_fd_sc_hd__buf_1)
    10    0.06                           _071_ (net)
                  0.32    0.00    0.76 v _219_/A (sky130_fd_sc_hd__or2_2)
                  0.05    0.41    1.17 v _219_/X (sky130_fd_sc_hd__or2_2)
     1    0.00                           _072_ (net)
                  0.05    0.00    1.17 v _223_/B1 (sky130_fd_sc_hd__a221o_2)
                  0.05    0.34    1.51 v _223_/X (sky130_fd_sc_hd__a221o_2)
     1    0.00                           _076_ (net)
                  0.05    0.00    1.51 v _224_/C1 (sky130_fd_sc_hd__a211o_2)
                  0.05    0.28    1.79 v _224_/X (sky130_fd_sc_hd__a211o_2)
     2    0.00                           _077_ (net)
                  0.05    0.00    1.79 v _250_/A_N (sky130_fd_sc_hd__and4b_2)
                  0.10    0.33    2.12 ^ _250_/X (sky130_fd_sc_hd__and4b_2)
     3    0.01                           _102_ (net)
                  0.10    0.00    2.12 ^ _259_/A2 (sky130_fd_sc_hd__o2111a_2)
                  0.16    0.30    2.42 ^ _259_/X (sky130_fd_sc_hd__o2111a_2)
     7    0.03                           _111_ (net)
                  0.16    0.00    2.42 ^ _260_/A2 (sky130_fd_sc_hd__o21ai_2)
                  0.05    0.06    2.49 v _260_/Y (sky130_fd_sc_hd__o21ai_2)
     1    0.00                           _001_ (net)
                  0.05    0.00    2.49 v _478_/D (sky130_fd_sc_hd__dfrtp_2)
                                  2.49   data arrival time

                  0.15   25.00   25.00   clock clk (rise edge)
                          0.00   25.00   clock network delay (ideal)
                         -0.25   24.75   clock uncertainty
                          0.00   24.75   clock reconvergence pessimism
                                 24.75 ^ _478_/CLK (sky130_fd_sc_hd__dfrtp_2)
                         -0.09   24.66   library setup time
                                 24.66   data required time
-----------------------------------------------------------------------------
                                 24.66   data required time
                                 -2.49   data arrival time
-----------------------------------------------------------------------------
                                 22.17   slack (MET)


Startpoint: _476_ (rising edge-triggered flip-flop clocked by clk)
Endpoint: _481_ (rising edge-triggered flip-flop clocked by clk)
Path Group: clk
Path Type: max

Fanout     Cap    Slew   Delay    Time   Description
-----------------------------------------------------------------------------
                  0.15    0.00    0.00   clock clk (rise edge)
                          0.00    0.00   clock network delay (ideal)
                  0.15    0.00    0.00 ^ _476_/CLK (sky130_fd_sc_hd__dfrtp_2)
                  0.04    0.38    0.38 ^ _476_/Q (sky130_fd_sc_hd__dfrtp_2)
     1    0.00                           u_sort.bucket_counter[1] (net)
                  0.04    0.00    0.38 ^ _218_/A (sky130_fd_sc_hd__buf_1)
                  0.70    0.56    0.94 ^ _218_/X (sky130_fd_sc_hd__buf_1)
    10    0.06                           _071_ (net)
                  0.70    0.00    0.94 ^ _232_/B (sky130_fd_sc_hd__xnor2_2)
                  0.12    0.14    1.09 v _232_/Y (sky130_fd_sc_hd__xnor2_2)
     2    0.01                           _085_ (net)
                  0.12    0.00    1.09 v _234_/C (sky130_fd_sc_hd__and4_2)
                  0.07    0.30    1.39 v _234_/X (sky130_fd_sc_hd__and4_2)
     4    0.01                           _087_ (net)
                  0.07    0.00    1.39 v _257_/B1 (sky130_fd_sc_hd__a21o_2)
                  0.06    0.24    1.63 v _257_/X (sky130_fd_sc_hd__a21o_2)
     4    0.01                           _109_ (net)
                  0.06    0.00    1.63 v _408_/A2 (sky130_fd_sc_hd__o31a_2)
                  0.05    0.33    1.95 v _408_/X (sky130_fd_sc_hd__o31a_2)
     1    0.00                           _203_ (net)
                  0.05    0.00    1.95 v _409_/B (sky130_fd_sc_hd__or2_2)
                  0.05    0.28    2.23 v _409_/X (sky130_fd_sc_hd__or2_2)
     1    0.00                           _204_ (net)
                  0.05    0.00    2.23 v _410_/A (sky130_fd_sc_hd__buf_1)
                  0.02    0.09    2.32 v _410_/X (sky130_fd_sc_hd__buf_1)
     1    0.00                           _059_ (net)
                  0.02    0.00    2.32 v _481_/D (sky130_fd_sc_hd__dfrtp_2)
                                  2.32   data arrival time

                  0.15   25.00   25.00   clock clk (rise edge)
                          0.00   25.00   clock network delay (ideal)
                         -0.25   24.75   clock uncertainty
                          0.00   24.75   clock reconvergence pessimism
                                 24.75 ^ _481_/CLK (sky130_fd_sc_hd__dfrtp_2)
                         -0.08   24.67   library setup time
                                 24.67   data required time
-----------------------------------------------------------------------------
                                 24.67   data required time
                                 -2.32   data arrival time
-----------------------------------------------------------------------------
                                 22.34   slack (MET)


Startpoint: _476_ (rising edge-triggered flip-flop clocked by clk)
Endpoint: _482_ (rising edge-triggered flip-flop clocked by clk)
Path Group: clk
Path Type: max

Fanout     Cap    Slew   Delay    Time   Description
-----------------------------------------------------------------------------
                  0.15    0.00    0.00   clock clk (rise edge)
                          0.00    0.00   clock network delay (ideal)
                  0.15    0.00    0.00 ^ _476_/CLK (sky130_fd_sc_hd__dfrtp_2)
                  0.04    0.38    0.38 ^ _476_/Q (sky130_fd_sc_hd__dfrtp_2)
     1    0.00                           u_sort.bucket_counter[1] (net)
                  0.04    0.00    0.38 ^ _218_/A (sky130_fd_sc_hd__buf_1)
                  0.70    0.56    0.94 ^ _218_/X (sky130_fd_sc_hd__buf_1)
    10    0.06                           _071_ (net)
                  0.70    0.00    0.94 ^ _232_/B (sky130_fd_sc_hd__xnor2_2)
                  0.12    0.14    1.09 v _232_/Y (sky130_fd_sc_hd__xnor2_2)
     2    0.01                           _085_ (net)
                  0.12    0.00    1.09 v _234_/C (sky130_fd_sc_hd__and4_2)
                  0.07    0.30    1.39 v _234_/X (sky130_fd_sc_hd__and4_2)
     4    0.01                           _087_ (net)
                  0.07    0.00    1.39 v _257_/B1 (sky130_fd_sc_hd__a21o_2)
                  0.06    0.24    1.63 v _257_/X (sky130_fd_sc_hd__a21o_2)
     4    0.01                           _109_ (net)
                  0.06    0.00    1.63 v _411_/A2 (sky130_fd_sc_hd__o31a_2)
                  0.05    0.33    1.95 v _411_/X (sky130_fd_sc_hd__o31a_2)
     1    0.00                           _205_ (net)
                  0.05    0.00    1.95 v _412_/B (sky130_fd_sc_hd__or2_2)
                  0.05    0.28    2.23 v _412_/X (sky130_fd_sc_hd__or2_2)
     1    0.00                           _206_ (net)
                  0.05    0.00    2.23 v _413_/A (sky130_fd_sc_hd__buf_1)
                  0.02    0.09    2.32 v _413_/X (sky130_fd_sc_hd__buf_1)
     1    0.00                           _060_ (net)
                  0.02    0.00    2.32 v _482_/D (sky130_fd_sc_hd__dfrtp_2)
                                  2.32   data arrival time

                  0.15   25.00   25.00   clock clk (rise edge)
                          0.00   25.00   clock network delay (ideal)
                         -0.25   24.75   clock uncertainty
                          0.00   24.75   clock reconvergence pessimism
                                 24.75 ^ _482_/CLK (sky130_fd_sc_hd__dfrtp_2)
                         -0.08   24.67   library setup time
                                 24.67   data required time
-----------------------------------------------------------------------------
                                 24.67   data required time
                                 -2.32   data arrival time
-----------------------------------------------------------------------------
                                 22.35   slack (MET)


Startpoint: _476_ (rising edge-triggered flip-flop clocked by clk)
Endpoint: _480_ (rising edge-triggered flip-flop clocked by clk)
Path Group: clk
Path Type: max

Fanout     Cap    Slew   Delay    Time   Description
-----------------------------------------------------------------------------
                  0.15    0.00    0.00   clock clk (rise edge)
                          0.00    0.00   clock network delay (ideal)
                  0.15    0.00    0.00 ^ _476_/CLK (sky130_fd_sc_hd__dfrtp_2)
                  0.04    0.38    0.38 ^ _476_/Q (sky130_fd_sc_hd__dfrtp_2)
     1    0.00                           u_sort.bucket_counter[1] (net)
                  0.04    0.00    0.38 ^ _218_/A (sky130_fd_sc_hd__buf_1)
                  0.70    0.56    0.94 ^ _218_/X (sky130_fd_sc_hd__buf_1)
    10    0.06                           _071_ (net)
                  0.70    0.00    0.94 ^ _232_/B (sky130_fd_sc_hd__xnor2_2)
                  0.12    0.14    1.09 v _232_/Y (sky130_fd_sc_hd__xnor2_2)
     2    0.01                           _085_ (net)
                  0.12    0.00    1.09 v _234_/C (sky130_fd_sc_hd__and4_2)
                  0.07    0.30    1.39 v _234_/X (sky130_fd_sc_hd__and4_2)
     4    0.01                           _087_ (net)
                  0.07    0.00    1.39 v _255_/A_N (sky130_fd_sc_hd__nand3b_2)
                  0.12    0.26    1.65 v _255_/Y (sky130_fd_sc_hd__nand3b_2)
     3    0.01                           _107_ (net)
                  0.12    0.00    1.65 v _406_/A2 (sky130_fd_sc_hd__o21ai_2)
                  0.11    0.15    1.80 ^ _406_/Y (sky130_fd_sc_hd__o21ai_2)
     1    0.00                           _202_ (net)
                  0.11    0.00    1.80 ^ _407_/B (sky130_fd_sc_hd__nand2_2)
                  0.04    0.06    1.86 v _407_/Y (sky130_fd_sc_hd__nand2_2)
     1    0.00                           _058_ (net)
                  0.04    0.00    1.86 v _480_/D (sky130_fd_sc_hd__dfrtp_2)
                                  1.86   data arrival time

                  0.15   25.00   25.00   clock clk (rise edge)
                          0.00   25.00   clock network delay (ideal)
                         -0.25   24.75   clock uncertainty
                          0.00   24.75   clock reconvergence pessimism
                                 24.75 ^ _480_/CLK (sky130_fd_sc_hd__dfrtp_2)
                         -0.09   24.66   library setup time
                                 24.66   data required time
-----------------------------------------------------------------------------
                                 24.66   data required time
                                 -1.86   data arrival time
-----------------------------------------------------------------------------
                                 22.80   slack (MET)


Startpoint: _422_ (rising edge-triggered flip-flop clocked by clk)
Endpoint: _465_ (rising edge-triggered flip-flop clocked by clk)
Path Group: clk
Path Type: max

Fanout     Cap    Slew   Delay    Time   Description
-----------------------------------------------------------------------------
                  0.15    0.00    0.00   clock clk (rise edge)
                          0.00    0.00   clock network delay (ideal)
                  0.15    0.00    0.00 ^ _422_/CLK (sky130_fd_sc_hd__dfrtp_2)
                  0.04    0.38    0.38 ^ _422_/Q (sky130_fd_sc_hd__dfrtp_2)
     1    0.00                           u_control.o_start_sort (net)
                  0.04    0.00    0.38 ^ _245_/A (sky130_fd_sc_hd__buf_1)
                  0.97    0.75    1.14 ^ _245_/X (sky130_fd_sc_hd__buf_1)
    20    0.08                           _098_ (net)
                  0.97    0.00    1.14 ^ _370_/S (sky130_fd_sc_hd__mux2_2)
                  0.05    0.43    1.57 v _370_/X (sky130_fd_sc_hd__mux2_2)
     1    0.00                           _179_ (net)
                  0.05    0.00    1.57 v _371_/A (sky130_fd_sc_hd__buf_1)
                  0.02    0.09    1.66 v _371_/X (sky130_fd_sc_hd__buf_1)
     1    0.00                           _045_ (net)
                  0.02    0.00    1.66 v _465_/D (sky130_fd_sc_hd__dfrtp_2)
                                  1.66   data arrival time

                  0.15   25.00   25.00   clock clk (rise edge)
                          0.00   25.00   clock network delay (ideal)
                         -0.25   24.75   clock uncertainty
                          0.00   24.75   clock reconvergence pessimism
                                 24.75 ^ _465_/CLK (sky130_fd_sc_hd__dfrtp_2)
                         -0.08   24.67   library setup time
                                 24.67   data required time
-----------------------------------------------------------------------------
                                 24.67   data required time
                                 -1.66   data arrival time
-----------------------------------------------------------------------------
                                 23.01   slack (MET)


Startpoint: _422_ (rising edge-triggered flip-flop clocked by clk)
Endpoint: _455_ (rising edge-triggered flip-flop clocked by clk)
Path Group: clk
Path Type: max

Fanout     Cap    Slew   Delay    Time   Description
-----------------------------------------------------------------------------
                  0.15    0.00    0.00   clock clk (rise edge)
                          0.00    0.00   clock network delay (ideal)
                  0.15    0.00    0.00 ^ _422_/CLK (sky130_fd_sc_hd__dfrtp_2)
                  0.04    0.38    0.38 ^ _422_/Q (sky130_fd_sc_hd__dfrtp_2)
     1    0.00                           u_control.o_start_sort (net)
                  0.04    0.00    0.38 ^ _245_/A (sky130_fd_sc_hd__buf_1)
                  0.97    0.75    1.14 ^ _245_/X (sky130_fd_sc_hd__buf_1)
    20    0.08                           _098_ (net)
                  0.97    0.00    1.14 ^ _350_/S (sky130_fd_sc_hd__mux2_2)
                  0.05    0.43    1.57 v _350_/X (sky130_fd_sc_hd__mux2_2)
     1    0.00                           _169_ (net)
                  0.05    0.00    1.57 v _351_/A (sky130_fd_sc_hd__buf_1)
                  0.02    0.09    1.66 v _351_/X (sky130_fd_sc_hd__buf_1)
     1    0.00                           _035_ (net)
                  0.02    0.00    1.66 v _455_/D (sky130_fd_sc_hd__dfrtp_2)
                                  1.66   data arrival time

                  0.15   25.00   25.00   clock clk (rise edge)
                          0.00   25.00   clock network delay (ideal)
                         -0.25   24.75   clock uncertainty
                          0.00   24.75   clock reconvergence pessimism
                                 24.75 ^ _455_/CLK (sky130_fd_sc_hd__dfrtp_2)
                         -0.08   24.67   library setup time
                                 24.67   data required time
-----------------------------------------------------------------------------
                                 24.67   data required time
                                 -1.66   data arrival time
-----------------------------------------------------------------------------
                                 23.01   slack (MET)


Startpoint: _422_ (rising edge-triggered flip-flop clocked by clk)
Endpoint: _461_ (rising edge-triggered flip-flop clocked by clk)
Path Group: clk
Path Type: max

Fanout     Cap    Slew   Delay    Time   Description
-----------------------------------------------------------------------------
                  0.15    0.00    0.00   clock clk (rise edge)
                          0.00    0.00   clock network delay (ideal)
                  0.15    0.00    0.00 ^ _422_/CLK (sky130_fd_sc_hd__dfrtp_2)
                  0.04    0.38    0.38 ^ _422_/Q (sky130_fd_sc_hd__dfrtp_2)
     1    0.00                           u_control.o_start_sort (net)
                  0.04    0.00    0.38 ^ _245_/A (sky130_fd_sc_hd__buf_1)
                  0.97    0.75    1.14 ^ _245_/X (sky130_fd_sc_hd__buf_1)
    20    0.08                           _098_ (net)
                  0.97    0.00    1.14 ^ _362_/S (sky130_fd_sc_hd__mux2_2)
                  0.05    0.43    1.57 v _362_/X (sky130_fd_sc_hd__mux2_2)
     1    0.00                           _175_ (net)
                  0.05    0.00    1.57 v _363_/A (sky130_fd_sc_hd__buf_1)
                  0.02    0.09    1.66 v _363_/X (sky130_fd_sc_hd__buf_1)
     1    0.00                           _041_ (net)
                  0.02    0.00    1.66 v _461_/D (sky130_fd_sc_hd__dfrtp_2)
                                  1.66   data arrival time

                  0.15   25.00   25.00   clock clk (rise edge)
                          0.00   25.00   clock network delay (ideal)
                         -0.25   24.75   clock uncertainty
                          0.00   24.75   clock reconvergence pessimism
                                 24.75 ^ _461_/CLK (sky130_fd_sc_hd__dfrtp_2)
                         -0.08   24.67   library setup time
                                 24.67   data required time
-----------------------------------------------------------------------------
                                 24.67   data required time
                                 -1.66   data arrival time
-----------------------------------------------------------------------------
                                 23.01   slack (MET)


Startpoint: _422_ (rising edge-triggered flip-flop clocked by clk)
Endpoint: _453_ (rising edge-triggered flip-flop clocked by clk)
Path Group: clk
Path Type: max

Fanout     Cap    Slew   Delay    Time   Description
-----------------------------------------------------------------------------
                  0.15    0.00    0.00   clock clk (rise edge)
                          0.00    0.00   clock network delay (ideal)
                  0.15    0.00    0.00 ^ _422_/CLK (sky130_fd_sc_hd__dfrtp_2)
                  0.04    0.38    0.38 ^ _422_/Q (sky130_fd_sc_hd__dfrtp_2)
     1    0.00                           u_control.o_start_sort (net)
                  0.04    0.00    0.38 ^ _245_/A (sky130_fd_sc_hd__buf_1)
                  0.97    0.75    1.14 ^ _245_/X (sky130_fd_sc_hd__buf_1)
    20    0.08                           _098_ (net)
                  0.97    0.00    1.14 ^ _346_/S (sky130_fd_sc_hd__mux2_2)
                  0.05    0.43    1.57 v _346_/X (sky130_fd_sc_hd__mux2_2)
     1    0.00                           _167_ (net)
                  0.05    0.00    1.57 v _347_/A (sky130_fd_sc_hd__buf_1)
                  0.02    0.09    1.66 v _347_/X (sky130_fd_sc_hd__buf_1)
     1    0.00                           _033_ (net)
                  0.02    0.00    1.66 v _453_/D (sky130_fd_sc_hd__dfrtp_2)
                                  1.66   data arrival time

                  0.15   25.00   25.00   clock clk (rise edge)
                          0.00   25.00   clock network delay (ideal)
                         -0.25   24.75   clock uncertainty
                          0.00   24.75   clock reconvergence pessimism
                                 24.75 ^ _453_/CLK (sky130_fd_sc_hd__dfrtp_2)
                         -0.08   24.67   library setup time
                                 24.67   data required time
-----------------------------------------------------------------------------
                                 24.67   data required time
                                 -1.66   data arrival time
-----------------------------------------------------------------------------
                                 23.01   slack (MET)


Startpoint: _422_ (rising edge-triggered flip-flop clocked by clk)
Endpoint: _464_ (rising edge-triggered flip-flop clocked by clk)
Path Group: clk
Path Type: max

Fanout     Cap    Slew   Delay    Time   Description
-----------------------------------------------------------------------------
                  0.15    0.00    0.00   clock clk (rise edge)
                          0.00    0.00   clock network delay (ideal)
                  0.15    0.00    0.00 ^ _422_/CLK (sky130_fd_sc_hd__dfrtp_2)
                  0.04    0.38    0.38 ^ _422_/Q (sky130_fd_sc_hd__dfrtp_2)
     1    0.00                           u_control.o_start_sort (net)
                  0.04    0.00    0.38 ^ _245_/A (sky130_fd_sc_hd__buf_1)
                  0.97    0.75    1.14 ^ _245_/X (sky130_fd_sc_hd__buf_1)
    20    0.08                           _098_ (net)
                  0.97    0.00    1.14 ^ _368_/S (sky130_fd_sc_hd__mux2_2)
                  0.05    0.43    1.57 v _368_/X (sky130_fd_sc_hd__mux2_2)
     1    0.00                           _178_ (net)
                  0.05    0.00    1.57 v _369_/A (sky130_fd_sc_hd__buf_1)
                  0.02    0.09    1.66 v _369_/X (sky130_fd_sc_hd__buf_1)
     1    0.00                           _044_ (net)
                  0.02    0.00    1.66 v _464_/D (sky130_fd_sc_hd__dfrtp_2)
                                  1.66   data arrival time

                  0.15   25.00   25.00   clock clk (rise edge)
                          0.00   25.00   clock network delay (ideal)
                         -0.25   24.75   clock uncertainty
                          0.00   24.75   clock reconvergence pessimism
                                 24.75 ^ _464_/CLK (sky130_fd_sc_hd__dfrtp_2)
                         -0.08   24.67   library setup time
                                 24.67   data required time
-----------------------------------------------------------------------------
                                 24.67   data required time
                                 -1.66   data arrival time
-----------------------------------------------------------------------------
                                 23.01   slack (MET)


Startpoint: _422_ (rising edge-triggered flip-flop clocked by clk)
Endpoint: _457_ (rising edge-triggered flip-flop clocked by clk)
Path Group: clk
Path Type: max

Fanout     Cap    Slew   Delay    Time   Description
-----------------------------------------------------------------------------
                  0.15    0.00    0.00   clock clk (rise edge)
                          0.00    0.00   clock network delay (ideal)
                  0.15    0.00    0.00 ^ _422_/CLK (sky130_fd_sc_hd__dfrtp_2)
                  0.04    0.38    0.38 ^ _422_/Q (sky130_fd_sc_hd__dfrtp_2)
     1    0.00                           u_control.o_start_sort (net)
                  0.04    0.00    0.38 ^ _245_/A (sky130_fd_sc_hd__buf_1)
                  0.97    0.75    1.14 ^ _245_/X (sky130_fd_sc_hd__buf_1)
    20    0.08                           _098_ (net)
                  0.97    0.00    1.14 ^ _354_/S (sky130_fd_sc_hd__mux2_2)
                  0.05    0.43    1.57 v _354_/X (sky130_fd_sc_hd__mux2_2)
     1    0.00                           _171_ (net)
                  0.05    0.00    1.57 v _355_/A (sky130_fd_sc_hd__buf_1)
                  0.02    0.09    1.66 v _355_/X (sky130_fd_sc_hd__buf_1)
     1    0.00                           _037_ (net)
                  0.02    0.00    1.66 v _457_/D (sky130_fd_sc_hd__dfrtp_2)
                                  1.66   data arrival time

                  0.15   25.00   25.00   clock clk (rise edge)
                          0.00   25.00   clock network delay (ideal)
                         -0.25   24.75   clock uncertainty
                          0.00   24.75   clock reconvergence pessimism
                                 24.75 ^ _457_/CLK (sky130_fd_sc_hd__dfrtp_2)
                         -0.08   24.67   library setup time
                                 24.67   data required time
-----------------------------------------------------------------------------
                                 24.67   data required time
                                 -1.66   data arrival time
-----------------------------------------------------------------------------
                                 23.01   slack (MET)


Startpoint: _422_ (rising edge-triggered flip-flop clocked by clk)
Endpoint: _462_ (rising edge-triggered flip-flop clocked by clk)
Path Group: clk
Path Type: max

Fanout     Cap    Slew   Delay    Time   Description
-----------------------------------------------------------------------------
                  0.15    0.00    0.00   clock clk (rise edge)
                          0.00    0.00   clock network delay (ideal)
                  0.15    0.00    0.00 ^ _422_/CLK (sky130_fd_sc_hd__dfrtp_2)
                  0.04    0.38    0.38 ^ _422_/Q (sky130_fd_sc_hd__dfrtp_2)
     1    0.00                           u_control.o_start_sort (net)
                  0.04    0.00    0.38 ^ _245_/A (sky130_fd_sc_hd__buf_1)
                  0.97    0.75    1.14 ^ _245_/X (sky130_fd_sc_hd__buf_1)
    20    0.08                           _098_ (net)
                  0.97    0.00    1.14 ^ _364_/S (sky130_fd_sc_hd__mux2_2)
                  0.05    0.43    1.57 v _364_/X (sky130_fd_sc_hd__mux2_2)
     1    0.00                           _176_ (net)
                  0.05    0.00    1.57 v _365_/A (sky130_fd_sc_hd__buf_1)
                  0.02    0.09    1.66 v _365_/X (sky130_fd_sc_hd__buf_1)
     1    0.00                           _042_ (net)
                  0.02    0.00    1.66 v _462_/D (sky130_fd_sc_hd__dfrtp_2)
                                  1.66   data arrival time

                  0.15   25.00   25.00   clock clk (rise edge)
                          0.00   25.00   clock network delay (ideal)
                         -0.25   24.75   clock uncertainty
                          0.00   24.75   clock reconvergence pessimism
                                 24.75 ^ _462_/CLK (sky130_fd_sc_hd__dfrtp_2)
                         -0.08   24.67   library setup time
                                 24.67   data required time
-----------------------------------------------------------------------------
                                 24.67   data required time
                                 -1.66   data arrival time
-----------------------------------------------------------------------------
                                 23.01   slack (MET)


Startpoint: _422_ (rising edge-triggered flip-flop clocked by clk)
Endpoint: _454_ (rising edge-triggered flip-flop clocked by clk)
Path Group: clk
Path Type: max

Fanout     Cap    Slew   Delay    Time   Description
-----------------------------------------------------------------------------
                  0.15    0.00    0.00   clock clk (rise edge)
                          0.00    0.00   clock network delay (ideal)
                  0.15    0.00    0.00 ^ _422_/CLK (sky130_fd_sc_hd__dfrtp_2)
                  0.04    0.38    0.38 ^ _422_/Q (sky130_fd_sc_hd__dfrtp_2)
     1    0.00                           u_control.o_start_sort (net)
                  0.04    0.00    0.38 ^ _245_/A (sky130_fd_sc_hd__buf_1)
                  0.97    0.75    1.14 ^ _245_/X (sky130_fd_sc_hd__buf_1)
    20    0.08                           _098_ (net)
                  0.97    0.00    1.14 ^ _348_/S (sky130_fd_sc_hd__mux2_2)
                  0.05    0.43    1.57 v _348_/X (sky130_fd_sc_hd__mux2_2)
     1    0.00                           _168_ (net)
                  0.05    0.00    1.57 v _349_/A (sky130_fd_sc_hd__buf_1)
                  0.02    0.09    1.66 v _349_/X (sky130_fd_sc_hd__buf_1)
     1    0.00                           _034_ (net)
                  0.02    0.00    1.66 v _454_/D (sky130_fd_sc_hd__dfrtp_2)
                                  1.66   data arrival time

                  0.15   25.00   25.00   clock clk (rise edge)
                          0.00   25.00   clock network delay (ideal)
                         -0.25   24.75   clock uncertainty
                          0.00   24.75   clock reconvergence pessimism
                                 24.75 ^ _454_/CLK (sky130_fd_sc_hd__dfrtp_2)
                         -0.08   24.67   library setup time
                                 24.67   data required time
-----------------------------------------------------------------------------
                                 24.67   data required time
                                 -1.66   data arrival time
-----------------------------------------------------------------------------
                                 23.01   slack (MET)


Startpoint: _422_ (rising edge-triggered flip-flop clocked by clk)
Endpoint: _466_ (rising edge-triggered flip-flop clocked by clk)
Path Group: clk
Path Type: max

Fanout     Cap    Slew   Delay    Time   Description
-----------------------------------------------------------------------------
                  0.15    0.00    0.00   clock clk (rise edge)
                          0.00    0.00   clock network delay (ideal)
                  0.15    0.00    0.00 ^ _422_/CLK (sky130_fd_sc_hd__dfrtp_2)
                  0.04    0.38    0.38 ^ _422_/Q (sky130_fd_sc_hd__dfrtp_2)
     1    0.00                           u_control.o_start_sort (net)
                  0.04    0.00    0.38 ^ _245_/A (sky130_fd_sc_hd__buf_1)
                  0.97    0.75    1.14 ^ _245_/X (sky130_fd_sc_hd__buf_1)
    20    0.08                           _098_ (net)
                  0.97    0.00    1.14 ^ _372_/S (sky130_fd_sc_hd__mux2_2)
                  0.05    0.43    1.57 v _372_/X (sky130_fd_sc_hd__mux2_2)
     1    0.00                           _180_ (net)
                  0.05    0.00    1.57 v _373_/A (sky130_fd_sc_hd__buf_1)
                  0.02    0.09    1.66 v _373_/X (sky130_fd_sc_hd__buf_1)
     1    0.00                           _046_ (net)
                  0.02    0.00    1.66 v _466_/D (sky130_fd_sc_hd__dfrtp_2)
                                  1.66   data arrival time

                  0.15   25.00   25.00   clock clk (rise edge)
                          0.00   25.00   clock network delay (ideal)
                         -0.25   24.75   clock uncertainty
                          0.00   24.75   clock reconvergence pessimism
                                 24.75 ^ _466_/CLK (sky130_fd_sc_hd__dfrtp_2)
                         -0.08   24.67   library setup time
                                 24.67   data required time
-----------------------------------------------------------------------------
                                 24.67   data required time
                                 -1.66   data arrival time
-----------------------------------------------------------------------------
                                 23.01   slack (MET)


Startpoint: _422_ (rising edge-triggered flip-flop clocked by clk)
Endpoint: _467_ (rising edge-triggered flip-flop clocked by clk)
Path Group: clk
Path Type: max

Fanout     Cap    Slew   Delay    Time   Description
-----------------------------------------------------------------------------
                  0.15    0.00    0.00   clock clk (rise edge)
                          0.00    0.00   clock network delay (ideal)
                  0.15    0.00    0.00 ^ _422_/CLK (sky130_fd_sc_hd__dfrtp_2)
                  0.04    0.38    0.38 ^ _422_/Q (sky130_fd_sc_hd__dfrtp_2)
     1    0.00                           u_control.o_start_sort (net)
                  0.04    0.00    0.38 ^ _245_/A (sky130_fd_sc_hd__buf_1)
                  0.97    0.75    1.14 ^ _245_/X (sky130_fd_sc_hd__buf_1)
    20    0.08                           _098_ (net)
                  0.97    0.00    1.14 ^ _374_/S (sky130_fd_sc_hd__mux2_2)
                  0.05    0.43    1.57 v _374_/X (sky130_fd_sc_hd__mux2_2)
     1    0.00                           _181_ (net)
                  0.05    0.00    1.57 v _375_/A (sky130_fd_sc_hd__buf_1)
                  0.02    0.09    1.66 v _375_/X (sky130_fd_sc_hd__buf_1)
     1    0.00                           _047_ (net)
                  0.02    0.00    1.66 v _467_/D (sky130_fd_sc_hd__dfrtp_2)
                                  1.66   data arrival time

                  0.15   25.00   25.00   clock clk (rise edge)
                          0.00   25.00   clock network delay (ideal)
                         -0.25   24.75   clock uncertainty
                          0.00   24.75   clock reconvergence pessimism
                                 24.75 ^ _467_/CLK (sky130_fd_sc_hd__dfrtp_2)
                         -0.08   24.67   library setup time
                                 24.67   data required time
-----------------------------------------------------------------------------
                                 24.67   data required time
                                 -1.66   data arrival time
-----------------------------------------------------------------------------
                                 23.01   slack (MET)


Startpoint: _422_ (rising edge-triggered flip-flop clocked by clk)
Endpoint: _463_ (rising edge-triggered flip-flop clocked by clk)
Path Group: clk
Path Type: max

Fanout     Cap    Slew   Delay    Time   Description
-----------------------------------------------------------------------------
                  0.15    0.00    0.00   clock clk (rise edge)
                          0.00    0.00   clock network delay (ideal)
                  0.15    0.00    0.00 ^ _422_/CLK (sky130_fd_sc_hd__dfrtp_2)
                  0.04    0.38    0.38 ^ _422_/Q (sky130_fd_sc_hd__dfrtp_2)
     1    0.00                           u_control.o_start_sort (net)
                  0.04    0.00    0.38 ^ _245_/A (sky130_fd_sc_hd__buf_1)
                  0.97    0.75    1.14 ^ _245_/X (sky130_fd_sc_hd__buf_1)
    20    0.08                           _098_ (net)
                  0.97    0.00    1.14 ^ _366_/S (sky130_fd_sc_hd__mux2_2)
                  0.05    0.43    1.57 v _366_/X (sky130_fd_sc_hd__mux2_2)
     1    0.00                           _177_ (net)
                  0.05    0.00    1.57 v _367_/A (sky130_fd_sc_hd__buf_1)
                  0.02    0.09    1.66 v _367_/X (sky130_fd_sc_hd__buf_1)
     1    0.00                           _043_ (net)
                  0.02    0.00    1.66 v _463_/D (sky130_fd_sc_hd__dfrtp_2)
                                  1.66   data arrival time

                  0.15   25.00   25.00   clock clk (rise edge)
                          0.00   25.00   clock network delay (ideal)
                         -0.25   24.75   clock uncertainty
                          0.00   24.75   clock reconvergence pessimism
                                 24.75 ^ _463_/CLK (sky130_fd_sc_hd__dfrtp_2)
                         -0.08   24.67   library setup time
                                 24.67   data required time
-----------------------------------------------------------------------------
                                 24.67   data required time
                                 -1.66   data arrival time
-----------------------------------------------------------------------------
                                 23.01   slack (MET)


Startpoint: _422_ (rising edge-triggered flip-flop clocked by clk)
Endpoint: _456_ (rising edge-triggered flip-flop clocked by clk)
Path Group: clk
Path Type: max

Fanout     Cap    Slew   Delay    Time   Description
-----------------------------------------------------------------------------
                  0.15    0.00    0.00   clock clk (rise edge)
                          0.00    0.00   clock network delay (ideal)
                  0.15    0.00    0.00 ^ _422_/CLK (sky130_fd_sc_hd__dfrtp_2)
                  0.04    0.38    0.38 ^ _422_/Q (sky130_fd_sc_hd__dfrtp_2)
     1    0.00                           u_control.o_start_sort (net)
                  0.04    0.00    0.38 ^ _245_/A (sky130_fd_sc_hd__buf_1)
                  0.97    0.75    1.14 ^ _245_/X (sky130_fd_sc_hd__buf_1)
    20    0.08                           _098_ (net)
                  0.97    0.00    1.14 ^ _352_/S (sky130_fd_sc_hd__mux2_2)
                  0.05    0.43    1.57 v _352_/X (sky130_fd_sc_hd__mux2_2)
     1    0.00                           _170_ (net)
                  0.05    0.00    1.57 v _353_/A (sky130_fd_sc_hd__buf_1)
                  0.02    0.09    1.65 v _353_/X (sky130_fd_sc_hd__buf_1)
     1    0.00                           _036_ (net)
                  0.02    0.00    1.65 v _456_/D (sky130_fd_sc_hd__dfrtp_2)
                                  1.65   data arrival time

                  0.15   25.00   25.00   clock clk (rise edge)
                          0.00   25.00   clock network delay (ideal)
                         -0.25   24.75   clock uncertainty
                          0.00   24.75   clock reconvergence pessimism
                                 24.75 ^ _456_/CLK (sky130_fd_sc_hd__dfrtp_2)
                         -0.08   24.67   library setup time
                                 24.67   data required time
-----------------------------------------------------------------------------
                                 24.67   data required time
                                 -1.65   data arrival time
-----------------------------------------------------------------------------
                                 23.01   slack (MET)


Startpoint: _422_ (rising edge-triggered flip-flop clocked by clk)
Endpoint: _459_ (rising edge-triggered flip-flop clocked by clk)
Path Group: clk
Path Type: max

Fanout     Cap    Slew   Delay    Time   Description
-----------------------------------------------------------------------------
                  0.15    0.00    0.00   clock clk (rise edge)
                          0.00    0.00   clock network delay (ideal)
                  0.15    0.00    0.00 ^ _422_/CLK (sky130_fd_sc_hd__dfrtp_2)
                  0.04    0.38    0.38 ^ _422_/Q (sky130_fd_sc_hd__dfrtp_2)
     1    0.00                           u_control.o_start_sort (net)
                  0.04    0.00    0.38 ^ _245_/A (sky130_fd_sc_hd__buf_1)
                  0.97    0.75    1.14 ^ _245_/X (sky130_fd_sc_hd__buf_1)
    20    0.08                           _098_ (net)
                  0.97    0.00    1.14 ^ _358_/S (sky130_fd_sc_hd__mux2_2)
                  0.05    0.43    1.57 v _358_/X (sky130_fd_sc_hd__mux2_2)
     1    0.00                           _173_ (net)
                  0.05    0.00    1.57 v _359_/A (sky130_fd_sc_hd__buf_1)
                  0.02    0.09    1.65 v _359_/X (sky130_fd_sc_hd__buf_1)
     1    0.00                           _039_ (net)
                  0.02    0.00    1.65 v _459_/D (sky130_fd_sc_hd__dfrtp_2)
                                  1.65   data arrival time

                  0.15   25.00   25.00   clock clk (rise edge)
                          0.00   25.00   clock network delay (ideal)
                         -0.25   24.75   clock uncertainty
                          0.00   24.75   clock reconvergence pessimism
                                 24.75 ^ _459_/CLK (sky130_fd_sc_hd__dfrtp_2)
                         -0.08   24.67   library setup time
                                 24.67   data required time
-----------------------------------------------------------------------------
                                 24.67   data required time
                                 -1.65   data arrival time
-----------------------------------------------------------------------------
                                 23.01   slack (MET)


Startpoint: _422_ (rising edge-triggered flip-flop clocked by clk)
Endpoint: _460_ (rising edge-triggered flip-flop clocked by clk)
Path Group: clk
Path Type: max

Fanout     Cap    Slew   Delay    Time   Description
-----------------------------------------------------------------------------
                  0.15    0.00    0.00   clock clk (rise edge)
                          0.00    0.00   clock network delay (ideal)
                  0.15    0.00    0.00 ^ _422_/CLK (sky130_fd_sc_hd__dfrtp_2)
                  0.04    0.38    0.38 ^ _422_/Q (sky130_fd_sc_hd__dfrtp_2)
     1    0.00                           u_control.o_start_sort (net)
                  0.04    0.00    0.38 ^ _245_/A (sky130_fd_sc_hd__buf_1)
                  0.97    0.75    1.14 ^ _245_/X (sky130_fd_sc_hd__buf_1)
    20    0.08                           _098_ (net)
                  0.97    0.00    1.14 ^ _360_/S (sky130_fd_sc_hd__mux2_2)
                  0.05    0.43    1.57 v _360_/X (sky130_fd_sc_hd__mux2_2)
     1    0.00                           _174_ (net)
                  0.05    0.00    1.57 v _361_/A (sky130_fd_sc_hd__buf_1)
                  0.02    0.09    1.65 v _361_/X (sky130_fd_sc_hd__buf_1)
     1    0.00                           _040_ (net)
                  0.02    0.00    1.65 v _460_/D (sky130_fd_sc_hd__dfrtp_2)
                                  1.65   data arrival time

                  0.15   25.00   25.00   clock clk (rise edge)
                          0.00   25.00   clock network delay (ideal)
                         -0.25   24.75   clock uncertainty
                          0.00   24.75   clock reconvergence pessimism
                                 24.75 ^ _460_/CLK (sky130_fd_sc_hd__dfrtp_2)
                         -0.08   24.67   library setup time
                                 24.67   data required time
-----------------------------------------------------------------------------
                                 24.67   data required time
                                 -1.65   data arrival time
-----------------------------------------------------------------------------
                                 23.01   slack (MET)


Startpoint: _422_ (rising edge-triggered flip-flop clocked by clk)
Endpoint: _458_ (rising edge-triggered flip-flop clocked by clk)
Path Group: clk
Path Type: max

Fanout     Cap    Slew   Delay    Time   Description
-----------------------------------------------------------------------------
                  0.15    0.00    0.00   clock clk (rise edge)
                          0.00    0.00   clock network delay (ideal)
                  0.15    0.00    0.00 ^ _422_/CLK (sky130_fd_sc_hd__dfrtp_2)
                  0.04    0.38    0.38 ^ _422_/Q (sky130_fd_sc_hd__dfrtp_2)
     1    0.00                           u_control.o_start_sort (net)
                  0.04    0.00    0.38 ^ _245_/A (sky130_fd_sc_hd__buf_1)
                  0.97    0.75    1.14 ^ _245_/X (sky130_fd_sc_hd__buf_1)
    20    0.08                           _098_ (net)
                  0.97    0.00    1.14 ^ _356_/S (sky130_fd_sc_hd__mux2_2)
                  0.05    0.43    1.57 v _356_/X (sky130_fd_sc_hd__mux2_2)
     1    0.00                           _172_ (net)
                  0.05    0.00    1.57 v _357_/A (sky130_fd_sc_hd__buf_1)
                  0.02    0.09    1.65 v _357_/X (sky130_fd_sc_hd__buf_1)
     1    0.00                           _038_ (net)
                  0.02    0.00    1.65 v _458_/D (sky130_fd_sc_hd__dfrtp_2)
                                  1.65   data arrival time

                  0.15   25.00   25.00   clock clk (rise edge)
                          0.00   25.00   clock network delay (ideal)
                         -0.25   24.75   clock uncertainty
                          0.00   24.75   clock reconvergence pessimism
                                 24.75 ^ _458_/CLK (sky130_fd_sc_hd__dfrtp_2)
                         -0.08   24.67   library setup time
                                 24.67   data required time
-----------------------------------------------------------------------------
                                 24.67   data required time
                                 -1.65   data arrival time
-----------------------------------------------------------------------------
                                 23.01   slack (MET)


Startpoint: _476_ (rising edge-triggered flip-flop clocked by clk)
Endpoint: _479_ (rising edge-triggered flip-flop clocked by clk)
Path Group: clk
Path Type: max

Fanout     Cap    Slew   Delay    Time   Description
-----------------------------------------------------------------------------
                  0.15    0.00    0.00   clock clk (rise edge)
                          0.00    0.00   clock network delay (ideal)
                  0.15    0.00    0.00 ^ _476_/CLK (sky130_fd_sc_hd__dfrtp_2)
                  0.04    0.38    0.38 ^ _476_/Q (sky130_fd_sc_hd__dfrtp_2)
     1    0.00                           u_sort.bucket_counter[1] (net)
                  0.04    0.00    0.38 ^ _218_/A (sky130_fd_sc_hd__buf_1)
                  0.70    0.56    0.94 ^ _218_/X (sky130_fd_sc_hd__buf_1)
    10    0.06                           _071_ (net)
                  0.70    0.00    0.94 ^ _232_/B (sky130_fd_sc_hd__xnor2_2)
                  0.18    0.20    1.14 ^ _232_/Y (sky130_fd_sc_hd__xnor2_2)
     2    0.01                           _085_ (net)
                  0.18    0.00    1.14 ^ _254_/B (sky130_fd_sc_hd__nand3_2)
                  0.09    0.13    1.27 v _254_/Y (sky130_fd_sc_hd__nand3_2)
     2    0.01                           _106_ (net)
                  0.09    0.00    1.27 v _404_/A2 (sky130_fd_sc_hd__o21ai_2)
                  0.10    0.14    1.41 ^ _404_/Y (sky130_fd_sc_hd__o21ai_2)
     1    0.00                           _201_ (net)
                  0.10    0.00    1.41 ^ _405_/B (sky130_fd_sc_hd__nand2_2)
                  0.04    0.05    1.46 v _405_/Y (sky130_fd_sc_hd__nand2_2)
     1    0.00                           _057_ (net)
                  0.04    0.00    1.46 v _479_/D (sky130_fd_sc_hd__dfrtp_2)
                                  1.46   data arrival time

                  0.15   25.00   25.00   clock clk (rise edge)
                          0.00   25.00   clock network delay (ideal)
                         -0.25   24.75   clock uncertainty
                          0.00   24.75   clock reconvergence pessimism
                                 24.75 ^ _479_/CLK (sky130_fd_sc_hd__dfrtp_2)
                         -0.09   24.66   library setup time
                                 24.66   data required time
-----------------------------------------------------------------------------
                                 24.66   data required time
                                 -1.46   data arrival time
-----------------------------------------------------------------------------
                                 23.20   slack (MET)



