OpenSTA 2.4.0 41a51eaf4c Copyright (c) 2021, Parallax Software, Inc.
License GPLv3: GNU GPL version 3 <http://gnu.org/licenses/gpl.html>

This is free software, and you are free to change and redistribute it
under certain conditions; type `show_copying' for details. 
This program comes with ABSOLUTELY NO WARRANTY; for details type `show_warranty'.
define_corners Typical
read_liberty -corner Typical /home/charlie/.ciel/sky130A/libs.ref/sky130_fd_sc_hd/lib/sky130_fd_sc_hd__tt_025C_1v80.lib
Using 1e-12 for capacitance...
Using 1e+03 for resistance...
Using 1e-09 for time...
Using 1e+00 for voltage...
Using 1e-03 for current...
Using 1e-09 for power...
Using 1e-06 for distance...
Reading netlist '/openlane/designs/Reformer/runs/MS3/results/routing/top.nl.v'…
Warning: /openlane/designs/Reformer/runs/MS3/results/routing/top.nl.v line 1408, module sky130_fd_sc_hd__tapvpwrvgnd_1 not found. Creating black box for TAP_66.
Warning: /openlane/designs/Reformer/runs/MS3/results/routing/top.nl.v line 1677, module sky130_ef_sc_hd__decap_12 not found. Creating black box for FILLER_0_0_3.
Warning: /openlane/designs/Reformer/runs/MS3/results/routing/top.nl.v line 1679, module sky130_fd_sc_hd__fill_1 not found. Creating black box for FILLER_0_0_27.
Warning: /openlane/designs/Reformer/runs/MS3/results/routing/top.nl.v line 1745, module sky130_fd_sc_hd__fill_2 not found. Creating black box for FILLER_0_3_110.
Reading design constraints file at '/openlane/designs/Reformer/runs/MS3/tmp/17-top.sdc'…
min_report

===========================================================================
report_checks -path_delay min (Hold)
============================================================================
======================= Typical Corner ===================================

Startpoint: _426_ (rising edge-triggered flip-flop clocked by clk)
Endpoint: _426_ (rising edge-triggered flip-flop clocked by clk)
Path Group: clk
Path Type: min

Fanout     Cap    Slew   Delay    Time   Description
-----------------------------------------------------------------------------
                          0.00    0.00   clock clk (rise edge)
                          0.00    0.00   clock source latency
                  0.10    0.06    0.06 ^ clk (in)
     1    0.02                           clk (net)
                  0.10    0.00    0.06 ^ clkbuf_0_clk/A (sky130_fd_sc_hd__clkbuf_16)
                  0.10    0.18    0.24 ^ clkbuf_0_clk/X (sky130_fd_sc_hd__clkbuf_16)
     8    0.08                           clknet_0_clk (net)
                  0.10    0.00    0.25 ^ clkbuf_3_0__f_clk/A (sky130_fd_sc_hd__clkbuf_16)
                  0.06    0.15    0.40 ^ clkbuf_3_0__f_clk/X (sky130_fd_sc_hd__clkbuf_16)
    12    0.04                           clknet_3_0__leaf_clk (net)
                  0.06    0.00    0.40 ^ _426_/CLK (sky130_fd_sc_hd__dfrtp_1)
                  0.08    0.34    0.74 ^ _426_/Q (sky130_fd_sc_hd__dfrtp_1)
     2    0.01                           u_am0.max[0] (net)
                  0.08    0.00    0.74 ^ _279_/A0 (sky130_fd_sc_hd__mux2_1)
                  0.04    0.12    0.85 ^ _279_/X (sky130_fd_sc_hd__mux2_1)
     1    0.00                           _127_ (net)
                  0.04    0.00    0.86 ^ _280_/A (sky130_fd_sc_hd__clkbuf_1)
                  0.04    0.07    0.93 ^ _280_/X (sky130_fd_sc_hd__clkbuf_1)
     1    0.00                           _006_ (net)
                  0.04    0.00    0.93 ^ _426_/D (sky130_fd_sc_hd__dfrtp_1)
                                  0.93   data arrival time

                          0.00    0.00   clock clk (rise edge)
                          0.00    0.00   clock source latency
                  0.10    0.07    0.07 ^ clk (in)
     1    0.02                           clk (net)
                  0.10    0.00    0.07 ^ clkbuf_0_clk/A (sky130_fd_sc_hd__clkbuf_16)
                  0.10    0.20    0.27 ^ clkbuf_0_clk/X (sky130_fd_sc_hd__clkbuf_16)
     8    0.08                           clknet_0_clk (net)
                  0.10    0.00    0.27 ^ clkbuf_3_0__f_clk/A (sky130_fd_sc_hd__clkbuf_16)
                  0.06    0.17    0.44 ^ clkbuf_3_0__f_clk/X (sky130_fd_sc_hd__clkbuf_16)
    12    0.04                           clknet_3_0__leaf_clk (net)
                  0.06    0.00    0.44 ^ _426_/CLK (sky130_fd_sc_hd__dfrtp_1)
                          0.25    0.69   clock uncertainty
                         -0.04    0.65   clock reconvergence pessimism
                         -0.03    0.62   library hold time
                                  0.62   data required time
-----------------------------------------------------------------------------
                                  0.62   data required time
                                 -0.93   data arrival time
-----------------------------------------------------------------------------
                                  0.31   slack (MET)


Startpoint: _429_ (rising edge-triggered flip-flop clocked by clk)
Endpoint: _429_ (rising edge-triggered flip-flop clocked by clk)
Path Group: clk
Path Type: min

Fanout     Cap    Slew   Delay    Time   Description
-----------------------------------------------------------------------------
                          0.00    0.00   clock clk (rise edge)
                          0.00    0.00   clock source latency
                  0.10    0.06    0.06 ^ clk (in)
     1    0.02                           clk (net)
                  0.10    0.00    0.06 ^ clkbuf_0_clk/A (sky130_fd_sc_hd__clkbuf_16)
                  0.10    0.18    0.24 ^ clkbuf_0_clk/X (sky130_fd_sc_hd__clkbuf_16)
     8    0.08                           clknet_0_clk (net)
                  0.10    0.00    0.25 ^ clkbuf_3_0__f_clk/A (sky130_fd_sc_hd__clkbuf_16)
                  0.06    0.15    0.40 ^ clkbuf_3_0__f_clk/X (sky130_fd_sc_hd__clkbuf_16)
    12    0.04                           clknet_3_0__leaf_clk (net)
                  0.06    0.00    0.40 ^ _429_/CLK (sky130_fd_sc_hd__dfrtp_1)
                  0.09    0.34    0.74 ^ _429_/Q (sky130_fd_sc_hd__dfrtp_1)
     2    0.01                           u_am1.max[0] (net)
                  0.09    0.00    0.74 ^ _290_/A0 (sky130_fd_sc_hd__mux2_1)
                  0.04    0.12    0.86 ^ _290_/X (sky130_fd_sc_hd__mux2_1)
     1    0.00                           _135_ (net)
                  0.04    0.00    0.86 ^ _291_/A (sky130_fd_sc_hd__clkbuf_1)
                  0.04    0.07    0.93 ^ _291_/X (sky130_fd_sc_hd__clkbuf_1)
     1    0.00                           _009_ (net)
                  0.04    0.00    0.93 ^ _429_/D (sky130_fd_sc_hd__dfrtp_1)
                                  0.93   data arrival time

                          0.00    0.00   clock clk (rise edge)
                          0.00    0.00   clock source latency
                  0.10    0.07    0.07 ^ clk (in)
     1    0.02                           clk (net)
                  0.10    0.00    0.07 ^ clkbuf_0_clk/A (sky130_fd_sc_hd__clkbuf_16)
                  0.10    0.20    0.27 ^ clkbuf_0_clk/X (sky130_fd_sc_hd__clkbuf_16)
     8    0.08                           clknet_0_clk (net)
                  0.10    0.00    0.27 ^ clkbuf_3_0__f_clk/A (sky130_fd_sc_hd__clkbuf_16)
                  0.06    0.17    0.44 ^ clkbuf_3_0__f_clk/X (sky130_fd_sc_hd__clkbuf_16)
    12    0.04                           clknet_3_0__leaf_clk (net)
                  0.06    0.00    0.44 ^ _429_/CLK (sky130_fd_sc_hd__dfrtp_1)
                          0.25    0.69   clock uncertainty
                         -0.04    0.65   clock reconvergence pessimism
                         -0.03    0.62   library hold time
                                  0.62   data required time
-----------------------------------------------------------------------------
                                  0.62   data required time
                                 -0.93   data arrival time
-----------------------------------------------------------------------------
                                  0.31   slack (MET)


Startpoint: _460_ (rising edge-triggered flip-flop clocked by clk)
Endpoint: _460_ (rising edge-triggered flip-flop clocked by clk)
Path Group: clk
Path Type: min

Fanout     Cap    Slew   Delay    Time   Description
-----------------------------------------------------------------------------
                          0.00    0.00   clock clk (rise edge)
                          0.00    0.00   clock source latency
                  0.10    0.06    0.06 ^ clk (in)
     1    0.02                           clk (net)
                  0.10    0.00    0.06 ^ clkbuf_0_clk/A (sky130_fd_sc_hd__clkbuf_16)
                  0.10    0.18    0.24 ^ clkbuf_0_clk/X (sky130_fd_sc_hd__clkbuf_16)
     8    0.08                           clknet_0_clk (net)
                  0.10    0.00    0.25 ^ clkbuf_3_3__f_clk/A (sky130_fd_sc_hd__clkbuf_16)
                  0.05    0.15    0.39 ^ clkbuf_3_3__f_clk/X (sky130_fd_sc_hd__clkbuf_16)
    10    0.03                           clknet_3_3__leaf_clk (net)
                  0.05    0.00    0.39 ^ _460_/CLK (sky130_fd_sc_hd__dfrtp_1)
                  0.09    0.34    0.73 ^ _460_/Q (sky130_fd_sc_hd__dfrtp_1)
     2    0.01                           u_sort.bucket_reg[2][1] (net)
                  0.09    0.00    0.73 ^ _360_/A0 (sky130_fd_sc_hd__mux2_1)
                  0.05    0.13    0.86 ^ _360_/X (sky130_fd_sc_hd__mux2_1)
     1    0.00                           _174_ (net)
                  0.05    0.00    0.86 ^ _361_/A (sky130_fd_sc_hd__clkbuf_1)
                  0.04    0.07    0.93 ^ _361_/X (sky130_fd_sc_hd__clkbuf_1)
     1    0.00                           _040_ (net)
                  0.04    0.00    0.93 ^ _460_/D (sky130_fd_sc_hd__dfrtp_1)
                                  0.93   data arrival time

                          0.00    0.00   clock clk (rise edge)
                          0.00    0.00   clock source latency
                  0.10    0.07    0.07 ^ clk (in)
     1    0.02                           clk (net)
                  0.10    0.00    0.07 ^ clkbuf_0_clk/A (sky130_fd_sc_hd__clkbuf_16)
                  0.10    0.20    0.27 ^ clkbuf_0_clk/X (sky130_fd_sc_hd__clkbuf_16)
     8    0.08                           clknet_0_clk (net)
                  0.10    0.00    0.27 ^ clkbuf_3_3__f_clk/A (sky130_fd_sc_hd__clkbuf_16)
                  0.05    0.16    0.43 ^ clkbuf_3_3__f_clk/X (sky130_fd_sc_hd__clkbuf_16)
    10    0.03                           clknet_3_3__leaf_clk (net)
                  0.05    0.00    0.44 ^ _460_/CLK (sky130_fd_sc_hd__dfrtp_1)
                          0.25    0.69   clock uncertainty
                         -0.04    0.64   clock reconvergence pessimism
                         -0.03    0.61   library hold time
                                  0.61   data required time
-----------------------------------------------------------------------------
                                  0.61   data required time
                                 -0.93   data arrival time
-----------------------------------------------------------------------------
                                  0.32   slack (MET)


Startpoint: _457_ (rising edge-triggered flip-flop clocked by clk)
Endpoint: _457_ (rising edge-triggered flip-flop clocked by clk)
Path Group: clk
Path Type: min

Fanout     Cap    Slew   Delay    Time   Description
-----------------------------------------------------------------------------
                          0.00    0.00   clock clk (rise edge)
                          0.00    0.00   clock source latency
                  0.10    0.06    0.06 ^ clk (in)
     1    0.02                           clk (net)
                  0.10    0.00    0.06 ^ clkbuf_0_clk/A (sky130_fd_sc_hd__clkbuf_16)
                  0.10    0.18    0.24 ^ clkbuf_0_clk/X (sky130_fd_sc_hd__clkbuf_16)
     8    0.08                           clknet_0_clk (net)
                  0.10    0.00    0.25 ^ clkbuf_3_3__f_clk/A (sky130_fd_sc_hd__clkbuf_16)
                  0.05    0.15    0.39 ^ clkbuf_3_3__f_clk/X (sky130_fd_sc_hd__clkbuf_16)
    10    0.03                           clknet_3_3__leaf_clk (net)
                  0.05    0.00    0.39 ^ _457_/CLK (sky130_fd_sc_hd__dfrtp_1)
                  0.10    0.35    0.74 ^ _457_/Q (sky130_fd_sc_hd__dfrtp_1)
     2    0.01                           u_sort.bucket_reg[3][1] (net)
                  0.10    0.00    0.74 ^ _354_/A0 (sky130_fd_sc_hd__mux2_1)
                  0.04    0.13    0.87 ^ _354_/X (sky130_fd_sc_hd__mux2_1)
     1    0.00                           _171_ (net)
                  0.04    0.00    0.87 ^ _355_/A (sky130_fd_sc_hd__clkbuf_1)
                  0.04    0.07    0.94 ^ _355_/X (sky130_fd_sc_hd__clkbuf_1)
     1    0.00                           _037_ (net)
                  0.04    0.00    0.94 ^ _457_/D (sky130_fd_sc_hd__dfrtp_1)
                                  0.94   data arrival time

                          0.00    0.00   clock clk (rise edge)
                          0.00    0.00   clock source latency
                  0.10    0.07    0.07 ^ clk (in)
     1    0.02                           clk (net)
                  0.10    0.00    0.07 ^ clkbuf_0_clk/A (sky130_fd_sc_hd__clkbuf_16)
                  0.10    0.20    0.27 ^ clkbuf_0_clk/X (sky130_fd_sc_hd__clkbuf_16)
     8    0.08                           clknet_0_clk (net)
                  0.10    0.00    0.27 ^ clkbuf_3_3__f_clk/A (sky130_fd_sc_hd__clkbuf_16)
                  0.05    0.16    0.43 ^ clkbuf_3_3__f_clk/X (sky130_fd_sc_hd__clkbuf_16)
    10    0.03                           clknet_3_3__leaf_clk (net)
                  0.05    0.00    0.44 ^ _457_/CLK (sky130_fd_sc_hd__dfrtp_1)
                          0.25    0.69   clock uncertainty
                         -0.04    0.64   clock reconvergence pessimism
                         -0.03    0.61   library hold time
                                  0.61   data required time
-----------------------------------------------------------------------------
                                  0.61   data required time
                                 -0.94   data arrival time
-----------------------------------------------------------------------------
                                  0.33   slack (MET)


Startpoint: _459_ (rising edge-triggered flip-flop clocked by clk)
Endpoint: _459_ (rising edge-triggered flip-flop clocked by clk)
Path Group: clk
Path Type: min

Fanout     Cap    Slew   Delay    Time   Description
-----------------------------------------------------------------------------
                          0.00    0.00   clock clk (rise edge)
                          0.00    0.00   clock source latency
                  0.10    0.06    0.06 ^ clk (in)
     1    0.02                           clk (net)
                  0.10    0.00    0.06 ^ clkbuf_0_clk/A (sky130_fd_sc_hd__clkbuf_16)
                  0.10    0.18    0.24 ^ clkbuf_0_clk/X (sky130_fd_sc_hd__clkbuf_16)
     8    0.08                           clknet_0_clk (net)
                  0.10    0.00    0.25 ^ clkbuf_3_1__f_clk/A (sky130_fd_sc_hd__clkbuf_16)
                  0.04    0.14    0.39 ^ clkbuf_3_1__f_clk/X (sky130_fd_sc_hd__clkbuf_16)
     7    0.02                           clknet_3_1__leaf_clk (net)
                  0.04    0.00    0.39 ^ _459_/CLK (sky130_fd_sc_hd__dfrtp_1)
                  0.10    0.35    0.73 ^ _459_/Q (sky130_fd_sc_hd__dfrtp_1)
     3    0.01                           u_sort.bucket_reg[2][0] (net)
                  0.10    0.00    0.73 ^ _358_/A0 (sky130_fd_sc_hd__mux2_1)
                  0.04    0.13    0.86 ^ _358_/X (sky130_fd_sc_hd__mux2_1)
     1    0.00                           _173_ (net)
                  0.04    0.00    0.86 ^ _359_/A (sky130_fd_sc_hd__clkbuf_1)
                  0.04    0.07    0.93 ^ _359_/X (sky130_fd_sc_hd__clkbuf_1)
     1    0.00                           _039_ (net)
                  0.04    0.00    0.93 ^ _459_/D (sky130_fd_sc_hd__dfrtp_1)
                                  0.93   data arrival time

                          0.00    0.00   clock clk (rise edge)
                          0.00    0.00   clock source latency
                  0.10    0.07    0.07 ^ clk (in)
     1    0.02                           clk (net)
                  0.10    0.00    0.07 ^ clkbuf_0_clk/A (sky130_fd_sc_hd__clkbuf_16)
                  0.10    0.20    0.27 ^ clkbuf_0_clk/X (sky130_fd_sc_hd__clkbuf_16)
     8    0.08                           clknet_0_clk (net)
                  0.10    0.00    0.27 ^ clkbuf_3_1__f_clk/A (sky130_fd_sc_hd__clkbuf_16)
                  0.04    0.15    0.43 ^ clkbuf_3_1__f_clk/X (sky130_fd_sc_hd__clkbuf_16)
     7    0.02                           clknet_3_1__leaf_clk (net)
                  0.04    0.00    0.43 ^ _459_/CLK (sky130_fd_sc_hd__dfrtp_1)
                          0.25    0.68   clock uncertainty
                         -0.04    0.64   clock reconvergence pessimism
                         -0.03    0.60   library hold time
                                  0.60   data required time
-----------------------------------------------------------------------------
                                  0.60   data required time
                                 -0.93   data arrival time
-----------------------------------------------------------------------------
                                  0.33   slack (MET)


Startpoint: _453_ (rising edge-triggered flip-flop clocked by clk)
Endpoint: _453_ (rising edge-triggered flip-flop clocked by clk)
Path Group: clk
Path Type: min

Fanout     Cap    Slew   Delay    Time   Description
-----------------------------------------------------------------------------
                          0.00    0.00   clock clk (rise edge)
                          0.00    0.00   clock source latency
                  0.10    0.06    0.06 ^ clk (in)
     1    0.02                           clk (net)
                  0.10    0.00    0.06 ^ clkbuf_0_clk/A (sky130_fd_sc_hd__clkbuf_16)
                  0.10    0.18    0.24 ^ clkbuf_0_clk/X (sky130_fd_sc_hd__clkbuf_16)
     8    0.08                           clknet_0_clk (net)
                  0.10    0.00    0.25 ^ clkbuf_3_6__f_clk/A (sky130_fd_sc_hd__clkbuf_16)
                  0.04    0.14    0.38 ^ clkbuf_3_6__f_clk/X (sky130_fd_sc_hd__clkbuf_16)
     6    0.02                           clknet_3_6__leaf_clk (net)
                  0.04    0.00    0.38 ^ _453_/CLK (sky130_fd_sc_hd__dfrtp_1)
                  0.11    0.35    0.73 ^ _453_/Q (sky130_fd_sc_hd__dfrtp_1)
     3    0.01                           u_sort.bucket_reg[4][0] (net)
                  0.11    0.00    0.73 ^ _346_/A0 (sky130_fd_sc_hd__mux2_1)
                  0.04    0.13    0.86 ^ _346_/X (sky130_fd_sc_hd__mux2_1)
     1    0.00                           _167_ (net)
                  0.04    0.00    0.86 ^ _347_/A (sky130_fd_sc_hd__clkbuf_1)
                  0.04    0.07    0.94 ^ _347_/X (sky130_fd_sc_hd__clkbuf_1)
     1    0.00                           _033_ (net)
                  0.04    0.00    0.94 ^ _453_/D (sky130_fd_sc_hd__dfrtp_1)
                                  0.94   data arrival time

                          0.00    0.00   clock clk (rise edge)
                          0.00    0.00   clock source latency
                  0.10    0.07    0.07 ^ clk (in)
     1    0.02                           clk (net)
                  0.10    0.00    0.07 ^ clkbuf_0_clk/A (sky130_fd_sc_hd__clkbuf_16)
                  0.10    0.20    0.27 ^ clkbuf_0_clk/X (sky130_fd_sc_hd__clkbuf_16)
     8    0.08                           clknet_0_clk (net)
                  0.10    0.00    0.27 ^ clkbuf_3_6__f_clk/A (sky130_fd_sc_hd__clkbuf_16)
                  0.04    0.15    0.42 ^ clkbuf_3_6__f_clk/X (sky130_fd_sc_hd__clkbuf_16)
     6    0.02                           clknet_3_6__leaf_clk (net)
                  0.04    0.00    0.43 ^ _453_/CLK (sky130_fd_sc_hd__dfrtp_1)
                          0.25    0.68   clock uncertainty
                         -0.04    0.64   clock reconvergence pessimism
                         -0.03    0.60   library hold time
                                  0.60   data required time
-----------------------------------------------------------------------------
                                  0.60   data required time
                                 -0.94   data arrival time
-----------------------------------------------------------------------------
                                  0.33   slack (MET)


Startpoint: _463_ (rising edge-triggered flip-flop clocked by clk)
Endpoint: _463_ (rising edge-triggered flip-flop clocked by clk)
Path Group: clk
Path Type: min

Fanout     Cap    Slew   Delay    Time   Description
-----------------------------------------------------------------------------
                          0.00    0.00   clock clk (rise edge)
                          0.00    0.00   clock source latency
                  0.10    0.06    0.06 ^ clk (in)
     1    0.02                           clk (net)
                  0.10    0.00    0.06 ^ clkbuf_0_clk/A (sky130_fd_sc_hd__clkbuf_16)
                  0.10    0.18    0.24 ^ clkbuf_0_clk/X (sky130_fd_sc_hd__clkbuf_16)
     8    0.08                           clknet_0_clk (net)
                  0.10    0.00    0.25 ^ clkbuf_3_1__f_clk/A (sky130_fd_sc_hd__clkbuf_16)
                  0.04    0.14    0.39 ^ clkbuf_3_1__f_clk/X (sky130_fd_sc_hd__clkbuf_16)
     7    0.02                           clknet_3_1__leaf_clk (net)
                  0.04    0.00    0.39 ^ _463_/CLK (sky130_fd_sc_hd__dfrtp_1)
                  0.12    0.36    0.75 ^ _463_/Q (sky130_fd_sc_hd__dfrtp_1)
     3    0.01                           u_sort.bucket_reg[1][1] (net)
                  0.12    0.00    0.75 ^ _366_/A0 (sky130_fd_sc_hd__mux2_1)
                  0.04    0.13    0.88 ^ _366_/X (sky130_fd_sc_hd__mux2_1)
     1    0.00                           _177_ (net)
                  0.04    0.00    0.88 ^ _367_/A (sky130_fd_sc_hd__clkbuf_1)
                  0.04    0.07    0.95 ^ _367_/X (sky130_fd_sc_hd__clkbuf_1)
     1    0.00                           _043_ (net)
                  0.04    0.00    0.95 ^ _463_/D (sky130_fd_sc_hd__dfrtp_1)
                                  0.95   data arrival time

                          0.00    0.00   clock clk (rise edge)
                          0.00    0.00   clock source latency
                  0.10    0.07    0.07 ^ clk (in)
     1    0.02                           clk (net)
                  0.10    0.00    0.07 ^ clkbuf_0_clk/A (sky130_fd_sc_hd__clkbuf_16)
                  0.10    0.20    0.27 ^ clkbuf_0_clk/X (sky130_fd_sc_hd__clkbuf_16)
     8    0.08                           clknet_0_clk (net)
                  0.10    0.00    0.27 ^ clkbuf_3_1__f_clk/A (sky130_fd_sc_hd__clkbuf_16)
                  0.04    0.15    0.43 ^ clkbuf_3_1__f_clk/X (sky130_fd_sc_hd__clkbuf_16)
     7    0.02                           clknet_3_1__leaf_clk (net)
                  0.04    0.00    0.43 ^ _463_/CLK (sky130_fd_sc_hd__dfrtp_1)
                          0.25    0.68   clock uncertainty
                         -0.04    0.64   clock reconvergence pessimism
                         -0.03    0.60   library hold time
                                  0.60   data required time
-----------------------------------------------------------------------------
                                  0.60   data required time
                                 -0.95   data arrival time
-----------------------------------------------------------------------------
                                  0.35   slack (MET)


Startpoint: _462_ (rising edge-triggered flip-flop clocked by clk)
Endpoint: _462_ (rising edge-triggered flip-flop clocked by clk)
Path Group: clk
Path Type: min

Fanout     Cap    Slew   Delay    Time   Description
-----------------------------------------------------------------------------
                          0.00    0.00   clock clk (rise edge)
                          0.00    0.00   clock source latency
                  0.10    0.06    0.06 ^ clk (in)
     1    0.02                           clk (net)
                  0.10    0.00    0.06 ^ clkbuf_0_clk/A (sky130_fd_sc_hd__clkbuf_16)
                  0.10    0.18    0.24 ^ clkbuf_0_clk/X (sky130_fd_sc_hd__clkbuf_16)
     8    0.08                           clknet_0_clk (net)
                  0.10    0.00    0.25 ^ clkbuf_3_4__f_clk/A (sky130_fd_sc_hd__clkbuf_16)
                  0.04    0.14    0.38 ^ clkbuf_3_4__f_clk/X (sky130_fd_sc_hd__clkbuf_16)
     6    0.02                           clknet_3_4__leaf_clk (net)
                  0.04    0.00    0.38 ^ _462_/CLK (sky130_fd_sc_hd__dfrtp_1)
                  0.12    0.36    0.74 ^ _462_/Q (sky130_fd_sc_hd__dfrtp_1)
     3    0.01                           u_sort.bucket_reg[1][0] (net)
                  0.12    0.00    0.74 ^ _364_/A0 (sky130_fd_sc_hd__mux2_1)
                  0.04    0.13    0.88 ^ _364_/X (sky130_fd_sc_hd__mux2_1)
     1    0.00                           _176_ (net)
                  0.04    0.00    0.88 ^ _365_/A (sky130_fd_sc_hd__clkbuf_1)
                  0.04    0.07    0.95 ^ _365_/X (sky130_fd_sc_hd__clkbuf_1)
     1    0.00                           _042_ (net)
                  0.04    0.00    0.95 ^ _462_/D (sky130_fd_sc_hd__dfrtp_1)
                                  0.95   data arrival time

                          0.00    0.00   clock clk (rise edge)
                          0.00    0.00   clock source latency
                  0.10    0.07    0.07 ^ clk (in)
     1    0.02                           clk (net)
                  0.10    0.00    0.07 ^ clkbuf_0_clk/A (sky130_fd_sc_hd__clkbuf_16)
                  0.10    0.20    0.27 ^ clkbuf_0_clk/X (sky130_fd_sc_hd__clkbuf_16)
     8    0.08                           clknet_0_clk (net)
                  0.10    0.00    0.27 ^ clkbuf_3_4__f_clk/A (sky130_fd_sc_hd__clkbuf_16)
                  0.04    0.15    0.42 ^ clkbuf_3_4__f_clk/X (sky130_fd_sc_hd__clkbuf_16)
     6    0.02                           clknet_3_4__leaf_clk (net)
                  0.04    0.00    0.42 ^ _462_/CLK (sky130_fd_sc_hd__dfrtp_1)
                          0.25    0.67   clock uncertainty
                         -0.04    0.63   clock reconvergence pessimism
                         -0.03    0.60   library hold time
                                  0.60   data required time
-----------------------------------------------------------------------------
                                  0.60   data required time
                                 -0.95   data arrival time
-----------------------------------------------------------------------------
                                  0.35   slack (MET)


Startpoint: _456_ (rising edge-triggered flip-flop clocked by clk)
Endpoint: _456_ (rising edge-triggered flip-flop clocked by clk)
Path Group: clk
Path Type: min

Fanout     Cap    Slew   Delay    Time   Description
-----------------------------------------------------------------------------
                          0.00    0.00   clock clk (rise edge)
                          0.00    0.00   clock source latency
                  0.10    0.06    0.06 ^ clk (in)
     1    0.02                           clk (net)
                  0.10    0.00    0.06 ^ clkbuf_0_clk/A (sky130_fd_sc_hd__clkbuf_16)
                  0.10    0.18    0.24 ^ clkbuf_0_clk/X (sky130_fd_sc_hd__clkbuf_16)
     8    0.08                           clknet_0_clk (net)
                  0.10    0.00    0.25 ^ clkbuf_3_6__f_clk/A (sky130_fd_sc_hd__clkbuf_16)
                  0.04    0.14    0.38 ^ clkbuf_3_6__f_clk/X (sky130_fd_sc_hd__clkbuf_16)
     6    0.02                           clknet_3_6__leaf_clk (net)
                  0.04    0.00    0.38 ^ _456_/CLK (sky130_fd_sc_hd__dfrtp_1)
                  0.12    0.36    0.74 ^ _456_/Q (sky130_fd_sc_hd__dfrtp_1)
     4    0.01                           u_sort.bucket_reg[3][0] (net)
                  0.12    0.00    0.74 ^ _352_/A0 (sky130_fd_sc_hd__mux2_1)
                  0.05    0.14    0.88 ^ _352_/X (sky130_fd_sc_hd__mux2_1)
     1    0.00                           _170_ (net)
                  0.05    0.00    0.88 ^ _353_/A (sky130_fd_sc_hd__clkbuf_1)
                  0.04    0.07    0.95 ^ _353_/X (sky130_fd_sc_hd__clkbuf_1)
     1    0.00                           _036_ (net)
                  0.04    0.00    0.95 ^ _456_/D (sky130_fd_sc_hd__dfrtp_1)
                                  0.95   data arrival time

                          0.00    0.00   clock clk (rise edge)
                          0.00    0.00   clock source latency
                  0.10    0.07    0.07 ^ clk (in)
     1    0.02                           clk (net)
                  0.10    0.00    0.07 ^ clkbuf_0_clk/A (sky130_fd_sc_hd__clkbuf_16)
                  0.10    0.20    0.27 ^ clkbuf_0_clk/X (sky130_fd_sc_hd__clkbuf_16)
     8    0.08                           clknet_0_clk (net)
                  0.10    0.00    0.27 ^ clkbuf_3_6__f_clk/A (sky130_fd_sc_hd__clkbuf_16)
                  0.04    0.15    0.42 ^ clkbuf_3_6__f_clk/X (sky130_fd_sc_hd__clkbuf_16)
     6    0.02                           clknet_3_6__leaf_clk (net)
                  0.04    0.00    0.42 ^ _456_/CLK (sky130_fd_sc_hd__dfrtp_1)
                          0.25    0.67   clock uncertainty
                         -0.04    0.63   clock reconvergence pessimism
                         -0.03    0.60   library hold time
                                  0.60   data required time
-----------------------------------------------------------------------------
                                  0.60   data required time
                                 -0.95   data arrival time
-----------------------------------------------------------------------------
                                  0.35   slack (MET)


Startpoint: _478_ (rising edge-triggered flip-flop clocked by clk)
Endpoint: _478_ (rising edge-triggered flip-flop clocked by clk)
Path Group: clk
Path Type: min

Fanout     Cap    Slew   Delay    Time   Description
-----------------------------------------------------------------------------
                          0.00    0.00   clock clk (rise edge)
                          0.00    0.00   clock source latency
                  0.10    0.06    0.06 ^ clk (in)
     1    0.02                           clk (net)
                  0.10    0.00    0.06 ^ clkbuf_0_clk/A (sky130_fd_sc_hd__clkbuf_16)
                  0.10    0.18    0.24 ^ clkbuf_0_clk/X (sky130_fd_sc_hd__clkbuf_16)
     8    0.08                           clknet_0_clk (net)
                  0.10    0.00    0.25 ^ clkbuf_3_5__f_clk/A (sky130_fd_sc_hd__clkbuf_16)
                  0.04    0.14    0.38 ^ clkbuf_3_5__f_clk/X (sky130_fd_sc_hd__clkbuf_16)
     7    0.02                           clknet_3_5__leaf_clk (net)
                  0.04    0.00    0.39 ^ _478_/CLK (sky130_fd_sc_hd__dfrtp_1)
                  0.09    0.39    0.78 v _478_/Q (sky130_fd_sc_hd__dfrtp_1)
     4    0.01                           u_sort.busy (net)
                  0.09    0.00    0.78 v _249_/A (sky130_fd_sc_hd__inv_2)
                  0.09    0.10    0.88 ^ _249_/Y (sky130_fd_sc_hd__inv_2)
     5    0.02                           _101_ (net)
                  0.09    0.00    0.88 ^ _260_/A1 (sky130_fd_sc_hd__o21ai_1)
                  0.04    0.07    0.95 v _260_/Y (sky130_fd_sc_hd__o21ai_1)
     1    0.00                           _001_ (net)
                  0.04    0.00    0.95 v _478_/D (sky130_fd_sc_hd__dfrtp_1)
                                  0.95   data arrival time

                          0.00    0.00   clock clk (rise edge)
                          0.00    0.00   clock source latency
                  0.10    0.07    0.07 ^ clk (in)
     1    0.02                           clk (net)
                  0.10    0.00    0.07 ^ clkbuf_0_clk/A (sky130_fd_sc_hd__clkbuf_16)
                  0.10    0.20    0.27 ^ clkbuf_0_clk/X (sky130_fd_sc_hd__clkbuf_16)
     8    0.08                           clknet_0_clk (net)
                  0.10    0.00    0.27 ^ clkbuf_3_5__f_clk/A (sky130_fd_sc_hd__clkbuf_16)
                  0.04    0.15    0.43 ^ clkbuf_3_5__f_clk/X (sky130_fd_sc_hd__clkbuf_16)
     7    0.02                           clknet_3_5__leaf_clk (net)
                  0.04    0.00    0.43 ^ _478_/CLK (sky130_fd_sc_hd__dfrtp_1)
                          0.25    0.68   clock uncertainty
                         -0.04    0.64   clock reconvergence pessimism
                         -0.04    0.59   library hold time
                                  0.59   data required time
-----------------------------------------------------------------------------
                                  0.59   data required time
                                 -0.95   data arrival time
-----------------------------------------------------------------------------
                                  0.35   slack (MET)


Startpoint: _484_ (rising edge-triggered flip-flop clocked by clk)
Endpoint: _485_ (rising edge-triggered flip-flop clocked by clk)
Path Group: clk
Path Type: min

Fanout     Cap    Slew   Delay    Time   Description
-----------------------------------------------------------------------------
                          0.00    0.00   clock clk (rise edge)
                          0.00    0.00   clock source latency
                  0.10    0.06    0.06 ^ clk (in)
     1    0.02                           clk (net)
                  0.10    0.00    0.06 ^ clkbuf_0_clk/A (sky130_fd_sc_hd__clkbuf_16)
                  0.10    0.18    0.24 ^ clkbuf_0_clk/X (sky130_fd_sc_hd__clkbuf_16)
     8    0.08                           clknet_0_clk (net)
                  0.10    0.00    0.25 ^ clkbuf_3_0__f_clk/A (sky130_fd_sc_hd__clkbuf_16)
                  0.06    0.15    0.40 ^ clkbuf_3_0__f_clk/X (sky130_fd_sc_hd__clkbuf_16)
    12    0.04                           clknet_3_0__leaf_clk (net)
                  0.06    0.00    0.40 ^ _484_/CLK (sky130_fd_sc_hd__dfrtp_4)
                  0.12    0.44    0.84 ^ _484_/Q (sky130_fd_sc_hd__dfrtp_4)
     8    0.03                           u_am0.i_index[0] (net)
                  0.12    0.00    0.84 ^ _418_/A2 (sky130_fd_sc_hd__a21oi_1)
                  0.03    0.07    0.92 v _418_/Y (sky130_fd_sc_hd__a21oi_1)
     1    0.00                           _209_ (net)
                  0.03    0.00    0.92 v _419_/B (sky130_fd_sc_hd__nor2_1)
                  0.07    0.07    0.99 ^ _419_/Y (sky130_fd_sc_hd__nor2_1)
     1    0.00                           _063_ (net)
                  0.07    0.00    0.99 ^ _485_/D (sky130_fd_sc_hd__dfrtp_4)
                                  0.99   data arrival time

                          0.00    0.00   clock clk (rise edge)
                          0.00    0.00   clock source latency
                  0.10    0.07    0.07 ^ clk (in)
     1    0.02                           clk (net)
                  0.10    0.00    0.07 ^ clkbuf_0_clk/A (sky130_fd_sc_hd__clkbuf_16)
                  0.10    0.20    0.27 ^ clkbuf_0_clk/X (sky130_fd_sc_hd__clkbuf_16)
     8    0.08                           clknet_0_clk (net)
                  0.10    0.00    0.27 ^ clkbuf_3_0__f_clk/A (sky130_fd_sc_hd__clkbuf_16)
                  0.06    0.17    0.44 ^ clkbuf_3_0__f_clk/X (sky130_fd_sc_hd__clkbuf_16)
    12    0.04                           clknet_3_0__leaf_clk (net)
                  0.06    0.00    0.44 ^ _485_/CLK (sky130_fd_sc_hd__dfrtp_4)
                          0.25    0.69   clock uncertainty
                         -0.04    0.65   clock reconvergence pessimism
                         -0.04    0.61   library hold time
                                  0.61   data required time
-----------------------------------------------------------------------------
                                  0.61   data required time
                                 -0.99   data arrival time
-----------------------------------------------------------------------------
                                  0.38   slack (MET)


Startpoint: _422_ (rising edge-triggered flip-flop clocked by clk)
Endpoint: _477_ (rising edge-triggered flip-flop clocked by clk)
Path Group: clk
Path Type: min

Fanout     Cap    Slew   Delay    Time   Description
-----------------------------------------------------------------------------
                          0.00    0.00   clock clk (rise edge)
                          0.00    0.00   clock source latency
                  0.10    0.06    0.06 ^ clk (in)
     1    0.02                           clk (net)
                  0.10    0.00    0.06 ^ clkbuf_0_clk/A (sky130_fd_sc_hd__clkbuf_16)
                  0.10    0.18    0.24 ^ clkbuf_0_clk/X (sky130_fd_sc_hd__clkbuf_16)
     8    0.08                           clknet_0_clk (net)
                  0.10    0.00    0.25 ^ clkbuf_3_0__f_clk/A (sky130_fd_sc_hd__clkbuf_16)
                  0.06    0.15    0.40 ^ clkbuf_3_0__f_clk/X (sky130_fd_sc_hd__clkbuf_16)
    12    0.04                           clknet_3_0__leaf_clk (net)
                  0.06    0.00    0.40 ^ _422_/CLK (sky130_fd_sc_hd__dfrtp_1)
                  0.06    0.32    0.72 ^ _422_/Q (sky130_fd_sc_hd__dfrtp_1)
     1    0.01                           u_control.o_start_sort (net)
                  0.06    0.00    0.72 ^ _245_/A (sky130_fd_sc_hd__buf_6)
                  0.20    0.21    0.93 ^ _245_/X (sky130_fd_sc_hd__buf_6)
    20    0.10                           _098_ (net)
                  0.20    0.00    0.93 ^ _403_/B1 (sky130_fd_sc_hd__a21oi_1)
                  0.04    0.06    0.99 v _403_/Y (sky130_fd_sc_hd__a21oi_1)
     1    0.00                           _056_ (net)
                  0.04    0.00    0.99 v _477_/D (sky130_fd_sc_hd__dfrtp_1)
                                  0.99   data arrival time

                          0.00    0.00   clock clk (rise edge)
                          0.00    0.00   clock source latency
                  0.10    0.07    0.07 ^ clk (in)
     1    0.02                           clk (net)
                  0.10    0.00    0.07 ^ clkbuf_0_clk/A (sky130_fd_sc_hd__clkbuf_16)
                  0.10    0.20    0.27 ^ clkbuf_0_clk/X (sky130_fd_sc_hd__clkbuf_16)
     8    0.08                           clknet_0_clk (net)
                  0.10    0.00    0.27 ^ clkbuf_3_7__f_clk/A (sky130_fd_sc_hd__clkbuf_16)
                  0.04    0.15    0.42 ^ clkbuf_3_7__f_clk/X (sky130_fd_sc_hd__clkbuf_16)
     7    0.02                           clknet_3_7__leaf_clk (net)
                  0.04    0.00    0.42 ^ _477_/CLK (sky130_fd_sc_hd__dfrtp_1)
                          0.25    0.67   clock uncertainty
                         -0.03    0.65   clock reconvergence pessimism
                         -0.04    0.61   library hold time
                                  0.61   data required time
-----------------------------------------------------------------------------
                                  0.61   data required time
                                 -0.99   data arrival time
-----------------------------------------------------------------------------
                                  0.38   slack (MET)


Startpoint: _467_ (rising edge-triggered flip-flop clocked by clk)
Endpoint: _479_ (rising edge-triggered flip-flop clocked by clk)
Path Group: clk
Path Type: min

Fanout     Cap    Slew   Delay    Time   Description
-----------------------------------------------------------------------------
                          0.00    0.00   clock clk (rise edge)
                          0.00    0.00   clock source latency
                  0.10    0.06    0.06 ^ clk (in)
     1    0.02                           clk (net)
                  0.10    0.00    0.06 ^ clkbuf_0_clk/A (sky130_fd_sc_hd__clkbuf_16)
                  0.10    0.18    0.24 ^ clkbuf_0_clk/X (sky130_fd_sc_hd__clkbuf_16)
     8    0.08                           clknet_0_clk (net)
                  0.10    0.00    0.25 ^ clkbuf_3_4__f_clk/A (sky130_fd_sc_hd__clkbuf_16)
                  0.04    0.14    0.38 ^ clkbuf_3_4__f_clk/X (sky130_fd_sc_hd__clkbuf_16)
     6    0.02                           clknet_3_4__leaf_clk (net)
                  0.04    0.00    0.38 ^ _467_/CLK (sky130_fd_sc_hd__dfrtp_1)
                  0.09    0.33    0.72 ^ _467_/Q (sky130_fd_sc_hd__dfrtp_1)
     2    0.01                           u_sort.bucket_reg[0][2] (net)
                  0.09    0.00    0.72 ^ _231_/A (sky130_fd_sc_hd__xnor2_1)
                  0.05    0.09    0.80 v _231_/Y (sky130_fd_sc_hd__xnor2_1)
     2    0.01                           _084_ (net)
                  0.05    0.00    0.80 v _254_/A (sky130_fd_sc_hd__nand3_1)
                  0.09    0.09    0.89 ^ _254_/Y (sky130_fd_sc_hd__nand3_1)
     2    0.01                           _106_ (net)
                  0.09    0.00    0.90 ^ _404_/A2 (sky130_fd_sc_hd__o21ai_1)
                  0.03    0.06    0.95 v _404_/Y (sky130_fd_sc_hd__o21ai_1)
     1    0.00                           _201_ (net)
                  0.03    0.00    0.95 v _405_/B (sky130_fd_sc_hd__nand2_1)
                  0.04    0.06    1.01 ^ _405_/Y (sky130_fd_sc_hd__nand2_1)
     1    0.00                           _057_ (net)
                  0.04    0.00    1.01 ^ _479_/D (sky130_fd_sc_hd__dfrtp_1)
                                  1.01   data arrival time

                          0.00    0.00   clock clk (rise edge)
                          0.00    0.00   clock source latency
                  0.10    0.07    0.07 ^ clk (in)
     1    0.02                           clk (net)
                  0.10    0.00    0.07 ^ clkbuf_0_clk/A (sky130_fd_sc_hd__clkbuf_16)
                  0.10    0.20    0.27 ^ clkbuf_0_clk/X (sky130_fd_sc_hd__clkbuf_16)
     8    0.08                           clknet_0_clk (net)
                  0.10    0.00    0.27 ^ clkbuf_3_5__f_clk/A (sky130_fd_sc_hd__clkbuf_16)
                  0.04    0.15    0.43 ^ clkbuf_3_5__f_clk/X (sky130_fd_sc_hd__clkbuf_16)
     7    0.02                           clknet_3_5__leaf_clk (net)
                  0.04    0.00    0.43 ^ _479_/CLK (sky130_fd_sc_hd__dfrtp_1)
                          0.25    0.68   clock uncertainty
                         -0.03    0.65   clock reconvergence pessimism
                         -0.03    0.62   library hold time
                                  0.62   data required time
-----------------------------------------------------------------------------
                                  0.62   data required time
                                 -1.01   data arrival time
-----------------------------------------------------------------------------
                                  0.39   slack (MET)


Startpoint: _486_ (rising edge-triggered flip-flop clocked by clk)
Endpoint: _452_ (rising edge-triggered flip-flop clocked by clk)
Path Group: clk
Path Type: min

Fanout     Cap    Slew   Delay    Time   Description
-----------------------------------------------------------------------------
                          0.00    0.00   clock clk (rise edge)
                          0.00    0.00   clock source latency
                  0.10    0.06    0.06 ^ clk (in)
     1    0.02                           clk (net)
                  0.10    0.00    0.06 ^ clkbuf_0_clk/A (sky130_fd_sc_hd__clkbuf_16)
                  0.10    0.18    0.24 ^ clkbuf_0_clk/X (sky130_fd_sc_hd__clkbuf_16)
     8    0.08                           clknet_0_clk (net)
                  0.10    0.00    0.25 ^ clkbuf_3_0__f_clk/A (sky130_fd_sc_hd__clkbuf_16)
                  0.06    0.15    0.40 ^ clkbuf_3_0__f_clk/X (sky130_fd_sc_hd__clkbuf_16)
    12    0.04                           clknet_3_0__leaf_clk (net)
                  0.06    0.00    0.40 ^ _486_/CLK (sky130_fd_sc_hd__dfrtp_4)
                  0.10    0.43    0.83 ^ _486_/Q (sky130_fd_sc_hd__dfrtp_4)
     7    0.02                           u_am0.i_index[2] (net)
                  0.10    0.00    0.83 ^ _344_/A1 (sky130_fd_sc_hd__mux2_1)
                  0.04    0.13    0.95 ^ _344_/X (sky130_fd_sc_hd__mux2_1)
     1    0.00                           _166_ (net)
                  0.04    0.00    0.95 ^ _345_/A (sky130_fd_sc_hd__clkbuf_1)
                  0.04    0.07    1.02 ^ _345_/X (sky130_fd_sc_hd__clkbuf_1)
     1    0.00                           _032_ (net)
                  0.04    0.00    1.02 ^ _452_/D (sky130_fd_sc_hd__dfrtp_1)
                                  1.02   data arrival time

                          0.00    0.00   clock clk (rise edge)
                          0.00    0.00   clock source latency
                  0.10    0.07    0.07 ^ clk (in)
     1    0.02                           clk (net)
                  0.10    0.00    0.07 ^ clkbuf_0_clk/A (sky130_fd_sc_hd__clkbuf_16)
                  0.10    0.20    0.27 ^ clkbuf_0_clk/X (sky130_fd_sc_hd__clkbuf_16)
     8    0.08                           clknet_0_clk (net)
                  0.10    0.00    0.27 ^ clkbuf_3_3__f_clk/A (sky130_fd_sc_hd__clkbuf_16)
                  0.05    0.16    0.43 ^ clkbuf_3_3__f_clk/X (sky130_fd_sc_hd__clkbuf_16)
    10    0.03                           clknet_3_3__leaf_clk (net)
                  0.05    0.00    0.44 ^ _452_/CLK (sky130_fd_sc_hd__dfrtp_1)
                          0.25    0.69   clock uncertainty
                         -0.03    0.66   clock reconvergence pessimism
                         -0.03    0.63   library hold time
                                  0.63   data required time
-----------------------------------------------------------------------------
                                  0.63   data required time
                                 -1.02   data arrival time
-----------------------------------------------------------------------------
                                  0.40   slack (MET)


Startpoint: _483_ (rising edge-triggered flip-flop clocked by clk)
Endpoint: _483_ (rising edge-triggered flip-flop clocked by clk)
Path Group: clk
Path Type: min

Fanout     Cap    Slew   Delay    Time   Description
-----------------------------------------------------------------------------
                          0.00    0.00   clock clk (rise edge)
                          0.00    0.00   clock source latency
                  0.10    0.06    0.06 ^ clk (in)
     1    0.02                           clk (net)
                  0.10    0.00    0.06 ^ clkbuf_0_clk/A (sky130_fd_sc_hd__clkbuf_16)
                  0.10    0.18    0.24 ^ clkbuf_0_clk/X (sky130_fd_sc_hd__clkbuf_16)
     8    0.08                           clknet_0_clk (net)
                  0.10    0.00    0.25 ^ clkbuf_3_7__f_clk/A (sky130_fd_sc_hd__clkbuf_16)
                  0.04    0.14    0.38 ^ clkbuf_3_7__f_clk/X (sky130_fd_sc_hd__clkbuf_16)
     7    0.02                           clknet_3_7__leaf_clk (net)
                  0.04    0.00    0.38 ^ _483_/CLK (sky130_fd_sc_hd__dfrtp_1)
                  0.06    0.31    0.70 ^ _483_/Q (sky130_fd_sc_hd__dfrtp_1)
     1    0.01                           u_sort.valid_reg[4] (net)
                  0.06    0.00    0.70 ^ _216_/A (sky130_fd_sc_hd__inv_2)
                  0.04    0.05    0.75 v _216_/Y (sky130_fd_sc_hd__inv_2)
     3    0.01                           _069_ (net)
                  0.04    0.00    0.75 v _414_/B1 (sky130_fd_sc_hd__a21oi_1)
                  0.07    0.09    0.84 ^ _414_/Y (sky130_fd_sc_hd__a21oi_1)
     1    0.00                           _207_ (net)
                  0.07    0.00    0.84 ^ _415_/B (sky130_fd_sc_hd__or2_1)
                  0.04    0.09    0.93 ^ _415_/X (sky130_fd_sc_hd__or2_1)
     1    0.00                           _208_ (net)
                  0.04    0.00    0.93 ^ _416_/A (sky130_fd_sc_hd__clkbuf_1)
                  0.04    0.07    1.00 ^ _416_/X (sky130_fd_sc_hd__clkbuf_1)
     1    0.00                           _061_ (net)
                  0.04    0.00    1.00 ^ _483_/D (sky130_fd_sc_hd__dfrtp_1)
                                  1.00   data arrival time

                          0.00    0.00   clock clk (rise edge)
                          0.00    0.00   clock source latency
                  0.10    0.07    0.07 ^ clk (in)
     1    0.02                           clk (net)
                  0.10    0.00    0.07 ^ clkbuf_0_clk/A (sky130_fd_sc_hd__clkbuf_16)
                  0.10    0.20    0.27 ^ clkbuf_0_clk/X (sky130_fd_sc_hd__clkbuf_16)
     8    0.08                           clknet_0_clk (net)
                  0.10    0.00    0.27 ^ clkbuf_3_7__f_clk/A (sky130_fd_sc_hd__clkbuf_16)
                  0.04    0.15    0.42 ^ clkbuf_3_7__f_clk/X (sky130_fd_sc_hd__clkbuf_16)
     7    0.02                           clknet_3_7__leaf_clk (net)
                  0.04    0.00    0.42 ^ _483_/CLK (sky130_fd_sc_hd__dfrtp_1)
                          0.25    0.67   clock uncertainty
                         -0.04    0.63   clock reconvergence pessimism
                         -0.03    0.60   library hold time
                                  0.60   data required time
-----------------------------------------------------------------------------
                                  0.60   data required time
                                 -1.00   data arrival time
-----------------------------------------------------------------------------
                                  0.40   slack (MET)


Startpoint: _486_ (rising edge-triggered flip-flop clocked by clk)
Endpoint: _446_ (rising edge-triggered flip-flop clocked by clk)
Path Group: clk
Path Type: min

Fanout     Cap    Slew   Delay    Time   Description
-----------------------------------------------------------------------------
                          0.00    0.00   clock clk (rise edge)
                          0.00    0.00   clock source latency
                  0.10    0.06    0.06 ^ clk (in)
     1    0.02                           clk (net)
                  0.10    0.00    0.06 ^ clkbuf_0_clk/A (sky130_fd_sc_hd__clkbuf_16)
                  0.10    0.18    0.24 ^ clkbuf_0_clk/X (sky130_fd_sc_hd__clkbuf_16)
     8    0.08                           clknet_0_clk (net)
                  0.10    0.00    0.25 ^ clkbuf_3_0__f_clk/A (sky130_fd_sc_hd__clkbuf_16)
                  0.06    0.15    0.40 ^ clkbuf_3_0__f_clk/X (sky130_fd_sc_hd__clkbuf_16)
    12    0.04                           clknet_3_0__leaf_clk (net)
                  0.06    0.00    0.40 ^ _486_/CLK (sky130_fd_sc_hd__dfrtp_4)
                  0.10    0.43    0.83 ^ _486_/Q (sky130_fd_sc_hd__dfrtp_4)
     7    0.02                           u_am0.i_index[2] (net)
                  0.10    0.00    0.83 ^ _333_/A1 (sky130_fd_sc_hd__mux2_1)
                  0.04    0.13    0.96 ^ _333_/X (sky130_fd_sc_hd__mux2_1)
     1    0.00                           _161_ (net)
                  0.04    0.00    0.96 ^ _334_/A (sky130_fd_sc_hd__clkbuf_1)
                  0.04    0.07    1.03 ^ _334_/X (sky130_fd_sc_hd__clkbuf_1)
     1    0.00                           _026_ (net)
                  0.04    0.00    1.03 ^ _446_/D (sky130_fd_sc_hd__dfrtp_1)
                                  1.03   data arrival time

                          0.00    0.00   clock clk (rise edge)
                          0.00    0.00   clock source latency
                  0.10    0.07    0.07 ^ clk (in)
     1    0.02                           clk (net)
                  0.10    0.00    0.07 ^ clkbuf_0_clk/A (sky130_fd_sc_hd__clkbuf_16)
                  0.10    0.20    0.27 ^ clkbuf_0_clk/X (sky130_fd_sc_hd__clkbuf_16)
     8    0.08                           clknet_0_clk (net)
                  0.10    0.00    0.27 ^ clkbuf_3_3__f_clk/A (sky130_fd_sc_hd__clkbuf_16)
                  0.05    0.16    0.43 ^ clkbuf_3_3__f_clk/X (sky130_fd_sc_hd__clkbuf_16)
    10    0.03                           clknet_3_3__leaf_clk (net)
                  0.05    0.00    0.43 ^ _446_/CLK (sky130_fd_sc_hd__dfrtp_1)
                          0.25    0.68   clock uncertainty
                         -0.03    0.66   clock reconvergence pessimism
                         -0.03    0.63   library hold time
                                  0.63   data required time
-----------------------------------------------------------------------------
                                  0.63   data required time
                                 -1.03   data arrival time
-----------------------------------------------------------------------------
                                  0.40   slack (MET)


Startpoint: _481_ (rising edge-triggered flip-flop clocked by clk)
Endpoint: _481_ (rising edge-triggered flip-flop clocked by clk)
Path Group: clk
Path Type: min

Fanout     Cap    Slew   Delay    Time   Description
-----------------------------------------------------------------------------
                          0.00    0.00   clock clk (rise edge)
                          0.00    0.00   clock source latency
                  0.10    0.06    0.06 ^ clk (in)
     1    0.02                           clk (net)
                  0.10    0.00    0.06 ^ clkbuf_0_clk/A (sky130_fd_sc_hd__clkbuf_16)
                  0.10    0.18    0.24 ^ clkbuf_0_clk/X (sky130_fd_sc_hd__clkbuf_16)
     8    0.08                           clknet_0_clk (net)
                  0.10    0.00    0.25 ^ clkbuf_3_4__f_clk/A (sky130_fd_sc_hd__clkbuf_16)
                  0.04    0.14    0.38 ^ clkbuf_3_4__f_clk/X (sky130_fd_sc_hd__clkbuf_16)
     6    0.02                           clknet_3_4__leaf_clk (net)
                  0.04    0.00    0.38 ^ _481_/CLK (sky130_fd_sc_hd__dfrtp_1)
                  0.09    0.34    0.72 ^ _481_/Q (sky130_fd_sc_hd__dfrtp_1)
     3    0.01                           u_sort.valid_reg[2] (net)
                  0.09    0.00    0.72 ^ _408_/B1 (sky130_fd_sc_hd__o31a_1)
                  0.05    0.13    0.85 ^ _408_/X (sky130_fd_sc_hd__o31a_1)
     1    0.00                           _203_ (net)
                  0.05    0.00    0.85 ^ _409_/B (sky130_fd_sc_hd__or2_1)
                  0.04    0.08    0.93 ^ _409_/X (sky130_fd_sc_hd__or2_1)
     1    0.00                           _204_ (net)
                  0.04    0.00    0.93 ^ _410_/A (sky130_fd_sc_hd__clkbuf_1)
                  0.04    0.07    1.00 ^ _410_/X (sky130_fd_sc_hd__clkbuf_1)
     1    0.00                           _059_ (net)
                  0.04    0.00    1.00 ^ _481_/D (sky130_fd_sc_hd__dfrtp_1)
                                  1.00   data arrival time

                          0.00    0.00   clock clk (rise edge)
                          0.00    0.00   clock source latency
                  0.10    0.07    0.07 ^ clk (in)
     1    0.02                           clk (net)
                  0.10    0.00    0.07 ^ clkbuf_0_clk/A (sky130_fd_sc_hd__clkbuf_16)
                  0.10    0.20    0.27 ^ clkbuf_0_clk/X (sky130_fd_sc_hd__clkbuf_16)
     8    0.08                           clknet_0_clk (net)
                  0.10    0.00    0.27 ^ clkbuf_3_4__f_clk/A (sky130_fd_sc_hd__clkbuf_16)
                  0.04    0.15    0.42 ^ clkbuf_3_4__f_clk/X (sky130_fd_sc_hd__clkbuf_16)
     6    0.02                           clknet_3_4__leaf_clk (net)
                  0.04    0.00    0.42 ^ _481_/CLK (sky130_fd_sc_hd__dfrtp_1)
                          0.25    0.67   clock uncertainty
                         -0.04    0.63   clock reconvergence pessimism
                         -0.03    0.60   library hold time
                                  0.60   data required time
-----------------------------------------------------------------------------
                                  0.60   data required time
                                 -1.00   data arrival time
-----------------------------------------------------------------------------
                                  0.40   slack (MET)


Startpoint: _478_ (rising edge-triggered flip-flop clocked by clk)
Endpoint: _480_ (rising edge-triggered flip-flop clocked by clk)
Path Group: clk
Path Type: min

Fanout     Cap    Slew   Delay    Time   Description
-----------------------------------------------------------------------------
                          0.00    0.00   clock clk (rise edge)
                          0.00    0.00   clock source latency
                  0.10    0.06    0.06 ^ clk (in)
     1    0.02                           clk (net)
                  0.10    0.00    0.06 ^ clkbuf_0_clk/A (sky130_fd_sc_hd__clkbuf_16)
                  0.10    0.18    0.24 ^ clkbuf_0_clk/X (sky130_fd_sc_hd__clkbuf_16)
     8    0.08                           clknet_0_clk (net)
                  0.10    0.00    0.25 ^ clkbuf_3_5__f_clk/A (sky130_fd_sc_hd__clkbuf_16)
                  0.04    0.14    0.38 ^ clkbuf_3_5__f_clk/X (sky130_fd_sc_hd__clkbuf_16)
     7    0.02                           clknet_3_5__leaf_clk (net)
                  0.04    0.00    0.39 ^ _478_/CLK (sky130_fd_sc_hd__dfrtp_1)
                  0.09    0.39    0.78 v _478_/Q (sky130_fd_sc_hd__dfrtp_1)
     4    0.01                           u_sort.busy (net)
                  0.09    0.00    0.78 v _249_/A (sky130_fd_sc_hd__inv_2)
                  0.09    0.10    0.88 ^ _249_/Y (sky130_fd_sc_hd__inv_2)
     5    0.02                           _101_ (net)
                  0.09    0.00    0.88 ^ _406_/A1 (sky130_fd_sc_hd__o21ai_1)
                  0.04    0.07    0.95 v _406_/Y (sky130_fd_sc_hd__o21ai_1)
     1    0.00                           _202_ (net)
                  0.04    0.00    0.95 v _407_/B (sky130_fd_sc_hd__nand2_1)
                  0.04    0.05    1.01 ^ _407_/Y (sky130_fd_sc_hd__nand2_1)
     1    0.00                           _058_ (net)
                  0.04    0.00    1.01 ^ _480_/D (sky130_fd_sc_hd__dfrtp_1)
                                  1.01   data arrival time

                          0.00    0.00   clock clk (rise edge)
                          0.00    0.00   clock source latency
                  0.10    0.07    0.07 ^ clk (in)
     1    0.02                           clk (net)
                  0.10    0.00    0.07 ^ clkbuf_0_clk/A (sky130_fd_sc_hd__clkbuf_16)
                  0.10    0.20    0.27 ^ clkbuf_0_clk/X (sky130_fd_sc_hd__clkbuf_16)
     8    0.08                           clknet_0_clk (net)
                  0.10    0.00    0.27 ^ clkbuf_3_5__f_clk/A (sky130_fd_sc_hd__clkbuf_16)
                  0.04    0.15    0.43 ^ clkbuf_3_5__f_clk/X (sky130_fd_sc_hd__clkbuf_16)
     7    0.02                           clknet_3_5__leaf_clk (net)
                  0.04    0.00    0.43 ^ _480_/CLK (sky130_fd_sc_hd__dfrtp_1)
                          0.25    0.68   clock uncertainty
                         -0.04    0.64   clock reconvergence pessimism
                         -0.03    0.60   library hold time
                                  0.60   data required time
-----------------------------------------------------------------------------
                                  0.60   data required time
                                 -1.01   data arrival time
-----------------------------------------------------------------------------
                                  0.41   slack (MET)


Startpoint: _486_ (rising edge-triggered flip-flop clocked by clk)
Endpoint: _434_ (rising edge-triggered flip-flop clocked by clk)
Path Group: clk
Path Type: min

Fanout     Cap    Slew   Delay    Time   Description
-----------------------------------------------------------------------------
                          0.00    0.00   clock clk (rise edge)
                          0.00    0.00   clock source latency
                  0.10    0.06    0.06 ^ clk (in)
     1    0.02                           clk (net)
                  0.10    0.00    0.06 ^ clkbuf_0_clk/A (sky130_fd_sc_hd__clkbuf_16)
                  0.10    0.18    0.24 ^ clkbuf_0_clk/X (sky130_fd_sc_hd__clkbuf_16)
     8    0.08                           clknet_0_clk (net)
                  0.10    0.00    0.25 ^ clkbuf_3_0__f_clk/A (sky130_fd_sc_hd__clkbuf_16)
                  0.06    0.15    0.40 ^ clkbuf_3_0__f_clk/X (sky130_fd_sc_hd__clkbuf_16)
    12    0.04                           clknet_3_0__leaf_clk (net)
                  0.06    0.00    0.40 ^ _486_/CLK (sky130_fd_sc_hd__dfrtp_4)
                  0.10    0.43    0.83 ^ _486_/Q (sky130_fd_sc_hd__dfrtp_4)
     7    0.02                           u_am0.i_index[2] (net)
                  0.10    0.00    0.83 ^ _299_/A1 (sky130_fd_sc_hd__mux2_1)
                  0.04    0.13    0.95 ^ _299_/X (sky130_fd_sc_hd__mux2_1)
     1    0.00                           _139_ (net)
                  0.04    0.00    0.95 ^ _300_/A (sky130_fd_sc_hd__clkbuf_1)
                  0.04    0.07    1.02 ^ _300_/X (sky130_fd_sc_hd__clkbuf_1)
     1    0.00                           _014_ (net)
                  0.04    0.00    1.02 ^ _434_/D (sky130_fd_sc_hd__dfrtp_1)
                                  1.02   data arrival time

                          0.00    0.00   clock clk (rise edge)
                          0.00    0.00   clock source latency
                  0.10    0.07    0.07 ^ clk (in)
     1    0.02                           clk (net)
                  0.10    0.00    0.07 ^ clkbuf_0_clk/A (sky130_fd_sc_hd__clkbuf_16)
                  0.10    0.20    0.27 ^ clkbuf_0_clk/X (sky130_fd_sc_hd__clkbuf_16)
     8    0.08                           clknet_0_clk (net)
                  0.10    0.00    0.27 ^ clkbuf_3_1__f_clk/A (sky130_fd_sc_hd__clkbuf_16)
                  0.04    0.15    0.43 ^ clkbuf_3_1__f_clk/X (sky130_fd_sc_hd__clkbuf_16)
     7    0.02                           clknet_3_1__leaf_clk (net)
                  0.04    0.00    0.43 ^ _434_/CLK (sky130_fd_sc_hd__dfrtp_1)
                          0.25    0.68   clock uncertainty
                         -0.03    0.65   clock reconvergence pessimism
                         -0.03    0.62   library hold time
                                  0.62   data required time
-----------------------------------------------------------------------------
                                  0.62   data required time
                                 -1.02   data arrival time
-----------------------------------------------------------------------------
                                  0.41   slack (MET)


Startpoint: _486_ (rising edge-triggered flip-flop clocked by clk)
Endpoint: _425_ (rising edge-triggered flip-flop clocked by clk)
Path Group: clk
Path Type: min

Fanout     Cap    Slew   Delay    Time   Description
-----------------------------------------------------------------------------
                          0.00    0.00   clock clk (rise edge)
                          0.00    0.00   clock source latency
                  0.10    0.06    0.06 ^ clk (in)
     1    0.02                           clk (net)
                  0.10    0.00    0.06 ^ clkbuf_0_clk/A (sky130_fd_sc_hd__clkbuf_16)
                  0.10    0.18    0.24 ^ clkbuf_0_clk/X (sky130_fd_sc_hd__clkbuf_16)
     8    0.08                           clknet_0_clk (net)
                  0.10    0.00    0.25 ^ clkbuf_3_0__f_clk/A (sky130_fd_sc_hd__clkbuf_16)
                  0.06    0.15    0.40 ^ clkbuf_3_0__f_clk/X (sky130_fd_sc_hd__clkbuf_16)
    12    0.04                           clknet_3_0__leaf_clk (net)
                  0.06    0.00    0.40 ^ _486_/CLK (sky130_fd_sc_hd__dfrtp_4)
                  0.10    0.43    0.83 ^ _486_/Q (sky130_fd_sc_hd__dfrtp_4)
     7    0.02                           u_am0.i_index[2] (net)
                  0.10    0.00    0.83 ^ _271_/A1 (sky130_fd_sc_hd__mux2_1)
                  0.04    0.13    0.96 ^ _271_/X (sky130_fd_sc_hd__mux2_1)
     1    0.00                           _120_ (net)
                  0.04    0.00    0.96 ^ _272_/A (sky130_fd_sc_hd__clkbuf_1)
                  0.05    0.08    1.03 ^ _272_/X (sky130_fd_sc_hd__clkbuf_1)
     1    0.00                           _005_ (net)
                  0.05    0.00    1.03 ^ _425_/D (sky130_fd_sc_hd__dfrtp_1)
                                  1.03   data arrival time

                          0.00    0.00   clock clk (rise edge)
                          0.00    0.00   clock source latency
                  0.10    0.07    0.07 ^ clk (in)
     1    0.02                           clk (net)
                  0.10    0.00    0.07 ^ clkbuf_0_clk/A (sky130_fd_sc_hd__clkbuf_16)
                  0.10    0.20    0.27 ^ clkbuf_0_clk/X (sky130_fd_sc_hd__clkbuf_16)
     8    0.08                           clknet_0_clk (net)
                  0.10    0.00    0.27 ^ clkbuf_3_3__f_clk/A (sky130_fd_sc_hd__clkbuf_16)
                  0.05    0.16    0.43 ^ clkbuf_3_3__f_clk/X (sky130_fd_sc_hd__clkbuf_16)
    10    0.03                           clknet_3_3__leaf_clk (net)
                  0.05    0.00    0.44 ^ _425_/CLK (sky130_fd_sc_hd__dfrtp_1)
                          0.25    0.69   clock uncertainty
                         -0.03    0.66   clock reconvergence pessimism
                         -0.03    0.63   library hold time
                                  0.63   data required time
-----------------------------------------------------------------------------
                                  0.63   data required time
                                 -1.03   data arrival time
-----------------------------------------------------------------------------
                                  0.41   slack (MET)


Startpoint: _486_ (rising edge-triggered flip-flop clocked by clk)
Endpoint: _440_ (rising edge-triggered flip-flop clocked by clk)
Path Group: clk
Path Type: min

Fanout     Cap    Slew   Delay    Time   Description
-----------------------------------------------------------------------------
                          0.00    0.00   clock clk (rise edge)
                          0.00    0.00   clock source latency
                  0.10    0.06    0.06 ^ clk (in)
     1    0.02                           clk (net)
                  0.10    0.00    0.06 ^ clkbuf_0_clk/A (sky130_fd_sc_hd__clkbuf_16)
                  0.10    0.18    0.24 ^ clkbuf_0_clk/X (sky130_fd_sc_hd__clkbuf_16)
     8    0.08                           clknet_0_clk (net)
                  0.10    0.00    0.25 ^ clkbuf_3_0__f_clk/A (sky130_fd_sc_hd__clkbuf_16)
                  0.06    0.15    0.40 ^ clkbuf_3_0__f_clk/X (sky130_fd_sc_hd__clkbuf_16)
    12    0.04                           clknet_3_0__leaf_clk (net)
                  0.06    0.00    0.40 ^ _486_/CLK (sky130_fd_sc_hd__dfrtp_4)
                  0.10    0.43    0.83 ^ _486_/Q (sky130_fd_sc_hd__dfrtp_4)
     7    0.02                           u_am0.i_index[2] (net)
                  0.10    0.00    0.83 ^ _316_/A1 (sky130_fd_sc_hd__mux2_1)
                  0.05    0.13    0.96 ^ _316_/X (sky130_fd_sc_hd__mux2_1)
     1    0.00                           _150_ (net)
                  0.05    0.00    0.96 ^ _317_/A (sky130_fd_sc_hd__clkbuf_1)
                  0.05    0.08    1.04 ^ _317_/X (sky130_fd_sc_hd__clkbuf_1)
     1    0.00                           _020_ (net)
                  0.05    0.00    1.04 ^ _440_/D (sky130_fd_sc_hd__dfrtp_1)
                                  1.04   data arrival time

                          0.00    0.00   clock clk (rise edge)
                          0.00    0.00   clock source latency
                  0.10    0.07    0.07 ^ clk (in)
     1    0.02                           clk (net)
                  0.10    0.00    0.07 ^ clkbuf_0_clk/A (sky130_fd_sc_hd__clkbuf_16)
                  0.10    0.20    0.27 ^ clkbuf_0_clk/X (sky130_fd_sc_hd__clkbuf_16)
     8    0.08                           clknet_0_clk (net)
                  0.10    0.00    0.27 ^ clkbuf_3_1__f_clk/A (sky130_fd_sc_hd__clkbuf_16)
                  0.04    0.15    0.43 ^ clkbuf_3_1__f_clk/X (sky130_fd_sc_hd__clkbuf_16)
     7    0.02                           clknet_3_1__leaf_clk (net)
                  0.04    0.00    0.43 ^ _440_/CLK (sky130_fd_sc_hd__dfrtp_1)
                          0.25    0.68   clock uncertainty
                         -0.03    0.65   clock reconvergence pessimism
                         -0.03    0.62   library hold time
                                  0.62   data required time
-----------------------------------------------------------------------------
                                  0.62   data required time
                                 -1.04   data arrival time
-----------------------------------------------------------------------------
                                  0.42   slack (MET)


Startpoint: _475_ (rising edge-triggered flip-flop clocked by clk)
Endpoint: _468_ (rising edge-triggered flip-flop clocked by clk)
Path Group: clk
Path Type: min

Fanout     Cap    Slew   Delay    Time   Description
-----------------------------------------------------------------------------
                          0.00    0.00   clock clk (rise edge)
                          0.00    0.00   clock source latency
                  0.10    0.06    0.06 ^ clk (in)
     1    0.02                           clk (net)
                  0.10    0.00    0.06 ^ clkbuf_0_clk/A (sky130_fd_sc_hd__clkbuf_16)
                  0.10    0.18    0.24 ^ clkbuf_0_clk/X (sky130_fd_sc_hd__clkbuf_16)
     8    0.08                           clknet_0_clk (net)
                  0.10    0.00    0.25 ^ clkbuf_3_7__f_clk/A (sky130_fd_sc_hd__clkbuf_16)
                  0.04    0.14    0.38 ^ clkbuf_3_7__f_clk/X (sky130_fd_sc_hd__clkbuf_16)
     7    0.02                           clknet_3_7__leaf_clk (net)
                  0.04    0.00    0.38 ^ _475_/CLK (sky130_fd_sc_hd__dfrtp_4)
                  0.13    0.44    0.83 ^ _475_/Q (sky130_fd_sc_hd__dfrtp_4)
     7    0.03                           u_sort.bucket_counter[0] (net)
                  0.13    0.00    0.83 ^ _376_/A1 (sky130_fd_sc_hd__mux2_1)
                  0.04    0.14    0.96 ^ _376_/X (sky130_fd_sc_hd__mux2_1)
     1    0.00                           _182_ (net)
                  0.04    0.00    0.96 ^ _377_/A (sky130_fd_sc_hd__clkbuf_1)
                  0.04    0.07    1.04 ^ _377_/X (sky130_fd_sc_hd__clkbuf_1)
     1    0.00                           _048_ (net)
                  0.04    0.00    1.04 ^ _468_/D (sky130_fd_sc_hd__dfrtp_1)
                                  1.04   data arrival time

                          0.00    0.00   clock clk (rise edge)
                          0.00    0.00   clock source latency
                  0.10    0.07    0.07 ^ clk (in)
     1    0.02                           clk (net)
                  0.10    0.00    0.07 ^ clkbuf_0_clk/A (sky130_fd_sc_hd__clkbuf_16)
                  0.10    0.20    0.27 ^ clkbuf_0_clk/X (sky130_fd_sc_hd__clkbuf_16)
     8    0.08                           clknet_0_clk (net)
                  0.10    0.00    0.27 ^ clkbuf_3_5__f_clk/A (sky130_fd_sc_hd__clkbuf_16)
                  0.04    0.15    0.43 ^ clkbuf_3_5__f_clk/X (sky130_fd_sc_hd__clkbuf_16)
     7    0.02                           clknet_3_5__leaf_clk (net)
                  0.04    0.00    0.43 ^ _468_/CLK (sky130_fd_sc_hd__dfrtp_1)
                          0.25    0.68   clock uncertainty
                         -0.03    0.65   clock reconvergence pessimism
                         -0.03    0.62   library hold time
                                  0.62   data required time
-----------------------------------------------------------------------------
                                  0.62   data required time
                                 -1.04   data arrival time
-----------------------------------------------------------------------------
                                  0.42   slack (MET)


Startpoint: _484_ (rising edge-triggered flip-flop clocked by clk)
Endpoint: _423_ (rising edge-triggered flip-flop clocked by clk)
Path Group: clk
Path Type: min

Fanout     Cap    Slew   Delay    Time   Description
-----------------------------------------------------------------------------
                          0.00    0.00   clock clk (rise edge)
                          0.00    0.00   clock source latency
                  0.10    0.06    0.06 ^ clk (in)
     1    0.02                           clk (net)
                  0.10    0.00    0.06 ^ clkbuf_0_clk/A (sky130_fd_sc_hd__clkbuf_16)
                  0.10    0.18    0.24 ^ clkbuf_0_clk/X (sky130_fd_sc_hd__clkbuf_16)
     8    0.08                           clknet_0_clk (net)
                  0.10    0.00    0.25 ^ clkbuf_3_0__f_clk/A (sky130_fd_sc_hd__clkbuf_16)
                  0.06    0.15    0.40 ^ clkbuf_3_0__f_clk/X (sky130_fd_sc_hd__clkbuf_16)
    12    0.04                           clknet_3_0__leaf_clk (net)
                  0.06    0.00    0.40 ^ _484_/CLK (sky130_fd_sc_hd__dfrtp_4)
                  0.12    0.44    0.84 ^ _484_/Q (sky130_fd_sc_hd__dfrtp_4)
     8    0.03                           u_am0.i_index[0] (net)
                  0.12    0.00    0.85 ^ _267_/A1 (sky130_fd_sc_hd__mux2_1)
                  0.04    0.13    0.98 ^ _267_/X (sky130_fd_sc_hd__mux2_1)
     1    0.00                           _118_ (net)
                  0.04    0.00    0.98 ^ _268_/A (sky130_fd_sc_hd__clkbuf_1)
                  0.04    0.07    1.05 ^ _268_/X (sky130_fd_sc_hd__clkbuf_1)
     1    0.00                           _003_ (net)
                  0.04    0.00    1.05 ^ _423_/D (sky130_fd_sc_hd__dfrtp_1)
                                  1.05   data arrival time

                          0.00    0.00   clock clk (rise edge)
                          0.00    0.00   clock source latency
                  0.10    0.07    0.07 ^ clk (in)
     1    0.02                           clk (net)
                  0.10    0.00    0.07 ^ clkbuf_0_clk/A (sky130_fd_sc_hd__clkbuf_16)
                  0.10    0.20    0.27 ^ clkbuf_0_clk/X (sky130_fd_sc_hd__clkbuf_16)
     8    0.08                           clknet_0_clk (net)
                  0.10    0.00    0.27 ^ clkbuf_3_3__f_clk/A (sky130_fd_sc_hd__clkbuf_16)
                  0.05    0.16    0.43 ^ clkbuf_3_3__f_clk/X (sky130_fd_sc_hd__clkbuf_16)
    10    0.03                           clknet_3_3__leaf_clk (net)
                  0.05    0.00    0.44 ^ _423_/CLK (sky130_fd_sc_hd__dfrtp_1)
                          0.25    0.69   clock uncertainty
                         -0.03    0.66   clock reconvergence pessimism
                         -0.03    0.63   library hold time
                                  0.63   data required time
-----------------------------------------------------------------------------
                                  0.63   data required time
                                 -1.05   data arrival time
-----------------------------------------------------------------------------
                                  0.42   slack (MET)


Startpoint: _485_ (rising edge-triggered flip-flop clocked by clk)
Endpoint: _439_ (rising edge-triggered flip-flop clocked by clk)
Path Group: clk
Path Type: min

Fanout     Cap    Slew   Delay    Time   Description
-----------------------------------------------------------------------------
                          0.00    0.00   clock clk (rise edge)
                          0.00    0.00   clock source latency
                  0.10    0.06    0.06 ^ clk (in)
     1    0.02                           clk (net)
                  0.10    0.00    0.06 ^ clkbuf_0_clk/A (sky130_fd_sc_hd__clkbuf_16)
                  0.10    0.18    0.24 ^ clkbuf_0_clk/X (sky130_fd_sc_hd__clkbuf_16)
     8    0.08                           clknet_0_clk (net)
                  0.10    0.00    0.25 ^ clkbuf_3_0__f_clk/A (sky130_fd_sc_hd__clkbuf_16)
                  0.06    0.15    0.40 ^ clkbuf_3_0__f_clk/X (sky130_fd_sc_hd__clkbuf_16)
    12    0.04                           clknet_3_0__leaf_clk (net)
                  0.06    0.00    0.40 ^ _485_/CLK (sky130_fd_sc_hd__dfrtp_4)
                  0.11    0.44    0.84 ^ _485_/Q (sky130_fd_sc_hd__dfrtp_4)
     7    0.03                           u_am0.i_index[1] (net)
                  0.11    0.00    0.84 ^ _314_/A1 (sky130_fd_sc_hd__mux2_1)
                  0.04    0.13    0.97 ^ _314_/X (sky130_fd_sc_hd__mux2_1)
     1    0.00                           _149_ (net)
                  0.04    0.00    0.97 ^ _315_/A (sky130_fd_sc_hd__clkbuf_1)
                  0.04    0.07    1.04 ^ _315_/X (sky130_fd_sc_hd__clkbuf_1)
     1    0.00                           _019_ (net)
                  0.04    0.00    1.04 ^ _439_/D (sky130_fd_sc_hd__dfrtp_1)
                                  1.04   data arrival time

                          0.00    0.00   clock clk (rise edge)
                          0.00    0.00   clock source latency
                  0.10    0.07    0.07 ^ clk (in)
     1    0.02                           clk (net)
                  0.10    0.00    0.07 ^ clkbuf_0_clk/A (sky130_fd_sc_hd__clkbuf_16)
                  0.10    0.20    0.27 ^ clkbuf_0_clk/X (sky130_fd_sc_hd__clkbuf_16)
     8    0.08                           clknet_0_clk (net)
                  0.10    0.00    0.27 ^ clkbuf_3_0__f_clk/A (sky130_fd_sc_hd__clkbuf_16)
                  0.06    0.17    0.44 ^ clkbuf_3_0__f_clk/X (sky130_fd_sc_hd__clkbuf_16)
    12    0.04                           clknet_3_0__leaf_clk (net)
                  0.06    0.00    0.44 ^ _439_/CLK (sky130_fd_sc_hd__dfrtp_1)
                          0.25    0.69   clock uncertainty
                         -0.04    0.65   clock reconvergence pessimism
                         -0.03    0.62   library hold time
                                  0.62   data required time
-----------------------------------------------------------------------------
                                  0.62   data required time
                                 -1.04   data arrival time
-----------------------------------------------------------------------------
                                  0.42   slack (MET)


Startpoint: _485_ (rising edge-triggered flip-flop clocked by clk)
Endpoint: _445_ (rising edge-triggered flip-flop clocked by clk)
Path Group: clk
Path Type: min

Fanout     Cap    Slew   Delay    Time   Description
-----------------------------------------------------------------------------
                          0.00    0.00   clock clk (rise edge)
                          0.00    0.00   clock source latency
                  0.10    0.06    0.06 ^ clk (in)
     1    0.02                           clk (net)
                  0.10    0.00    0.06 ^ clkbuf_0_clk/A (sky130_fd_sc_hd__clkbuf_16)
                  0.10    0.18    0.24 ^ clkbuf_0_clk/X (sky130_fd_sc_hd__clkbuf_16)
     8    0.08                           clknet_0_clk (net)
                  0.10    0.00    0.25 ^ clkbuf_3_0__f_clk/A (sky130_fd_sc_hd__clkbuf_16)
                  0.06    0.15    0.40 ^ clkbuf_3_0__f_clk/X (sky130_fd_sc_hd__clkbuf_16)
    12    0.04                           clknet_3_0__leaf_clk (net)
                  0.06    0.00    0.40 ^ _485_/CLK (sky130_fd_sc_hd__dfrtp_4)
                  0.11    0.44    0.84 ^ _485_/Q (sky130_fd_sc_hd__dfrtp_4)
     7    0.03                           u_am0.i_index[1] (net)
                  0.11    0.00    0.84 ^ _331_/A1 (sky130_fd_sc_hd__mux2_1)
                  0.05    0.14    0.98 ^ _331_/X (sky130_fd_sc_hd__mux2_1)
     1    0.00                           _160_ (net)
                  0.05    0.00    0.98 ^ _332_/A (sky130_fd_sc_hd__clkbuf_1)
                  0.04    0.07    1.05 ^ _332_/X (sky130_fd_sc_hd__clkbuf_1)
     1    0.00                           _025_ (net)
                  0.04    0.00    1.05 ^ _445_/D (sky130_fd_sc_hd__dfrtp_1)
                                  1.05   data arrival time

                          0.00    0.00   clock clk (rise edge)
                          0.00    0.00   clock source latency
                  0.10    0.07    0.07 ^ clk (in)
     1    0.02                           clk (net)
                  0.10    0.00    0.07 ^ clkbuf_0_clk/A (sky130_fd_sc_hd__clkbuf_16)
                  0.10    0.20    0.27 ^ clkbuf_0_clk/X (sky130_fd_sc_hd__clkbuf_16)
     8    0.08                           clknet_0_clk (net)
                  0.10    0.00    0.27 ^ clkbuf_3_3__f_clk/A (sky130_fd_sc_hd__clkbuf_16)
                  0.05    0.16    0.43 ^ clkbuf_3_3__f_clk/X (sky130_fd_sc_hd__clkbuf_16)
    10    0.03                           clknet_3_3__leaf_clk (net)
                  0.05    0.00    0.43 ^ _445_/CLK (sky130_fd_sc_hd__dfrtp_1)
                          0.25    0.68   clock uncertainty
                         -0.03    0.66   clock reconvergence pessimism
                         -0.03    0.63   library hold time
                                  0.63   data required time
-----------------------------------------------------------------------------
                                  0.63   data required time
                                 -1.05   data arrival time
-----------------------------------------------------------------------------
                                  0.42   slack (MET)


Startpoint: _485_ (rising edge-triggered flip-flop clocked by clk)
Endpoint: _451_ (rising edge-triggered flip-flop clocked by clk)
Path Group: clk
Path Type: min

Fanout     Cap    Slew   Delay    Time   Description
-----------------------------------------------------------------------------
                          0.00    0.00   clock clk (rise edge)
                          0.00    0.00   clock source latency
                  0.10    0.06    0.06 ^ clk (in)
     1    0.02                           clk (net)
                  0.10    0.00    0.06 ^ clkbuf_0_clk/A (sky130_fd_sc_hd__clkbuf_16)
                  0.10    0.18    0.24 ^ clkbuf_0_clk/X (sky130_fd_sc_hd__clkbuf_16)
     8    0.08                           clknet_0_clk (net)
                  0.10    0.00    0.25 ^ clkbuf_3_0__f_clk/A (sky130_fd_sc_hd__clkbuf_16)
                  0.06    0.15    0.40 ^ clkbuf_3_0__f_clk/X (sky130_fd_sc_hd__clkbuf_16)
    12    0.04                           clknet_3_0__leaf_clk (net)
                  0.06    0.00    0.40 ^ _485_/CLK (sky130_fd_sc_hd__dfrtp_4)
                  0.11    0.44    0.84 ^ _485_/Q (sky130_fd_sc_hd__dfrtp_4)
     7    0.03                           u_am0.i_index[1] (net)
                  0.11    0.00    0.84 ^ _342_/A1 (sky130_fd_sc_hd__mux2_1)
                  0.04    0.13    0.97 ^ _342_/X (sky130_fd_sc_hd__mux2_1)
     1    0.00                           _165_ (net)
                  0.04    0.00    0.97 ^ _343_/A (sky130_fd_sc_hd__clkbuf_1)
                  0.04    0.08    1.05 ^ _343_/X (sky130_fd_sc_hd__clkbuf_1)
     1    0.00                           _031_ (net)
                  0.04    0.00    1.05 ^ _451_/D (sky130_fd_sc_hd__dfrtp_1)
                                  1.05   data arrival time

                          0.00    0.00   clock clk (rise edge)
                          0.00    0.00   clock source latency
                  0.10    0.07    0.07 ^ clk (in)
     1    0.02                           clk (net)
                  0.10    0.00    0.07 ^ clkbuf_0_clk/A (sky130_fd_sc_hd__clkbuf_16)
                  0.10    0.20    0.27 ^ clkbuf_0_clk/X (sky130_fd_sc_hd__clkbuf_16)
     8    0.08                           clknet_0_clk (net)
                  0.10    0.00    0.27 ^ clkbuf_3_2__f_clk/A (sky130_fd_sc_hd__clkbuf_16)
                  0.05    0.16    0.43 ^ clkbuf_3_2__f_clk/X (sky130_fd_sc_hd__clkbuf_16)
    10    0.03                           clknet_3_2__leaf_clk (net)
                  0.05    0.00    0.43 ^ _451_/CLK (sky130_fd_sc_hd__dfrtp_1)
                          0.25    0.68   clock uncertainty
                         -0.03    0.66   clock reconvergence pessimism
                         -0.03    0.63   library hold time
                                  0.63   data required time
-----------------------------------------------------------------------------
                                  0.63   data required time
                                 -1.05   data arrival time
-----------------------------------------------------------------------------
                                  0.42   slack (MET)


Startpoint: _485_ (rising edge-triggered flip-flop clocked by clk)
Endpoint: _433_ (rising edge-triggered flip-flop clocked by clk)
Path Group: clk
Path Type: min

Fanout     Cap    Slew   Delay    Time   Description
-----------------------------------------------------------------------------
                          0.00    0.00   clock clk (rise edge)
                          0.00    0.00   clock source latency
                  0.10    0.06    0.06 ^ clk (in)
     1    0.02                           clk (net)
                  0.10    0.00    0.06 ^ clkbuf_0_clk/A (sky130_fd_sc_hd__clkbuf_16)
                  0.10    0.18    0.24 ^ clkbuf_0_clk/X (sky130_fd_sc_hd__clkbuf_16)
     8    0.08                           clknet_0_clk (net)
                  0.10    0.00    0.25 ^ clkbuf_3_0__f_clk/A (sky130_fd_sc_hd__clkbuf_16)
                  0.06    0.15    0.40 ^ clkbuf_3_0__f_clk/X (sky130_fd_sc_hd__clkbuf_16)
    12    0.04                           clknet_3_0__leaf_clk (net)
                  0.06    0.00    0.40 ^ _485_/CLK (sky130_fd_sc_hd__dfrtp_4)
                  0.11    0.44    0.84 ^ _485_/Q (sky130_fd_sc_hd__dfrtp_4)
     7    0.03                           u_am0.i_index[1] (net)
                  0.11    0.00    0.84 ^ _297_/A1 (sky130_fd_sc_hd__mux2_1)
                  0.04    0.13    0.97 ^ _297_/X (sky130_fd_sc_hd__mux2_1)
     1    0.00                           _138_ (net)
                  0.04    0.00    0.97 ^ _298_/A (sky130_fd_sc_hd__clkbuf_1)
                  0.04    0.07    1.04 ^ _298_/X (sky130_fd_sc_hd__clkbuf_1)
     1    0.00                           _013_ (net)
                  0.04    0.00    1.04 ^ _433_/D (sky130_fd_sc_hd__dfrtp_1)
                                  1.04   data arrival time

                          0.00    0.00   clock clk (rise edge)
                          0.00    0.00   clock source latency
                  0.10    0.07    0.07 ^ clk (in)
     1    0.02                           clk (net)
                  0.10    0.00    0.07 ^ clkbuf_0_clk/A (sky130_fd_sc_hd__clkbuf_16)
                  0.10    0.20    0.27 ^ clkbuf_0_clk/X (sky130_fd_sc_hd__clkbuf_16)
     8    0.08                           clknet_0_clk (net)
                  0.10    0.00    0.27 ^ clkbuf_3_1__f_clk/A (sky130_fd_sc_hd__clkbuf_16)
                  0.04    0.15    0.43 ^ clkbuf_3_1__f_clk/X (sky130_fd_sc_hd__clkbuf_16)
     7    0.02                           clknet_3_1__leaf_clk (net)
                  0.04    0.00    0.43 ^ _433_/CLK (sky130_fd_sc_hd__dfrtp_1)
                          0.25    0.68   clock uncertainty
                         -0.03    0.65   clock reconvergence pessimism
                         -0.03    0.62   library hold time
                                  0.62   data required time
-----------------------------------------------------------------------------
                                  0.62   data required time
                                 -1.04   data arrival time
-----------------------------------------------------------------------------
                                  0.43   slack (MET)


Startpoint: _484_ (rising edge-triggered flip-flop clocked by clk)
Endpoint: _450_ (rising edge-triggered flip-flop clocked by clk)
Path Group: clk
Path Type: min

Fanout     Cap    Slew   Delay    Time   Description
-----------------------------------------------------------------------------
                          0.00    0.00   clock clk (rise edge)
                          0.00    0.00   clock source latency
                  0.10    0.06    0.06 ^ clk (in)
     1    0.02                           clk (net)
                  0.10    0.00    0.06 ^ clkbuf_0_clk/A (sky130_fd_sc_hd__clkbuf_16)
                  0.10    0.18    0.24 ^ clkbuf_0_clk/X (sky130_fd_sc_hd__clkbuf_16)
     8    0.08                           clknet_0_clk (net)
                  0.10    0.00    0.25 ^ clkbuf_3_0__f_clk/A (sky130_fd_sc_hd__clkbuf_16)
                  0.06    0.15    0.40 ^ clkbuf_3_0__f_clk/X (sky130_fd_sc_hd__clkbuf_16)
    12    0.04                           clknet_3_0__leaf_clk (net)
                  0.06    0.00    0.40 ^ _484_/CLK (sky130_fd_sc_hd__dfrtp_4)
                  0.12    0.44    0.84 ^ _484_/Q (sky130_fd_sc_hd__dfrtp_4)
     8    0.03                           u_am0.i_index[0] (net)
                  0.12    0.00    0.85 ^ _340_/A1 (sky130_fd_sc_hd__mux2_1)
                  0.04    0.14    0.98 ^ _340_/X (sky130_fd_sc_hd__mux2_1)
     1    0.00                           _164_ (net)
                  0.04    0.00    0.98 ^ _341_/A (sky130_fd_sc_hd__clkbuf_1)
                  0.04    0.07    1.06 ^ _341_/X (sky130_fd_sc_hd__clkbuf_1)
     1    0.00                           _030_ (net)
                  0.04    0.00    1.06 ^ _450_/D (sky130_fd_sc_hd__dfrtp_1)
                                  1.06   data arrival time

                          0.00    0.00   clock clk (rise edge)
                          0.00    0.00   clock source latency
                  0.10    0.07    0.07 ^ clk (in)
     1    0.02                           clk (net)
                  0.10    0.00    0.07 ^ clkbuf_0_clk/A (sky130_fd_sc_hd__clkbuf_16)
                  0.10    0.20    0.27 ^ clkbuf_0_clk/X (sky130_fd_sc_hd__clkbuf_16)
     8    0.08                           clknet_0_clk (net)
                  0.10    0.00    0.27 ^ clkbuf_3_3__f_clk/A (sky130_fd_sc_hd__clkbuf_16)
                  0.05    0.16    0.43 ^ clkbuf_3_3__f_clk/X (sky130_fd_sc_hd__clkbuf_16)
    10    0.03                           clknet_3_3__leaf_clk (net)
                  0.05    0.00    0.44 ^ _450_/CLK (sky130_fd_sc_hd__dfrtp_1)
                          0.25    0.69   clock uncertainty
                         -0.03    0.66   clock reconvergence pessimism
                         -0.03    0.63   library hold time
                                  0.63   data required time
-----------------------------------------------------------------------------
                                  0.63   data required time
                                 -1.06   data arrival time
-----------------------------------------------------------------------------
                                  0.43   slack (MET)


Startpoint: _484_ (rising edge-triggered flip-flop clocked by clk)
Endpoint: _432_ (rising edge-triggered flip-flop clocked by clk)
Path Group: clk
Path Type: min

Fanout     Cap    Slew   Delay    Time   Description
-----------------------------------------------------------------------------
                          0.00    0.00   clock clk (rise edge)
                          0.00    0.00   clock source latency
                  0.10    0.06    0.06 ^ clk (in)
     1    0.02                           clk (net)
                  0.10    0.00    0.06 ^ clkbuf_0_clk/A (sky130_fd_sc_hd__clkbuf_16)
                  0.10    0.18    0.24 ^ clkbuf_0_clk/X (sky130_fd_sc_hd__clkbuf_16)
     8    0.08                           clknet_0_clk (net)
                  0.10    0.00    0.25 ^ clkbuf_3_0__f_clk/A (sky130_fd_sc_hd__clkbuf_16)
                  0.06    0.15    0.40 ^ clkbuf_3_0__f_clk/X (sky130_fd_sc_hd__clkbuf_16)
    12    0.04                           clknet_3_0__leaf_clk (net)
                  0.06    0.00    0.40 ^ _484_/CLK (sky130_fd_sc_hd__dfrtp_4)
                  0.12    0.44    0.84 ^ _484_/Q (sky130_fd_sc_hd__dfrtp_4)
     8    0.03                           u_am0.i_index[0] (net)
                  0.12    0.00    0.84 ^ _295_/A1 (sky130_fd_sc_hd__mux2_1)
                  0.04    0.13    0.98 ^ _295_/X (sky130_fd_sc_hd__mux2_1)
     1    0.00                           _137_ (net)
                  0.04    0.00    0.98 ^ _296_/A (sky130_fd_sc_hd__clkbuf_1)
                  0.04    0.07    1.05 ^ _296_/X (sky130_fd_sc_hd__clkbuf_1)
     1    0.00                           _012_ (net)
                  0.04    0.00    1.05 ^ _432_/D (sky130_fd_sc_hd__dfrtp_1)
                                  1.05   data arrival time

                          0.00    0.00   clock clk (rise edge)
                          0.00    0.00   clock source latency
                  0.10    0.07    0.07 ^ clk (in)
     1    0.02                           clk (net)
                  0.10    0.00    0.07 ^ clkbuf_0_clk/A (sky130_fd_sc_hd__clkbuf_16)
                  0.10    0.20    0.27 ^ clkbuf_0_clk/X (sky130_fd_sc_hd__clkbuf_16)
     8    0.08                           clknet_0_clk (net)
                  0.10    0.00    0.27 ^ clkbuf_3_1__f_clk/A (sky130_fd_sc_hd__clkbuf_16)
                  0.04    0.15    0.43 ^ clkbuf_3_1__f_clk/X (sky130_fd_sc_hd__clkbuf_16)
     7    0.02                           clknet_3_1__leaf_clk (net)
                  0.04    0.00    0.43 ^ _432_/CLK (sky130_fd_sc_hd__dfrtp_1)
                          0.25    0.68   clock uncertainty
                         -0.03    0.65   clock reconvergence pessimism
                         -0.03    0.62   library hold time
                                  0.62   data required time
-----------------------------------------------------------------------------
                                  0.62   data required time
                                 -1.05   data arrival time
-----------------------------------------------------------------------------
                                  0.43   slack (MET)


Startpoint: _476_ (rising edge-triggered flip-flop clocked by clk)
Endpoint: _476_ (rising edge-triggered flip-flop clocked by clk)
Path Group: clk
Path Type: min

Fanout     Cap    Slew   Delay    Time   Description
-----------------------------------------------------------------------------
                          0.00    0.00   clock clk (rise edge)
                          0.00    0.00   clock source latency
                  0.10    0.06    0.06 ^ clk (in)
     1    0.02                           clk (net)
                  0.10    0.00    0.06 ^ clkbuf_0_clk/A (sky130_fd_sc_hd__clkbuf_16)
                  0.10    0.18    0.24 ^ clkbuf_0_clk/X (sky130_fd_sc_hd__clkbuf_16)
     8    0.08                           clknet_0_clk (net)
                  0.10    0.00    0.25 ^ clkbuf_3_7__f_clk/A (sky130_fd_sc_hd__clkbuf_16)
                  0.04    0.14    0.38 ^ clkbuf_3_7__f_clk/X (sky130_fd_sc_hd__clkbuf_16)
     7    0.02                           clknet_3_7__leaf_clk (net)
                  0.04    0.00    0.38 ^ _476_/CLK (sky130_fd_sc_hd__dfrtp_1)
                  0.04    0.29    0.68 ^ _476_/Q (sky130_fd_sc_hd__dfrtp_1)
     1    0.00                           u_sort.bucket_counter[1] (net)
                  0.04    0.00    0.68 ^ _218_/A (sky130_fd_sc_hd__clkbuf_4)
                  0.14    0.20    0.87 ^ _218_/X (sky130_fd_sc_hd__clkbuf_4)
    10    0.05                           _071_ (net)
                  0.14    0.00    0.87 ^ _400_/A1 (sky130_fd_sc_hd__o211a_1)
                  0.04    0.16    1.03 ^ _400_/X (sky130_fd_sc_hd__o211a_1)
     1    0.00                           _055_ (net)
                  0.04    0.00    1.03 ^ _476_/D (sky130_fd_sc_hd__dfrtp_1)
                                  1.03   data arrival time

                          0.00    0.00   clock clk (rise edge)
                          0.00    0.00   clock source latency
                  0.10    0.07    0.07 ^ clk (in)
     1    0.02                           clk (net)
                  0.10    0.00    0.07 ^ clkbuf_0_clk/A (sky130_fd_sc_hd__clkbuf_16)
                  0.10    0.20    0.27 ^ clkbuf_0_clk/X (sky130_fd_sc_hd__clkbuf_16)
     8    0.08                           clknet_0_clk (net)
                  0.10    0.00    0.27 ^ clkbuf_3_7__f_clk/A (sky130_fd_sc_hd__clkbuf_16)
                  0.04    0.15    0.42 ^ clkbuf_3_7__f_clk/X (sky130_fd_sc_hd__clkbuf_16)
     7    0.02                           clknet_3_7__leaf_clk (net)
                  0.04    0.00    0.42 ^ _476_/CLK (sky130_fd_sc_hd__dfrtp_1)
                          0.25    0.67   clock uncertainty
                         -0.04    0.63   clock reconvergence pessimism
                         -0.03    0.60   library hold time
                                  0.60   data required time
-----------------------------------------------------------------------------
                                  0.60   data required time
                                 -1.03   data arrival time
-----------------------------------------------------------------------------
                                  0.43   slack (MET)


Startpoint: _484_ (rising edge-triggered flip-flop clocked by clk)
Endpoint: _444_ (rising edge-triggered flip-flop clocked by clk)
Path Group: clk
Path Type: min

Fanout     Cap    Slew   Delay    Time   Description
-----------------------------------------------------------------------------
                          0.00    0.00   clock clk (rise edge)
                          0.00    0.00   clock source latency
                  0.10    0.06    0.06 ^ clk (in)
     1    0.02                           clk (net)
                  0.10    0.00    0.06 ^ clkbuf_0_clk/A (sky130_fd_sc_hd__clkbuf_16)
                  0.10    0.18    0.24 ^ clkbuf_0_clk/X (sky130_fd_sc_hd__clkbuf_16)
     8    0.08                           clknet_0_clk (net)
                  0.10    0.00    0.25 ^ clkbuf_3_0__f_clk/A (sky130_fd_sc_hd__clkbuf_16)
                  0.06    0.15    0.40 ^ clkbuf_3_0__f_clk/X (sky130_fd_sc_hd__clkbuf_16)
    12    0.04                           clknet_3_0__leaf_clk (net)
                  0.06    0.00    0.40 ^ _484_/CLK (sky130_fd_sc_hd__dfrtp_4)
                  0.12    0.44    0.84 ^ _484_/Q (sky130_fd_sc_hd__dfrtp_4)
     8    0.03                           u_am0.i_index[0] (net)
                  0.12    0.00    0.84 ^ _329_/A1 (sky130_fd_sc_hd__mux2_1)
                  0.04    0.13    0.98 ^ _329_/X (sky130_fd_sc_hd__mux2_1)
     1    0.00                           _159_ (net)
                  0.04    0.00    0.98 ^ _330_/A (sky130_fd_sc_hd__clkbuf_1)
                  0.04    0.07    1.05 ^ _330_/X (sky130_fd_sc_hd__clkbuf_1)
     1    0.00                           _024_ (net)
                  0.04    0.00    1.05 ^ _444_/D (sky130_fd_sc_hd__dfrtp_1)
                                  1.05   data arrival time

                          0.00    0.00   clock clk (rise edge)
                          0.00    0.00   clock source latency
                  0.10    0.07    0.07 ^ clk (in)
     1    0.02                           clk (net)
                  0.10    0.00    0.07 ^ clkbuf_0_clk/A (sky130_fd_sc_hd__clkbuf_16)
                  0.10    0.20    0.27 ^ clkbuf_0_clk/X (sky130_fd_sc_hd__clkbuf_16)
     8    0.08                           clknet_0_clk (net)
                  0.10    0.00    0.27 ^ clkbuf_3_0__f_clk/A (sky130_fd_sc_hd__clkbuf_16)
                  0.06    0.17    0.44 ^ clkbuf_3_0__f_clk/X (sky130_fd_sc_hd__clkbuf_16)
    12    0.04                           clknet_3_0__leaf_clk (net)
                  0.06    0.00    0.44 ^ _444_/CLK (sky130_fd_sc_hd__dfrtp_1)
                          0.25    0.69   clock uncertainty
                         -0.04    0.65   clock reconvergence pessimism
                         -0.03    0.62   library hold time
                                  0.62   data required time
-----------------------------------------------------------------------------
                                  0.62   data required time
                                 -1.05   data arrival time
-----------------------------------------------------------------------------
                                  0.43   slack (MET)


Startpoint: _485_ (rising edge-triggered flip-flop clocked by clk)
Endpoint: _424_ (rising edge-triggered flip-flop clocked by clk)
Path Group: clk
Path Type: min

Fanout     Cap    Slew   Delay    Time   Description
-----------------------------------------------------------------------------
                          0.00    0.00   clock clk (rise edge)
                          0.00    0.00   clock source latency
                  0.10    0.06    0.06 ^ clk (in)
     1    0.02                           clk (net)
                  0.10    0.00    0.06 ^ clkbuf_0_clk/A (sky130_fd_sc_hd__clkbuf_16)
                  0.10    0.18    0.24 ^ clkbuf_0_clk/X (sky130_fd_sc_hd__clkbuf_16)
     8    0.08                           clknet_0_clk (net)
                  0.10    0.00    0.25 ^ clkbuf_3_0__f_clk/A (sky130_fd_sc_hd__clkbuf_16)
                  0.06    0.15    0.40 ^ clkbuf_3_0__f_clk/X (sky130_fd_sc_hd__clkbuf_16)
    12    0.04                           clknet_3_0__leaf_clk (net)
                  0.06    0.00    0.40 ^ _485_/CLK (sky130_fd_sc_hd__dfrtp_4)
                  0.11    0.44    0.84 ^ _485_/Q (sky130_fd_sc_hd__dfrtp_4)
     7    0.03                           u_am0.i_index[1] (net)
                  0.11    0.00    0.84 ^ _269_/A1 (sky130_fd_sc_hd__mux2_1)
                  0.05    0.14    0.98 ^ _269_/X (sky130_fd_sc_hd__mux2_1)
     1    0.00                           _119_ (net)
                  0.05    0.00    0.98 ^ _270_/A (sky130_fd_sc_hd__clkbuf_1)
                  0.05    0.08    1.06 ^ _270_/X (sky130_fd_sc_hd__clkbuf_1)
     1    0.00                           _004_ (net)
                  0.05    0.00    1.06 ^ _424_/D (sky130_fd_sc_hd__dfrtp_1)
                                  1.06   data arrival time

                          0.00    0.00   clock clk (rise edge)
                          0.00    0.00   clock source latency
                  0.10    0.07    0.07 ^ clk (in)
     1    0.02                           clk (net)
                  0.10    0.00    0.07 ^ clkbuf_0_clk/A (sky130_fd_sc_hd__clkbuf_16)
                  0.10    0.20    0.27 ^ clkbuf_0_clk/X (sky130_fd_sc_hd__clkbuf_16)
     8    0.08                           clknet_0_clk (net)
                  0.10    0.00    0.27 ^ clkbuf_3_3__f_clk/A (sky130_fd_sc_hd__clkbuf_16)
                  0.05    0.16    0.43 ^ clkbuf_3_3__f_clk/X (sky130_fd_sc_hd__clkbuf_16)
    10    0.03                           clknet_3_3__leaf_clk (net)
                  0.05    0.00    0.44 ^ _424_/CLK (sky130_fd_sc_hd__dfrtp_1)
                          0.25    0.69   clock uncertainty
                         -0.03    0.66   clock reconvergence pessimism
                         -0.04    0.62   library hold time
                                  0.62   data required time
-----------------------------------------------------------------------------
                                  0.62   data required time
                                 -1.06   data arrival time
-----------------------------------------------------------------------------
                                  0.44   slack (MET)


Startpoint: _484_ (rising edge-triggered flip-flop clocked by clk)
Endpoint: _438_ (rising edge-triggered flip-flop clocked by clk)
Path Group: clk
Path Type: min

Fanout     Cap    Slew   Delay    Time   Description
-----------------------------------------------------------------------------
                          0.00    0.00   clock clk (rise edge)
                          0.00    0.00   clock source latency
                  0.10    0.06    0.06 ^ clk (in)
     1    0.02                           clk (net)
                  0.10    0.00    0.06 ^ clkbuf_0_clk/A (sky130_fd_sc_hd__clkbuf_16)
                  0.10    0.18    0.24 ^ clkbuf_0_clk/X (sky130_fd_sc_hd__clkbuf_16)
     8    0.08                           clknet_0_clk (net)
                  0.10    0.00    0.25 ^ clkbuf_3_0__f_clk/A (sky130_fd_sc_hd__clkbuf_16)
                  0.06    0.15    0.40 ^ clkbuf_3_0__f_clk/X (sky130_fd_sc_hd__clkbuf_16)
    12    0.04                           clknet_3_0__leaf_clk (net)
                  0.06    0.00    0.40 ^ _484_/CLK (sky130_fd_sc_hd__dfrtp_4)
                  0.12    0.44    0.84 ^ _484_/Q (sky130_fd_sc_hd__dfrtp_4)
     8    0.03                           u_am0.i_index[0] (net)
                  0.12    0.00    0.84 ^ _312_/A1 (sky130_fd_sc_hd__mux2_1)
                  0.04    0.14    0.98 ^ _312_/X (sky130_fd_sc_hd__mux2_1)
     1    0.00                           _148_ (net)
                  0.04    0.00    0.98 ^ _313_/A (sky130_fd_sc_hd__clkbuf_1)
                  0.04    0.07    1.06 ^ _313_/X (sky130_fd_sc_hd__clkbuf_1)
     1    0.00                           _018_ (net)
                  0.04    0.00    1.06 ^ _438_/D (sky130_fd_sc_hd__dfrtp_1)
                                  1.06   data arrival time

                          0.00    0.00   clock clk (rise edge)
                          0.00    0.00   clock source latency
                  0.10    0.07    0.07 ^ clk (in)
     1    0.02                           clk (net)
                  0.10    0.00    0.07 ^ clkbuf_0_clk/A (sky130_fd_sc_hd__clkbuf_16)
                  0.10    0.20    0.27 ^ clkbuf_0_clk/X (sky130_fd_sc_hd__clkbuf_16)
     8    0.08                           clknet_0_clk (net)
                  0.10    0.00    0.27 ^ clkbuf_3_1__f_clk/A (sky130_fd_sc_hd__clkbuf_16)
                  0.04    0.15    0.43 ^ clkbuf_3_1__f_clk/X (sky130_fd_sc_hd__clkbuf_16)
     7    0.02                           clknet_3_1__leaf_clk (net)
                  0.04    0.00    0.43 ^ _438_/CLK (sky130_fd_sc_hd__dfrtp_1)
                          0.25    0.68   clock uncertainty
                         -0.03    0.65   clock reconvergence pessimism
                         -0.03    0.62   library hold time
                                  0.62   data required time
-----------------------------------------------------------------------------
                                  0.62   data required time
                                 -1.06   data arrival time
-----------------------------------------------------------------------------
                                  0.44   slack (MET)


Startpoint: _486_ (rising edge-triggered flip-flop clocked by clk)
Endpoint: _422_ (rising edge-triggered flip-flop clocked by clk)
Path Group: clk
Path Type: min

Fanout     Cap    Slew   Delay    Time   Description
-----------------------------------------------------------------------------
                          0.00    0.00   clock clk (rise edge)
                          0.00    0.00   clock source latency
                  0.10    0.06    0.06 ^ clk (in)
     1    0.02                           clk (net)
                  0.10    0.00    0.06 ^ clkbuf_0_clk/A (sky130_fd_sc_hd__clkbuf_16)
                  0.10    0.18    0.24 ^ clkbuf_0_clk/X (sky130_fd_sc_hd__clkbuf_16)
     8    0.08                           clknet_0_clk (net)
                  0.10    0.00    0.25 ^ clkbuf_3_0__f_clk/A (sky130_fd_sc_hd__clkbuf_16)
                  0.06    0.15    0.40 ^ clkbuf_3_0__f_clk/X (sky130_fd_sc_hd__clkbuf_16)
    12    0.04                           clknet_3_0__leaf_clk (net)
                  0.06    0.00    0.40 ^ _486_/CLK (sky130_fd_sc_hd__dfrtp_4)
                  0.10    0.43    0.83 ^ _486_/Q (sky130_fd_sc_hd__dfrtp_4)
     7    0.02                           u_am0.i_index[2] (net)
                  0.10    0.00    0.83 ^ _213_/A (sky130_fd_sc_hd__and2_1)
                  0.04    0.12    0.95 ^ _213_/X (sky130_fd_sc_hd__and2_1)
     1    0.00                           _067_ (net)
                  0.04    0.00    0.95 ^ _214_/A (sky130_fd_sc_hd__clkbuf_1)
                  0.08    0.10    1.05 ^ _214_/X (sky130_fd_sc_hd__clkbuf_1)
     2    0.01                           _000_ (net)
                  0.08    0.00    1.05 ^ _422_/D (sky130_fd_sc_hd__dfrtp_1)
                                  1.05   data arrival time

                          0.00    0.00   clock clk (rise edge)
                          0.00    0.00   clock source latency
                  0.10    0.07    0.07 ^ clk (in)
     1    0.02                           clk (net)
                  0.10    0.00    0.07 ^ clkbuf_0_clk/A (sky130_fd_sc_hd__clkbuf_16)
                  0.10    0.20    0.27 ^ clkbuf_0_clk/X (sky130_fd_sc_hd__clkbuf_16)
     8    0.08                           clknet_0_clk (net)
                  0.10    0.00    0.27 ^ clkbuf_3_0__f_clk/A (sky130_fd_sc_hd__clkbuf_16)
                  0.06    0.17    0.44 ^ clkbuf_3_0__f_clk/X (sky130_fd_sc_hd__clkbuf_16)
    12    0.04                           clknet_3_0__leaf_clk (net)
                  0.06    0.00    0.44 ^ _422_/CLK (sky130_fd_sc_hd__dfrtp_1)
                          0.25    0.69   clock uncertainty
                         -0.04    0.65   clock reconvergence pessimism
                         -0.04    0.61   library hold time
                                  0.61   data required time
-----------------------------------------------------------------------------
                                  0.61   data required time
                                 -1.05   data arrival time
-----------------------------------------------------------------------------
                                  0.44   slack (MET)


Startpoint: _482_ (rising edge-triggered flip-flop clocked by clk)
Endpoint: _482_ (rising edge-triggered flip-flop clocked by clk)
Path Group: clk
Path Type: min

Fanout     Cap    Slew   Delay    Time   Description
-----------------------------------------------------------------------------
                          0.00    0.00   clock clk (rise edge)
                          0.00    0.00   clock source latency
                  0.10    0.06    0.06 ^ clk (in)
     1    0.02                           clk (net)
                  0.10    0.00    0.06 ^ clkbuf_0_clk/A (sky130_fd_sc_hd__clkbuf_16)
                  0.10    0.18    0.24 ^ clkbuf_0_clk/X (sky130_fd_sc_hd__clkbuf_16)
     8    0.08                           clknet_0_clk (net)
                  0.10    0.00    0.25 ^ clkbuf_3_6__f_clk/A (sky130_fd_sc_hd__clkbuf_16)
                  0.04    0.14    0.38 ^ clkbuf_3_6__f_clk/X (sky130_fd_sc_hd__clkbuf_16)
     6    0.02                           clknet_3_6__leaf_clk (net)
                  0.04    0.00    0.38 ^ _482_/CLK (sky130_fd_sc_hd__dfrtp_1)
                  0.12    0.36    0.74 ^ _482_/Q (sky130_fd_sc_hd__dfrtp_1)
     3    0.01                           u_sort.valid_reg[3] (net)
                  0.12    0.00    0.74 ^ _411_/B1 (sky130_fd_sc_hd__o31a_1)
                  0.04    0.13    0.88 ^ _411_/X (sky130_fd_sc_hd__o31a_1)
     1    0.00                           _205_ (net)
                  0.04    0.00    0.88 ^ _412_/B (sky130_fd_sc_hd__or2_1)
                  0.04    0.08    0.96 ^ _412_/X (sky130_fd_sc_hd__or2_1)
     1    0.00                           _206_ (net)
                  0.04    0.00    0.96 ^ _413_/A (sky130_fd_sc_hd__clkbuf_1)
                  0.05    0.08    1.04 ^ _413_/X (sky130_fd_sc_hd__clkbuf_1)
     1    0.00                           _060_ (net)
                  0.05    0.00    1.04 ^ _482_/D (sky130_fd_sc_hd__dfrtp_1)
                                  1.04   data arrival time

                          0.00    0.00   clock clk (rise edge)
                          0.00    0.00   clock source latency
                  0.10    0.07    0.07 ^ clk (in)
     1    0.02                           clk (net)
                  0.10    0.00    0.07 ^ clkbuf_0_clk/A (sky130_fd_sc_hd__clkbuf_16)
                  0.10    0.20    0.27 ^ clkbuf_0_clk/X (sky130_fd_sc_hd__clkbuf_16)
     8    0.08                           clknet_0_clk (net)
                  0.10    0.00    0.27 ^ clkbuf_3_6__f_clk/A (sky130_fd_sc_hd__clkbuf_16)
                  0.04    0.15    0.42 ^ clkbuf_3_6__f_clk/X (sky130_fd_sc_hd__clkbuf_16)
     6    0.02                           clknet_3_6__leaf_clk (net)
                  0.04    0.00    0.42 ^ _482_/CLK (sky130_fd_sc_hd__dfrtp_1)
                          0.25    0.67   clock uncertainty
                         -0.04    0.63   clock reconvergence pessimism
                         -0.04    0.60   library hold time
                                  0.60   data required time
-----------------------------------------------------------------------------
                                  0.60   data required time
                                 -1.04   data arrival time
-----------------------------------------------------------------------------
                                  0.44   slack (MET)


Startpoint: _477_ (rising edge-triggered flip-flop clocked by clk)
Endpoint: _470_ (rising edge-triggered flip-flop clocked by clk)
Path Group: clk
Path Type: min

Fanout     Cap    Slew   Delay    Time   Description
-----------------------------------------------------------------------------
                          0.00    0.00   clock clk (rise edge)
                          0.00    0.00   clock source latency
                  0.10    0.06    0.06 ^ clk (in)
     1    0.02                           clk (net)
                  0.10    0.00    0.06 ^ clkbuf_0_clk/A (sky130_fd_sc_hd__clkbuf_16)
                  0.10    0.18    0.24 ^ clkbuf_0_clk/X (sky130_fd_sc_hd__clkbuf_16)
     8    0.08                           clknet_0_clk (net)
                  0.10    0.00    0.25 ^ clkbuf_3_7__f_clk/A (sky130_fd_sc_hd__clkbuf_16)
                  0.04    0.14    0.38 ^ clkbuf_3_7__f_clk/X (sky130_fd_sc_hd__clkbuf_16)
     7    0.02                           clknet_3_7__leaf_clk (net)
                  0.04    0.00    0.38 ^ _477_/CLK (sky130_fd_sc_hd__dfrtp_1)
                  0.04    0.30    0.68 ^ _477_/Q (sky130_fd_sc_hd__dfrtp_1)
     1    0.00                           u_sort.bucket_counter[2] (net)
                  0.04    0.00    0.68 ^ _221_/A (sky130_fd_sc_hd__clkbuf_4)
                  0.13    0.19    0.87 ^ _221_/X (sky130_fd_sc_hd__clkbuf_4)
     9    0.04                           _074_ (net)
                  0.13    0.00    0.87 ^ _380_/A1 (sky130_fd_sc_hd__mux2_1)
                  0.04    0.14    1.01 ^ _380_/X (sky130_fd_sc_hd__mux2_1)
     1    0.00                           _184_ (net)
                  0.04    0.00    1.01 ^ _381_/A (sky130_fd_sc_hd__clkbuf_1)
                  0.04    0.07    1.08 ^ _381_/X (sky130_fd_sc_hd__clkbuf_1)
     1    0.00                           _050_ (net)
                  0.04    0.00    1.08 ^ _470_/D (sky130_fd_sc_hd__dfrtp_1)
                                  1.08   data arrival time

                          0.00    0.00   clock clk (rise edge)
                          0.00    0.00   clock source latency
                  0.10    0.07    0.07 ^ clk (in)
     1    0.02                           clk (net)
                  0.10    0.00    0.07 ^ clkbuf_0_clk/A (sky130_fd_sc_hd__clkbuf_16)
                  0.10    0.20    0.27 ^ clkbuf_0_clk/X (sky130_fd_sc_hd__clkbuf_16)
     8    0.08                           clknet_0_clk (net)
                  0.10    0.00    0.27 ^ clkbuf_3_7__f_clk/A (sky130_fd_sc_hd__clkbuf_16)
                  0.04    0.15    0.42 ^ clkbuf_3_7__f_clk/X (sky130_fd_sc_hd__clkbuf_16)
     7    0.02                           clknet_3_7__leaf_clk (net)
                  0.04    0.00    0.42 ^ _470_/CLK (sky130_fd_sc_hd__dfrtp_1)
                          0.25    0.67   clock uncertainty
                         -0.04    0.63   clock reconvergence pessimism
                         -0.03    0.60   library hold time
                                  0.60   data required time
-----------------------------------------------------------------------------
                                  0.60   data required time
                                 -1.08   data arrival time
-----------------------------------------------------------------------------
                                  0.48   slack (MET)


Startpoint: _486_ (rising edge-triggered flip-flop clocked by clk)
Endpoint: _486_ (rising edge-triggered flip-flop clocked by clk)
Path Group: clk
Path Type: min

Fanout     Cap    Slew   Delay    Time   Description
-----------------------------------------------------------------------------
                          0.00    0.00   clock clk (rise edge)
                          0.00    0.00   clock source latency
                  0.10    0.06    0.06 ^ clk (in)
     1    0.02                           clk (net)
                  0.10    0.00    0.06 ^ clkbuf_0_clk/A (sky130_fd_sc_hd__clkbuf_16)
                  0.10    0.18    0.24 ^ clkbuf_0_clk/X (sky130_fd_sc_hd__clkbuf_16)
     8    0.08                           clknet_0_clk (net)
                  0.10    0.00    0.25 ^ clkbuf_3_0__f_clk/A (sky130_fd_sc_hd__clkbuf_16)
                  0.06    0.15    0.40 ^ clkbuf_3_0__f_clk/X (sky130_fd_sc_hd__clkbuf_16)
    12    0.04                           clknet_3_0__leaf_clk (net)
                  0.06    0.00    0.40 ^ _486_/CLK (sky130_fd_sc_hd__dfrtp_4)
                  0.10    0.43    0.83 ^ _486_/Q (sky130_fd_sc_hd__dfrtp_4)
     7    0.02                           u_am0.i_index[2] (net)
                  0.10    0.00    0.83 ^ _213_/A (sky130_fd_sc_hd__and2_1)
                  0.04    0.12    0.95 ^ _213_/X (sky130_fd_sc_hd__and2_1)
     1    0.00                           _067_ (net)
                  0.04    0.00    0.95 ^ _214_/A (sky130_fd_sc_hd__clkbuf_1)
                  0.08    0.10    1.05 ^ _214_/X (sky130_fd_sc_hd__clkbuf_1)
     2    0.01                           _000_ (net)
                  0.08    0.00    1.05 ^ _421_/A (sky130_fd_sc_hd__nor2_1)
                  0.03    0.05    1.10 v _421_/Y (sky130_fd_sc_hd__nor2_1)
     1    0.00                           _064_ (net)
                  0.03    0.00    1.10 v _486_/D (sky130_fd_sc_hd__dfrtp_4)
                                  1.10   data arrival time

                          0.00    0.00   clock clk (rise edge)
                          0.00    0.00   clock source latency
                  0.10    0.07    0.07 ^ clk (in)
     1    0.02                           clk (net)
                  0.10    0.00    0.07 ^ clkbuf_0_clk/A (sky130_fd_sc_hd__clkbuf_16)
                  0.10    0.20    0.27 ^ clkbuf_0_clk/X (sky130_fd_sc_hd__clkbuf_16)
     8    0.08                           clknet_0_clk (net)
                  0.10    0.00    0.27 ^ clkbuf_3_0__f_clk/A (sky130_fd_sc_hd__clkbuf_16)
                  0.06    0.17    0.44 ^ clkbuf_3_0__f_clk/X (sky130_fd_sc_hd__clkbuf_16)
    12    0.04                           clknet_3_0__leaf_clk (net)
                  0.06    0.00    0.44 ^ _486_/CLK (sky130_fd_sc_hd__dfrtp_4)
                          0.25    0.69   clock uncertainty
                         -0.04    0.65   clock reconvergence pessimism
                         -0.03    0.62   library hold time
                                  0.62   data required time
-----------------------------------------------------------------------------
                                  0.62   data required time
                                 -1.10   data arrival time
-----------------------------------------------------------------------------
                                  0.48   slack (MET)


Startpoint: _476_ (rising edge-triggered flip-flop clocked by clk)
Endpoint: _469_ (rising edge-triggered flip-flop clocked by clk)
Path Group: clk
Path Type: min

Fanout     Cap    Slew   Delay    Time   Description
-----------------------------------------------------------------------------
                          0.00    0.00   clock clk (rise edge)
                          0.00    0.00   clock source latency
                  0.10    0.06    0.06 ^ clk (in)
     1    0.02                           clk (net)
                  0.10    0.00    0.06 ^ clkbuf_0_clk/A (sky130_fd_sc_hd__clkbuf_16)
                  0.10    0.18    0.24 ^ clkbuf_0_clk/X (sky130_fd_sc_hd__clkbuf_16)
     8    0.08                           clknet_0_clk (net)
                  0.10    0.00    0.25 ^ clkbuf_3_7__f_clk/A (sky130_fd_sc_hd__clkbuf_16)
                  0.04    0.14    0.38 ^ clkbuf_3_7__f_clk/X (sky130_fd_sc_hd__clkbuf_16)
     7    0.02                           clknet_3_7__leaf_clk (net)
                  0.04    0.00    0.38 ^ _476_/CLK (sky130_fd_sc_hd__dfrtp_1)
                  0.04    0.29    0.68 ^ _476_/Q (sky130_fd_sc_hd__dfrtp_1)
     1    0.00                           u_sort.bucket_counter[1] (net)
                  0.04    0.00    0.68 ^ _218_/A (sky130_fd_sc_hd__clkbuf_4)
                  0.14    0.20    0.87 ^ _218_/X (sky130_fd_sc_hd__clkbuf_4)
    10    0.05                           _071_ (net)
                  0.14    0.00    0.87 ^ _378_/A1 (sky130_fd_sc_hd__mux2_1)
                  0.05    0.15    1.02 ^ _378_/X (sky130_fd_sc_hd__mux2_1)
     1    0.00                           _183_ (net)
                  0.05    0.00    1.02 ^ _379_/A (sky130_fd_sc_hd__clkbuf_1)
                  0.04    0.07    1.09 ^ _379_/X (sky130_fd_sc_hd__clkbuf_1)
     1    0.00                           _049_ (net)
                  0.04    0.00    1.09 ^ _469_/D (sky130_fd_sc_hd__dfrtp_1)
                                  1.09   data arrival time

                          0.00    0.00   clock clk (rise edge)
                          0.00    0.00   clock source latency
                  0.10    0.07    0.07 ^ clk (in)
     1    0.02                           clk (net)
                  0.10    0.00    0.07 ^ clkbuf_0_clk/A (sky130_fd_sc_hd__clkbuf_16)
                  0.10    0.20    0.27 ^ clkbuf_0_clk/X (sky130_fd_sc_hd__clkbuf_16)
     8    0.08                           clknet_0_clk (net)
                  0.10    0.00    0.27 ^ clkbuf_3_7__f_clk/A (sky130_fd_sc_hd__clkbuf_16)
                  0.04    0.15    0.42 ^ clkbuf_3_7__f_clk/X (sky130_fd_sc_hd__clkbuf_16)
     7    0.02                           clknet_3_7__leaf_clk (net)
                  0.04    0.00    0.42 ^ _469_/CLK (sky130_fd_sc_hd__dfrtp_1)
                          0.25    0.67   clock uncertainty
                         -0.04    0.63   clock reconvergence pessimism
                         -0.03    0.60   library hold time
                                  0.60   data required time
-----------------------------------------------------------------------------
                                  0.60   data required time
                                 -1.09   data arrival time
-----------------------------------------------------------------------------
                                  0.49   slack (MET)


Startpoint: _478_ (rising edge-triggered flip-flop clocked by clk)
Endpoint: _471_ (rising edge-triggered flip-flop clocked by clk)
Path Group: clk
Path Type: min

Fanout     Cap    Slew   Delay    Time   Description
-----------------------------------------------------------------------------
                          0.00    0.00   clock clk (rise edge)
                          0.00    0.00   clock source latency
                  0.10    0.06    0.06 ^ clk (in)
     1    0.02                           clk (net)
                  0.10    0.00    0.06 ^ clkbuf_0_clk/A (sky130_fd_sc_hd__clkbuf_16)
                  0.10    0.18    0.24 ^ clkbuf_0_clk/X (sky130_fd_sc_hd__clkbuf_16)
     8    0.08                           clknet_0_clk (net)
                  0.10    0.00    0.25 ^ clkbuf_3_5__f_clk/A (sky130_fd_sc_hd__clkbuf_16)
                  0.04    0.14    0.38 ^ clkbuf_3_5__f_clk/X (sky130_fd_sc_hd__clkbuf_16)
     7    0.02                           clknet_3_5__leaf_clk (net)
                  0.04    0.00    0.39 ^ _478_/CLK (sky130_fd_sc_hd__dfrtp_1)
                  0.09    0.39    0.78 v _478_/Q (sky130_fd_sc_hd__dfrtp_1)
     4    0.01                           u_sort.busy (net)
                  0.09    0.00    0.78 v _247_/B (sky130_fd_sc_hd__and3b_1)
                  0.03    0.17    0.94 v _247_/X (sky130_fd_sc_hd__and3b_1)
     1    0.00                           _100_ (net)
                  0.03    0.00    0.94 v _248_/A (sky130_fd_sc_hd__buf_2)
                  0.08    0.16    1.10 v _248_/X (sky130_fd_sc_hd__buf_2)
     7    0.03                           _002_ (net)
                  0.08    0.00    1.11 v _471_/D (sky130_fd_sc_hd__dfrtp_1)
                                  1.11   data arrival time

                          0.00    0.00   clock clk (rise edge)
                          0.00    0.00   clock source latency
                  0.10    0.07    0.07 ^ clk (in)
     1    0.02                           clk (net)
                  0.10    0.00    0.07 ^ clkbuf_0_clk/A (sky130_fd_sc_hd__clkbuf_16)
                  0.10    0.20    0.27 ^ clkbuf_0_clk/X (sky130_fd_sc_hd__clkbuf_16)
     8    0.08                           clknet_0_clk (net)
                  0.10    0.00    0.27 ^ clkbuf_3_7__f_clk/A (sky130_fd_sc_hd__clkbuf_16)
                  0.04    0.15    0.42 ^ clkbuf_3_7__f_clk/X (sky130_fd_sc_hd__clkbuf_16)
     7    0.02                           clknet_3_7__leaf_clk (net)
                  0.04    0.00    0.42 ^ _471_/CLK (sky130_fd_sc_hd__dfrtp_1)
                          0.25    0.67   clock uncertainty
                         -0.03    0.65   clock reconvergence pessimism
                         -0.06    0.59   library hold time
                                  0.59   data required time
-----------------------------------------------------------------------------
                                  0.59   data required time
                                 -1.11   data arrival time
-----------------------------------------------------------------------------
                                  0.52   slack (MET)


Startpoint: _422_ (rising edge-triggered flip-flop clocked by clk)
Endpoint: _461_ (rising edge-triggered flip-flop clocked by clk)
Path Group: clk
Path Type: min

Fanout     Cap    Slew   Delay    Time   Description
-----------------------------------------------------------------------------
                          0.00    0.00   clock clk (rise edge)
                          0.00    0.00   clock source latency
                  0.10    0.06    0.06 ^ clk (in)
     1    0.02                           clk (net)
                  0.10    0.00    0.06 ^ clkbuf_0_clk/A (sky130_fd_sc_hd__clkbuf_16)
                  0.10    0.18    0.24 ^ clkbuf_0_clk/X (sky130_fd_sc_hd__clkbuf_16)
     8    0.08                           clknet_0_clk (net)
                  0.10    0.00    0.25 ^ clkbuf_3_0__f_clk/A (sky130_fd_sc_hd__clkbuf_16)
                  0.06    0.15    0.40 ^ clkbuf_3_0__f_clk/X (sky130_fd_sc_hd__clkbuf_16)
    12    0.04                           clknet_3_0__leaf_clk (net)
                  0.06    0.00    0.40 ^ _422_/CLK (sky130_fd_sc_hd__dfrtp_1)
                  0.06    0.32    0.72 ^ _422_/Q (sky130_fd_sc_hd__dfrtp_1)
     1    0.01                           u_control.o_start_sort (net)
                  0.06    0.00    0.72 ^ _245_/A (sky130_fd_sc_hd__buf_6)
                  0.20    0.21    0.93 ^ _245_/X (sky130_fd_sc_hd__buf_6)
    20    0.10                           _098_ (net)
                  0.20    0.00    0.93 ^ _362_/S (sky130_fd_sc_hd__mux2_1)
                  0.04    0.15    1.08 ^ _362_/X (sky130_fd_sc_hd__mux2_1)
     1    0.00                           _175_ (net)
                  0.04    0.00    1.08 ^ _363_/A (sky130_fd_sc_hd__clkbuf_1)
                  0.04    0.07    1.16 ^ _363_/X (sky130_fd_sc_hd__clkbuf_1)
     1    0.00                           _041_ (net)
                  0.04    0.00    1.16 ^ _461_/D (sky130_fd_sc_hd__dfrtp_1)
                                  1.16   data arrival time

                          0.00    0.00   clock clk (rise edge)
                          0.00    0.00   clock source latency
                  0.10    0.07    0.07 ^ clk (in)
     1    0.02                           clk (net)
                  0.10    0.00    0.07 ^ clkbuf_0_clk/A (sky130_fd_sc_hd__clkbuf_16)
                  0.10    0.20    0.27 ^ clkbuf_0_clk/X (sky130_fd_sc_hd__clkbuf_16)
     8    0.08                           clknet_0_clk (net)
                  0.10    0.00    0.27 ^ clkbuf_3_3__f_clk/A (sky130_fd_sc_hd__clkbuf_16)
                  0.05    0.16    0.43 ^ clkbuf_3_3__f_clk/X (sky130_fd_sc_hd__clkbuf_16)
    10    0.03                           clknet_3_3__leaf_clk (net)
                  0.05    0.00    0.44 ^ _461_/CLK (sky130_fd_sc_hd__dfrtp_1)
                          0.25    0.69   clock uncertainty
                         -0.03    0.66   clock reconvergence pessimism
                         -0.03    0.63   library hold time
                                  0.63   data required time
-----------------------------------------------------------------------------
                                  0.63   data required time
                                 -1.16   data arrival time
-----------------------------------------------------------------------------
                                  0.53   slack (MET)


Startpoint: _478_ (rising edge-triggered flip-flop clocked by clk)
Endpoint: _475_ (rising edge-triggered flip-flop clocked by clk)
Path Group: clk
Path Type: min

Fanout     Cap    Slew   Delay    Time   Description
-----------------------------------------------------------------------------
                          0.00    0.00   clock clk (rise edge)
                          0.00    0.00   clock source latency
                  0.10    0.06    0.06 ^ clk (in)
     1    0.02                           clk (net)
                  0.10    0.00    0.06 ^ clkbuf_0_clk/A (sky130_fd_sc_hd__clkbuf_16)
                  0.10    0.18    0.24 ^ clkbuf_0_clk/X (sky130_fd_sc_hd__clkbuf_16)
     8    0.08                           clknet_0_clk (net)
                  0.10    0.00    0.25 ^ clkbuf_3_5__f_clk/A (sky130_fd_sc_hd__clkbuf_16)
                  0.04    0.14    0.38 ^ clkbuf_3_5__f_clk/X (sky130_fd_sc_hd__clkbuf_16)
     7    0.02                           clknet_3_5__leaf_clk (net)
                  0.04    0.00    0.39 ^ _478_/CLK (sky130_fd_sc_hd__dfrtp_1)
                  0.09    0.39    0.78 v _478_/Q (sky130_fd_sc_hd__dfrtp_1)
     4    0.01                           u_sort.busy (net)
                  0.09    0.00    0.78 v _391_/A (sky130_fd_sc_hd__nand2_2)
                  0.10    0.11    0.89 ^ _391_/Y (sky130_fd_sc_hd__nand2_2)
     6    0.02                           _191_ (net)
                  0.10    0.00    0.89 ^ _393_/A2 (sky130_fd_sc_hd__o21ai_1)
                  0.03    0.06    0.95 v _393_/Y (sky130_fd_sc_hd__o21ai_1)
     1    0.00                           _193_ (net)
                  0.03    0.00    0.95 v _394_/C (sky130_fd_sc_hd__and3_1)
                  0.03    0.16    1.10 v _394_/X (sky130_fd_sc_hd__and3_1)
     1    0.00                           _194_ (net)
                  0.03    0.00    1.10 v _395_/A (sky130_fd_sc_hd__clkbuf_1)
                  0.02    0.07    1.18 v _395_/X (sky130_fd_sc_hd__clkbuf_1)
     1    0.00                           _054_ (net)
                  0.02    0.00    1.18 v _475_/D (sky130_fd_sc_hd__dfrtp_4)
                                  1.18   data arrival time

                          0.00    0.00   clock clk (rise edge)
                          0.00    0.00   clock source latency
                  0.10    0.07    0.07 ^ clk (in)
     1    0.02                           clk (net)
                  0.10    0.00    0.07 ^ clkbuf_0_clk/A (sky130_fd_sc_hd__clkbuf_16)
                  0.10    0.20    0.27 ^ clkbuf_0_clk/X (sky130_fd_sc_hd__clkbuf_16)
     8    0.08                           clknet_0_clk (net)
                  0.10    0.00    0.27 ^ clkbuf_3_7__f_clk/A (sky130_fd_sc_hd__clkbuf_16)
                  0.04    0.15    0.42 ^ clkbuf_3_7__f_clk/X (sky130_fd_sc_hd__clkbuf_16)
     7    0.02                           clknet_3_7__leaf_clk (net)
                  0.04    0.00    0.42 ^ _475_/CLK (sky130_fd_sc_hd__dfrtp_4)
                          0.25    0.67   clock uncertainty
                         -0.03    0.65   clock reconvergence pessimism
                         -0.03    0.61   library hold time
                                  0.61   data required time
-----------------------------------------------------------------------------
                                  0.61   data required time
                                 -1.18   data arrival time
-----------------------------------------------------------------------------
                                  0.56   slack (MET)


Startpoint: _443_ (rising edge-triggered flip-flop clocked by clk)
Endpoint: _441_ (rising edge-triggered flip-flop clocked by clk)
Path Group: clk
Path Type: min

Fanout     Cap    Slew   Delay    Time   Description
-----------------------------------------------------------------------------
                          0.00    0.00   clock clk (rise edge)
                          0.00    0.00   clock source latency
                  0.10    0.06    0.06 ^ clk (in)
     1    0.02                           clk (net)
                  0.10    0.00    0.06 ^ clkbuf_0_clk/A (sky130_fd_sc_hd__clkbuf_16)
                  0.10    0.18    0.24 ^ clkbuf_0_clk/X (sky130_fd_sc_hd__clkbuf_16)
     8    0.08                           clknet_0_clk (net)
                  0.10    0.00    0.25 ^ clkbuf_3_2__f_clk/A (sky130_fd_sc_hd__clkbuf_16)
                  0.05    0.15    0.39 ^ clkbuf_3_2__f_clk/X (sky130_fd_sc_hd__clkbuf_16)
    10    0.03                           clknet_3_2__leaf_clk (net)
                  0.05    0.00    0.39 ^ _443_/CLK (sky130_fd_sc_hd__dfrtp_1)
                  0.06    0.36    0.75 v _443_/Q (sky130_fd_sc_hd__dfrtp_1)
     2    0.01                           u_am3.max[2] (net)
                  0.06    0.00    0.75 v _318_/A (sky130_fd_sc_hd__inv_2)
                  0.04    0.05    0.81 ^ _318_/Y (sky130_fd_sc_hd__inv_2)
     2    0.01                           _151_ (net)
                  0.04    0.00    0.81 ^ _323_/A1 (sky130_fd_sc_hd__o221a_2)
                  0.15    0.26    1.06 ^ _323_/X (sky130_fd_sc_hd__o221a_2)
     5    0.02                           _156_ (net)
                  0.15    0.00    1.06 ^ _324_/S (sky130_fd_sc_hd__mux2_1)
                  0.04    0.14    1.21 ^ _324_/X (sky130_fd_sc_hd__mux2_1)
     1    0.00                           _157_ (net)
                  0.04    0.00    1.21 ^ _325_/A (sky130_fd_sc_hd__clkbuf_1)
                  0.04    0.07    1.28 ^ _325_/X (sky130_fd_sc_hd__clkbuf_1)
     1    0.00                           _021_ (net)
                  0.04    0.00    1.28 ^ _441_/D (sky130_fd_sc_hd__dfrtp_1)
                                  1.28   data arrival time

                          0.00    0.00   clock clk (rise edge)
                          0.00    0.00   clock source latency
                  0.10    0.07    0.07 ^ clk (in)
     1    0.02                           clk (net)
                  0.10    0.00    0.07 ^ clkbuf_0_clk/A (sky130_fd_sc_hd__clkbuf_16)
                  0.10    0.20    0.27 ^ clkbuf_0_clk/X (sky130_fd_sc_hd__clkbuf_16)
     8    0.08                           clknet_0_clk (net)
                  0.10    0.00    0.27 ^ clkbuf_3_2__f_clk/A (sky130_fd_sc_hd__clkbuf_16)
                  0.05    0.16    0.43 ^ clkbuf_3_2__f_clk/X (sky130_fd_sc_hd__clkbuf_16)
    10    0.03                           clknet_3_2__leaf_clk (net)
                  0.05    0.00    0.43 ^ _441_/CLK (sky130_fd_sc_hd__dfrtp_1)
                          0.25    0.68   clock uncertainty
                         -0.04    0.64   clock reconvergence pessimism
                         -0.03    0.61   library hold time
                                  0.61   data required time
-----------------------------------------------------------------------------
                                  0.61   data required time
                                 -1.28   data arrival time
-----------------------------------------------------------------------------
                                  0.67   slack (MET)


Startpoint: _443_ (rising edge-triggered flip-flop clocked by clk)
Endpoint: _442_ (rising edge-triggered flip-flop clocked by clk)
Path Group: clk
Path Type: min

Fanout     Cap    Slew   Delay    Time   Description
-----------------------------------------------------------------------------
                          0.00    0.00   clock clk (rise edge)
                          0.00    0.00   clock source latency
                  0.10    0.06    0.06 ^ clk (in)
     1    0.02                           clk (net)
                  0.10    0.00    0.06 ^ clkbuf_0_clk/A (sky130_fd_sc_hd__clkbuf_16)
                  0.10    0.18    0.24 ^ clkbuf_0_clk/X (sky130_fd_sc_hd__clkbuf_16)
     8    0.08                           clknet_0_clk (net)
                  0.10    0.00    0.25 ^ clkbuf_3_2__f_clk/A (sky130_fd_sc_hd__clkbuf_16)
                  0.05    0.15    0.39 ^ clkbuf_3_2__f_clk/X (sky130_fd_sc_hd__clkbuf_16)
    10    0.03                           clknet_3_2__leaf_clk (net)
                  0.05    0.00    0.39 ^ _443_/CLK (sky130_fd_sc_hd__dfrtp_1)
                  0.06    0.36    0.75 v _443_/Q (sky130_fd_sc_hd__dfrtp_1)
     2    0.01                           u_am3.max[2] (net)
                  0.06    0.00    0.75 v _318_/A (sky130_fd_sc_hd__inv_2)
                  0.04    0.05    0.81 ^ _318_/Y (sky130_fd_sc_hd__inv_2)
     2    0.01                           _151_ (net)
                  0.04    0.00    0.81 ^ _323_/A1 (sky130_fd_sc_hd__o221a_2)
                  0.15    0.26    1.06 ^ _323_/X (sky130_fd_sc_hd__o221a_2)
     5    0.02                           _156_ (net)
                  0.15    0.00    1.06 ^ _326_/S (sky130_fd_sc_hd__mux2_1)
                  0.04    0.14    1.21 ^ _326_/X (sky130_fd_sc_hd__mux2_1)
     1    0.00                           _158_ (net)
                  0.04    0.00    1.21 ^ _327_/A (sky130_fd_sc_hd__clkbuf_1)
                  0.04    0.07    1.28 ^ _327_/X (sky130_fd_sc_hd__clkbuf_1)
     1    0.00                           _022_ (net)
                  0.04    0.00    1.28 ^ _442_/D (sky130_fd_sc_hd__dfrtp_1)
                                  1.28   data arrival time

                          0.00    0.00   clock clk (rise edge)
                          0.00    0.00   clock source latency
                  0.10    0.07    0.07 ^ clk (in)
     1    0.02                           clk (net)
                  0.10    0.00    0.07 ^ clkbuf_0_clk/A (sky130_fd_sc_hd__clkbuf_16)
                  0.10    0.20    0.27 ^ clkbuf_0_clk/X (sky130_fd_sc_hd__clkbuf_16)
     8    0.08                           clknet_0_clk (net)
                  0.10    0.00    0.27 ^ clkbuf_3_2__f_clk/A (sky130_fd_sc_hd__clkbuf_16)
                  0.05    0.16    0.43 ^ clkbuf_3_2__f_clk/X (sky130_fd_sc_hd__clkbuf_16)
    10    0.03                           clknet_3_2__leaf_clk (net)
                  0.05    0.00    0.44 ^ _442_/CLK (sky130_fd_sc_hd__dfrtp_1)
                          0.25    0.69   clock uncertainty
                         -0.04    0.64   clock reconvergence pessimism
                         -0.03    0.61   library hold time
                                  0.61   data required time
-----------------------------------------------------------------------------
                                  0.61   data required time
                                 -1.28   data arrival time
-----------------------------------------------------------------------------
                                  0.67   slack (MET)


Startpoint: _479_ (rising edge-triggered flip-flop clocked by clk)
Endpoint: _472_ (rising edge-triggered flip-flop clocked by clk)
Path Group: clk
Path Type: min

Fanout     Cap    Slew   Delay    Time   Description
-----------------------------------------------------------------------------
                          0.00    0.00   clock clk (rise edge)
                          0.00    0.00   clock source latency
                  0.10    0.06    0.06 ^ clk (in)
     1    0.02                           clk (net)
                  0.10    0.00    0.06 ^ clkbuf_0_clk/A (sky130_fd_sc_hd__clkbuf_16)
                  0.10    0.18    0.24 ^ clkbuf_0_clk/X (sky130_fd_sc_hd__clkbuf_16)
     8    0.08                           clknet_0_clk (net)
                  0.10    0.00    0.25 ^ clkbuf_3_5__f_clk/A (sky130_fd_sc_hd__clkbuf_16)
                  0.04    0.14    0.38 ^ clkbuf_3_5__f_clk/X (sky130_fd_sc_hd__clkbuf_16)
     7    0.02                           clknet_3_5__leaf_clk (net)
                  0.04    0.00    0.39 ^ _479_/CLK (sky130_fd_sc_hd__dfrtp_1)
                  0.06    0.36    0.74 v _479_/Q (sky130_fd_sc_hd__dfrtp_1)
     3    0.01                           u_sort.valid_reg[0] (net)
                  0.06    0.00    0.74 v _234_/A (sky130_fd_sc_hd__and4_1)
                  0.07    0.18    0.92 v _234_/X (sky130_fd_sc_hd__and4_1)
     4    0.01                           _087_ (net)
                  0.07    0.00    0.92 v _383_/A1 (sky130_fd_sc_hd__o21ai_1)
                  0.10    0.15    1.07 ^ _383_/Y (sky130_fd_sc_hd__o21ai_1)
     1    0.00                           _186_ (net)
                  0.10    0.00    1.07 ^ _384_/A1 (sky130_fd_sc_hd__mux2_1)
                  0.04    0.13    1.20 ^ _384_/X (sky130_fd_sc_hd__mux2_1)
     1    0.00                           _187_ (net)
                  0.04    0.00    1.20 ^ _385_/A (sky130_fd_sc_hd__clkbuf_1)
                  0.04    0.07    1.27 ^ _385_/X (sky130_fd_sc_hd__clkbuf_1)
     1    0.00                           _051_ (net)
                  0.04    0.00    1.27 ^ _472_/D (sky130_fd_sc_hd__dfrtp_1)
                                  1.27   data arrival time

                          0.00    0.00   clock clk (rise edge)
                          0.00    0.00   clock source latency
                  0.10    0.07    0.07 ^ clk (in)
     1    0.02                           clk (net)
                  0.10    0.00    0.07 ^ clkbuf_0_clk/A (sky130_fd_sc_hd__clkbuf_16)
                  0.10    0.20    0.27 ^ clkbuf_0_clk/X (sky130_fd_sc_hd__clkbuf_16)
     8    0.08                           clknet_0_clk (net)
                  0.10    0.00    0.27 ^ clkbuf_3_5__f_clk/A (sky130_fd_sc_hd__clkbuf_16)
                  0.04    0.15    0.43 ^ clkbuf_3_5__f_clk/X (sky130_fd_sc_hd__clkbuf_16)
     7    0.02                           clknet_3_5__leaf_clk (net)
                  0.04    0.00    0.43 ^ _472_/CLK (sky130_fd_sc_hd__dfrtp_1)
                          0.25    0.68   clock uncertainty
                         -0.04    0.64   clock reconvergence pessimism
                         -0.03    0.60   library hold time
                                  0.60   data required time
-----------------------------------------------------------------------------
                                  0.60   data required time
                                 -1.27   data arrival time
-----------------------------------------------------------------------------
                                  0.67   slack (MET)


Startpoint: _428_ (rising edge-triggered flip-flop clocked by clk)
Endpoint: _427_ (rising edge-triggered flip-flop clocked by clk)
Path Group: clk
Path Type: min

Fanout     Cap    Slew   Delay    Time   Description
-----------------------------------------------------------------------------
                          0.00    0.00   clock clk (rise edge)
                          0.00    0.00   clock source latency
                  0.10    0.06    0.06 ^ clk (in)
     1    0.02                           clk (net)
                  0.10    0.00    0.06 ^ clkbuf_0_clk/A (sky130_fd_sc_hd__clkbuf_16)
                  0.10    0.18    0.24 ^ clkbuf_0_clk/X (sky130_fd_sc_hd__clkbuf_16)
     8    0.08                           clknet_0_clk (net)
                  0.10    0.00    0.25 ^ clkbuf_3_0__f_clk/A (sky130_fd_sc_hd__clkbuf_16)
                  0.06    0.15    0.40 ^ clkbuf_3_0__f_clk/X (sky130_fd_sc_hd__clkbuf_16)
    12    0.04                           clknet_3_0__leaf_clk (net)
                  0.06    0.00    0.40 ^ _428_/CLK (sky130_fd_sc_hd__dfrtp_1)
                  0.06    0.36    0.76 v _428_/Q (sky130_fd_sc_hd__dfrtp_1)
     2    0.01                           u_am0.max[2] (net)
                  0.06    0.00    0.76 v _273_/A (sky130_fd_sc_hd__inv_2)
                  0.04    0.05    0.81 ^ _273_/Y (sky130_fd_sc_hd__inv_2)
     2    0.01                           _121_ (net)
                  0.04    0.00    0.81 ^ _278_/A1 (sky130_fd_sc_hd__o221a_2)
                  0.14    0.25    1.07 ^ _278_/X (sky130_fd_sc_hd__o221a_2)
     5    0.02                           _126_ (net)
                  0.14    0.00    1.07 ^ _281_/S (sky130_fd_sc_hd__mux2_1)
                  0.05    0.15    1.22 ^ _281_/X (sky130_fd_sc_hd__mux2_1)
     1    0.00                           _128_ (net)
                  0.05    0.00    1.22 ^ _282_/A (sky130_fd_sc_hd__clkbuf_1)
                  0.04    0.07    1.29 ^ _282_/X (sky130_fd_sc_hd__clkbuf_1)
     1    0.00                           _007_ (net)
                  0.04    0.00    1.29 ^ _427_/D (sky130_fd_sc_hd__dfrtp_1)
                                  1.29   data arrival time

                          0.00    0.00   clock clk (rise edge)
                          0.00    0.00   clock source latency
                  0.10    0.07    0.07 ^ clk (in)
     1    0.02                           clk (net)
                  0.10    0.00    0.07 ^ clkbuf_0_clk/A (sky130_fd_sc_hd__clkbuf_16)
                  0.10    0.20    0.27 ^ clkbuf_0_clk/X (sky130_fd_sc_hd__clkbuf_16)
     8    0.08                           clknet_0_clk (net)
                  0.10    0.00    0.27 ^ clkbuf_3_0__f_clk/A (sky130_fd_sc_hd__clkbuf_16)
                  0.06    0.17    0.44 ^ clkbuf_3_0__f_clk/X (sky130_fd_sc_hd__clkbuf_16)
    12    0.04                           clknet_3_0__leaf_clk (net)
                  0.06    0.00    0.44 ^ _427_/CLK (sky130_fd_sc_hd__dfrtp_1)
                          0.25    0.69   clock uncertainty
                         -0.04    0.65   clock reconvergence pessimism
                         -0.03    0.62   library hold time
                                  0.62   data required time
-----------------------------------------------------------------------------
                                  0.62   data required time
                                 -1.29   data arrival time
-----------------------------------------------------------------------------
                                  0.67   slack (MET)


Startpoint: _437_ (rising edge-triggered flip-flop clocked by clk)
Endpoint: _435_ (rising edge-triggered flip-flop clocked by clk)
Path Group: clk
Path Type: min

Fanout     Cap    Slew   Delay    Time   Description
-----------------------------------------------------------------------------
                          0.00    0.00   clock clk (rise edge)
                          0.00    0.00   clock source latency
                  0.10    0.06    0.06 ^ clk (in)
     1    0.02                           clk (net)
                  0.10    0.00    0.06 ^ clkbuf_0_clk/A (sky130_fd_sc_hd__clkbuf_16)
                  0.10    0.18    0.24 ^ clkbuf_0_clk/X (sky130_fd_sc_hd__clkbuf_16)
     8    0.08                           clknet_0_clk (net)
                  0.10    0.00    0.25 ^ clkbuf_3_2__f_clk/A (sky130_fd_sc_hd__clkbuf_16)
                  0.05    0.15    0.39 ^ clkbuf_3_2__f_clk/X (sky130_fd_sc_hd__clkbuf_16)
    10    0.03                           clknet_3_2__leaf_clk (net)
                  0.05    0.00    0.39 ^ _437_/CLK (sky130_fd_sc_hd__dfrtp_1)
                  0.06    0.36    0.75 v _437_/Q (sky130_fd_sc_hd__dfrtp_1)
     2    0.01                           u_am2.max[2] (net)
                  0.06    0.00    0.75 v _301_/A (sky130_fd_sc_hd__inv_2)
                  0.04    0.05    0.81 ^ _301_/Y (sky130_fd_sc_hd__inv_2)
     2    0.01                           _140_ (net)
                  0.04    0.00    0.81 ^ _306_/A1 (sky130_fd_sc_hd__o221a_2)
                  0.15    0.26    1.07 ^ _306_/X (sky130_fd_sc_hd__o221a_2)
     5    0.03                           _145_ (net)
                  0.15    0.00    1.07 ^ _307_/S (sky130_fd_sc_hd__mux2_1)
                  0.04    0.15    1.21 ^ _307_/X (sky130_fd_sc_hd__mux2_1)
     1    0.00                           _146_ (net)
                  0.04    0.00    1.21 ^ _308_/A (sky130_fd_sc_hd__clkbuf_1)
                  0.04    0.07    1.29 ^ _308_/X (sky130_fd_sc_hd__clkbuf_1)
     1    0.00                           _015_ (net)
                  0.04    0.00    1.29 ^ _435_/D (sky130_fd_sc_hd__dfrtp_1)
                                  1.29   data arrival time

                          0.00    0.00   clock clk (rise edge)
                          0.00    0.00   clock source latency
                  0.10    0.07    0.07 ^ clk (in)
     1    0.02                           clk (net)
                  0.10    0.00    0.07 ^ clkbuf_0_clk/A (sky130_fd_sc_hd__clkbuf_16)
                  0.10    0.20    0.27 ^ clkbuf_0_clk/X (sky130_fd_sc_hd__clkbuf_16)
     8    0.08                           clknet_0_clk (net)
                  0.10    0.00    0.27 ^ clkbuf_3_2__f_clk/A (sky130_fd_sc_hd__clkbuf_16)
                  0.05    0.16    0.43 ^ clkbuf_3_2__f_clk/X (sky130_fd_sc_hd__clkbuf_16)
    10    0.03                           clknet_3_2__leaf_clk (net)
                  0.05    0.00    0.43 ^ _435_/CLK (sky130_fd_sc_hd__dfrtp_1)
                          0.25    0.68   clock uncertainty
                         -0.04    0.64   clock reconvergence pessimism
                         -0.03    0.61   library hold time
                                  0.61   data required time
-----------------------------------------------------------------------------
                                  0.61   data required time
                                 -1.29   data arrival time
-----------------------------------------------------------------------------
                                  0.68   slack (MET)


Startpoint: _437_ (rising edge-triggered flip-flop clocked by clk)
Endpoint: _436_ (rising edge-triggered flip-flop clocked by clk)
Path Group: clk
Path Type: min

Fanout     Cap    Slew   Delay    Time   Description
-----------------------------------------------------------------------------
                          0.00    0.00   clock clk (rise edge)
                          0.00    0.00   clock source latency
                  0.10    0.06    0.06 ^ clk (in)
     1    0.02                           clk (net)
                  0.10    0.00    0.06 ^ clkbuf_0_clk/A (sky130_fd_sc_hd__clkbuf_16)
                  0.10    0.18    0.24 ^ clkbuf_0_clk/X (sky130_fd_sc_hd__clkbuf_16)
     8    0.08                           clknet_0_clk (net)
                  0.10    0.00    0.25 ^ clkbuf_3_2__f_clk/A (sky130_fd_sc_hd__clkbuf_16)
                  0.05    0.15    0.39 ^ clkbuf_3_2__f_clk/X (sky130_fd_sc_hd__clkbuf_16)
    10    0.03                           clknet_3_2__leaf_clk (net)
                  0.05    0.00    0.39 ^ _437_/CLK (sky130_fd_sc_hd__dfrtp_1)
                  0.06    0.36    0.75 v _437_/Q (sky130_fd_sc_hd__dfrtp_1)
     2    0.01                           u_am2.max[2] (net)
                  0.06    0.00    0.75 v _301_/A (sky130_fd_sc_hd__inv_2)
                  0.04    0.05    0.81 ^ _301_/Y (sky130_fd_sc_hd__inv_2)
     2    0.01                           _140_ (net)
                  0.04    0.00    0.81 ^ _306_/A1 (sky130_fd_sc_hd__o221a_2)
                  0.15    0.26    1.07 ^ _306_/X (sky130_fd_sc_hd__o221a_2)
     5    0.03                           _145_ (net)
                  0.15    0.00    1.07 ^ _309_/S (sky130_fd_sc_hd__mux2_1)
                  0.05    0.15    1.22 ^ _309_/X (sky130_fd_sc_hd__mux2_1)
     1    0.00                           _147_ (net)
                  0.05    0.00    1.22 ^ _310_/A (sky130_fd_sc_hd__clkbuf_1)
                  0.04    0.07    1.29 ^ _310_/X (sky130_fd_sc_hd__clkbuf_1)
     1    0.00                           _016_ (net)
                  0.04    0.00    1.29 ^ _436_/D (sky130_fd_sc_hd__dfrtp_1)
                                  1.29   data arrival time

                          0.00    0.00   clock clk (rise edge)
                          0.00    0.00   clock source latency
                  0.10    0.07    0.07 ^ clk (in)
     1    0.02                           clk (net)
                  0.10    0.00    0.07 ^ clkbuf_0_clk/A (sky130_fd_sc_hd__clkbuf_16)
                  0.10    0.20    0.27 ^ clkbuf_0_clk/X (sky130_fd_sc_hd__clkbuf_16)
     8    0.08                           clknet_0_clk (net)
                  0.10    0.00    0.27 ^ clkbuf_3_2__f_clk/A (sky130_fd_sc_hd__clkbuf_16)
                  0.05    0.16    0.43 ^ clkbuf_3_2__f_clk/X (sky130_fd_sc_hd__clkbuf_16)
    10    0.03                           clknet_3_2__leaf_clk (net)
                  0.05    0.00    0.43 ^ _436_/CLK (sky130_fd_sc_hd__dfrtp_1)
                          0.25    0.68   clock uncertainty
                         -0.04    0.64   clock reconvergence pessimism
                         -0.03    0.61   library hold time
                                  0.61   data required time
-----------------------------------------------------------------------------
                                  0.61   data required time
                                 -1.29   data arrival time
-----------------------------------------------------------------------------
                                  0.68   slack (MET)


Startpoint: _431_ (rising edge-triggered flip-flop clocked by clk)
Endpoint: _430_ (rising edge-triggered flip-flop clocked by clk)
Path Group: clk
Path Type: min

Fanout     Cap    Slew   Delay    Time   Description
-----------------------------------------------------------------------------
                          0.00    0.00   clock clk (rise edge)
                          0.00    0.00   clock source latency
                  0.10    0.06    0.06 ^ clk (in)
     1    0.02                           clk (net)
                  0.10    0.00    0.06 ^ clkbuf_0_clk/A (sky130_fd_sc_hd__clkbuf_16)
                  0.10    0.18    0.24 ^ clkbuf_0_clk/X (sky130_fd_sc_hd__clkbuf_16)
     8    0.08                           clknet_0_clk (net)
                  0.10    0.00    0.25 ^ clkbuf_3_0__f_clk/A (sky130_fd_sc_hd__clkbuf_16)
                  0.06    0.15    0.40 ^ clkbuf_3_0__f_clk/X (sky130_fd_sc_hd__clkbuf_16)
    12    0.04                           clknet_3_0__leaf_clk (net)
                  0.06    0.00    0.40 ^ _431_/CLK (sky130_fd_sc_hd__dfrtp_1)
                  0.06    0.37    0.77 v _431_/Q (sky130_fd_sc_hd__dfrtp_1)
     2    0.01                           u_am1.max[2] (net)
                  0.06    0.00    0.77 v _284_/A (sky130_fd_sc_hd__inv_2)
                  0.04    0.06    0.82 ^ _284_/Y (sky130_fd_sc_hd__inv_2)
     2    0.01                           _129_ (net)
                  0.04    0.00    0.82 ^ _289_/A1 (sky130_fd_sc_hd__o221a_2)
                  0.16    0.26    1.09 ^ _289_/X (sky130_fd_sc_hd__o221a_2)
     5    0.03                           _134_ (net)
                  0.16    0.00    1.09 ^ _292_/S (sky130_fd_sc_hd__mux2_1)
                  0.04    0.14    1.23 ^ _292_/X (sky130_fd_sc_hd__mux2_1)
     1    0.00                           _136_ (net)
                  0.04    0.00    1.23 ^ _293_/A (sky130_fd_sc_hd__clkbuf_1)
                  0.04    0.07    1.30 ^ _293_/X (sky130_fd_sc_hd__clkbuf_1)
     1    0.00                           _010_ (net)
                  0.04    0.00    1.30 ^ _430_/D (sky130_fd_sc_hd__dfrtp_1)
                                  1.30   data arrival time

                          0.00    0.00   clock clk (rise edge)
                          0.00    0.00   clock source latency
                  0.10    0.07    0.07 ^ clk (in)
     1    0.02                           clk (net)
                  0.10    0.00    0.07 ^ clkbuf_0_clk/A (sky130_fd_sc_hd__clkbuf_16)
                  0.10    0.20    0.27 ^ clkbuf_0_clk/X (sky130_fd_sc_hd__clkbuf_16)
     8    0.08                           clknet_0_clk (net)
                  0.10    0.00    0.27 ^ clkbuf_3_0__f_clk/A (sky130_fd_sc_hd__clkbuf_16)
                  0.06    0.17    0.44 ^ clkbuf_3_0__f_clk/X (sky130_fd_sc_hd__clkbuf_16)
    12    0.04                           clknet_3_0__leaf_clk (net)
                  0.06    0.00    0.44 ^ _430_/CLK (sky130_fd_sc_hd__dfrtp_1)
                          0.25    0.69   clock uncertainty
                         -0.04    0.65   clock reconvergence pessimism
                         -0.03    0.62   library hold time
                                  0.62   data required time
-----------------------------------------------------------------------------
                                  0.62   data required time
                                 -1.30   data arrival time
-----------------------------------------------------------------------------
                                  0.68   slack (MET)


Startpoint: _449_ (rising edge-triggered flip-flop clocked by clk)
Endpoint: _447_ (rising edge-triggered flip-flop clocked by clk)
Path Group: clk
Path Type: min

Fanout     Cap    Slew   Delay    Time   Description
-----------------------------------------------------------------------------
                          0.00    0.00   clock clk (rise edge)
                          0.00    0.00   clock source latency
                  0.10    0.06    0.06 ^ clk (in)
     1    0.02                           clk (net)
                  0.10    0.00    0.06 ^ clkbuf_0_clk/A (sky130_fd_sc_hd__clkbuf_16)
                  0.10    0.18    0.24 ^ clkbuf_0_clk/X (sky130_fd_sc_hd__clkbuf_16)
     8    0.08                           clknet_0_clk (net)
                  0.10    0.00    0.25 ^ clkbuf_3_2__f_clk/A (sky130_fd_sc_hd__clkbuf_16)
                  0.05    0.15    0.39 ^ clkbuf_3_2__f_clk/X (sky130_fd_sc_hd__clkbuf_16)
    10    0.03                           clknet_3_2__leaf_clk (net)
                  0.05    0.00    0.39 ^ _449_/CLK (sky130_fd_sc_hd__dfrtp_1)
                  0.06    0.36    0.75 v _449_/Q (sky130_fd_sc_hd__dfrtp_1)
     2    0.01                           u_am4.max[2] (net)
                  0.06    0.00    0.75 v _261_/A (sky130_fd_sc_hd__inv_2)
                  0.05    0.06    0.81 ^ _261_/Y (sky130_fd_sc_hd__inv_2)
     2    0.01                           _112_ (net)
                  0.05    0.00    0.81 ^ _266_/A1 (sky130_fd_sc_hd__o221a_2)
                  0.15    0.26    1.07 ^ _266_/X (sky130_fd_sc_hd__o221a_2)
     5    0.02                           _117_ (net)
                  0.15    0.00    1.07 ^ _335_/S (sky130_fd_sc_hd__mux2_1)
                  0.04    0.15    1.22 ^ _335_/X (sky130_fd_sc_hd__mux2_1)
     1    0.00                           _162_ (net)
                  0.04    0.00    1.22 ^ _336_/A (sky130_fd_sc_hd__clkbuf_1)
                  0.04    0.07    1.29 ^ _336_/X (sky130_fd_sc_hd__clkbuf_1)
     1    0.00                           _027_ (net)
                  0.04    0.00    1.29 ^ _447_/D (sky130_fd_sc_hd__dfrtp_1)
                                  1.29   data arrival time

                          0.00    0.00   clock clk (rise edge)
                          0.00    0.00   clock source latency
                  0.10    0.07    0.07 ^ clk (in)
     1    0.02                           clk (net)
                  0.10    0.00    0.07 ^ clkbuf_0_clk/A (sky130_fd_sc_hd__clkbuf_16)
                  0.10    0.20    0.27 ^ clkbuf_0_clk/X (sky130_fd_sc_hd__clkbuf_16)
     8    0.08                           clknet_0_clk (net)
                  0.10    0.00    0.27 ^ clkbuf_3_2__f_clk/A (sky130_fd_sc_hd__clkbuf_16)
                  0.05    0.16    0.43 ^ clkbuf_3_2__f_clk/X (sky130_fd_sc_hd__clkbuf_16)
    10    0.03                           clknet_3_2__leaf_clk (net)
                  0.05    0.00    0.43 ^ _447_/CLK (sky130_fd_sc_hd__dfrtp_1)
                          0.25    0.68   clock uncertainty
                         -0.04    0.64   clock reconvergence pessimism
                         -0.03    0.61   library hold time
                                  0.61   data required time
-----------------------------------------------------------------------------
                                  0.61   data required time
                                 -1.29   data arrival time
-----------------------------------------------------------------------------
                                  0.68   slack (MET)


Startpoint: _449_ (rising edge-triggered flip-flop clocked by clk)
Endpoint: _448_ (rising edge-triggered flip-flop clocked by clk)
Path Group: clk
Path Type: min

Fanout     Cap    Slew   Delay    Time   Description
-----------------------------------------------------------------------------
                          0.00    0.00   clock clk (rise edge)
                          0.00    0.00   clock source latency
                  0.10    0.06    0.06 ^ clk (in)
     1    0.02                           clk (net)
                  0.10    0.00    0.06 ^ clkbuf_0_clk/A (sky130_fd_sc_hd__clkbuf_16)
                  0.10    0.18    0.24 ^ clkbuf_0_clk/X (sky130_fd_sc_hd__clkbuf_16)
     8    0.08                           clknet_0_clk (net)
                  0.10    0.00    0.25 ^ clkbuf_3_2__f_clk/A (sky130_fd_sc_hd__clkbuf_16)
                  0.05    0.15    0.39 ^ clkbuf_3_2__f_clk/X (sky130_fd_sc_hd__clkbuf_16)
    10    0.03                           clknet_3_2__leaf_clk (net)
                  0.05    0.00    0.39 ^ _449_/CLK (sky130_fd_sc_hd__dfrtp_1)
                  0.06    0.36    0.75 v _449_/Q (sky130_fd_sc_hd__dfrtp_1)
     2    0.01                           u_am4.max[2] (net)
                  0.06    0.00    0.75 v _261_/A (sky130_fd_sc_hd__inv_2)
                  0.05    0.06    0.81 ^ _261_/Y (sky130_fd_sc_hd__inv_2)
     2    0.01                           _112_ (net)
                  0.05    0.00    0.81 ^ _266_/A1 (sky130_fd_sc_hd__o221a_2)
                  0.15    0.26    1.07 ^ _266_/X (sky130_fd_sc_hd__o221a_2)
     5    0.02                           _117_ (net)
                  0.15    0.00    1.07 ^ _337_/S (sky130_fd_sc_hd__mux2_1)
                  0.04    0.14    1.22 ^ _337_/X (sky130_fd_sc_hd__mux2_1)
     1    0.00                           _163_ (net)
                  0.04    0.00    1.22 ^ _338_/A (sky130_fd_sc_hd__clkbuf_1)
                  0.04    0.08    1.29 ^ _338_/X (sky130_fd_sc_hd__clkbuf_1)
     1    0.00                           _028_ (net)
                  0.04    0.00    1.29 ^ _448_/D (sky130_fd_sc_hd__dfrtp_1)
                                  1.29   data arrival time

                          0.00    0.00   clock clk (rise edge)
                          0.00    0.00   clock source latency
                  0.10    0.07    0.07 ^ clk (in)
     1    0.02                           clk (net)
                  0.10    0.00    0.07 ^ clkbuf_0_clk/A (sky130_fd_sc_hd__clkbuf_16)
                  0.10    0.20    0.27 ^ clkbuf_0_clk/X (sky130_fd_sc_hd__clkbuf_16)
     8    0.08                           clknet_0_clk (net)
                  0.10    0.00    0.27 ^ clkbuf_3_2__f_clk/A (sky130_fd_sc_hd__clkbuf_16)
                  0.05    0.16    0.43 ^ clkbuf_3_2__f_clk/X (sky130_fd_sc_hd__clkbuf_16)
    10    0.03                           clknet_3_2__leaf_clk (net)
                  0.05    0.00    0.44 ^ _448_/CLK (sky130_fd_sc_hd__dfrtp_1)
                          0.25    0.69   clock uncertainty
                         -0.04    0.64   clock reconvergence pessimism
                         -0.03    0.61   library hold time
                                  0.61   data required time
-----------------------------------------------------------------------------
                                  0.61   data required time
                                 -1.29   data arrival time
-----------------------------------------------------------------------------
                                  0.68   slack (MET)


Startpoint: _449_ (rising edge-triggered flip-flop clocked by clk)
Endpoint: _449_ (rising edge-triggered flip-flop clocked by clk)
Path Group: clk
Path Type: min

Fanout     Cap    Slew   Delay    Time   Description
-----------------------------------------------------------------------------
                          0.00    0.00   clock clk (rise edge)
                          0.00    0.00   clock source latency
                  0.10    0.06    0.06 ^ clk (in)
     1    0.02                           clk (net)
                  0.10    0.00    0.06 ^ clkbuf_0_clk/A (sky130_fd_sc_hd__clkbuf_16)
                  0.10    0.18    0.24 ^ clkbuf_0_clk/X (sky130_fd_sc_hd__clkbuf_16)
     8    0.08                           clknet_0_clk (net)
                  0.10    0.00    0.25 ^ clkbuf_3_2__f_clk/A (sky130_fd_sc_hd__clkbuf_16)
                  0.05    0.15    0.39 ^ clkbuf_3_2__f_clk/X (sky130_fd_sc_hd__clkbuf_16)
    10    0.03                           clknet_3_2__leaf_clk (net)
                  0.05    0.00    0.39 ^ _449_/CLK (sky130_fd_sc_hd__dfrtp_1)
                  0.08    0.33    0.73 ^ _449_/Q (sky130_fd_sc_hd__dfrtp_1)
     2    0.01                           u_am4.max[2] (net)
                  0.08    0.00    0.73 ^ hold4/A (sky130_fd_sc_hd__dlygate4sd3_1)
                  0.06    0.52    1.25 ^ hold4/X (sky130_fd_sc_hd__dlygate4sd3_1)
     1    0.00                           net30 (net)
                  0.06    0.00    1.25 ^ _339_/B1 (sky130_fd_sc_hd__a21o_1)
                  0.03    0.07    1.32 ^ _339_/X (sky130_fd_sc_hd__a21o_1)
     1    0.00                           _029_ (net)
                  0.03    0.00    1.32 ^ _449_/D (sky130_fd_sc_hd__dfrtp_1)
                                  1.32   data arrival time

                          0.00    0.00   clock clk (rise edge)
                          0.00    0.00   clock source latency
                  0.10    0.07    0.07 ^ clk (in)
     1    0.02                           clk (net)
                  0.10    0.00    0.07 ^ clkbuf_0_clk/A (sky130_fd_sc_hd__clkbuf_16)
                  0.10    0.20    0.27 ^ clkbuf_0_clk/X (sky130_fd_sc_hd__clkbuf_16)
     8    0.08                           clknet_0_clk (net)
                  0.10    0.00    0.27 ^ clkbuf_3_2__f_clk/A (sky130_fd_sc_hd__clkbuf_16)
                  0.05    0.16    0.43 ^ clkbuf_3_2__f_clk/X (sky130_fd_sc_hd__clkbuf_16)
    10    0.03                           clknet_3_2__leaf_clk (net)
                  0.05    0.00    0.44 ^ _449_/CLK (sky130_fd_sc_hd__dfrtp_1)
                          0.25    0.69   clock uncertainty
                         -0.04    0.64   clock reconvergence pessimism
                         -0.03    0.61   library hold time
                                  0.61   data required time
-----------------------------------------------------------------------------
                                  0.61   data required time
                                 -1.32   data arrival time
-----------------------------------------------------------------------------
                                  0.71   slack (MET)


Startpoint: _443_ (rising edge-triggered flip-flop clocked by clk)
Endpoint: _443_ (rising edge-triggered flip-flop clocked by clk)
Path Group: clk
Path Type: min

Fanout     Cap    Slew   Delay    Time   Description
-----------------------------------------------------------------------------
                          0.00    0.00   clock clk (rise edge)
                          0.00    0.00   clock source latency
                  0.10    0.06    0.06 ^ clk (in)
     1    0.02                           clk (net)
                  0.10    0.00    0.06 ^ clkbuf_0_clk/A (sky130_fd_sc_hd__clkbuf_16)
                  0.10    0.18    0.24 ^ clkbuf_0_clk/X (sky130_fd_sc_hd__clkbuf_16)
     8    0.08                           clknet_0_clk (net)
                  0.10    0.00    0.25 ^ clkbuf_3_2__f_clk/A (sky130_fd_sc_hd__clkbuf_16)
                  0.05    0.15    0.39 ^ clkbuf_3_2__f_clk/X (sky130_fd_sc_hd__clkbuf_16)
    10    0.03                           clknet_3_2__leaf_clk (net)
                  0.05    0.00    0.39 ^ _443_/CLK (sky130_fd_sc_hd__dfrtp_1)
                  0.08    0.33    0.73 ^ _443_/Q (sky130_fd_sc_hd__dfrtp_1)
     2    0.01                           u_am3.max[2] (net)
                  0.08    0.00    0.73 ^ hold3/A (sky130_fd_sc_hd__dlygate4sd3_1)
                  0.06    0.52    1.25 ^ hold3/X (sky130_fd_sc_hd__dlygate4sd3_1)
     1    0.00                           net29 (net)
                  0.06    0.00    1.25 ^ _328_/B1 (sky130_fd_sc_hd__a21o_1)
                  0.03    0.07    1.32 ^ _328_/X (sky130_fd_sc_hd__a21o_1)
     1    0.00                           _023_ (net)
                  0.03    0.00    1.32 ^ _443_/D (sky130_fd_sc_hd__dfrtp_1)
                                  1.32   data arrival time

                          0.00    0.00   clock clk (rise edge)
                          0.00    0.00   clock source latency
                  0.10    0.07    0.07 ^ clk (in)
     1    0.02                           clk (net)
                  0.10    0.00    0.07 ^ clkbuf_0_clk/A (sky130_fd_sc_hd__clkbuf_16)
                  0.10    0.20    0.27 ^ clkbuf_0_clk/X (sky130_fd_sc_hd__clkbuf_16)
     8    0.08                           clknet_0_clk (net)
                  0.10    0.00    0.27 ^ clkbuf_3_2__f_clk/A (sky130_fd_sc_hd__clkbuf_16)
                  0.05    0.16    0.43 ^ clkbuf_3_2__f_clk/X (sky130_fd_sc_hd__clkbuf_16)
    10    0.03                           clknet_3_2__leaf_clk (net)
                  0.05    0.00    0.43 ^ _443_/CLK (sky130_fd_sc_hd__dfrtp_1)
                          0.25    0.68   clock uncertainty
                         -0.04    0.64   clock reconvergence pessimism
                         -0.03    0.61   library hold time
                                  0.61   data required time
-----------------------------------------------------------------------------
                                  0.61   data required time
                                 -1.32   data arrival time
-----------------------------------------------------------------------------
                                  0.71   slack (MET)


Startpoint: _428_ (rising edge-triggered flip-flop clocked by clk)
Endpoint: _428_ (rising edge-triggered flip-flop clocked by clk)
Path Group: clk
Path Type: min

Fanout     Cap    Slew   Delay    Time   Description
-----------------------------------------------------------------------------
                          0.00    0.00   clock clk (rise edge)
                          0.00    0.00   clock source latency
                  0.10    0.06    0.06 ^ clk (in)
     1    0.02                           clk (net)
                  0.10    0.00    0.06 ^ clkbuf_0_clk/A (sky130_fd_sc_hd__clkbuf_16)
                  0.10    0.18    0.24 ^ clkbuf_0_clk/X (sky130_fd_sc_hd__clkbuf_16)
     8    0.08                           clknet_0_clk (net)
                  0.10    0.00    0.25 ^ clkbuf_3_0__f_clk/A (sky130_fd_sc_hd__clkbuf_16)
                  0.06    0.15    0.40 ^ clkbuf_3_0__f_clk/X (sky130_fd_sc_hd__clkbuf_16)
    12    0.04                           clknet_3_0__leaf_clk (net)
                  0.06    0.00    0.40 ^ _428_/CLK (sky130_fd_sc_hd__dfrtp_1)
                  0.08    0.33    0.73 ^ _428_/Q (sky130_fd_sc_hd__dfrtp_1)
     2    0.01                           u_am0.max[2] (net)
                  0.08    0.00    0.73 ^ hold2/A (sky130_fd_sc_hd__dlygate4sd3_1)
                  0.06    0.52    1.26 ^ hold2/X (sky130_fd_sc_hd__dlygate4sd3_1)
     1    0.00                           net28 (net)
                  0.06    0.00    1.26 ^ _283_/B1 (sky130_fd_sc_hd__a21o_1)
                  0.03    0.07    1.33 ^ _283_/X (sky130_fd_sc_hd__a21o_1)
     1    0.00                           _008_ (net)
                  0.03    0.00    1.33 ^ _428_/D (sky130_fd_sc_hd__dfrtp_1)
                                  1.33   data arrival time

                          0.00    0.00   clock clk (rise edge)
                          0.00    0.00   clock source latency
                  0.10    0.07    0.07 ^ clk (in)
     1    0.02                           clk (net)
                  0.10    0.00    0.07 ^ clkbuf_0_clk/A (sky130_fd_sc_hd__clkbuf_16)
                  0.10    0.20    0.27 ^ clkbuf_0_clk/X (sky130_fd_sc_hd__clkbuf_16)
     8    0.08                           clknet_0_clk (net)
                  0.10    0.00    0.27 ^ clkbuf_3_0__f_clk/A (sky130_fd_sc_hd__clkbuf_16)
                  0.06    0.17    0.44 ^ clkbuf_3_0__f_clk/X (sky130_fd_sc_hd__clkbuf_16)
    12    0.04                           clknet_3_0__leaf_clk (net)
                  0.06    0.00    0.44 ^ _428_/CLK (sky130_fd_sc_hd__dfrtp_1)
                          0.25    0.69   clock uncertainty
                         -0.04    0.65   clock reconvergence pessimism
                         -0.03    0.62   library hold time
                                  0.62   data required time
-----------------------------------------------------------------------------
                                  0.62   data required time
                                 -1.33   data arrival time
-----------------------------------------------------------------------------
                                  0.71   slack (MET)


Startpoint: _431_ (rising edge-triggered flip-flop clocked by clk)
Endpoint: _431_ (rising edge-triggered flip-flop clocked by clk)
Path Group: clk
Path Type: min

Fanout     Cap    Slew   Delay    Time   Description
-----------------------------------------------------------------------------
                          0.00    0.00   clock clk (rise edge)
                          0.00    0.00   clock source latency
                  0.10    0.06    0.06 ^ clk (in)
     1    0.02                           clk (net)
                  0.10    0.00    0.06 ^ clkbuf_0_clk/A (sky130_fd_sc_hd__clkbuf_16)
                  0.10    0.18    0.24 ^ clkbuf_0_clk/X (sky130_fd_sc_hd__clkbuf_16)
     8    0.08                           clknet_0_clk (net)
                  0.10    0.00    0.25 ^ clkbuf_3_0__f_clk/A (sky130_fd_sc_hd__clkbuf_16)
                  0.06    0.15    0.40 ^ clkbuf_3_0__f_clk/X (sky130_fd_sc_hd__clkbuf_16)
    12    0.04                           clknet_3_0__leaf_clk (net)
                  0.06    0.00    0.40 ^ _431_/CLK (sky130_fd_sc_hd__dfrtp_1)
                  0.09    0.34    0.74 ^ _431_/Q (sky130_fd_sc_hd__dfrtp_1)
     2    0.01                           u_am1.max[2] (net)
                  0.09    0.00    0.74 ^ hold5/A (sky130_fd_sc_hd__dlygate4sd3_1)
                  0.05    0.52    1.26 ^ hold5/X (sky130_fd_sc_hd__dlygate4sd3_1)
     1    0.00                           net31 (net)
                  0.05    0.00    1.26 ^ _294_/B1 (sky130_fd_sc_hd__a21o_1)
                  0.03    0.07    1.33 ^ _294_/X (sky130_fd_sc_hd__a21o_1)
     1    0.00                           _011_ (net)
                  0.03    0.00    1.33 ^ _431_/D (sky130_fd_sc_hd__dfrtp_1)
                                  1.33   data arrival time

                          0.00    0.00   clock clk (rise edge)
                          0.00    0.00   clock source latency
                  0.10    0.07    0.07 ^ clk (in)
     1    0.02                           clk (net)
                  0.10    0.00    0.07 ^ clkbuf_0_clk/A (sky130_fd_sc_hd__clkbuf_16)
                  0.10    0.20    0.27 ^ clkbuf_0_clk/X (sky130_fd_sc_hd__clkbuf_16)
     8    0.08                           clknet_0_clk (net)
                  0.10    0.00    0.27 ^ clkbuf_3_0__f_clk/A (sky130_fd_sc_hd__clkbuf_16)
                  0.06    0.17    0.44 ^ clkbuf_3_0__f_clk/X (sky130_fd_sc_hd__clkbuf_16)
    12    0.04                           clknet_3_0__leaf_clk (net)
                  0.06    0.00    0.44 ^ _431_/CLK (sky130_fd_sc_hd__dfrtp_1)
                          0.25    0.69   clock uncertainty
                         -0.04    0.65   clock reconvergence pessimism
                         -0.03    0.62   library hold time
                                  0.62   data required time
-----------------------------------------------------------------------------
                                  0.62   data required time
                                 -1.33   data arrival time
-----------------------------------------------------------------------------
                                  0.71   slack (MET)


Startpoint: _437_ (rising edge-triggered flip-flop clocked by clk)
Endpoint: _437_ (rising edge-triggered flip-flop clocked by clk)
Path Group: clk
Path Type: min

Fanout     Cap    Slew   Delay    Time   Description
-----------------------------------------------------------------------------
                          0.00    0.00   clock clk (rise edge)
                          0.00    0.00   clock source latency
                  0.10    0.06    0.06 ^ clk (in)
     1    0.02                           clk (net)
                  0.10    0.00    0.06 ^ clkbuf_0_clk/A (sky130_fd_sc_hd__clkbuf_16)
                  0.10    0.18    0.24 ^ clkbuf_0_clk/X (sky130_fd_sc_hd__clkbuf_16)
     8    0.08                           clknet_0_clk (net)
                  0.10    0.00    0.25 ^ clkbuf_3_2__f_clk/A (sky130_fd_sc_hd__clkbuf_16)
                  0.05    0.15    0.39 ^ clkbuf_3_2__f_clk/X (sky130_fd_sc_hd__clkbuf_16)
    10    0.03                           clknet_3_2__leaf_clk (net)
                  0.05    0.00    0.39 ^ _437_/CLK (sky130_fd_sc_hd__dfrtp_1)
                  0.08    0.33    0.73 ^ _437_/Q (sky130_fd_sc_hd__dfrtp_1)
     2    0.01                           u_am2.max[2] (net)
                  0.08    0.00    0.73 ^ hold1/A (sky130_fd_sc_hd__dlygate4sd3_1)
                  0.06    0.52    1.25 ^ hold1/X (sky130_fd_sc_hd__dlygate4sd3_1)
     1    0.00                           net27 (net)
                  0.06    0.00    1.25 ^ _311_/B1 (sky130_fd_sc_hd__a21o_1)
                  0.03    0.07    1.32 ^ _311_/X (sky130_fd_sc_hd__a21o_1)
     1    0.00                           _017_ (net)
                  0.03    0.00    1.33 ^ _437_/D (sky130_fd_sc_hd__dfrtp_1)
                                  1.33   data arrival time

                          0.00    0.00   clock clk (rise edge)
                          0.00    0.00   clock source latency
                  0.10    0.07    0.07 ^ clk (in)
     1    0.02                           clk (net)
                  0.10    0.00    0.07 ^ clkbuf_0_clk/A (sky130_fd_sc_hd__clkbuf_16)
                  0.10    0.20    0.27 ^ clkbuf_0_clk/X (sky130_fd_sc_hd__clkbuf_16)
     8    0.08                           clknet_0_clk (net)
                  0.10    0.00    0.27 ^ clkbuf_3_2__f_clk/A (sky130_fd_sc_hd__clkbuf_16)
                  0.05    0.16    0.43 ^ clkbuf_3_2__f_clk/X (sky130_fd_sc_hd__clkbuf_16)
    10    0.03                           clknet_3_2__leaf_clk (net)
                  0.05    0.00    0.43 ^ _437_/CLK (sky130_fd_sc_hd__dfrtp_1)
                          0.25    0.68   clock uncertainty
                         -0.04    0.64   clock reconvergence pessimism
                         -0.03    0.61   library hold time
                                  0.61   data required time
-----------------------------------------------------------------------------
                                  0.61   data required time
                                 -1.33   data arrival time
-----------------------------------------------------------------------------
                                  0.71   slack (MET)


Startpoint: _478_ (rising edge-triggered flip-flop clocked by clk)
Endpoint: _474_ (rising edge-triggered flip-flop clocked by clk)
Path Group: clk
Path Type: min

Fanout     Cap    Slew   Delay    Time   Description
-----------------------------------------------------------------------------
                          0.00    0.00   clock clk (rise edge)
                          0.00    0.00   clock source latency
                  0.10    0.06    0.06 ^ clk (in)
     1    0.02                           clk (net)
                  0.10    0.00    0.06 ^ clkbuf_0_clk/A (sky130_fd_sc_hd__clkbuf_16)
                  0.10    0.18    0.24 ^ clkbuf_0_clk/X (sky130_fd_sc_hd__clkbuf_16)
     8    0.08                           clknet_0_clk (net)
                  0.10    0.00    0.25 ^ clkbuf_3_5__f_clk/A (sky130_fd_sc_hd__clkbuf_16)
                  0.04    0.14    0.38 ^ clkbuf_3_5__f_clk/X (sky130_fd_sc_hd__clkbuf_16)
     7    0.02                           clknet_3_5__leaf_clk (net)
                  0.04    0.00    0.39 ^ _478_/CLK (sky130_fd_sc_hd__dfrtp_1)
                  0.15    0.38    0.76 ^ _478_/Q (sky130_fd_sc_hd__dfrtp_1)
     4    0.02                           u_sort.busy (net)
                  0.15    0.00    0.76 ^ _247_/B (sky130_fd_sc_hd__and3b_1)
                  0.05    0.16    0.93 ^ _247_/X (sky130_fd_sc_hd__and3b_1)
     1    0.00                           _100_ (net)
                  0.05    0.00    0.93 ^ _248_/A (sky130_fd_sc_hd__buf_2)
                  0.16    0.18    1.11 ^ _248_/X (sky130_fd_sc_hd__buf_2)
     7    0.03                           _002_ (net)
                  0.16    0.00    1.11 ^ _389_/S (sky130_fd_sc_hd__mux2_1)
                  0.04    0.15    1.26 ^ _389_/X (sky130_fd_sc_hd__mux2_1)
     1    0.00                           _190_ (net)
                  0.04    0.00    1.26 ^ _390_/A (sky130_fd_sc_hd__clkbuf_1)
                  0.04    0.07    1.33 ^ _390_/X (sky130_fd_sc_hd__clkbuf_1)
     1    0.00                           _053_ (net)
                  0.04    0.00    1.33 ^ _474_/D (sky130_fd_sc_hd__dfrtp_1)
                                  1.33   data arrival time

                          0.00    0.00   clock clk (rise edge)
                          0.00    0.00   clock source latency
                  0.10    0.07    0.07 ^ clk (in)
     1    0.02                           clk (net)
                  0.10    0.00    0.07 ^ clkbuf_0_clk/A (sky130_fd_sc_hd__clkbuf_16)
                  0.10    0.20    0.27 ^ clkbuf_0_clk/X (sky130_fd_sc_hd__clkbuf_16)
     8    0.08                           clknet_0_clk (net)
                  0.10    0.00    0.27 ^ clkbuf_3_5__f_clk/A (sky130_fd_sc_hd__clkbuf_16)
                  0.04    0.15    0.43 ^ clkbuf_3_5__f_clk/X (sky130_fd_sc_hd__clkbuf_16)
     7    0.02                           clknet_3_5__leaf_clk (net)
                  0.04    0.00    0.43 ^ _474_/CLK (sky130_fd_sc_hd__dfrtp_1)
                          0.25    0.68   clock uncertainty
                         -0.04    0.64   clock reconvergence pessimism
                         -0.03    0.60   library hold time
                                  0.60   data required time
-----------------------------------------------------------------------------
                                  0.60   data required time
                                 -1.33   data arrival time
-----------------------------------------------------------------------------
                                  0.73   slack (MET)


Startpoint: _478_ (rising edge-triggered flip-flop clocked by clk)
Endpoint: _473_ (rising edge-triggered flip-flop clocked by clk)
Path Group: clk
Path Type: min

Fanout     Cap    Slew   Delay    Time   Description
-----------------------------------------------------------------------------
                          0.00    0.00   clock clk (rise edge)
                          0.00    0.00   clock source latency
                  0.10    0.06    0.06 ^ clk (in)
     1    0.02                           clk (net)
                  0.10    0.00    0.06 ^ clkbuf_0_clk/A (sky130_fd_sc_hd__clkbuf_16)
                  0.10    0.18    0.24 ^ clkbuf_0_clk/X (sky130_fd_sc_hd__clkbuf_16)
     8    0.08                           clknet_0_clk (net)
                  0.10    0.00    0.25 ^ clkbuf_3_5__f_clk/A (sky130_fd_sc_hd__clkbuf_16)
                  0.04    0.14    0.38 ^ clkbuf_3_5__f_clk/X (sky130_fd_sc_hd__clkbuf_16)
     7    0.02                           clknet_3_5__leaf_clk (net)
                  0.04    0.00    0.39 ^ _478_/CLK (sky130_fd_sc_hd__dfrtp_1)
                  0.15    0.38    0.76 ^ _478_/Q (sky130_fd_sc_hd__dfrtp_1)
     4    0.02                           u_sort.busy (net)
                  0.15    0.00    0.76 ^ _247_/B (sky130_fd_sc_hd__and3b_1)
                  0.05    0.16    0.93 ^ _247_/X (sky130_fd_sc_hd__and3b_1)
     1    0.00                           _100_ (net)
                  0.05    0.00    0.93 ^ _248_/A (sky130_fd_sc_hd__buf_2)
                  0.16    0.18    1.11 ^ _248_/X (sky130_fd_sc_hd__buf_2)
     7    0.03                           _002_ (net)
                  0.16    0.00    1.11 ^ _387_/S (sky130_fd_sc_hd__mux2_1)
                  0.04    0.15    1.26 ^ _387_/X (sky130_fd_sc_hd__mux2_1)
     1    0.00                           _189_ (net)
                  0.04    0.00    1.26 ^ _388_/A (sky130_fd_sc_hd__clkbuf_1)
                  0.04    0.07    1.33 ^ _388_/X (sky130_fd_sc_hd__clkbuf_1)
     1    0.00                           _052_ (net)
                  0.04    0.00    1.33 ^ _473_/D (sky130_fd_sc_hd__dfrtp_1)
                                  1.33   data arrival time

                          0.00    0.00   clock clk (rise edge)
                          0.00    0.00   clock source latency
                  0.10    0.07    0.07 ^ clk (in)
     1    0.02                           clk (net)
                  0.10    0.00    0.07 ^ clkbuf_0_clk/A (sky130_fd_sc_hd__clkbuf_16)
                  0.10    0.20    0.27 ^ clkbuf_0_clk/X (sky130_fd_sc_hd__clkbuf_16)
     8    0.08                           clknet_0_clk (net)
                  0.10    0.00    0.27 ^ clkbuf_3_5__f_clk/A (sky130_fd_sc_hd__clkbuf_16)
                  0.04    0.15    0.43 ^ clkbuf_3_5__f_clk/X (sky130_fd_sc_hd__clkbuf_16)
     7    0.02                           clknet_3_5__leaf_clk (net)
                  0.04    0.00    0.43 ^ _473_/CLK (sky130_fd_sc_hd__dfrtp_1)
                          0.25    0.68   clock uncertainty
                         -0.04    0.64   clock reconvergence pessimism
                         -0.03    0.60   library hold time
                                  0.60   data required time
-----------------------------------------------------------------------------
                                  0.60   data required time
                                 -1.33   data arrival time
-----------------------------------------------------------------------------
                                  0.73   slack (MET)


Startpoint: _458_ (rising edge-triggered flip-flop clocked by clk)
Endpoint: _458_ (rising edge-triggered flip-flop clocked by clk)
Path Group: clk
Path Type: min

Fanout     Cap    Slew   Delay    Time   Description
-----------------------------------------------------------------------------
                          0.00    0.00   clock clk (rise edge)
                          0.00    0.00   clock source latency
                  0.10    0.06    0.06 ^ clk (in)
     1    0.02                           clk (net)
                  0.10    0.00    0.06 ^ clkbuf_0_clk/A (sky130_fd_sc_hd__clkbuf_16)
                  0.10    0.18    0.24 ^ clkbuf_0_clk/X (sky130_fd_sc_hd__clkbuf_16)
     8    0.08                           clknet_0_clk (net)
                  0.10    0.00    0.25 ^ clkbuf_3_6__f_clk/A (sky130_fd_sc_hd__clkbuf_16)
                  0.04    0.14    0.38 ^ clkbuf_3_6__f_clk/X (sky130_fd_sc_hd__clkbuf_16)
     6    0.02                           clknet_3_6__leaf_clk (net)
                  0.04    0.00    0.38 ^ _458_/CLK (sky130_fd_sc_hd__dfrtp_1)
                  0.08    0.33    0.71 ^ _458_/Q (sky130_fd_sc_hd__dfrtp_1)
     2    0.01                           u_sort.bucket_reg[3][2] (net)
                  0.08    0.00    0.71 ^ _356_/A0 (sky130_fd_sc_hd__mux2_1)
                  0.04    0.12    0.83 ^ _356_/X (sky130_fd_sc_hd__mux2_1)
     1    0.00                           _172_ (net)
                  0.04    0.00    0.83 ^ hold33/A (sky130_fd_sc_hd__dlygate4sd3_1)
                  0.05    0.50    1.33 ^ hold33/X (sky130_fd_sc_hd__dlygate4sd3_1)
     1    0.00                           net59 (net)
                  0.05    0.00    1.33 ^ _357_/A (sky130_fd_sc_hd__clkbuf_1)
                  0.05    0.08    1.41 ^ _357_/X (sky130_fd_sc_hd__clkbuf_1)
     1    0.00                           _038_ (net)
                  0.05    0.00    1.41 ^ _458_/D (sky130_fd_sc_hd__dfrtp_1)
                                  1.41   data arrival time

                          0.00    0.00   clock clk (rise edge)
                          0.00    0.00   clock source latency
                  0.10    0.07    0.07 ^ clk (in)
     1    0.02                           clk (net)
                  0.10    0.00    0.07 ^ clkbuf_0_clk/A (sky130_fd_sc_hd__clkbuf_16)
                  0.10    0.20    0.27 ^ clkbuf_0_clk/X (sky130_fd_sc_hd__clkbuf_16)
     8    0.08                           clknet_0_clk (net)
                  0.10    0.00    0.27 ^ clkbuf_3_6__f_clk/A (sky130_fd_sc_hd__clkbuf_16)
                  0.04    0.15    0.42 ^ clkbuf_3_6__f_clk/X (sky130_fd_sc_hd__clkbuf_16)
     6    0.02                           clknet_3_6__leaf_clk (net)
                  0.04    0.00    0.43 ^ _458_/CLK (sky130_fd_sc_hd__dfrtp_1)
                          0.25    0.68   clock uncertainty
                         -0.04    0.63   clock reconvergence pessimism
                         -0.04    0.60   library hold time
                                  0.60   data required time
-----------------------------------------------------------------------------
                                  0.60   data required time
                                 -1.41   data arrival time
-----------------------------------------------------------------------------
                                  0.81   slack (MET)


Startpoint: _467_ (rising edge-triggered flip-flop clocked by clk)
Endpoint: _467_ (rising edge-triggered flip-flop clocked by clk)
Path Group: clk
Path Type: min

Fanout     Cap    Slew   Delay    Time   Description
-----------------------------------------------------------------------------
                          0.00    0.00   clock clk (rise edge)
                          0.00    0.00   clock source latency
                  0.10    0.06    0.06 ^ clk (in)
     1    0.02                           clk (net)
                  0.10    0.00    0.06 ^ clkbuf_0_clk/A (sky130_fd_sc_hd__clkbuf_16)
                  0.10    0.18    0.24 ^ clkbuf_0_clk/X (sky130_fd_sc_hd__clkbuf_16)
     8    0.08                           clknet_0_clk (net)
                  0.10    0.00    0.25 ^ clkbuf_3_4__f_clk/A (sky130_fd_sc_hd__clkbuf_16)
                  0.04    0.14    0.38 ^ clkbuf_3_4__f_clk/X (sky130_fd_sc_hd__clkbuf_16)
     6    0.02                           clknet_3_4__leaf_clk (net)
                  0.04    0.00    0.38 ^ _467_/CLK (sky130_fd_sc_hd__dfrtp_1)
                  0.09    0.33    0.72 ^ _467_/Q (sky130_fd_sc_hd__dfrtp_1)
     2    0.01                           u_sort.bucket_reg[0][2] (net)
                  0.09    0.00    0.72 ^ _374_/A0 (sky130_fd_sc_hd__mux2_1)
                  0.04    0.12    0.84 ^ _374_/X (sky130_fd_sc_hd__mux2_1)
     1    0.00                           _181_ (net)
                  0.04    0.00    0.84 ^ hold9/A (sky130_fd_sc_hd__dlygate4sd3_1)
                  0.05    0.50    1.34 ^ hold9/X (sky130_fd_sc_hd__dlygate4sd3_1)
     1    0.00                           net35 (net)
                  0.05    0.00    1.34 ^ _375_/A (sky130_fd_sc_hd__clkbuf_1)
                  0.04    0.08    1.41 ^ _375_/X (sky130_fd_sc_hd__clkbuf_1)
     1    0.00                           _047_ (net)
                  0.04    0.00    1.42 ^ _467_/D (sky130_fd_sc_hd__dfrtp_1)
                                  1.42   data arrival time

                          0.00    0.00   clock clk (rise edge)
                          0.00    0.00   clock source latency
                  0.10    0.07    0.07 ^ clk (in)
     1    0.02                           clk (net)
                  0.10    0.00    0.07 ^ clkbuf_0_clk/A (sky130_fd_sc_hd__clkbuf_16)
                  0.10    0.20    0.27 ^ clkbuf_0_clk/X (sky130_fd_sc_hd__clkbuf_16)
     8    0.08                           clknet_0_clk (net)
                  0.10    0.00    0.27 ^ clkbuf_3_4__f_clk/A (sky130_fd_sc_hd__clkbuf_16)
                  0.04    0.15    0.42 ^ clkbuf_3_4__f_clk/X (sky130_fd_sc_hd__clkbuf_16)
     6    0.02                           clknet_3_4__leaf_clk (net)
                  0.04    0.00    0.42 ^ _467_/CLK (sky130_fd_sc_hd__dfrtp_1)
                          0.25    0.67   clock uncertainty
                         -0.04    0.63   clock reconvergence pessimism
                         -0.03    0.60   library hold time
                                  0.60   data required time
-----------------------------------------------------------------------------
                                  0.60   data required time
                                 -1.42   data arrival time
-----------------------------------------------------------------------------
                                  0.82   slack (MET)


Startpoint: _465_ (rising edge-triggered flip-flop clocked by clk)
Endpoint: _465_ (rising edge-triggered flip-flop clocked by clk)
Path Group: clk
Path Type: min

Fanout     Cap    Slew   Delay    Time   Description
-----------------------------------------------------------------------------
                          0.00    0.00   clock clk (rise edge)
                          0.00    0.00   clock source latency
                  0.10    0.06    0.06 ^ clk (in)
     1    0.02                           clk (net)
                  0.10    0.00    0.06 ^ clkbuf_0_clk/A (sky130_fd_sc_hd__clkbuf_16)
                  0.10    0.18    0.24 ^ clkbuf_0_clk/X (sky130_fd_sc_hd__clkbuf_16)
     8    0.08                           clknet_0_clk (net)
                  0.10    0.00    0.25 ^ clkbuf_3_4__f_clk/A (sky130_fd_sc_hd__clkbuf_16)
                  0.04    0.14    0.38 ^ clkbuf_3_4__f_clk/X (sky130_fd_sc_hd__clkbuf_16)
     6    0.02                           clknet_3_4__leaf_clk (net)
                  0.04    0.00    0.38 ^ _465_/CLK (sky130_fd_sc_hd__dfrtp_1)
                  0.09    0.33    0.72 ^ _465_/Q (sky130_fd_sc_hd__dfrtp_1)
     2    0.01                           u_sort.bucket_reg[0][0] (net)
                  0.09    0.00    0.72 ^ _370_/A0 (sky130_fd_sc_hd__mux2_1)
                  0.04    0.12    0.84 ^ _370_/X (sky130_fd_sc_hd__mux2_1)
     1    0.00                           _179_ (net)
                  0.04    0.00    0.84 ^ hold20/A (sky130_fd_sc_hd__dlygate4sd3_1)
                  0.05    0.50    1.34 ^ hold20/X (sky130_fd_sc_hd__dlygate4sd3_1)
     1    0.00                           net46 (net)
                  0.05    0.00    1.34 ^ _371_/A (sky130_fd_sc_hd__clkbuf_1)
                  0.04    0.07    1.42 ^ _371_/X (sky130_fd_sc_hd__clkbuf_1)
     1    0.00                           _045_ (net)
                  0.04    0.00    1.42 ^ _465_/D (sky130_fd_sc_hd__dfrtp_1)
                                  1.42   data arrival time

                          0.00    0.00   clock clk (rise edge)
                          0.00    0.00   clock source latency
                  0.10    0.07    0.07 ^ clk (in)
     1    0.02                           clk (net)
                  0.10    0.00    0.07 ^ clkbuf_0_clk/A (sky130_fd_sc_hd__clkbuf_16)
                  0.10    0.20    0.27 ^ clkbuf_0_clk/X (sky130_fd_sc_hd__clkbuf_16)
     8    0.08                           clknet_0_clk (net)
                  0.10    0.00    0.27 ^ clkbuf_3_4__f_clk/A (sky130_fd_sc_hd__clkbuf_16)
                  0.04    0.15    0.42 ^ clkbuf_3_4__f_clk/X (sky130_fd_sc_hd__clkbuf_16)
     6    0.02                           clknet_3_4__leaf_clk (net)
                  0.04    0.00    0.42 ^ _465_/CLK (sky130_fd_sc_hd__dfrtp_1)
                          0.25    0.67   clock uncertainty
                         -0.04    0.63   clock reconvergence pessimism
                         -0.03    0.60   library hold time
                                  0.60   data required time
-----------------------------------------------------------------------------
                                  0.60   data required time
                                 -1.42   data arrival time
-----------------------------------------------------------------------------
                                  0.82   slack (MET)


Startpoint: _464_ (rising edge-triggered flip-flop clocked by clk)
Endpoint: _464_ (rising edge-triggered flip-flop clocked by clk)
Path Group: clk
Path Type: min

Fanout     Cap    Slew   Delay    Time   Description
-----------------------------------------------------------------------------
                          0.00    0.00   clock clk (rise edge)
                          0.00    0.00   clock source latency
                  0.10    0.06    0.06 ^ clk (in)
     1    0.02                           clk (net)
                  0.10    0.00    0.06 ^ clkbuf_0_clk/A (sky130_fd_sc_hd__clkbuf_16)
                  0.10    0.18    0.24 ^ clkbuf_0_clk/X (sky130_fd_sc_hd__clkbuf_16)
     8    0.08                           clknet_0_clk (net)
                  0.10    0.00    0.25 ^ clkbuf_3_4__f_clk/A (sky130_fd_sc_hd__clkbuf_16)
                  0.04    0.14    0.38 ^ clkbuf_3_4__f_clk/X (sky130_fd_sc_hd__clkbuf_16)
     6    0.02                           clknet_3_4__leaf_clk (net)
                  0.04    0.00    0.38 ^ _464_/CLK (sky130_fd_sc_hd__dfrtp_1)
                  0.07    0.32    0.71 ^ _464_/Q (sky130_fd_sc_hd__dfrtp_1)
     3    0.01                           u_sort.bucket_reg[1][2] (net)
                  0.07    0.00    0.71 ^ _368_/A0 (sky130_fd_sc_hd__mux2_1)
                  0.04    0.12    0.83 ^ _368_/X (sky130_fd_sc_hd__mux2_1)
     1    0.00                           _178_ (net)
                  0.04    0.00    0.83 ^ hold27/A (sky130_fd_sc_hd__dlygate4sd3_1)
                  0.06    0.51    1.34 ^ hold27/X (sky130_fd_sc_hd__dlygate4sd3_1)
     1    0.00                           net53 (net)
                  0.06    0.00    1.34 ^ _369_/A (sky130_fd_sc_hd__clkbuf_1)
                  0.04    0.08    1.42 ^ _369_/X (sky130_fd_sc_hd__clkbuf_1)
     1    0.00                           _044_ (net)
                  0.04    0.00    1.42 ^ _464_/D (sky130_fd_sc_hd__dfrtp_1)
                                  1.42   data arrival time

                          0.00    0.00   clock clk (rise edge)
                          0.00    0.00   clock source latency
                  0.10    0.07    0.07 ^ clk (in)
     1    0.02                           clk (net)
                  0.10    0.00    0.07 ^ clkbuf_0_clk/A (sky130_fd_sc_hd__clkbuf_16)
                  0.10    0.20    0.27 ^ clkbuf_0_clk/X (sky130_fd_sc_hd__clkbuf_16)
     8    0.08                           clknet_0_clk (net)
                  0.10    0.00    0.27 ^ clkbuf_3_4__f_clk/A (sky130_fd_sc_hd__clkbuf_16)
                  0.04    0.15    0.42 ^ clkbuf_3_4__f_clk/X (sky130_fd_sc_hd__clkbuf_16)
     6    0.02                           clknet_3_4__leaf_clk (net)
                  0.04    0.00    0.42 ^ _464_/CLK (sky130_fd_sc_hd__dfrtp_1)
                          0.25    0.67   clock uncertainty
                         -0.04    0.63   clock reconvergence pessimism
                         -0.03    0.60   library hold time
                                  0.60   data required time
-----------------------------------------------------------------------------
                                  0.60   data required time
                                 -1.42   data arrival time
-----------------------------------------------------------------------------
                                  0.82   slack (MET)


Startpoint: _455_ (rising edge-triggered flip-flop clocked by clk)
Endpoint: _455_ (rising edge-triggered flip-flop clocked by clk)
Path Group: clk
Path Type: min

Fanout     Cap    Slew   Delay    Time   Description
-----------------------------------------------------------------------------
                          0.00    0.00   clock clk (rise edge)
                          0.00    0.00   clock source latency
                  0.10    0.06    0.06 ^ clk (in)
     1    0.02                           clk (net)
                  0.10    0.00    0.06 ^ clkbuf_0_clk/A (sky130_fd_sc_hd__clkbuf_16)
                  0.10    0.18    0.24 ^ clkbuf_0_clk/X (sky130_fd_sc_hd__clkbuf_16)
     8    0.08                           clknet_0_clk (net)
                  0.10    0.00    0.25 ^ clkbuf_3_6__f_clk/A (sky130_fd_sc_hd__clkbuf_16)
                  0.04    0.14    0.38 ^ clkbuf_3_6__f_clk/X (sky130_fd_sc_hd__clkbuf_16)
     6    0.02                           clknet_3_6__leaf_clk (net)
                  0.04    0.00    0.38 ^ _455_/CLK (sky130_fd_sc_hd__dfrtp_1)
                  0.09    0.33    0.72 ^ _455_/Q (sky130_fd_sc_hd__dfrtp_1)
     2    0.01                           u_sort.bucket_reg[4][2] (net)
                  0.09    0.00    0.72 ^ _350_/A0 (sky130_fd_sc_hd__mux2_1)
                  0.04    0.12    0.84 ^ _350_/X (sky130_fd_sc_hd__mux2_1)
     1    0.00                           _169_ (net)
                  0.04    0.00    0.84 ^ hold31/A (sky130_fd_sc_hd__dlygate4sd3_1)
                  0.05    0.50    1.34 ^ hold31/X (sky130_fd_sc_hd__dlygate4sd3_1)
     1    0.00                           net57 (net)
                  0.05    0.00    1.34 ^ _351_/A (sky130_fd_sc_hd__clkbuf_1)
                  0.05    0.08    1.42 ^ _351_/X (sky130_fd_sc_hd__clkbuf_1)
     1    0.00                           _035_ (net)
                  0.05    0.00    1.42 ^ _455_/D (sky130_fd_sc_hd__dfrtp_1)
                                  1.42   data arrival time

                          0.00    0.00   clock clk (rise edge)
                          0.00    0.00   clock source latency
                  0.10    0.07    0.07 ^ clk (in)
     1    0.02                           clk (net)
                  0.10    0.00    0.07 ^ clkbuf_0_clk/A (sky130_fd_sc_hd__clkbuf_16)
                  0.10    0.20    0.27 ^ clkbuf_0_clk/X (sky130_fd_sc_hd__clkbuf_16)
     8    0.08                           clknet_0_clk (net)
                  0.10    0.00    0.27 ^ clkbuf_3_6__f_clk/A (sky130_fd_sc_hd__clkbuf_16)
                  0.04    0.15    0.42 ^ clkbuf_3_6__f_clk/X (sky130_fd_sc_hd__clkbuf_16)
     6    0.02                           clknet_3_6__leaf_clk (net)
                  0.04    0.00    0.43 ^ _455_/CLK (sky130_fd_sc_hd__dfrtp_1)
                          0.25    0.68   clock uncertainty
                         -0.04    0.63   clock reconvergence pessimism
                         -0.04    0.60   library hold time
                                  0.60   data required time
-----------------------------------------------------------------------------
                                  0.60   data required time
                                 -1.42   data arrival time
-----------------------------------------------------------------------------
                                  0.82   slack (MET)


Startpoint: _454_ (rising edge-triggered flip-flop clocked by clk)
Endpoint: _454_ (rising edge-triggered flip-flop clocked by clk)
Path Group: clk
Path Type: min

Fanout     Cap    Slew   Delay    Time   Description
-----------------------------------------------------------------------------
                          0.00    0.00   clock clk (rise edge)
                          0.00    0.00   clock source latency
                  0.10    0.06    0.06 ^ clk (in)
     1    0.02                           clk (net)
                  0.10    0.00    0.06 ^ clkbuf_0_clk/A (sky130_fd_sc_hd__clkbuf_16)
                  0.10    0.18    0.24 ^ clkbuf_0_clk/X (sky130_fd_sc_hd__clkbuf_16)
     8    0.08                           clknet_0_clk (net)
                  0.10    0.00    0.25 ^ clkbuf_3_6__f_clk/A (sky130_fd_sc_hd__clkbuf_16)
                  0.04    0.14    0.38 ^ clkbuf_3_6__f_clk/X (sky130_fd_sc_hd__clkbuf_16)
     6    0.02                           clknet_3_6__leaf_clk (net)
                  0.04    0.00    0.38 ^ _454_/CLK (sky130_fd_sc_hd__dfrtp_1)
                  0.09    0.34    0.72 ^ _454_/Q (sky130_fd_sc_hd__dfrtp_1)
     3    0.01                           u_sort.bucket_reg[4][1] (net)
                  0.09    0.00    0.72 ^ _348_/A0 (sky130_fd_sc_hd__mux2_1)
                  0.04    0.12    0.84 ^ _348_/X (sky130_fd_sc_hd__mux2_1)
     1    0.00                           _168_ (net)
                  0.04    0.00    0.84 ^ hold36/A (sky130_fd_sc_hd__dlygate4sd3_1)
                  0.05    0.51    1.35 ^ hold36/X (sky130_fd_sc_hd__dlygate4sd3_1)
     1    0.00                           net62 (net)
                  0.05    0.00    1.35 ^ _349_/A (sky130_fd_sc_hd__clkbuf_1)
                  0.04    0.08    1.43 ^ _349_/X (sky130_fd_sc_hd__clkbuf_1)
     1    0.00                           _034_ (net)
                  0.04    0.00    1.43 ^ _454_/D (sky130_fd_sc_hd__dfrtp_1)
                                  1.43   data arrival time

                          0.00    0.00   clock clk (rise edge)
                          0.00    0.00   clock source latency
                  0.10    0.07    0.07 ^ clk (in)
     1    0.02                           clk (net)
                  0.10    0.00    0.07 ^ clkbuf_0_clk/A (sky130_fd_sc_hd__clkbuf_16)
                  0.10    0.20    0.27 ^ clkbuf_0_clk/X (sky130_fd_sc_hd__clkbuf_16)
     8    0.08                           clknet_0_clk (net)
                  0.10    0.00    0.27 ^ clkbuf_3_6__f_clk/A (sky130_fd_sc_hd__clkbuf_16)
                  0.04    0.15    0.42 ^ clkbuf_3_6__f_clk/X (sky130_fd_sc_hd__clkbuf_16)
     6    0.02                           clknet_3_6__leaf_clk (net)
                  0.04    0.00    0.43 ^ _454_/CLK (sky130_fd_sc_hd__dfrtp_1)
                          0.25    0.68   clock uncertainty
                         -0.04    0.63   clock reconvergence pessimism
                         -0.03    0.60   library hold time
                                  0.60   data required time
-----------------------------------------------------------------------------
                                  0.60   data required time
                                 -1.43   data arrival time
-----------------------------------------------------------------------------
                                  0.83   slack (MET)


Startpoint: _466_ (rising edge-triggered flip-flop clocked by clk)
Endpoint: _466_ (rising edge-triggered flip-flop clocked by clk)
Path Group: clk
Path Type: min

Fanout     Cap    Slew   Delay    Time   Description
-----------------------------------------------------------------------------
                          0.00    0.00   clock clk (rise edge)
                          0.00    0.00   clock source latency
                  0.10    0.06    0.06 ^ clk (in)
     1    0.02                           clk (net)
                  0.10    0.00    0.06 ^ clkbuf_0_clk/A (sky130_fd_sc_hd__clkbuf_16)
                  0.10    0.18    0.24 ^ clkbuf_0_clk/X (sky130_fd_sc_hd__clkbuf_16)
     8    0.08                           clknet_0_clk (net)
                  0.10    0.00    0.25 ^ clkbuf_3_4__f_clk/A (sky130_fd_sc_hd__clkbuf_16)
                  0.04    0.14    0.38 ^ clkbuf_3_4__f_clk/X (sky130_fd_sc_hd__clkbuf_16)
     6    0.02                           clknet_3_4__leaf_clk (net)
                  0.04    0.00    0.38 ^ _466_/CLK (sky130_fd_sc_hd__dfrtp_1)
                  0.10    0.35    0.73 ^ _466_/Q (sky130_fd_sc_hd__dfrtp_1)
     2    0.01                           u_sort.bucket_reg[0][1] (net)
                  0.10    0.00    0.73 ^ _372_/A0 (sky130_fd_sc_hd__mux2_1)
                  0.04    0.13    0.86 ^ _372_/X (sky130_fd_sc_hd__mux2_1)
     1    0.00                           _180_ (net)
                  0.04    0.00    0.86 ^ hold12/A (sky130_fd_sc_hd__dlygate4sd3_1)
                  0.06    0.51    1.36 ^ hold12/X (sky130_fd_sc_hd__dlygate4sd3_1)
     1    0.00                           net38 (net)
                  0.06    0.00    1.36 ^ _373_/A (sky130_fd_sc_hd__clkbuf_1)
                  0.05    0.08    1.45 ^ _373_/X (sky130_fd_sc_hd__clkbuf_1)
     1    0.00                           _046_ (net)
                  0.05    0.00    1.45 ^ _466_/D (sky130_fd_sc_hd__dfrtp_1)
                                  1.45   data arrival time

                          0.00    0.00   clock clk (rise edge)
                          0.00    0.00   clock source latency
                  0.10    0.07    0.07 ^ clk (in)
     1    0.02                           clk (net)
                  0.10    0.00    0.07 ^ clkbuf_0_clk/A (sky130_fd_sc_hd__clkbuf_16)
                  0.10    0.20    0.27 ^ clkbuf_0_clk/X (sky130_fd_sc_hd__clkbuf_16)
     8    0.08                           clknet_0_clk (net)
                  0.10    0.00    0.27 ^ clkbuf_3_4__f_clk/A (sky130_fd_sc_hd__clkbuf_16)
                  0.04    0.15    0.42 ^ clkbuf_3_4__f_clk/X (sky130_fd_sc_hd__clkbuf_16)
     6    0.02                           clknet_3_4__leaf_clk (net)
                  0.04    0.00    0.42 ^ _466_/CLK (sky130_fd_sc_hd__dfrtp_1)
                          0.25    0.67   clock uncertainty
                         -0.04    0.63   clock reconvergence pessimism
                         -0.04    0.60   library hold time
                                  0.60   data required time
-----------------------------------------------------------------------------
                                  0.60   data required time
                                 -1.45   data arrival time
-----------------------------------------------------------------------------
                                  0.85   slack (MET)


Startpoint: _484_ (rising edge-triggered flip-flop clocked by clk)
Endpoint: _484_ (rising edge-triggered flip-flop clocked by clk)
Path Group: clk
Path Type: min

Fanout     Cap    Slew   Delay    Time   Description
-----------------------------------------------------------------------------
                          0.00    0.00   clock clk (rise edge)
                          0.00    0.00   clock source latency
                  0.10    0.06    0.06 ^ clk (in)
     1    0.02                           clk (net)
                  0.10    0.00    0.06 ^ clkbuf_0_clk/A (sky130_fd_sc_hd__clkbuf_16)
                  0.10    0.18    0.24 ^ clkbuf_0_clk/X (sky130_fd_sc_hd__clkbuf_16)
     8    0.08                           clknet_0_clk (net)
                  0.10    0.00    0.25 ^ clkbuf_3_0__f_clk/A (sky130_fd_sc_hd__clkbuf_16)
                  0.06    0.15    0.40 ^ clkbuf_3_0__f_clk/X (sky130_fd_sc_hd__clkbuf_16)
    12    0.04                           clknet_3_0__leaf_clk (net)
                  0.06    0.00    0.40 ^ _484_/CLK (sky130_fd_sc_hd__dfrtp_4)
                  0.12    0.44    0.84 ^ _484_/Q (sky130_fd_sc_hd__dfrtp_4)
     8    0.03                           u_am0.i_index[0] (net)
                  0.12    0.00    0.84 ^ hold29/A (sky130_fd_sc_hd__dlygate4sd3_1)
                  0.11    0.57    1.42 ^ hold29/X (sky130_fd_sc_hd__dlygate4sd3_1)
     1    0.01                           net55 (net)
                  0.11    0.00    1.42 ^ _417_/B (sky130_fd_sc_hd__xor2_1)
                  0.04    0.07    1.49 v _417_/X (sky130_fd_sc_hd__xor2_1)
     1    0.00                           _062_ (net)
                  0.04    0.00    1.49 v _484_/D (sky130_fd_sc_hd__dfrtp_4)
                                  1.49   data arrival time

                          0.00    0.00   clock clk (rise edge)
                          0.00    0.00   clock source latency
                  0.10    0.07    0.07 ^ clk (in)
     1    0.02                           clk (net)
                  0.10    0.00    0.07 ^ clkbuf_0_clk/A (sky130_fd_sc_hd__clkbuf_16)
                  0.10    0.20    0.27 ^ clkbuf_0_clk/X (sky130_fd_sc_hd__clkbuf_16)
     8    0.08                           clknet_0_clk (net)
                  0.10    0.00    0.27 ^ clkbuf_3_0__f_clk/A (sky130_fd_sc_hd__clkbuf_16)
                  0.06    0.17    0.44 ^ clkbuf_3_0__f_clk/X (sky130_fd_sc_hd__clkbuf_16)
    12    0.04                           clknet_3_0__leaf_clk (net)
                  0.06    0.00    0.44 ^ _484_/CLK (sky130_fd_sc_hd__dfrtp_4)
                          0.25    0.69   clock uncertainty
                         -0.04    0.65   clock reconvergence pessimism
                         -0.04    0.61   library hold time
                                  0.61   data required time
-----------------------------------------------------------------------------
                                  0.61   data required time
                                 -1.49   data arrival time
-----------------------------------------------------------------------------
                                  0.88   slack (MET)


Startpoint: rst_n (input port clocked by clk)
Endpoint: _426_ (removal check against rising-edge clock clk)
Path Group: asynchronous
Path Type: min

Fanout     Cap    Slew   Delay    Time   Description
-----------------------------------------------------------------------------
                          0.00    0.00   clock clk (rise edge)
                          0.00    0.00   clock network delay (propagated)
                          5.00    5.00 ^ input external delay
                  0.05    0.03    5.03 ^ rst_n (in)
     1    0.01                           rst_n (net)
                  0.05    0.00    5.03 ^ input17/A (sky130_fd_sc_hd__buf_12)
                  0.36    0.29    5.32 ^ input17/X (sky130_fd_sc_hd__buf_12)
    65    0.32                           net17 (net)
                  0.36    0.01    5.33 ^ _426_/RESET_B (sky130_fd_sc_hd__dfrtp_1)
                                  5.33   data arrival time

                          0.00    0.00   clock clk (rise edge)
                          0.00    0.00   clock source latency
                  0.10    0.07    0.07 ^ clk (in)
     1    0.02                           clk (net)
                  0.10    0.00    0.07 ^ clkbuf_0_clk/A (sky130_fd_sc_hd__clkbuf_16)
                  0.10    0.20    0.27 ^ clkbuf_0_clk/X (sky130_fd_sc_hd__clkbuf_16)
     8    0.08                           clknet_0_clk (net)
                  0.10    0.00    0.27 ^ clkbuf_3_0__f_clk/A (sky130_fd_sc_hd__clkbuf_16)
                  0.06    0.17    0.44 ^ clkbuf_3_0__f_clk/X (sky130_fd_sc_hd__clkbuf_16)
    12    0.04                           clknet_3_0__leaf_clk (net)
                  0.06    0.00    0.44 ^ _426_/CLK (sky130_fd_sc_hd__dfrtp_1)
                          0.25    0.69   clock uncertainty
                          0.00    0.69   clock reconvergence pessimism
                          0.41    1.10   library removal time
                                  1.10   data required time
-----------------------------------------------------------------------------
                                  1.10   data required time
                                 -5.33   data arrival time
-----------------------------------------------------------------------------
                                  4.23   slack (MET)


Startpoint: rst_n (input port clocked by clk)
Endpoint: _427_ (removal check against rising-edge clock clk)
Path Group: asynchronous
Path Type: min

Fanout     Cap    Slew   Delay    Time   Description
-----------------------------------------------------------------------------
                          0.00    0.00   clock clk (rise edge)
                          0.00    0.00   clock network delay (propagated)
                          5.00    5.00 ^ input external delay
                  0.05    0.03    5.03 ^ rst_n (in)
     1    0.01                           rst_n (net)
                  0.05    0.00    5.03 ^ input17/A (sky130_fd_sc_hd__buf_12)
                  0.36    0.29    5.32 ^ input17/X (sky130_fd_sc_hd__buf_12)
    65    0.32                           net17 (net)
                  0.36    0.01    5.34 ^ _427_/RESET_B (sky130_fd_sc_hd__dfrtp_1)
                                  5.34   data arrival time

                          0.00    0.00   clock clk (rise edge)
                          0.00    0.00   clock source latency
                  0.10    0.07    0.07 ^ clk (in)
     1    0.02                           clk (net)
                  0.10    0.00    0.07 ^ clkbuf_0_clk/A (sky130_fd_sc_hd__clkbuf_16)
                  0.10    0.20    0.27 ^ clkbuf_0_clk/X (sky130_fd_sc_hd__clkbuf_16)
     8    0.08                           clknet_0_clk (net)
                  0.10    0.00    0.27 ^ clkbuf_3_0__f_clk/A (sky130_fd_sc_hd__clkbuf_16)
                  0.06    0.17    0.44 ^ clkbuf_3_0__f_clk/X (sky130_fd_sc_hd__clkbuf_16)
    12    0.04                           clknet_3_0__leaf_clk (net)
                  0.06    0.00    0.44 ^ _427_/CLK (sky130_fd_sc_hd__dfrtp_1)
                          0.25    0.69   clock uncertainty
                          0.00    0.69   clock reconvergence pessimism
                          0.41    1.10   library removal time
                                  1.10   data required time
-----------------------------------------------------------------------------
                                  1.10   data required time
                                 -5.34   data arrival time
-----------------------------------------------------------------------------
                                  4.23   slack (MET)


Startpoint: rst_n (input port clocked by clk)
Endpoint: _428_ (removal check against rising-edge clock clk)
Path Group: asynchronous
Path Type: min

Fanout     Cap    Slew   Delay    Time   Description
-----------------------------------------------------------------------------
                          0.00    0.00   clock clk (rise edge)
                          0.00    0.00   clock network delay (propagated)
                          5.00    5.00 ^ input external delay
                  0.05    0.03    5.03 ^ rst_n (in)
     1    0.01                           rst_n (net)
                  0.05    0.00    5.03 ^ input17/A (sky130_fd_sc_hd__buf_12)
                  0.36    0.29    5.32 ^ input17/X (sky130_fd_sc_hd__buf_12)
    65    0.32                           net17 (net)
                  0.36    0.01    5.34 ^ _428_/RESET_B (sky130_fd_sc_hd__dfrtp_1)
                                  5.34   data arrival time

                          0.00    0.00   clock clk (rise edge)
                          0.00    0.00   clock source latency
                  0.10    0.07    0.07 ^ clk (in)
     1    0.02                           clk (net)
                  0.10    0.00    0.07 ^ clkbuf_0_clk/A (sky130_fd_sc_hd__clkbuf_16)
                  0.10    0.20    0.27 ^ clkbuf_0_clk/X (sky130_fd_sc_hd__clkbuf_16)
     8    0.08                           clknet_0_clk (net)
                  0.10    0.00    0.27 ^ clkbuf_3_0__f_clk/A (sky130_fd_sc_hd__clkbuf_16)
                  0.06    0.17    0.44 ^ clkbuf_3_0__f_clk/X (sky130_fd_sc_hd__clkbuf_16)
    12    0.04                           clknet_3_0__leaf_clk (net)
                  0.06    0.00    0.44 ^ _428_/CLK (sky130_fd_sc_hd__dfrtp_1)
                          0.25    0.69   clock uncertainty
                          0.00    0.69   clock reconvergence pessimism
                          0.41    1.10   library removal time
                                  1.10   data required time
-----------------------------------------------------------------------------
                                  1.10   data required time
                                 -5.34   data arrival time
-----------------------------------------------------------------------------
                                  4.23   slack (MET)


Startpoint: rst_n (input port clocked by clk)
Endpoint: _429_ (removal check against rising-edge clock clk)
Path Group: asynchronous
Path Type: min

Fanout     Cap    Slew   Delay    Time   Description
-----------------------------------------------------------------------------
                          0.00    0.00   clock clk (rise edge)
                          0.00    0.00   clock network delay (propagated)
                          5.00    5.00 ^ input external delay
                  0.05    0.03    5.03 ^ rst_n (in)
     1    0.01                           rst_n (net)
                  0.05    0.00    5.03 ^ input17/A (sky130_fd_sc_hd__buf_12)
                  0.36    0.29    5.32 ^ input17/X (sky130_fd_sc_hd__buf_12)
    65    0.32                           net17 (net)
                  0.36    0.02    5.34 ^ _429_/RESET_B (sky130_fd_sc_hd__dfrtp_1)
                                  5.34   data arrival time

                          0.00    0.00   clock clk (rise edge)
                          0.00    0.00   clock source latency
                  0.10    0.07    0.07 ^ clk (in)
     1    0.02                           clk (net)
                  0.10    0.00    0.07 ^ clkbuf_0_clk/A (sky130_fd_sc_hd__clkbuf_16)
                  0.10    0.20    0.27 ^ clkbuf_0_clk/X (sky130_fd_sc_hd__clkbuf_16)
     8    0.08                           clknet_0_clk (net)
                  0.10    0.00    0.27 ^ clkbuf_3_0__f_clk/A (sky130_fd_sc_hd__clkbuf_16)
                  0.06    0.17    0.44 ^ clkbuf_3_0__f_clk/X (sky130_fd_sc_hd__clkbuf_16)
    12    0.04                           clknet_3_0__leaf_clk (net)
                  0.06    0.00    0.44 ^ _429_/CLK (sky130_fd_sc_hd__dfrtp_1)
                          0.25    0.69   clock uncertainty
                          0.00    0.69   clock reconvergence pessimism
                          0.41    1.10   library removal time
                                  1.10   data required time
-----------------------------------------------------------------------------
                                  1.10   data required time
                                 -5.34   data arrival time
-----------------------------------------------------------------------------
                                  4.24   slack (MET)


Startpoint: rst_n (input port clocked by clk)
Endpoint: _486_ (removal check against rising-edge clock clk)
Path Group: asynchronous
Path Type: min

Fanout     Cap    Slew   Delay    Time   Description
-----------------------------------------------------------------------------
                          0.00    0.00   clock clk (rise edge)
                          0.00    0.00   clock network delay (propagated)
                          5.00    5.00 ^ input external delay
                  0.05    0.03    5.03 ^ rst_n (in)
     1    0.01                           rst_n (net)
                  0.05    0.00    5.03 ^ input17/A (sky130_fd_sc_hd__buf_12)
                  0.36    0.29    5.32 ^ input17/X (sky130_fd_sc_hd__buf_12)
    65    0.32                           net17 (net)
                  0.36    0.02    5.34 ^ _486_/RESET_B (sky130_fd_sc_hd__dfrtp_4)
                                  5.34   data arrival time

                          0.00    0.00   clock clk (rise edge)
                          0.00    0.00   clock source latency
                  0.10    0.07    0.07 ^ clk (in)
     1    0.02                           clk (net)
                  0.10    0.00    0.07 ^ clkbuf_0_clk/A (sky130_fd_sc_hd__clkbuf_16)
                  0.10    0.20    0.27 ^ clkbuf_0_clk/X (sky130_fd_sc_hd__clkbuf_16)
     8    0.08                           clknet_0_clk (net)
                  0.10    0.00    0.27 ^ clkbuf_3_0__f_clk/A (sky130_fd_sc_hd__clkbuf_16)
                  0.06    0.17    0.44 ^ clkbuf_3_0__f_clk/X (sky130_fd_sc_hd__clkbuf_16)
    12    0.04                           clknet_3_0__leaf_clk (net)
                  0.06    0.00    0.44 ^ _486_/CLK (sky130_fd_sc_hd__dfrtp_4)
                          0.25    0.69   clock uncertainty
                          0.00    0.69   clock reconvergence pessimism
                          0.41    1.10   library removal time
                                  1.10   data required time
-----------------------------------------------------------------------------
                                  1.10   data required time
                                 -5.34   data arrival time
-----------------------------------------------------------------------------
                                  4.24   slack (MET)


Startpoint: rst_n (input port clocked by clk)
Endpoint: _431_ (removal check against rising-edge clock clk)
Path Group: asynchronous
Path Type: min

Fanout     Cap    Slew   Delay    Time   Description
-----------------------------------------------------------------------------
                          0.00    0.00   clock clk (rise edge)
                          0.00    0.00   clock network delay (propagated)
                          5.00    5.00 ^ input external delay
                  0.05    0.03    5.03 ^ rst_n (in)
     1    0.01                           rst_n (net)
                  0.05    0.00    5.03 ^ input17/A (sky130_fd_sc_hd__buf_12)
                  0.36    0.29    5.32 ^ input17/X (sky130_fd_sc_hd__buf_12)
    65    0.32                           net17 (net)
                  0.36    0.02    5.34 ^ _431_/RESET_B (sky130_fd_sc_hd__dfrtp_1)
                                  5.34   data arrival time

                          0.00    0.00   clock clk (rise edge)
                          0.00    0.00   clock source latency
                  0.10    0.07    0.07 ^ clk (in)
     1    0.02                           clk (net)
                  0.10    0.00    0.07 ^ clkbuf_0_clk/A (sky130_fd_sc_hd__clkbuf_16)
                  0.10    0.20    0.27 ^ clkbuf_0_clk/X (sky130_fd_sc_hd__clkbuf_16)
     8    0.08                           clknet_0_clk (net)
                  0.10    0.00    0.27 ^ clkbuf_3_0__f_clk/A (sky130_fd_sc_hd__clkbuf_16)
                  0.06    0.17    0.44 ^ clkbuf_3_0__f_clk/X (sky130_fd_sc_hd__clkbuf_16)
    12    0.04                           clknet_3_0__leaf_clk (net)
                  0.06    0.00    0.44 ^ _431_/CLK (sky130_fd_sc_hd__dfrtp_1)
                          0.25    0.69   clock uncertainty
                          0.00    0.69   clock reconvergence pessimism
                          0.41    1.10   library removal time
                                  1.10   data required time
-----------------------------------------------------------------------------
                                  1.10   data required time
                                 -5.34   data arrival time
-----------------------------------------------------------------------------
                                  4.24   slack (MET)


Startpoint: rst_n (input port clocked by clk)
Endpoint: _439_ (removal check against rising-edge clock clk)
Path Group: asynchronous
Path Type: min

Fanout     Cap    Slew   Delay    Time   Description
-----------------------------------------------------------------------------
                          0.00    0.00   clock clk (rise edge)
                          0.00    0.00   clock network delay (propagated)
                          5.00    5.00 ^ input external delay
                  0.05    0.03    5.03 ^ rst_n (in)
     1    0.01                           rst_n (net)
                  0.05    0.00    5.03 ^ input17/A (sky130_fd_sc_hd__buf_12)
                  0.36    0.29    5.32 ^ input17/X (sky130_fd_sc_hd__buf_12)
    65    0.32                           net17 (net)
                  0.36    0.02    5.34 ^ _439_/RESET_B (sky130_fd_sc_hd__dfrtp_1)
                                  5.34   data arrival time

                          0.00    0.00   clock clk (rise edge)
                          0.00    0.00   clock source latency
                  0.10    0.07    0.07 ^ clk (in)
     1    0.02                           clk (net)
                  0.10    0.00    0.07 ^ clkbuf_0_clk/A (sky130_fd_sc_hd__clkbuf_16)
                  0.10    0.20    0.27 ^ clkbuf_0_clk/X (sky130_fd_sc_hd__clkbuf_16)
     8    0.08                           clknet_0_clk (net)
                  0.10    0.00    0.27 ^ clkbuf_3_0__f_clk/A (sky130_fd_sc_hd__clkbuf_16)
                  0.06    0.17    0.44 ^ clkbuf_3_0__f_clk/X (sky130_fd_sc_hd__clkbuf_16)
    12    0.04                           clknet_3_0__leaf_clk (net)
                  0.06    0.00    0.44 ^ _439_/CLK (sky130_fd_sc_hd__dfrtp_1)
                          0.25    0.69   clock uncertainty
                          0.00    0.69   clock reconvergence pessimism
                          0.41    1.10   library removal time
                                  1.10   data required time
-----------------------------------------------------------------------------
                                  1.10   data required time
                                 -5.34   data arrival time
-----------------------------------------------------------------------------
                                  4.24   slack (MET)


Startpoint: rst_n (input port clocked by clk)
Endpoint: _422_ (removal check against rising-edge clock clk)
Path Group: asynchronous
Path Type: min

Fanout     Cap    Slew   Delay    Time   Description
-----------------------------------------------------------------------------
                          0.00    0.00   clock clk (rise edge)
                          0.00    0.00   clock network delay (propagated)
                          5.00    5.00 ^ input external delay
                  0.05    0.03    5.03 ^ rst_n (in)
     1    0.01                           rst_n (net)
                  0.05    0.00    5.03 ^ input17/A (sky130_fd_sc_hd__buf_12)
                  0.36    0.29    5.32 ^ input17/X (sky130_fd_sc_hd__buf_12)
    65    0.32                           net17 (net)
                  0.36    0.02    5.35 ^ _422_/RESET_B (sky130_fd_sc_hd__dfrtp_1)
                                  5.35   data arrival time

                          0.00    0.00   clock clk (rise edge)
                          0.00    0.00   clock source latency
                  0.10    0.07    0.07 ^ clk (in)
     1    0.02                           clk (net)
                  0.10    0.00    0.07 ^ clkbuf_0_clk/A (sky130_fd_sc_hd__clkbuf_16)
                  0.10    0.20    0.27 ^ clkbuf_0_clk/X (sky130_fd_sc_hd__clkbuf_16)
     8    0.08                           clknet_0_clk (net)
                  0.10    0.00    0.27 ^ clkbuf_3_0__f_clk/A (sky130_fd_sc_hd__clkbuf_16)
                  0.06    0.17    0.44 ^ clkbuf_3_0__f_clk/X (sky130_fd_sc_hd__clkbuf_16)
    12    0.04                           clknet_3_0__leaf_clk (net)
                  0.06    0.00    0.44 ^ _422_/CLK (sky130_fd_sc_hd__dfrtp_1)
                          0.25    0.69   clock uncertainty
                          0.00    0.69   clock reconvergence pessimism
                          0.41    1.10   library removal time
                                  1.10   data required time
-----------------------------------------------------------------------------
                                  1.10   data required time
                                 -5.35   data arrival time
-----------------------------------------------------------------------------
                                  4.24   slack (MET)


Startpoint: rst_n (input port clocked by clk)
Endpoint: _485_ (removal check against rising-edge clock clk)
Path Group: asynchronous
Path Type: min

Fanout     Cap    Slew   Delay    Time   Description
-----------------------------------------------------------------------------
                          0.00    0.00   clock clk (rise edge)
                          0.00    0.00   clock network delay (propagated)
                          5.00    5.00 ^ input external delay
                  0.05    0.03    5.03 ^ rst_n (in)
     1    0.01                           rst_n (net)
                  0.05    0.00    5.03 ^ input17/A (sky130_fd_sc_hd__buf_12)
                  0.36    0.29    5.32 ^ input17/X (sky130_fd_sc_hd__buf_12)
    65    0.32                           net17 (net)
                  0.36    0.02    5.35 ^ _485_/RESET_B (sky130_fd_sc_hd__dfrtp_4)
                                  5.35   data arrival time

                          0.00    0.00   clock clk (rise edge)
                          0.00    0.00   clock source latency
                  0.10    0.07    0.07 ^ clk (in)
     1    0.02                           clk (net)
                  0.10    0.00    0.07 ^ clkbuf_0_clk/A (sky130_fd_sc_hd__clkbuf_16)
                  0.10    0.20    0.27 ^ clkbuf_0_clk/X (sky130_fd_sc_hd__clkbuf_16)
     8    0.08                           clknet_0_clk (net)
                  0.10    0.00    0.27 ^ clkbuf_3_0__f_clk/A (sky130_fd_sc_hd__clkbuf_16)
                  0.06    0.17    0.44 ^ clkbuf_3_0__f_clk/X (sky130_fd_sc_hd__clkbuf_16)
    12    0.04                           clknet_3_0__leaf_clk (net)
                  0.06    0.00    0.44 ^ _485_/CLK (sky130_fd_sc_hd__dfrtp_4)
                          0.25    0.69   clock uncertainty
                          0.00    0.69   clock reconvergence pessimism
                          0.41    1.10   library removal time
                                  1.10   data required time
-----------------------------------------------------------------------------
                                  1.10   data required time
                                 -5.35   data arrival time
-----------------------------------------------------------------------------
                                  4.24   slack (MET)


Startpoint: rst_n (input port clocked by clk)
Endpoint: _484_ (removal check against rising-edge clock clk)
Path Group: asynchronous
Path Type: min

Fanout     Cap    Slew   Delay    Time   Description
-----------------------------------------------------------------------------
                          0.00    0.00   clock clk (rise edge)
                          0.00    0.00   clock network delay (propagated)
                          5.00    5.00 ^ input external delay
                  0.05    0.03    5.03 ^ rst_n (in)
     1    0.01                           rst_n (net)
                  0.05    0.00    5.03 ^ input17/A (sky130_fd_sc_hd__buf_12)
                  0.36    0.29    5.32 ^ input17/X (sky130_fd_sc_hd__buf_12)
    65    0.32                           net17 (net)
                  0.36    0.02    5.35 ^ _484_/RESET_B (sky130_fd_sc_hd__dfrtp_4)
                                  5.35   data arrival time

                          0.00    0.00   clock clk (rise edge)
                          0.00    0.00   clock source latency
                  0.10    0.07    0.07 ^ clk (in)
     1    0.02                           clk (net)
                  0.10    0.00    0.07 ^ clkbuf_0_clk/A (sky130_fd_sc_hd__clkbuf_16)
                  0.10    0.20    0.27 ^ clkbuf_0_clk/X (sky130_fd_sc_hd__clkbuf_16)
     8    0.08                           clknet_0_clk (net)
                  0.10    0.00    0.27 ^ clkbuf_3_0__f_clk/A (sky130_fd_sc_hd__clkbuf_16)
                  0.06    0.17    0.44 ^ clkbuf_3_0__f_clk/X (sky130_fd_sc_hd__clkbuf_16)
    12    0.04                           clknet_3_0__leaf_clk (net)
                  0.06    0.00    0.44 ^ _484_/CLK (sky130_fd_sc_hd__dfrtp_4)
                          0.25    0.69   clock uncertainty
                          0.00    0.69   clock reconvergence pessimism
                          0.41    1.10   library removal time
                                  1.10   data required time
-----------------------------------------------------------------------------
                                  1.10   data required time
                                 -5.35   data arrival time
-----------------------------------------------------------------------------
                                  4.24   slack (MET)


Startpoint: rst_n (input port clocked by clk)
Endpoint: _430_ (removal check against rising-edge clock clk)
Path Group: asynchronous
Path Type: min

Fanout     Cap    Slew   Delay    Time   Description
-----------------------------------------------------------------------------
                          0.00    0.00   clock clk (rise edge)
                          0.00    0.00   clock network delay (propagated)
                          5.00    5.00 ^ input external delay
                  0.05    0.03    5.03 ^ rst_n (in)
     1    0.01                           rst_n (net)
                  0.05    0.00    5.03 ^ input17/A (sky130_fd_sc_hd__buf_12)
                  0.36    0.29    5.32 ^ input17/X (sky130_fd_sc_hd__buf_12)
    65    0.32                           net17 (net)
                  0.37    0.02    5.35 ^ _430_/RESET_B (sky130_fd_sc_hd__dfrtp_1)
                                  5.35   data arrival time

                          0.00    0.00   clock clk (rise edge)
                          0.00    0.00   clock source latency
                  0.10    0.07    0.07 ^ clk (in)
     1    0.02                           clk (net)
                  0.10    0.00    0.07 ^ clkbuf_0_clk/A (sky130_fd_sc_hd__clkbuf_16)
                  0.10    0.20    0.27 ^ clkbuf_0_clk/X (sky130_fd_sc_hd__clkbuf_16)
     8    0.08                           clknet_0_clk (net)
                  0.10    0.00    0.27 ^ clkbuf_3_0__f_clk/A (sky130_fd_sc_hd__clkbuf_16)
                  0.06    0.17    0.44 ^ clkbuf_3_0__f_clk/X (sky130_fd_sc_hd__clkbuf_16)
    12    0.04                           clknet_3_0__leaf_clk (net)
                  0.06    0.00    0.44 ^ _430_/CLK (sky130_fd_sc_hd__dfrtp_1)
                          0.25    0.69   clock uncertainty
                          0.00    0.69   clock reconvergence pessimism
                          0.41    1.10   library removal time
                                  1.10   data required time
-----------------------------------------------------------------------------
                                  1.10   data required time
                                 -5.35   data arrival time
-----------------------------------------------------------------------------
                                  4.24   slack (MET)


Startpoint: rst_n (input port clocked by clk)
Endpoint: _436_ (removal check against rising-edge clock clk)
Path Group: asynchronous
Path Type: min

Fanout     Cap    Slew   Delay    Time   Description
-----------------------------------------------------------------------------
                          0.00    0.00   clock clk (rise edge)
                          0.00    0.00   clock network delay (propagated)
                          5.00    5.00 ^ input external delay
                  0.05    0.03    5.03 ^ rst_n (in)
     1    0.01                           rst_n (net)
                  0.05    0.00    5.03 ^ input17/A (sky130_fd_sc_hd__buf_12)
                  0.36    0.29    5.32 ^ input17/X (sky130_fd_sc_hd__buf_12)
    65    0.32                           net17 (net)
                  0.37    0.02    5.35 ^ _436_/RESET_B (sky130_fd_sc_hd__dfrtp_1)
                                  5.35   data arrival time

                          0.00    0.00   clock clk (rise edge)
                          0.00    0.00   clock source latency
                  0.10    0.07    0.07 ^ clk (in)
     1    0.02                           clk (net)
                  0.10    0.00    0.07 ^ clkbuf_0_clk/A (sky130_fd_sc_hd__clkbuf_16)
                  0.10    0.20    0.27 ^ clkbuf_0_clk/X (sky130_fd_sc_hd__clkbuf_16)
     8    0.08                           clknet_0_clk (net)
                  0.10    0.00    0.27 ^ clkbuf_3_2__f_clk/A (sky130_fd_sc_hd__clkbuf_16)
                  0.05    0.16    0.43 ^ clkbuf_3_2__f_clk/X (sky130_fd_sc_hd__clkbuf_16)
    10    0.03                           clknet_3_2__leaf_clk (net)
                  0.05    0.00    0.43 ^ _436_/CLK (sky130_fd_sc_hd__dfrtp_1)
                          0.25    0.68   clock uncertainty
                          0.00    0.68   clock reconvergence pessimism
                          0.41    1.09   library removal time
                                  1.09   data required time
-----------------------------------------------------------------------------
                                  1.09   data required time
                                 -5.35   data arrival time
-----------------------------------------------------------------------------
                                  4.25   slack (MET)


Startpoint: rst_n (input port clocked by clk)
Endpoint: _435_ (removal check against rising-edge clock clk)
Path Group: asynchronous
Path Type: min

Fanout     Cap    Slew   Delay    Time   Description
-----------------------------------------------------------------------------
                          0.00    0.00   clock clk (rise edge)
                          0.00    0.00   clock network delay (propagated)
                          5.00    5.00 ^ input external delay
                  0.05    0.03    5.03 ^ rst_n (in)
     1    0.01                           rst_n (net)
                  0.05    0.00    5.03 ^ input17/A (sky130_fd_sc_hd__buf_12)
                  0.36    0.29    5.32 ^ input17/X (sky130_fd_sc_hd__buf_12)
    65    0.32                           net17 (net)
                  0.37    0.03    5.35 ^ _435_/RESET_B (sky130_fd_sc_hd__dfrtp_1)
                                  5.35   data arrival time

                          0.00    0.00   clock clk (rise edge)
                          0.00    0.00   clock source latency
                  0.10    0.07    0.07 ^ clk (in)
     1    0.02                           clk (net)
                  0.10    0.00    0.07 ^ clkbuf_0_clk/A (sky130_fd_sc_hd__clkbuf_16)
                  0.10    0.20    0.27 ^ clkbuf_0_clk/X (sky130_fd_sc_hd__clkbuf_16)
     8    0.08                           clknet_0_clk (net)
                  0.10    0.00    0.27 ^ clkbuf_3_2__f_clk/A (sky130_fd_sc_hd__clkbuf_16)
                  0.05    0.16    0.43 ^ clkbuf_3_2__f_clk/X (sky130_fd_sc_hd__clkbuf_16)
    10    0.03                           clknet_3_2__leaf_clk (net)
                  0.05    0.00    0.43 ^ _435_/CLK (sky130_fd_sc_hd__dfrtp_1)
                          0.25    0.68   clock uncertainty
                          0.00    0.68   clock reconvergence pessimism
                          0.41    1.09   library removal time
                                  1.09   data required time
-----------------------------------------------------------------------------
                                  1.09   data required time
                                 -5.35   data arrival time
-----------------------------------------------------------------------------
                                  4.26   slack (MET)


Startpoint: rst_n (input port clocked by clk)
Endpoint: _441_ (removal check against rising-edge clock clk)
Path Group: asynchronous
Path Type: min

Fanout     Cap    Slew   Delay    Time   Description
-----------------------------------------------------------------------------
                          0.00    0.00   clock clk (rise edge)
                          0.00    0.00   clock network delay (propagated)
                          5.00    5.00 ^ input external delay
                  0.05    0.03    5.03 ^ rst_n (in)
     1    0.01                           rst_n (net)
                  0.05    0.00    5.03 ^ input17/A (sky130_fd_sc_hd__buf_12)
                  0.36    0.29    5.32 ^ input17/X (sky130_fd_sc_hd__buf_12)
    65    0.32                           net17 (net)
                  0.37    0.03    5.35 ^ _441_/RESET_B (sky130_fd_sc_hd__dfrtp_1)
                                  5.35   data arrival time

                          0.00    0.00   clock clk (rise edge)
                          0.00    0.00   clock source latency
                  0.10    0.07    0.07 ^ clk (in)
     1    0.02                           clk (net)
                  0.10    0.00    0.07 ^ clkbuf_0_clk/A (sky130_fd_sc_hd__clkbuf_16)
                  0.10    0.20    0.27 ^ clkbuf_0_clk/X (sky130_fd_sc_hd__clkbuf_16)
     8    0.08                           clknet_0_clk (net)
                  0.10    0.00    0.27 ^ clkbuf_3_2__f_clk/A (sky130_fd_sc_hd__clkbuf_16)
                  0.05    0.16    0.43 ^ clkbuf_3_2__f_clk/X (sky130_fd_sc_hd__clkbuf_16)
    10    0.03                           clknet_3_2__leaf_clk (net)
                  0.05    0.00    0.43 ^ _441_/CLK (sky130_fd_sc_hd__dfrtp_1)
                          0.25    0.68   clock uncertainty
                          0.00    0.68   clock reconvergence pessimism
                          0.41    1.10   library removal time
                                  1.10   data required time
-----------------------------------------------------------------------------
                                  1.10   data required time
                                 -5.35   data arrival time
-----------------------------------------------------------------------------
                                  4.26   slack (MET)


Startpoint: rst_n (input port clocked by clk)
Endpoint: _444_ (removal check against rising-edge clock clk)
Path Group: asynchronous
Path Type: min

Fanout     Cap    Slew   Delay    Time   Description
-----------------------------------------------------------------------------
                          0.00    0.00   clock clk (rise edge)
                          0.00    0.00   clock network delay (propagated)
                          5.00    5.00 ^ input external delay
                  0.05    0.03    5.03 ^ rst_n (in)
     1    0.01                           rst_n (net)
                  0.05    0.00    5.03 ^ input17/A (sky130_fd_sc_hd__buf_12)
                  0.36    0.29    5.32 ^ input17/X (sky130_fd_sc_hd__buf_12)
    65    0.32                           net17 (net)
                  0.37    0.04    5.36 ^ _444_/RESET_B (sky130_fd_sc_hd__dfrtp_1)
                                  5.36   data arrival time

                          0.00    0.00   clock clk (rise edge)
                          0.00    0.00   clock source latency
                  0.10    0.07    0.07 ^ clk (in)
     1    0.02                           clk (net)
                  0.10    0.00    0.07 ^ clkbuf_0_clk/A (sky130_fd_sc_hd__clkbuf_16)
                  0.10    0.20    0.27 ^ clkbuf_0_clk/X (sky130_fd_sc_hd__clkbuf_16)
     8    0.08                           clknet_0_clk (net)
                  0.10    0.00    0.27 ^ clkbuf_3_0__f_clk/A (sky130_fd_sc_hd__clkbuf_16)
                  0.06    0.17    0.44 ^ clkbuf_3_0__f_clk/X (sky130_fd_sc_hd__clkbuf_16)
    12    0.04                           clknet_3_0__leaf_clk (net)
                  0.06    0.00    0.44 ^ _444_/CLK (sky130_fd_sc_hd__dfrtp_1)
                          0.25    0.69   clock uncertainty
                          0.00    0.69   clock reconvergence pessimism
                          0.41    1.11   library removal time
                                  1.11   data required time
-----------------------------------------------------------------------------
                                  1.11   data required time
                                 -5.36   data arrival time
-----------------------------------------------------------------------------
                                  4.26   slack (MET)


Startpoint: rst_n (input port clocked by clk)
Endpoint: _437_ (removal check against rising-edge clock clk)
Path Group: asynchronous
Path Type: min

Fanout     Cap    Slew   Delay    Time   Description
-----------------------------------------------------------------------------
                          0.00    0.00   clock clk (rise edge)
                          0.00    0.00   clock network delay (propagated)
                          5.00    5.00 ^ input external delay
                  0.05    0.03    5.03 ^ rst_n (in)
     1    0.01                           rst_n (net)
                  0.05    0.00    5.03 ^ input17/A (sky130_fd_sc_hd__buf_12)
                  0.36    0.29    5.32 ^ input17/X (sky130_fd_sc_hd__buf_12)
    65    0.32                           net17 (net)
                  0.37    0.03    5.36 ^ _437_/RESET_B (sky130_fd_sc_hd__dfrtp_1)
                                  5.36   data arrival time

                          0.00    0.00   clock clk (rise edge)
                          0.00    0.00   clock source latency
                  0.10    0.07    0.07 ^ clk (in)
     1    0.02                           clk (net)
                  0.10    0.00    0.07 ^ clkbuf_0_clk/A (sky130_fd_sc_hd__clkbuf_16)
                  0.10    0.20    0.27 ^ clkbuf_0_clk/X (sky130_fd_sc_hd__clkbuf_16)
     8    0.08                           clknet_0_clk (net)
                  0.10    0.00    0.27 ^ clkbuf_3_2__f_clk/A (sky130_fd_sc_hd__clkbuf_16)
                  0.05    0.16    0.43 ^ clkbuf_3_2__f_clk/X (sky130_fd_sc_hd__clkbuf_16)
    10    0.03                           clknet_3_2__leaf_clk (net)
                  0.05    0.00    0.43 ^ _437_/CLK (sky130_fd_sc_hd__dfrtp_1)
                          0.25    0.68   clock uncertainty
                          0.00    0.68   clock reconvergence pessimism
                          0.41    1.10   library removal time
                                  1.10   data required time
-----------------------------------------------------------------------------
                                  1.10   data required time
                                 -5.36   data arrival time
-----------------------------------------------------------------------------
                                  4.26   slack (MET)


Startpoint: rst_n (input port clocked by clk)
Endpoint: _434_ (removal check against rising-edge clock clk)
Path Group: asynchronous
Path Type: min

Fanout     Cap    Slew   Delay    Time   Description
-----------------------------------------------------------------------------
                          0.00    0.00   clock clk (rise edge)
                          0.00    0.00   clock network delay (propagated)
                          5.00    5.00 ^ input external delay
                  0.05    0.03    5.03 ^ rst_n (in)
     1    0.01                           rst_n (net)
                  0.05    0.00    5.03 ^ input17/A (sky130_fd_sc_hd__buf_12)
                  0.36    0.29    5.32 ^ input17/X (sky130_fd_sc_hd__buf_12)
    65    0.32                           net17 (net)
                  0.36    0.02    5.35 ^ _434_/RESET_B (sky130_fd_sc_hd__dfrtp_1)
                                  5.35   data arrival time

                          0.00    0.00   clock clk (rise edge)
                          0.00    0.00   clock source latency
                  0.10    0.07    0.07 ^ clk (in)
     1    0.02                           clk (net)
                  0.10    0.00    0.07 ^ clkbuf_0_clk/A (sky130_fd_sc_hd__clkbuf_16)
                  0.10    0.20    0.27 ^ clkbuf_0_clk/X (sky130_fd_sc_hd__clkbuf_16)
     8    0.08                           clknet_0_clk (net)
                  0.10    0.00    0.27 ^ clkbuf_3_1__f_clk/A (sky130_fd_sc_hd__clkbuf_16)
                  0.04    0.15    0.43 ^ clkbuf_3_1__f_clk/X (sky130_fd_sc_hd__clkbuf_16)
     7    0.02                           clknet_3_1__leaf_clk (net)
                  0.04    0.00    0.43 ^ _434_/CLK (sky130_fd_sc_hd__dfrtp_1)
                          0.25    0.68   clock uncertainty
                          0.00    0.68   clock reconvergence pessimism
                          0.41    1.09   library removal time
                                  1.09   data required time
-----------------------------------------------------------------------------
                                  1.09   data required time
                                 -5.35   data arrival time
-----------------------------------------------------------------------------
                                  4.26   slack (MET)


Startpoint: rst_n (input port clocked by clk)
Endpoint: _463_ (removal check against rising-edge clock clk)
Path Group: asynchronous
Path Type: min

Fanout     Cap    Slew   Delay    Time   Description
-----------------------------------------------------------------------------
                          0.00    0.00   clock clk (rise edge)
                          0.00    0.00   clock network delay (propagated)
                          5.00    5.00 ^ input external delay
                  0.05    0.03    5.03 ^ rst_n (in)
     1    0.01                           rst_n (net)
                  0.05    0.00    5.03 ^ input17/A (sky130_fd_sc_hd__buf_12)
                  0.36    0.29    5.32 ^ input17/X (sky130_fd_sc_hd__buf_12)
    65    0.32                           net17 (net)
                  0.36    0.02    5.35 ^ _463_/RESET_B (sky130_fd_sc_hd__dfrtp_1)
                                  5.35   data arrival time

                          0.00    0.00   clock clk (rise edge)
                          0.00    0.00   clock source latency
                  0.10    0.07    0.07 ^ clk (in)
     1    0.02                           clk (net)
                  0.10    0.00    0.07 ^ clkbuf_0_clk/A (sky130_fd_sc_hd__clkbuf_16)
                  0.10    0.20    0.27 ^ clkbuf_0_clk/X (sky130_fd_sc_hd__clkbuf_16)
     8    0.08                           clknet_0_clk (net)
                  0.10    0.00    0.27 ^ clkbuf_3_1__f_clk/A (sky130_fd_sc_hd__clkbuf_16)
                  0.04    0.15    0.43 ^ clkbuf_3_1__f_clk/X (sky130_fd_sc_hd__clkbuf_16)
     7    0.02                           clknet_3_1__leaf_clk (net)
                  0.04    0.00    0.43 ^ _463_/CLK (sky130_fd_sc_hd__dfrtp_1)
                          0.25    0.68   clock uncertainty
                          0.00    0.68   clock reconvergence pessimism
                          0.41    1.09   library removal time
                                  1.09   data required time
-----------------------------------------------------------------------------
                                  1.09   data required time
                                 -5.35   data arrival time
-----------------------------------------------------------------------------
                                  4.26   slack (MET)


Startpoint: rst_n (input port clocked by clk)
Endpoint: _432_ (removal check against rising-edge clock clk)
Path Group: asynchronous
Path Type: min

Fanout     Cap    Slew   Delay    Time   Description
-----------------------------------------------------------------------------
                          0.00    0.00   clock clk (rise edge)
                          0.00    0.00   clock network delay (propagated)
                          5.00    5.00 ^ input external delay
                  0.05    0.03    5.03 ^ rst_n (in)
     1    0.01                           rst_n (net)
                  0.05    0.00    5.03 ^ input17/A (sky130_fd_sc_hd__buf_12)
                  0.36    0.29    5.32 ^ input17/X (sky130_fd_sc_hd__buf_12)
    65    0.32                           net17 (net)
                  0.36    0.02    5.35 ^ _432_/RESET_B (sky130_fd_sc_hd__dfrtp_1)
                                  5.35   data arrival time

                          0.00    0.00   clock clk (rise edge)
                          0.00    0.00   clock source latency
                  0.10    0.07    0.07 ^ clk (in)
     1    0.02                           clk (net)
                  0.10    0.00    0.07 ^ clkbuf_0_clk/A (sky130_fd_sc_hd__clkbuf_16)
                  0.10    0.20    0.27 ^ clkbuf_0_clk/X (sky130_fd_sc_hd__clkbuf_16)
     8    0.08                           clknet_0_clk (net)
                  0.10    0.00    0.27 ^ clkbuf_3_1__f_clk/A (sky130_fd_sc_hd__clkbuf_16)
                  0.04    0.15    0.43 ^ clkbuf_3_1__f_clk/X (sky130_fd_sc_hd__clkbuf_16)
     7    0.02                           clknet_3_1__leaf_clk (net)
                  0.04    0.00    0.43 ^ _432_/CLK (sky130_fd_sc_hd__dfrtp_1)
                          0.25    0.68   clock uncertainty
                          0.00    0.68   clock reconvergence pessimism
                          0.41    1.09   library removal time
                                  1.09   data required time
-----------------------------------------------------------------------------
                                  1.09   data required time
                                 -5.35   data arrival time
-----------------------------------------------------------------------------
                                  4.26   slack (MET)


Startpoint: rst_n (input port clocked by clk)
Endpoint: _440_ (removal check against rising-edge clock clk)
Path Group: asynchronous
Path Type: min

Fanout     Cap    Slew   Delay    Time   Description
-----------------------------------------------------------------------------
                          0.00    0.00   clock clk (rise edge)
                          0.00    0.00   clock network delay (propagated)
                          5.00    5.00 ^ input external delay
                  0.05    0.03    5.03 ^ rst_n (in)
     1    0.01                           rst_n (net)
                  0.05    0.00    5.03 ^ input17/A (sky130_fd_sc_hd__buf_12)
                  0.36    0.29    5.32 ^ input17/X (sky130_fd_sc_hd__buf_12)
    65    0.32                           net17 (net)
                  0.36    0.02    5.35 ^ _440_/RESET_B (sky130_fd_sc_hd__dfrtp_1)
                                  5.35   data arrival time

                          0.00    0.00   clock clk (rise edge)
                          0.00    0.00   clock source latency
                  0.10    0.07    0.07 ^ clk (in)
     1    0.02                           clk (net)
                  0.10    0.00    0.07 ^ clkbuf_0_clk/A (sky130_fd_sc_hd__clkbuf_16)
                  0.10    0.20    0.27 ^ clkbuf_0_clk/X (sky130_fd_sc_hd__clkbuf_16)
     8    0.08                           clknet_0_clk (net)
                  0.10    0.00    0.27 ^ clkbuf_3_1__f_clk/A (sky130_fd_sc_hd__clkbuf_16)
                  0.04    0.15    0.43 ^ clkbuf_3_1__f_clk/X (sky130_fd_sc_hd__clkbuf_16)
     7    0.02                           clknet_3_1__leaf_clk (net)
                  0.04    0.00    0.43 ^ _440_/CLK (sky130_fd_sc_hd__dfrtp_1)
                          0.25    0.68   clock uncertainty
                          0.00    0.68   clock reconvergence pessimism
                          0.41    1.09   library removal time
                                  1.09   data required time
-----------------------------------------------------------------------------
                                  1.09   data required time
                                 -5.35   data arrival time
-----------------------------------------------------------------------------
                                  4.26   slack (MET)


Startpoint: rst_n (input port clocked by clk)
Endpoint: _433_ (removal check against rising-edge clock clk)
Path Group: asynchronous
Path Type: min

Fanout     Cap    Slew   Delay    Time   Description
-----------------------------------------------------------------------------
                          0.00    0.00   clock clk (rise edge)
                          0.00    0.00   clock network delay (propagated)
                          5.00    5.00 ^ input external delay
                  0.05    0.03    5.03 ^ rst_n (in)
     1    0.01                           rst_n (net)
                  0.05    0.00    5.03 ^ input17/A (sky130_fd_sc_hd__buf_12)
                  0.36    0.29    5.32 ^ input17/X (sky130_fd_sc_hd__buf_12)
    65    0.32                           net17 (net)
                  0.37    0.02    5.35 ^ _433_/RESET_B (sky130_fd_sc_hd__dfrtp_1)
                                  5.35   data arrival time

                          0.00    0.00   clock clk (rise edge)
                          0.00    0.00   clock source latency
                  0.10    0.07    0.07 ^ clk (in)
     1    0.02                           clk (net)
                  0.10    0.00    0.07 ^ clkbuf_0_clk/A (sky130_fd_sc_hd__clkbuf_16)
                  0.10    0.20    0.27 ^ clkbuf_0_clk/X (sky130_fd_sc_hd__clkbuf_16)
     8    0.08                           clknet_0_clk (net)
                  0.10    0.00    0.27 ^ clkbuf_3_1__f_clk/A (sky130_fd_sc_hd__clkbuf_16)
                  0.04    0.15    0.43 ^ clkbuf_3_1__f_clk/X (sky130_fd_sc_hd__clkbuf_16)
     7    0.02                           clknet_3_1__leaf_clk (net)
                  0.04    0.00    0.43 ^ _433_/CLK (sky130_fd_sc_hd__dfrtp_1)
                          0.25    0.68   clock uncertainty
                          0.00    0.68   clock reconvergence pessimism
                          0.41    1.09   library removal time
                                  1.09   data required time
-----------------------------------------------------------------------------
                                  1.09   data required time
                                 -5.35   data arrival time
-----------------------------------------------------------------------------
                                  4.26   slack (MET)


Startpoint: rst_n (input port clocked by clk)
Endpoint: _442_ (removal check against rising-edge clock clk)
Path Group: asynchronous
Path Type: min

Fanout     Cap    Slew   Delay    Time   Description
-----------------------------------------------------------------------------
                          0.00    0.00   clock clk (rise edge)
                          0.00    0.00   clock network delay (propagated)
                          5.00    5.00 ^ input external delay
                  0.05    0.03    5.03 ^ rst_n (in)
     1    0.01                           rst_n (net)
                  0.05    0.00    5.03 ^ input17/A (sky130_fd_sc_hd__buf_12)
                  0.36    0.29    5.32 ^ input17/X (sky130_fd_sc_hd__buf_12)
    65    0.32                           net17 (net)
                  0.37    0.03    5.36 ^ _442_/RESET_B (sky130_fd_sc_hd__dfrtp_1)
                                  5.36   data arrival time

                          0.00    0.00   clock clk (rise edge)
                          0.00    0.00   clock source latency
                  0.10    0.07    0.07 ^ clk (in)
     1    0.02                           clk (net)
                  0.10    0.00    0.07 ^ clkbuf_0_clk/A (sky130_fd_sc_hd__clkbuf_16)
                  0.10    0.20    0.27 ^ clkbuf_0_clk/X (sky130_fd_sc_hd__clkbuf_16)
     8    0.08                           clknet_0_clk (net)
                  0.10    0.00    0.27 ^ clkbuf_3_2__f_clk/A (sky130_fd_sc_hd__clkbuf_16)
                  0.05    0.16    0.43 ^ clkbuf_3_2__f_clk/X (sky130_fd_sc_hd__clkbuf_16)
    10    0.03                           clknet_3_2__leaf_clk (net)
                  0.05    0.00    0.44 ^ _442_/CLK (sky130_fd_sc_hd__dfrtp_1)
                          0.25    0.69   clock uncertainty
                          0.00    0.69   clock reconvergence pessimism
                          0.41    1.10   library removal time
                                  1.10   data required time
-----------------------------------------------------------------------------
                                  1.10   data required time
                                 -5.36   data arrival time
-----------------------------------------------------------------------------
                                  4.26   slack (MET)


Startpoint: rst_n (input port clocked by clk)
Endpoint: _443_ (removal check against rising-edge clock clk)
Path Group: asynchronous
Path Type: min

Fanout     Cap    Slew   Delay    Time   Description
-----------------------------------------------------------------------------
                          0.00    0.00   clock clk (rise edge)
                          0.00    0.00   clock network delay (propagated)
                          5.00    5.00 ^ input external delay
                  0.05    0.03    5.03 ^ rst_n (in)
     1    0.01                           rst_n (net)
                  0.05    0.00    5.03 ^ input17/A (sky130_fd_sc_hd__buf_12)
                  0.36    0.29    5.32 ^ input17/X (sky130_fd_sc_hd__buf_12)
    65    0.32                           net17 (net)
                  0.37    0.03    5.36 ^ _443_/RESET_B (sky130_fd_sc_hd__dfrtp_1)
                                  5.36   data arrival time

                          0.00    0.00   clock clk (rise edge)
                          0.00    0.00   clock source latency
                  0.10    0.07    0.07 ^ clk (in)
     1    0.02                           clk (net)
                  0.10    0.00    0.07 ^ clkbuf_0_clk/A (sky130_fd_sc_hd__clkbuf_16)
                  0.10    0.20    0.27 ^ clkbuf_0_clk/X (sky130_fd_sc_hd__clkbuf_16)
     8    0.08                           clknet_0_clk (net)
                  0.10    0.00    0.27 ^ clkbuf_3_2__f_clk/A (sky130_fd_sc_hd__clkbuf_16)
                  0.05    0.16    0.43 ^ clkbuf_3_2__f_clk/X (sky130_fd_sc_hd__clkbuf_16)
    10    0.03                           clknet_3_2__leaf_clk (net)
                  0.05    0.00    0.43 ^ _443_/CLK (sky130_fd_sc_hd__dfrtp_1)
                          0.25    0.68   clock uncertainty
                          0.00    0.68   clock reconvergence pessimism
                          0.41    1.10   library removal time
                                  1.10   data required time
-----------------------------------------------------------------------------
                                  1.10   data required time
                                 -5.36   data arrival time
-----------------------------------------------------------------------------
                                  4.26   slack (MET)


Startpoint: rst_n (input port clocked by clk)
Endpoint: _448_ (removal check against rising-edge clock clk)
Path Group: asynchronous
Path Type: min

Fanout     Cap    Slew   Delay    Time   Description
-----------------------------------------------------------------------------
                          0.00    0.00   clock clk (rise edge)
                          0.00    0.00   clock network delay (propagated)
                          5.00    5.00 ^ input external delay
                  0.05    0.03    5.03 ^ rst_n (in)
     1    0.01                           rst_n (net)
                  0.05    0.00    5.03 ^ input17/A (sky130_fd_sc_hd__buf_12)
                  0.36    0.29    5.32 ^ input17/X (sky130_fd_sc_hd__buf_12)
    65    0.32                           net17 (net)
                  0.37    0.03    5.36 ^ _448_/RESET_B (sky130_fd_sc_hd__dfrtp_1)
                                  5.36   data arrival time

                          0.00    0.00   clock clk (rise edge)
                          0.00    0.00   clock source latency
                  0.10    0.07    0.07 ^ clk (in)
     1    0.02                           clk (net)
                  0.10    0.00    0.07 ^ clkbuf_0_clk/A (sky130_fd_sc_hd__clkbuf_16)
                  0.10    0.20    0.27 ^ clkbuf_0_clk/X (sky130_fd_sc_hd__clkbuf_16)
     8    0.08                           clknet_0_clk (net)
                  0.10    0.00    0.27 ^ clkbuf_3_2__f_clk/A (sky130_fd_sc_hd__clkbuf_16)
                  0.05    0.16    0.43 ^ clkbuf_3_2__f_clk/X (sky130_fd_sc_hd__clkbuf_16)
    10    0.03                           clknet_3_2__leaf_clk (net)
                  0.05    0.00    0.44 ^ _448_/CLK (sky130_fd_sc_hd__dfrtp_1)
                          0.25    0.69   clock uncertainty
                          0.00    0.69   clock reconvergence pessimism
                          0.41    1.10   library removal time
                                  1.10   data required time
-----------------------------------------------------------------------------
                                  1.10   data required time
                                 -5.36   data arrival time
-----------------------------------------------------------------------------
                                  4.26   slack (MET)


Startpoint: rst_n (input port clocked by clk)
Endpoint: _449_ (removal check against rising-edge clock clk)
Path Group: asynchronous
Path Type: min

Fanout     Cap    Slew   Delay    Time   Description
-----------------------------------------------------------------------------
                          0.00    0.00   clock clk (rise edge)
                          0.00    0.00   clock network delay (propagated)
                          5.00    5.00 ^ input external delay
                  0.05    0.03    5.03 ^ rst_n (in)
     1    0.01                           rst_n (net)
                  0.05    0.00    5.03 ^ input17/A (sky130_fd_sc_hd__buf_12)
                  0.36    0.29    5.32 ^ input17/X (sky130_fd_sc_hd__buf_12)
    65    0.32                           net17 (net)
                  0.37    0.03    5.36 ^ _449_/RESET_B (sky130_fd_sc_hd__dfrtp_1)
                                  5.36   data arrival time

                          0.00    0.00   clock clk (rise edge)
                          0.00    0.00   clock source latency
                  0.10    0.07    0.07 ^ clk (in)
     1    0.02                           clk (net)
                  0.10    0.00    0.07 ^ clkbuf_0_clk/A (sky130_fd_sc_hd__clkbuf_16)
                  0.10    0.20    0.27 ^ clkbuf_0_clk/X (sky130_fd_sc_hd__clkbuf_16)
     8    0.08                           clknet_0_clk (net)
                  0.10    0.00    0.27 ^ clkbuf_3_2__f_clk/A (sky130_fd_sc_hd__clkbuf_16)
                  0.05    0.16    0.43 ^ clkbuf_3_2__f_clk/X (sky130_fd_sc_hd__clkbuf_16)
    10    0.03                           clknet_3_2__leaf_clk (net)
                  0.05    0.00    0.44 ^ _449_/CLK (sky130_fd_sc_hd__dfrtp_1)
                          0.25    0.69   clock uncertainty
                          0.00    0.69   clock reconvergence pessimism
                          0.41    1.10   library removal time
                                  1.10   data required time
-----------------------------------------------------------------------------
                                  1.10   data required time
                                 -5.36   data arrival time
-----------------------------------------------------------------------------
                                  4.26   slack (MET)


Startpoint: rst_n (input port clocked by clk)
Endpoint: _451_ (removal check against rising-edge clock clk)
Path Group: asynchronous
Path Type: min

Fanout     Cap    Slew   Delay    Time   Description
-----------------------------------------------------------------------------
                          0.00    0.00   clock clk (rise edge)
                          0.00    0.00   clock network delay (propagated)
                          5.00    5.00 ^ input external delay
                  0.05    0.03    5.03 ^ rst_n (in)
     1    0.01                           rst_n (net)
                  0.05    0.00    5.03 ^ input17/A (sky130_fd_sc_hd__buf_12)
                  0.36    0.29    5.32 ^ input17/X (sky130_fd_sc_hd__buf_12)
    65    0.32                           net17 (net)
                  0.37    0.03    5.36 ^ _451_/RESET_B (sky130_fd_sc_hd__dfrtp_1)
                                  5.36   data arrival time

                          0.00    0.00   clock clk (rise edge)
                          0.00    0.00   clock source latency
                  0.10    0.07    0.07 ^ clk (in)
     1    0.02                           clk (net)
                  0.10    0.00    0.07 ^ clkbuf_0_clk/A (sky130_fd_sc_hd__clkbuf_16)
                  0.10    0.20    0.27 ^ clkbuf_0_clk/X (sky130_fd_sc_hd__clkbuf_16)
     8    0.08                           clknet_0_clk (net)
                  0.10    0.00    0.27 ^ clkbuf_3_2__f_clk/A (sky130_fd_sc_hd__clkbuf_16)
                  0.05    0.16    0.43 ^ clkbuf_3_2__f_clk/X (sky130_fd_sc_hd__clkbuf_16)
    10    0.03                           clknet_3_2__leaf_clk (net)
                  0.05    0.00    0.43 ^ _451_/CLK (sky130_fd_sc_hd__dfrtp_1)
                          0.25    0.68   clock uncertainty
                          0.00    0.68   clock reconvergence pessimism
                          0.41    1.10   library removal time
                                  1.10   data required time
-----------------------------------------------------------------------------
                                  1.10   data required time
                                 -5.36   data arrival time
-----------------------------------------------------------------------------
                                  4.26   slack (MET)


Startpoint: rst_n (input port clocked by clk)
Endpoint: _464_ (removal check against rising-edge clock clk)
Path Group: asynchronous
Path Type: min

Fanout     Cap    Slew   Delay    Time   Description
-----------------------------------------------------------------------------
                          0.00    0.00   clock clk (rise edge)
                          0.00    0.00   clock network delay (propagated)
                          5.00    5.00 ^ input external delay
                  0.05    0.03    5.03 ^ rst_n (in)
     1    0.01                           rst_n (net)
                  0.05    0.00    5.03 ^ input17/A (sky130_fd_sc_hd__buf_12)
                  0.36    0.29    5.32 ^ input17/X (sky130_fd_sc_hd__buf_12)
    65    0.32                           net17 (net)
                  0.36    0.02    5.35 ^ _464_/RESET_B (sky130_fd_sc_hd__dfrtp_1)
                                  5.35   data arrival time

                          0.00    0.00   clock clk (rise edge)
                          0.00    0.00   clock source latency
                  0.10    0.07    0.07 ^ clk (in)
     1    0.02                           clk (net)
                  0.10    0.00    0.07 ^ clkbuf_0_clk/A (sky130_fd_sc_hd__clkbuf_16)
                  0.10    0.20    0.27 ^ clkbuf_0_clk/X (sky130_fd_sc_hd__clkbuf_16)
     8    0.08                           clknet_0_clk (net)
                  0.10    0.00    0.27 ^ clkbuf_3_4__f_clk/A (sky130_fd_sc_hd__clkbuf_16)
                  0.04    0.15    0.42 ^ clkbuf_3_4__f_clk/X (sky130_fd_sc_hd__clkbuf_16)
     6    0.02                           clknet_3_4__leaf_clk (net)
                  0.04    0.00    0.42 ^ _464_/CLK (sky130_fd_sc_hd__dfrtp_1)
                          0.25    0.67   clock uncertainty
                          0.00    0.67   clock reconvergence pessimism
                          0.41    1.08   library removal time
                                  1.08   data required time
-----------------------------------------------------------------------------
                                  1.08   data required time
                                 -5.35   data arrival time
-----------------------------------------------------------------------------
                                  4.26   slack (MET)


Startpoint: rst_n (input port clocked by clk)
Endpoint: _467_ (removal check against rising-edge clock clk)
Path Group: asynchronous
Path Type: min

Fanout     Cap    Slew   Delay    Time   Description
-----------------------------------------------------------------------------
                          0.00    0.00   clock clk (rise edge)
                          0.00    0.00   clock network delay (propagated)
                          5.00    5.00 ^ input external delay
                  0.05    0.03    5.03 ^ rst_n (in)
     1    0.01                           rst_n (net)
                  0.05    0.00    5.03 ^ input17/A (sky130_fd_sc_hd__buf_12)
                  0.36    0.29    5.32 ^ input17/X (sky130_fd_sc_hd__buf_12)
    65    0.32                           net17 (net)
                  0.36    0.02    5.35 ^ _467_/RESET_B (sky130_fd_sc_hd__dfrtp_1)
                                  5.35   data arrival time

                          0.00    0.00   clock clk (rise edge)
                          0.00    0.00   clock source latency
                  0.10    0.07    0.07 ^ clk (in)
     1    0.02                           clk (net)
                  0.10    0.00    0.07 ^ clkbuf_0_clk/A (sky130_fd_sc_hd__clkbuf_16)
                  0.10    0.20    0.27 ^ clkbuf_0_clk/X (sky130_fd_sc_hd__clkbuf_16)
     8    0.08                           clknet_0_clk (net)
                  0.10    0.00    0.27 ^ clkbuf_3_4__f_clk/A (sky130_fd_sc_hd__clkbuf_16)
                  0.04    0.15    0.42 ^ clkbuf_3_4__f_clk/X (sky130_fd_sc_hd__clkbuf_16)
     6    0.02                           clknet_3_4__leaf_clk (net)
                  0.04    0.00    0.42 ^ _467_/CLK (sky130_fd_sc_hd__dfrtp_1)
                          0.25    0.67   clock uncertainty
                          0.00    0.67   clock reconvergence pessimism
                          0.41    1.08   library removal time
                                  1.08   data required time
-----------------------------------------------------------------------------
                                  1.08   data required time
                                 -5.35   data arrival time
-----------------------------------------------------------------------------
                                  4.26   slack (MET)


Startpoint: rst_n (input port clocked by clk)
Endpoint: _462_ (removal check against rising-edge clock clk)
Path Group: asynchronous
Path Type: min

Fanout     Cap    Slew   Delay    Time   Description
-----------------------------------------------------------------------------
                          0.00    0.00   clock clk (rise edge)
                          0.00    0.00   clock network delay (propagated)
                          5.00    5.00 ^ input external delay
                  0.05    0.03    5.03 ^ rst_n (in)
     1    0.01                           rst_n (net)
                  0.05    0.00    5.03 ^ input17/A (sky130_fd_sc_hd__buf_12)
                  0.36    0.29    5.32 ^ input17/X (sky130_fd_sc_hd__buf_12)
    65    0.32                           net17 (net)
                  0.36    0.02    5.35 ^ _462_/RESET_B (sky130_fd_sc_hd__dfrtp_1)
                                  5.35   data arrival time

                          0.00    0.00   clock clk (rise edge)
                          0.00    0.00   clock source latency
                  0.10    0.07    0.07 ^ clk (in)
     1    0.02                           clk (net)
                  0.10    0.00    0.07 ^ clkbuf_0_clk/A (sky130_fd_sc_hd__clkbuf_16)
                  0.10    0.20    0.27 ^ clkbuf_0_clk/X (sky130_fd_sc_hd__clkbuf_16)
     8    0.08                           clknet_0_clk (net)
                  0.10    0.00    0.27 ^ clkbuf_3_4__f_clk/A (sky130_fd_sc_hd__clkbuf_16)
                  0.04    0.15    0.42 ^ clkbuf_3_4__f_clk/X (sky130_fd_sc_hd__clkbuf_16)
     6    0.02                           clknet_3_4__leaf_clk (net)
                  0.04    0.00    0.42 ^ _462_/CLK (sky130_fd_sc_hd__dfrtp_1)
                          0.25    0.67   clock uncertainty
                          0.00    0.67   clock reconvergence pessimism
                          0.41    1.08   library removal time
                                  1.08   data required time
-----------------------------------------------------------------------------
                                  1.08   data required time
                                 -5.35   data arrival time
-----------------------------------------------------------------------------
                                  4.26   slack (MET)


Startpoint: rst_n (input port clocked by clk)
Endpoint: _423_ (removal check against rising-edge clock clk)
Path Group: asynchronous
Path Type: min

Fanout     Cap    Slew   Delay    Time   Description
-----------------------------------------------------------------------------
                          0.00    0.00   clock clk (rise edge)
                          0.00    0.00   clock network delay (propagated)
                          5.00    5.00 ^ input external delay
                  0.05    0.03    5.03 ^ rst_n (in)
     1    0.01                           rst_n (net)
                  0.05    0.00    5.03 ^ input17/A (sky130_fd_sc_hd__buf_12)
                  0.36    0.29    5.32 ^ input17/X (sky130_fd_sc_hd__buf_12)
    65    0.32                           net17 (net)
                  0.37    0.04    5.36 ^ _423_/RESET_B (sky130_fd_sc_hd__dfrtp_1)
                                  5.36   data arrival time

                          0.00    0.00   clock clk (rise edge)
                          0.00    0.00   clock source latency
                  0.10    0.07    0.07 ^ clk (in)
     1    0.02                           clk (net)
                  0.10    0.00    0.07 ^ clkbuf_0_clk/A (sky130_fd_sc_hd__clkbuf_16)
                  0.10    0.20    0.27 ^ clkbuf_0_clk/X (sky130_fd_sc_hd__clkbuf_16)
     8    0.08                           clknet_0_clk (net)
                  0.10    0.00    0.27 ^ clkbuf_3_3__f_clk/A (sky130_fd_sc_hd__clkbuf_16)
                  0.05    0.16    0.43 ^ clkbuf_3_3__f_clk/X (sky130_fd_sc_hd__clkbuf_16)
    10    0.03                           clknet_3_3__leaf_clk (net)
                  0.05    0.00    0.44 ^ _423_/CLK (sky130_fd_sc_hd__dfrtp_1)
                          0.25    0.69   clock uncertainty
                          0.00    0.69   clock reconvergence pessimism
                          0.41    1.10   library removal time
                                  1.10   data required time
-----------------------------------------------------------------------------
                                  1.10   data required time
                                 -5.36   data arrival time
-----------------------------------------------------------------------------
                                  4.26   slack (MET)


Startpoint: rst_n (input port clocked by clk)
Endpoint: _425_ (removal check against rising-edge clock clk)
Path Group: asynchronous
Path Type: min

Fanout     Cap    Slew   Delay    Time   Description
-----------------------------------------------------------------------------
                          0.00    0.00   clock clk (rise edge)
                          0.00    0.00   clock network delay (propagated)
                          5.00    5.00 ^ input external delay
                  0.05    0.03    5.03 ^ rst_n (in)
     1    0.01                           rst_n (net)
                  0.05    0.00    5.03 ^ input17/A (sky130_fd_sc_hd__buf_12)
                  0.36    0.29    5.32 ^ input17/X (sky130_fd_sc_hd__buf_12)
    65    0.32                           net17 (net)
                  0.37    0.04    5.36 ^ _425_/RESET_B (sky130_fd_sc_hd__dfrtp_1)
                                  5.36   data arrival time

                          0.00    0.00   clock clk (rise edge)
                          0.00    0.00   clock source latency
                  0.10    0.07    0.07 ^ clk (in)
     1    0.02                           clk (net)
                  0.10    0.00    0.07 ^ clkbuf_0_clk/A (sky130_fd_sc_hd__clkbuf_16)
                  0.10    0.20    0.27 ^ clkbuf_0_clk/X (sky130_fd_sc_hd__clkbuf_16)
     8    0.08                           clknet_0_clk (net)
                  0.10    0.00    0.27 ^ clkbuf_3_3__f_clk/A (sky130_fd_sc_hd__clkbuf_16)
                  0.05    0.16    0.43 ^ clkbuf_3_3__f_clk/X (sky130_fd_sc_hd__clkbuf_16)
    10    0.03                           clknet_3_3__leaf_clk (net)
                  0.05    0.00    0.44 ^ _425_/CLK (sky130_fd_sc_hd__dfrtp_1)
                          0.25    0.69   clock uncertainty
                          0.00    0.69   clock reconvergence pessimism
                          0.41    1.10   library removal time
                                  1.10   data required time
-----------------------------------------------------------------------------
                                  1.10   data required time
                                 -5.36   data arrival time
-----------------------------------------------------------------------------
                                  4.26   slack (MET)


Startpoint: rst_n (input port clocked by clk)
Endpoint: _452_ (removal check against rising-edge clock clk)
Path Group: asynchronous
Path Type: min

Fanout     Cap    Slew   Delay    Time   Description
-----------------------------------------------------------------------------
                          0.00    0.00   clock clk (rise edge)
                          0.00    0.00   clock network delay (propagated)
                          5.00    5.00 ^ input external delay
                  0.05    0.03    5.03 ^ rst_n (in)
     1    0.01                           rst_n (net)
                  0.05    0.00    5.03 ^ input17/A (sky130_fd_sc_hd__buf_12)
                  0.36    0.29    5.32 ^ input17/X (sky130_fd_sc_hd__buf_12)
    65    0.32                           net17 (net)
                  0.37    0.04    5.36 ^ _452_/RESET_B (sky130_fd_sc_hd__dfrtp_1)
                                  5.36   data arrival time

                          0.00    0.00   clock clk (rise edge)
                          0.00    0.00   clock source latency
                  0.10    0.07    0.07 ^ clk (in)
     1    0.02                           clk (net)
                  0.10    0.00    0.07 ^ clkbuf_0_clk/A (sky130_fd_sc_hd__clkbuf_16)
                  0.10    0.20    0.27 ^ clkbuf_0_clk/X (sky130_fd_sc_hd__clkbuf_16)
     8    0.08                           clknet_0_clk (net)
                  0.10    0.00    0.27 ^ clkbuf_3_3__f_clk/A (sky130_fd_sc_hd__clkbuf_16)
                  0.05    0.16    0.43 ^ clkbuf_3_3__f_clk/X (sky130_fd_sc_hd__clkbuf_16)
    10    0.03                           clknet_3_3__leaf_clk (net)
                  0.05    0.00    0.44 ^ _452_/CLK (sky130_fd_sc_hd__dfrtp_1)
                          0.25    0.69   clock uncertainty
                          0.00    0.69   clock reconvergence pessimism
                          0.41    1.10   library removal time
                                  1.10   data required time
-----------------------------------------------------------------------------
                                  1.10   data required time
                                 -5.36   data arrival time
-----------------------------------------------------------------------------
                                  4.26   slack (MET)


Startpoint: rst_n (input port clocked by clk)
Endpoint: _466_ (removal check against rising-edge clock clk)
Path Group: asynchronous
Path Type: min

Fanout     Cap    Slew   Delay    Time   Description
-----------------------------------------------------------------------------
                          0.00    0.00   clock clk (rise edge)
                          0.00    0.00   clock network delay (propagated)
                          5.00    5.00 ^ input external delay
                  0.05    0.03    5.03 ^ rst_n (in)
     1    0.01                           rst_n (net)
                  0.05    0.00    5.03 ^ input17/A (sky130_fd_sc_hd__buf_12)
                  0.36    0.29    5.32 ^ input17/X (sky130_fd_sc_hd__buf_12)
    65    0.32                           net17 (net)
                  0.37    0.02    5.35 ^ _466_/RESET_B (sky130_fd_sc_hd__dfrtp_1)
                                  5.35   data arrival time

                          0.00    0.00   clock clk (rise edge)
                          0.00    0.00   clock source latency
                  0.10    0.07    0.07 ^ clk (in)
     1    0.02                           clk (net)
                  0.10    0.00    0.07 ^ clkbuf_0_clk/A (sky130_fd_sc_hd__clkbuf_16)
                  0.10    0.20    0.27 ^ clkbuf_0_clk/X (sky130_fd_sc_hd__clkbuf_16)
     8    0.08                           clknet_0_clk (net)
                  0.10    0.00    0.27 ^ clkbuf_3_4__f_clk/A (sky130_fd_sc_hd__clkbuf_16)
                  0.04    0.15    0.42 ^ clkbuf_3_4__f_clk/X (sky130_fd_sc_hd__clkbuf_16)
     6    0.02                           clknet_3_4__leaf_clk (net)
                  0.04    0.00    0.42 ^ _466_/CLK (sky130_fd_sc_hd__dfrtp_1)
                          0.25    0.67   clock uncertainty
                          0.00    0.67   clock reconvergence pessimism
                          0.41    1.08   library removal time
                                  1.08   data required time
-----------------------------------------------------------------------------
                                  1.08   data required time
                                 -5.35   data arrival time
-----------------------------------------------------------------------------
                                  4.26   slack (MET)


Startpoint: rst_n (input port clocked by clk)
Endpoint: _450_ (removal check against rising-edge clock clk)
Path Group: asynchronous
Path Type: min

Fanout     Cap    Slew   Delay    Time   Description
-----------------------------------------------------------------------------
                          0.00    0.00   clock clk (rise edge)
                          0.00    0.00   clock network delay (propagated)
                          5.00    5.00 ^ input external delay
                  0.05    0.03    5.03 ^ rst_n (in)
     1    0.01                           rst_n (net)
                  0.05    0.00    5.03 ^ input17/A (sky130_fd_sc_hd__buf_12)
                  0.36    0.29    5.32 ^ input17/X (sky130_fd_sc_hd__buf_12)
    65    0.32                           net17 (net)
                  0.37    0.04    5.36 ^ _450_/RESET_B (sky130_fd_sc_hd__dfrtp_1)
                                  5.36   data arrival time

                          0.00    0.00   clock clk (rise edge)
                          0.00    0.00   clock source latency
                  0.10    0.07    0.07 ^ clk (in)
     1    0.02                           clk (net)
                  0.10    0.00    0.07 ^ clkbuf_0_clk/A (sky130_fd_sc_hd__clkbuf_16)
                  0.10    0.20    0.27 ^ clkbuf_0_clk/X (sky130_fd_sc_hd__clkbuf_16)
     8    0.08                           clknet_0_clk (net)
                  0.10    0.00    0.27 ^ clkbuf_3_3__f_clk/A (sky130_fd_sc_hd__clkbuf_16)
                  0.05    0.16    0.43 ^ clkbuf_3_3__f_clk/X (sky130_fd_sc_hd__clkbuf_16)
    10    0.03                           clknet_3_3__leaf_clk (net)
                  0.05    0.00    0.44 ^ _450_/CLK (sky130_fd_sc_hd__dfrtp_1)
                          0.25    0.69   clock uncertainty
                          0.00    0.69   clock reconvergence pessimism
                          0.41    1.10   library removal time
                                  1.10   data required time
-----------------------------------------------------------------------------
                                  1.10   data required time
                                 -5.36   data arrival time
-----------------------------------------------------------------------------
                                  4.26   slack (MET)


Startpoint: rst_n (input port clocked by clk)
Endpoint: _465_ (removal check against rising-edge clock clk)
Path Group: asynchronous
Path Type: min

Fanout     Cap    Slew   Delay    Time   Description
-----------------------------------------------------------------------------
                          0.00    0.00   clock clk (rise edge)
                          0.00    0.00   clock network delay (propagated)
                          5.00    5.00 ^ input external delay
                  0.05    0.03    5.03 ^ rst_n (in)
     1    0.01                           rst_n (net)
                  0.05    0.00    5.03 ^ input17/A (sky130_fd_sc_hd__buf_12)
                  0.36    0.29    5.32 ^ input17/X (sky130_fd_sc_hd__buf_12)
    65    0.32                           net17 (net)
                  0.37    0.02    5.35 ^ _465_/RESET_B (sky130_fd_sc_hd__dfrtp_1)
                                  5.35   data arrival time

                          0.00    0.00   clock clk (rise edge)
                          0.00    0.00   clock source latency
                  0.10    0.07    0.07 ^ clk (in)
     1    0.02                           clk (net)
                  0.10    0.00    0.07 ^ clkbuf_0_clk/A (sky130_fd_sc_hd__clkbuf_16)
                  0.10    0.20    0.27 ^ clkbuf_0_clk/X (sky130_fd_sc_hd__clkbuf_16)
     8    0.08                           clknet_0_clk (net)
                  0.10    0.00    0.27 ^ clkbuf_3_4__f_clk/A (sky130_fd_sc_hd__clkbuf_16)
                  0.04    0.15    0.42 ^ clkbuf_3_4__f_clk/X (sky130_fd_sc_hd__clkbuf_16)
     6    0.02                           clknet_3_4__leaf_clk (net)
                  0.04    0.00    0.42 ^ _465_/CLK (sky130_fd_sc_hd__dfrtp_1)
                          0.25    0.67   clock uncertainty
                          0.00    0.67   clock reconvergence pessimism
                          0.41    1.08   library removal time
                                  1.08   data required time
-----------------------------------------------------------------------------
                                  1.08   data required time
                                 -5.35   data arrival time
-----------------------------------------------------------------------------
                                  4.26   slack (MET)


Startpoint: rst_n (input port clocked by clk)
Endpoint: _447_ (removal check against rising-edge clock clk)
Path Group: asynchronous
Path Type: min

Fanout     Cap    Slew   Delay    Time   Description
-----------------------------------------------------------------------------
                          0.00    0.00   clock clk (rise edge)
                          0.00    0.00   clock network delay (propagated)
                          5.00    5.00 ^ input external delay
                  0.05    0.03    5.03 ^ rst_n (in)
     1    0.01                           rst_n (net)
                  0.05    0.00    5.03 ^ input17/A (sky130_fd_sc_hd__buf_12)
                  0.36    0.29    5.32 ^ input17/X (sky130_fd_sc_hd__buf_12)
    65    0.32                           net17 (net)
                  0.37    0.04    5.36 ^ _447_/RESET_B (sky130_fd_sc_hd__dfrtp_1)
                                  5.36   data arrival time

                          0.00    0.00   clock clk (rise edge)
                          0.00    0.00   clock source latency
                  0.10    0.07    0.07 ^ clk (in)
     1    0.02                           clk (net)
                  0.10    0.00    0.07 ^ clkbuf_0_clk/A (sky130_fd_sc_hd__clkbuf_16)
                  0.10    0.20    0.27 ^ clkbuf_0_clk/X (sky130_fd_sc_hd__clkbuf_16)
     8    0.08                           clknet_0_clk (net)
                  0.10    0.00    0.27 ^ clkbuf_3_2__f_clk/A (sky130_fd_sc_hd__clkbuf_16)
                  0.05    0.16    0.43 ^ clkbuf_3_2__f_clk/X (sky130_fd_sc_hd__clkbuf_16)
    10    0.03                           clknet_3_2__leaf_clk (net)
                  0.05    0.00    0.43 ^ _447_/CLK (sky130_fd_sc_hd__dfrtp_1)
                          0.25    0.68   clock uncertainty
                          0.00    0.68   clock reconvergence pessimism
                          0.41    1.10   library removal time
                                  1.10   data required time
-----------------------------------------------------------------------------
                                  1.10   data required time
                                 -5.36   data arrival time
-----------------------------------------------------------------------------
                                  4.26   slack (MET)


Startpoint: rst_n (input port clocked by clk)
Endpoint: _446_ (removal check against rising-edge clock clk)
Path Group: asynchronous
Path Type: min

Fanout     Cap    Slew   Delay    Time   Description
-----------------------------------------------------------------------------
                          0.00    0.00   clock clk (rise edge)
                          0.00    0.00   clock network delay (propagated)
                          5.00    5.00 ^ input external delay
                  0.05    0.03    5.03 ^ rst_n (in)
     1    0.01                           rst_n (net)
                  0.05    0.00    5.03 ^ input17/A (sky130_fd_sc_hd__buf_12)
                  0.36    0.29    5.32 ^ input17/X (sky130_fd_sc_hd__buf_12)
    65    0.32                           net17 (net)
                  0.37    0.04    5.36 ^ _446_/RESET_B (sky130_fd_sc_hd__dfrtp_1)
                                  5.36   data arrival time

                          0.00    0.00   clock clk (rise edge)
                          0.00    0.00   clock source latency
                  0.10    0.07    0.07 ^ clk (in)
     1    0.02                           clk (net)
                  0.10    0.00    0.07 ^ clkbuf_0_clk/A (sky130_fd_sc_hd__clkbuf_16)
                  0.10    0.20    0.27 ^ clkbuf_0_clk/X (sky130_fd_sc_hd__clkbuf_16)
     8    0.08                           clknet_0_clk (net)
                  0.10    0.00    0.27 ^ clkbuf_3_3__f_clk/A (sky130_fd_sc_hd__clkbuf_16)
                  0.05    0.16    0.43 ^ clkbuf_3_3__f_clk/X (sky130_fd_sc_hd__clkbuf_16)
    10    0.03                           clknet_3_3__leaf_clk (net)
                  0.05    0.00    0.43 ^ _446_/CLK (sky130_fd_sc_hd__dfrtp_1)
                          0.25    0.68   clock uncertainty
                          0.00    0.68   clock reconvergence pessimism
                          0.41    1.10   library removal time
                                  1.10   data required time
-----------------------------------------------------------------------------
                                  1.10   data required time
                                 -5.36   data arrival time
-----------------------------------------------------------------------------
                                  4.27   slack (MET)


Startpoint: rst_n (input port clocked by clk)
Endpoint: _445_ (removal check against rising-edge clock clk)
Path Group: asynchronous
Path Type: min

Fanout     Cap    Slew   Delay    Time   Description
-----------------------------------------------------------------------------
                          0.00    0.00   clock clk (rise edge)
                          0.00    0.00   clock network delay (propagated)
                          5.00    5.00 ^ input external delay
                  0.05    0.03    5.03 ^ rst_n (in)
     1    0.01                           rst_n (net)
                  0.05    0.00    5.03 ^ input17/A (sky130_fd_sc_hd__buf_12)
                  0.36    0.29    5.32 ^ input17/X (sky130_fd_sc_hd__buf_12)
    65    0.32                           net17 (net)
                  0.37    0.04    5.36 ^ _445_/RESET_B (sky130_fd_sc_hd__dfrtp_1)
                                  5.36   data arrival time

                          0.00    0.00   clock clk (rise edge)
                          0.00    0.00   clock source latency
                  0.10    0.07    0.07 ^ clk (in)
     1    0.02                           clk (net)
                  0.10    0.00    0.07 ^ clkbuf_0_clk/A (sky130_fd_sc_hd__clkbuf_16)
                  0.10    0.20    0.27 ^ clkbuf_0_clk/X (sky130_fd_sc_hd__clkbuf_16)
     8    0.08                           clknet_0_clk (net)
                  0.10    0.00    0.27 ^ clkbuf_3_3__f_clk/A (sky130_fd_sc_hd__clkbuf_16)
                  0.05    0.16    0.43 ^ clkbuf_3_3__f_clk/X (sky130_fd_sc_hd__clkbuf_16)
    10    0.03                           clknet_3_3__leaf_clk (net)
                  0.05    0.00    0.43 ^ _445_/CLK (sky130_fd_sc_hd__dfrtp_1)
                          0.25    0.68   clock uncertainty
                          0.00    0.68   clock reconvergence pessimism
                          0.41    1.10   library removal time
                                  1.10   data required time
-----------------------------------------------------------------------------
                                  1.10   data required time
                                 -5.36   data arrival time
-----------------------------------------------------------------------------
                                  4.27   slack (MET)


Startpoint: rst_n (input port clocked by clk)
Endpoint: _460_ (removal check against rising-edge clock clk)
Path Group: asynchronous
Path Type: min

Fanout     Cap    Slew   Delay    Time   Description
-----------------------------------------------------------------------------
                          0.00    0.00   clock clk (rise edge)
                          0.00    0.00   clock network delay (propagated)
                          5.00    5.00 ^ input external delay
                  0.05    0.03    5.03 ^ rst_n (in)
     1    0.01                           rst_n (net)
                  0.05    0.00    5.03 ^ input17/A (sky130_fd_sc_hd__buf_12)
                  0.36    0.29    5.32 ^ input17/X (sky130_fd_sc_hd__buf_12)
    65    0.32                           net17 (net)
                  0.37    0.04    5.37 ^ _460_/RESET_B (sky130_fd_sc_hd__dfrtp_1)
                                  5.37   data arrival time

                          0.00    0.00   clock clk (rise edge)
                          0.00    0.00   clock source latency
                  0.10    0.07    0.07 ^ clk (in)
     1    0.02                           clk (net)
                  0.10    0.00    0.07 ^ clkbuf_0_clk/A (sky130_fd_sc_hd__clkbuf_16)
                  0.10    0.20    0.27 ^ clkbuf_0_clk/X (sky130_fd_sc_hd__clkbuf_16)
     8    0.08                           clknet_0_clk (net)
                  0.10    0.00    0.27 ^ clkbuf_3_3__f_clk/A (sky130_fd_sc_hd__clkbuf_16)
                  0.05    0.16    0.43 ^ clkbuf_3_3__f_clk/X (sky130_fd_sc_hd__clkbuf_16)
    10    0.03                           clknet_3_3__leaf_clk (net)
                  0.05    0.00    0.44 ^ _460_/CLK (sky130_fd_sc_hd__dfrtp_1)
                          0.25    0.69   clock uncertainty
                          0.00    0.69   clock reconvergence pessimism
                          0.41    1.10   library removal time
                                  1.10   data required time
-----------------------------------------------------------------------------
                                  1.10   data required time
                                 -5.37   data arrival time
-----------------------------------------------------------------------------
                                  4.27   slack (MET)


Startpoint: rst_n (input port clocked by clk)
Endpoint: _461_ (removal check against rising-edge clock clk)
Path Group: asynchronous
Path Type: min

Fanout     Cap    Slew   Delay    Time   Description
-----------------------------------------------------------------------------
                          0.00    0.00   clock clk (rise edge)
                          0.00    0.00   clock network delay (propagated)
                          5.00    5.00 ^ input external delay
                  0.05    0.03    5.03 ^ rst_n (in)
     1    0.01                           rst_n (net)
                  0.05    0.00    5.03 ^ input17/A (sky130_fd_sc_hd__buf_12)
                  0.36    0.29    5.32 ^ input17/X (sky130_fd_sc_hd__buf_12)
    65    0.32                           net17 (net)
                  0.37    0.04    5.37 ^ _461_/RESET_B (sky130_fd_sc_hd__dfrtp_1)
                                  5.37   data arrival time

                          0.00    0.00   clock clk (rise edge)
                          0.00    0.00   clock source latency
                  0.10    0.07    0.07 ^ clk (in)
     1    0.02                           clk (net)
                  0.10    0.00    0.07 ^ clkbuf_0_clk/A (sky130_fd_sc_hd__clkbuf_16)
                  0.10    0.20    0.27 ^ clkbuf_0_clk/X (sky130_fd_sc_hd__clkbuf_16)
     8    0.08                           clknet_0_clk (net)
                  0.10    0.00    0.27 ^ clkbuf_3_3__f_clk/A (sky130_fd_sc_hd__clkbuf_16)
                  0.05    0.16    0.43 ^ clkbuf_3_3__f_clk/X (sky130_fd_sc_hd__clkbuf_16)
    10    0.03                           clknet_3_3__leaf_clk (net)
                  0.05    0.00    0.44 ^ _461_/CLK (sky130_fd_sc_hd__dfrtp_1)
                          0.25    0.69   clock uncertainty
                          0.00    0.69   clock reconvergence pessimism
                          0.41    1.10   library removal time
                                  1.10   data required time
-----------------------------------------------------------------------------
                                  1.10   data required time
                                 -5.37   data arrival time
-----------------------------------------------------------------------------
                                  4.27   slack (MET)


Startpoint: rst_n (input port clocked by clk)
Endpoint: _457_ (removal check against rising-edge clock clk)
Path Group: asynchronous
Path Type: min

Fanout     Cap    Slew   Delay    Time   Description
-----------------------------------------------------------------------------
                          0.00    0.00   clock clk (rise edge)
                          0.00    0.00   clock network delay (propagated)
                          5.00    5.00 ^ input external delay
                  0.05    0.03    5.03 ^ rst_n (in)
     1    0.01                           rst_n (net)
                  0.05    0.00    5.03 ^ input17/A (sky130_fd_sc_hd__buf_12)
                  0.36    0.29    5.32 ^ input17/X (sky130_fd_sc_hd__buf_12)
    65    0.32                           net17 (net)
                  0.37    0.04    5.37 ^ _457_/RESET_B (sky130_fd_sc_hd__dfrtp_1)
                                  5.37   data arrival time

                          0.00    0.00   clock clk (rise edge)
                          0.00    0.00   clock source latency
                  0.10    0.07    0.07 ^ clk (in)
     1    0.02                           clk (net)
                  0.10    0.00    0.07 ^ clkbuf_0_clk/A (sky130_fd_sc_hd__clkbuf_16)
                  0.10    0.20    0.27 ^ clkbuf_0_clk/X (sky130_fd_sc_hd__clkbuf_16)
     8    0.08                           clknet_0_clk (net)
                  0.10    0.00    0.27 ^ clkbuf_3_3__f_clk/A (sky130_fd_sc_hd__clkbuf_16)
                  0.05    0.16    0.43 ^ clkbuf_3_3__f_clk/X (sky130_fd_sc_hd__clkbuf_16)
    10    0.03                           clknet_3_3__leaf_clk (net)
                  0.05    0.00    0.44 ^ _457_/CLK (sky130_fd_sc_hd__dfrtp_1)
                          0.25    0.69   clock uncertainty
                          0.00    0.69   clock reconvergence pessimism
                          0.41    1.10   library removal time
                                  1.10   data required time
-----------------------------------------------------------------------------
                                  1.10   data required time
                                 -5.37   data arrival time
-----------------------------------------------------------------------------
                                  4.27   slack (MET)


Startpoint: rst_n (input port clocked by clk)
Endpoint: _424_ (removal check against rising-edge clock clk)
Path Group: asynchronous
Path Type: min

Fanout     Cap    Slew   Delay    Time   Description
-----------------------------------------------------------------------------
                          0.00    0.00   clock clk (rise edge)
                          0.00    0.00   clock network delay (propagated)
                          5.00    5.00 ^ input external delay
                  0.05    0.03    5.03 ^ rst_n (in)
     1    0.01                           rst_n (net)
                  0.05    0.00    5.03 ^ input17/A (sky130_fd_sc_hd__buf_12)
                  0.36    0.29    5.32 ^ input17/X (sky130_fd_sc_hd__buf_12)
    65    0.32                           net17 (net)
                  0.37    0.04    5.37 ^ _424_/RESET_B (sky130_fd_sc_hd__dfrtp_1)
                                  5.37   data arrival time

                          0.00    0.00   clock clk (rise edge)
                          0.00    0.00   clock source latency
                  0.10    0.07    0.07 ^ clk (in)
     1    0.02                           clk (net)
                  0.10    0.00    0.07 ^ clkbuf_0_clk/A (sky130_fd_sc_hd__clkbuf_16)
                  0.10    0.20    0.27 ^ clkbuf_0_clk/X (sky130_fd_sc_hd__clkbuf_16)
     8    0.08                           clknet_0_clk (net)
                  0.10    0.00    0.27 ^ clkbuf_3_3__f_clk/A (sky130_fd_sc_hd__clkbuf_16)
                  0.05    0.16    0.43 ^ clkbuf_3_3__f_clk/X (sky130_fd_sc_hd__clkbuf_16)
    10    0.03                           clknet_3_3__leaf_clk (net)
                  0.05    0.00    0.44 ^ _424_/CLK (sky130_fd_sc_hd__dfrtp_1)
                          0.25    0.69   clock uncertainty
                          0.00    0.69   clock reconvergence pessimism
                          0.41    1.10   library removal time
                                  1.10   data required time
-----------------------------------------------------------------------------
                                  1.10   data required time
                                 -5.37   data arrival time
-----------------------------------------------------------------------------
                                  4.27   slack (MET)


Startpoint: rst_n (input port clocked by clk)
Endpoint: _459_ (removal check against rising-edge clock clk)
Path Group: asynchronous
Path Type: min

Fanout     Cap    Slew   Delay    Time   Description
-----------------------------------------------------------------------------
                          0.00    0.00   clock clk (rise edge)
                          0.00    0.00   clock network delay (propagated)
                          5.00    5.00 ^ input external delay
                  0.05    0.03    5.03 ^ rst_n (in)
     1    0.01                           rst_n (net)
                  0.05    0.00    5.03 ^ input17/A (sky130_fd_sc_hd__buf_12)
                  0.36    0.29    5.32 ^ input17/X (sky130_fd_sc_hd__buf_12)
    65    0.32                           net17 (net)
                  0.37    0.04    5.36 ^ _459_/RESET_B (sky130_fd_sc_hd__dfrtp_1)
                                  5.36   data arrival time

                          0.00    0.00   clock clk (rise edge)
                          0.00    0.00   clock source latency
                  0.10    0.07    0.07 ^ clk (in)
     1    0.02                           clk (net)
                  0.10    0.00    0.07 ^ clkbuf_0_clk/A (sky130_fd_sc_hd__clkbuf_16)
                  0.10    0.20    0.27 ^ clkbuf_0_clk/X (sky130_fd_sc_hd__clkbuf_16)
     8    0.08                           clknet_0_clk (net)
                  0.10    0.00    0.27 ^ clkbuf_3_1__f_clk/A (sky130_fd_sc_hd__clkbuf_16)
                  0.04    0.15    0.43 ^ clkbuf_3_1__f_clk/X (sky130_fd_sc_hd__clkbuf_16)
     7    0.02                           clknet_3_1__leaf_clk (net)
                  0.04    0.00    0.43 ^ _459_/CLK (sky130_fd_sc_hd__dfrtp_1)
                          0.25    0.68   clock uncertainty
                          0.00    0.68   clock reconvergence pessimism
                          0.41    1.09   library removal time
                                  1.09   data required time
-----------------------------------------------------------------------------
                                  1.09   data required time
                                 -5.36   data arrival time
-----------------------------------------------------------------------------
                                  4.28   slack (MET)


Startpoint: rst_n (input port clocked by clk)
Endpoint: _438_ (removal check against rising-edge clock clk)
Path Group: asynchronous
Path Type: min

Fanout     Cap    Slew   Delay    Time   Description
-----------------------------------------------------------------------------
                          0.00    0.00   clock clk (rise edge)
                          0.00    0.00   clock network delay (propagated)
                          5.00    5.00 ^ input external delay
                  0.05    0.03    5.03 ^ rst_n (in)
     1    0.01                           rst_n (net)
                  0.05    0.00    5.03 ^ input17/A (sky130_fd_sc_hd__buf_12)
                  0.36    0.29    5.32 ^ input17/X (sky130_fd_sc_hd__buf_12)
    65    0.32                           net17 (net)
                  0.37    0.04    5.36 ^ _438_/RESET_B (sky130_fd_sc_hd__dfrtp_1)
                                  5.36   data arrival time

                          0.00    0.00   clock clk (rise edge)
                          0.00    0.00   clock source latency
                  0.10    0.07    0.07 ^ clk (in)
     1    0.02                           clk (net)
                  0.10    0.00    0.07 ^ clkbuf_0_clk/A (sky130_fd_sc_hd__clkbuf_16)
                  0.10    0.20    0.27 ^ clkbuf_0_clk/X (sky130_fd_sc_hd__clkbuf_16)
     8    0.08                           clknet_0_clk (net)
                  0.10    0.00    0.27 ^ clkbuf_3_1__f_clk/A (sky130_fd_sc_hd__clkbuf_16)
                  0.04    0.15    0.43 ^ clkbuf_3_1__f_clk/X (sky130_fd_sc_hd__clkbuf_16)
     7    0.02                           clknet_3_1__leaf_clk (net)
                  0.04    0.00    0.43 ^ _438_/CLK (sky130_fd_sc_hd__dfrtp_1)
                          0.25    0.68   clock uncertainty
                          0.00    0.68   clock reconvergence pessimism
                          0.41    1.09   library removal time
                                  1.09   data required time
-----------------------------------------------------------------------------
                                  1.09   data required time
                                 -5.36   data arrival time
-----------------------------------------------------------------------------
                                  4.28   slack (MET)


Startpoint: rst_n (input port clocked by clk)
Endpoint: _478_ (removal check against rising-edge clock clk)
Path Group: asynchronous
Path Type: min

Fanout     Cap    Slew   Delay    Time   Description
-----------------------------------------------------------------------------
                          0.00    0.00   clock clk (rise edge)
                          0.00    0.00   clock network delay (propagated)
                          5.00    5.00 ^ input external delay
                  0.05    0.03    5.03 ^ rst_n (in)
     1    0.01                           rst_n (net)
                  0.05    0.00    5.03 ^ input17/A (sky130_fd_sc_hd__buf_12)
                  0.36    0.29    5.32 ^ input17/X (sky130_fd_sc_hd__buf_12)
    65    0.32                           net17 (net)
                  0.37    0.04    5.37 ^ _478_/RESET_B (sky130_fd_sc_hd__dfrtp_1)
                                  5.37   data arrival time

                          0.00    0.00   clock clk (rise edge)
                          0.00    0.00   clock source latency
                  0.10    0.07    0.07 ^ clk (in)
     1    0.02                           clk (net)
                  0.10    0.00    0.07 ^ clkbuf_0_clk/A (sky130_fd_sc_hd__clkbuf_16)
                  0.10    0.20    0.27 ^ clkbuf_0_clk/X (sky130_fd_sc_hd__clkbuf_16)
     8    0.08                           clknet_0_clk (net)
                  0.10    0.00    0.27 ^ clkbuf_3_5__f_clk/A (sky130_fd_sc_hd__clkbuf_16)
                  0.04    0.15    0.43 ^ clkbuf_3_5__f_clk/X (sky130_fd_sc_hd__clkbuf_16)
     7    0.02                           clknet_3_5__leaf_clk (net)
                  0.04    0.00    0.43 ^ _478_/CLK (sky130_fd_sc_hd__dfrtp_1)
                          0.25    0.68   clock uncertainty
                          0.00    0.68   clock reconvergence pessimism
                          0.41    1.09   library removal time
                                  1.09   data required time
-----------------------------------------------------------------------------
                                  1.09   data required time
                                 -5.37   data arrival time
-----------------------------------------------------------------------------
                                  4.28   slack (MET)


Startpoint: rst_n (input port clocked by clk)
Endpoint: _480_ (removal check against rising-edge clock clk)
Path Group: asynchronous
Path Type: min

Fanout     Cap    Slew   Delay    Time   Description
-----------------------------------------------------------------------------
                          0.00    0.00   clock clk (rise edge)
                          0.00    0.00   clock network delay (propagated)
                          5.00    5.00 ^ input external delay
                  0.05    0.03    5.03 ^ rst_n (in)
     1    0.01                           rst_n (net)
                  0.05    0.00    5.03 ^ input17/A (sky130_fd_sc_hd__buf_12)
                  0.36    0.29    5.32 ^ input17/X (sky130_fd_sc_hd__buf_12)
    65    0.32                           net17 (net)
                  0.37    0.04    5.37 ^ _480_/RESET_B (sky130_fd_sc_hd__dfrtp_1)
                                  5.37   data arrival time

                          0.00    0.00   clock clk (rise edge)
                          0.00    0.00   clock source latency
                  0.10    0.07    0.07 ^ clk (in)
     1    0.02                           clk (net)
                  0.10    0.00    0.07 ^ clkbuf_0_clk/A (sky130_fd_sc_hd__clkbuf_16)
                  0.10    0.20    0.27 ^ clkbuf_0_clk/X (sky130_fd_sc_hd__clkbuf_16)
     8    0.08                           clknet_0_clk (net)
                  0.10    0.00    0.27 ^ clkbuf_3_5__f_clk/A (sky130_fd_sc_hd__clkbuf_16)
                  0.04    0.15    0.43 ^ clkbuf_3_5__f_clk/X (sky130_fd_sc_hd__clkbuf_16)
     7    0.02                           clknet_3_5__leaf_clk (net)
                  0.04    0.00    0.43 ^ _480_/CLK (sky130_fd_sc_hd__dfrtp_1)
                          0.25    0.68   clock uncertainty
                          0.00    0.68   clock reconvergence pessimism
                          0.41    1.09   library removal time
                                  1.09   data required time
-----------------------------------------------------------------------------
                                  1.09   data required time
                                 -5.37   data arrival time
-----------------------------------------------------------------------------
                                  4.28   slack (MET)


Startpoint: rst_n (input port clocked by clk)
Endpoint: _479_ (removal check against rising-edge clock clk)
Path Group: asynchronous
Path Type: min

Fanout     Cap    Slew   Delay    Time   Description
-----------------------------------------------------------------------------
                          0.00    0.00   clock clk (rise edge)
                          0.00    0.00   clock network delay (propagated)
                          5.00    5.00 ^ input external delay
                  0.05    0.03    5.03 ^ rst_n (in)
     1    0.01                           rst_n (net)
                  0.05    0.00    5.03 ^ input17/A (sky130_fd_sc_hd__buf_12)
                  0.36    0.29    5.32 ^ input17/X (sky130_fd_sc_hd__buf_12)
    65    0.32                           net17 (net)
                  0.37    0.04    5.37 ^ _479_/RESET_B (sky130_fd_sc_hd__dfrtp_1)
                                  5.37   data arrival time

                          0.00    0.00   clock clk (rise edge)
                          0.00    0.00   clock source latency
                  0.10    0.07    0.07 ^ clk (in)
     1    0.02                           clk (net)
                  0.10    0.00    0.07 ^ clkbuf_0_clk/A (sky130_fd_sc_hd__clkbuf_16)
                  0.10    0.20    0.27 ^ clkbuf_0_clk/X (sky130_fd_sc_hd__clkbuf_16)
     8    0.08                           clknet_0_clk (net)
                  0.10    0.00    0.27 ^ clkbuf_3_5__f_clk/A (sky130_fd_sc_hd__clkbuf_16)
                  0.04    0.15    0.43 ^ clkbuf_3_5__f_clk/X (sky130_fd_sc_hd__clkbuf_16)
     7    0.02                           clknet_3_5__leaf_clk (net)
                  0.04    0.00    0.43 ^ _479_/CLK (sky130_fd_sc_hd__dfrtp_1)
                          0.25    0.68   clock uncertainty
                          0.00    0.68   clock reconvergence pessimism
                          0.41    1.09   library removal time
                                  1.09   data required time
-----------------------------------------------------------------------------
                                  1.09   data required time
                                 -5.37   data arrival time
-----------------------------------------------------------------------------
                                  4.28   slack (MET)


Startpoint: rst_n (input port clocked by clk)
Endpoint: _482_ (removal check against rising-edge clock clk)
Path Group: asynchronous
Path Type: min

Fanout     Cap    Slew   Delay    Time   Description
-----------------------------------------------------------------------------
                          0.00    0.00   clock clk (rise edge)
                          0.00    0.00   clock network delay (propagated)
                          5.00    5.00 ^ input external delay
                  0.05    0.03    5.03 ^ rst_n (in)
     1    0.01                           rst_n (net)
                  0.05    0.00    5.03 ^ input17/A (sky130_fd_sc_hd__buf_12)
                  0.36    0.29    5.32 ^ input17/X (sky130_fd_sc_hd__buf_12)
    65    0.32                           net17 (net)
                  0.37    0.04    5.37 ^ _482_/RESET_B (sky130_fd_sc_hd__dfrtp_1)
                                  5.37   data arrival time

                          0.00    0.00   clock clk (rise edge)
                          0.00    0.00   clock source latency
                  0.10    0.07    0.07 ^ clk (in)
     1    0.02                           clk (net)
                  0.10    0.00    0.07 ^ clkbuf_0_clk/A (sky130_fd_sc_hd__clkbuf_16)
                  0.10    0.20    0.27 ^ clkbuf_0_clk/X (sky130_fd_sc_hd__clkbuf_16)
     8    0.08                           clknet_0_clk (net)
                  0.10    0.00    0.27 ^ clkbuf_3_6__f_clk/A (sky130_fd_sc_hd__clkbuf_16)
                  0.04    0.15    0.42 ^ clkbuf_3_6__f_clk/X (sky130_fd_sc_hd__clkbuf_16)
     6    0.02                           clknet_3_6__leaf_clk (net)
                  0.04    0.00    0.42 ^ _482_/CLK (sky130_fd_sc_hd__dfrtp_1)
                          0.25    0.67   clock uncertainty
                          0.00    0.67   clock reconvergence pessimism
                          0.41    1.08   library removal time
                                  1.08   data required time
-----------------------------------------------------------------------------
                                  1.08   data required time
                                 -5.37   data arrival time
-----------------------------------------------------------------------------
                                  4.28   slack (MET)


Startpoint: rst_n (input port clocked by clk)
Endpoint: _481_ (removal check against rising-edge clock clk)
Path Group: asynchronous
Path Type: min

Fanout     Cap    Slew   Delay    Time   Description
-----------------------------------------------------------------------------
                          0.00    0.00   clock clk (rise edge)
                          0.00    0.00   clock network delay (propagated)
                          5.00    5.00 ^ input external delay
                  0.05    0.03    5.03 ^ rst_n (in)
     1    0.01                           rst_n (net)
                  0.05    0.00    5.03 ^ input17/A (sky130_fd_sc_hd__buf_12)
                  0.36    0.29    5.32 ^ input17/X (sky130_fd_sc_hd__buf_12)
    65    0.32                           net17 (net)
                  0.37    0.04    5.37 ^ _481_/RESET_B (sky130_fd_sc_hd__dfrtp_1)
                                  5.37   data arrival time

                          0.00    0.00   clock clk (rise edge)
                          0.00    0.00   clock source latency
                  0.10    0.07    0.07 ^ clk (in)
     1    0.02                           clk (net)
                  0.10    0.00    0.07 ^ clkbuf_0_clk/A (sky130_fd_sc_hd__clkbuf_16)
                  0.10    0.20    0.27 ^ clkbuf_0_clk/X (sky130_fd_sc_hd__clkbuf_16)
     8    0.08                           clknet_0_clk (net)
                  0.10    0.00    0.27 ^ clkbuf_3_4__f_clk/A (sky130_fd_sc_hd__clkbuf_16)
                  0.04    0.15    0.42 ^ clkbuf_3_4__f_clk/X (sky130_fd_sc_hd__clkbuf_16)
     6    0.02                           clknet_3_4__leaf_clk (net)
                  0.04    0.00    0.42 ^ _481_/CLK (sky130_fd_sc_hd__dfrtp_1)
                          0.25    0.67   clock uncertainty
                          0.00    0.67   clock reconvergence pessimism
                          0.41    1.08   library removal time
                                  1.08   data required time
-----------------------------------------------------------------------------
                                  1.08   data required time
                                 -5.37   data arrival time
-----------------------------------------------------------------------------
                                  4.28   slack (MET)


Startpoint: rst_n (input port clocked by clk)
Endpoint: _456_ (removal check against rising-edge clock clk)
Path Group: asynchronous
Path Type: min

Fanout     Cap    Slew   Delay    Time   Description
-----------------------------------------------------------------------------
                          0.00    0.00   clock clk (rise edge)
                          0.00    0.00   clock network delay (propagated)
                          5.00    5.00 ^ input external delay
                  0.05    0.03    5.03 ^ rst_n (in)
     1    0.01                           rst_n (net)
                  0.05    0.00    5.03 ^ input17/A (sky130_fd_sc_hd__buf_12)
                  0.36    0.29    5.32 ^ input17/X (sky130_fd_sc_hd__buf_12)
    65    0.32                           net17 (net)
                  0.37    0.04    5.37 ^ _456_/RESET_B (sky130_fd_sc_hd__dfrtp_1)
                                  5.37   data arrival time

                          0.00    0.00   clock clk (rise edge)
                          0.00    0.00   clock source latency
                  0.10    0.07    0.07 ^ clk (in)
     1    0.02                           clk (net)
                  0.10    0.00    0.07 ^ clkbuf_0_clk/A (sky130_fd_sc_hd__clkbuf_16)
                  0.10    0.20    0.27 ^ clkbuf_0_clk/X (sky130_fd_sc_hd__clkbuf_16)
     8    0.08                           clknet_0_clk (net)
                  0.10    0.00    0.27 ^ clkbuf_3_6__f_clk/A (sky130_fd_sc_hd__clkbuf_16)
                  0.04    0.15    0.42 ^ clkbuf_3_6__f_clk/X (sky130_fd_sc_hd__clkbuf_16)
     6    0.02                           clknet_3_6__leaf_clk (net)
                  0.04    0.00    0.42 ^ _456_/CLK (sky130_fd_sc_hd__dfrtp_1)
                          0.25    0.67   clock uncertainty
                          0.00    0.67   clock reconvergence pessimism
                          0.41    1.08   library removal time
                                  1.08   data required time
-----------------------------------------------------------------------------
                                  1.08   data required time
                                 -5.37   data arrival time
-----------------------------------------------------------------------------
                                  4.28   slack (MET)


Startpoint: rst_n (input port clocked by clk)
Endpoint: _458_ (removal check against rising-edge clock clk)
Path Group: asynchronous
Path Type: min

Fanout     Cap    Slew   Delay    Time   Description
-----------------------------------------------------------------------------
                          0.00    0.00   clock clk (rise edge)
                          0.00    0.00   clock network delay (propagated)
                          5.00    5.00 ^ input external delay
                  0.05    0.03    5.03 ^ rst_n (in)
     1    0.01                           rst_n (net)
                  0.05    0.00    5.03 ^ input17/A (sky130_fd_sc_hd__buf_12)
                  0.36    0.29    5.32 ^ input17/X (sky130_fd_sc_hd__buf_12)
    65    0.32                           net17 (net)
                  0.37    0.04    5.37 ^ _458_/RESET_B (sky130_fd_sc_hd__dfrtp_1)
                                  5.37   data arrival time

                          0.00    0.00   clock clk (rise edge)
                          0.00    0.00   clock source latency
                  0.10    0.07    0.07 ^ clk (in)
     1    0.02                           clk (net)
                  0.10    0.00    0.07 ^ clkbuf_0_clk/A (sky130_fd_sc_hd__clkbuf_16)
                  0.10    0.20    0.27 ^ clkbuf_0_clk/X (sky130_fd_sc_hd__clkbuf_16)
     8    0.08                           clknet_0_clk (net)
                  0.10    0.00    0.27 ^ clkbuf_3_6__f_clk/A (sky130_fd_sc_hd__clkbuf_16)
                  0.04    0.15    0.42 ^ clkbuf_3_6__f_clk/X (sky130_fd_sc_hd__clkbuf_16)
     6    0.02                           clknet_3_6__leaf_clk (net)
                  0.04    0.00    0.43 ^ _458_/CLK (sky130_fd_sc_hd__dfrtp_1)
                          0.25    0.68   clock uncertainty
                          0.00    0.68   clock reconvergence pessimism
                          0.41    1.08   library removal time
                                  1.08   data required time
-----------------------------------------------------------------------------
                                  1.08   data required time
                                 -5.37   data arrival time
-----------------------------------------------------------------------------
                                  4.28   slack (MET)


Startpoint: rst_n (input port clocked by clk)
Endpoint: _455_ (removal check against rising-edge clock clk)
Path Group: asynchronous
Path Type: min

Fanout     Cap    Slew   Delay    Time   Description
-----------------------------------------------------------------------------
                          0.00    0.00   clock clk (rise edge)
                          0.00    0.00   clock network delay (propagated)
                          5.00    5.00 ^ input external delay
                  0.05    0.03    5.03 ^ rst_n (in)
     1    0.01                           rst_n (net)
                  0.05    0.00    5.03 ^ input17/A (sky130_fd_sc_hd__buf_12)
                  0.36    0.29    5.32 ^ input17/X (sky130_fd_sc_hd__buf_12)
    65    0.32                           net17 (net)
                  0.37    0.04    5.37 ^ _455_/RESET_B (sky130_fd_sc_hd__dfrtp_1)
                                  5.37   data arrival time

                          0.00    0.00   clock clk (rise edge)
                          0.00    0.00   clock source latency
                  0.10    0.07    0.07 ^ clk (in)
     1    0.02                           clk (net)
                  0.10    0.00    0.07 ^ clkbuf_0_clk/A (sky130_fd_sc_hd__clkbuf_16)
                  0.10    0.20    0.27 ^ clkbuf_0_clk/X (sky130_fd_sc_hd__clkbuf_16)
     8    0.08                           clknet_0_clk (net)
                  0.10    0.00    0.27 ^ clkbuf_3_6__f_clk/A (sky130_fd_sc_hd__clkbuf_16)
                  0.04    0.15    0.42 ^ clkbuf_3_6__f_clk/X (sky130_fd_sc_hd__clkbuf_16)
     6    0.02                           clknet_3_6__leaf_clk (net)
                  0.04    0.00    0.43 ^ _455_/CLK (sky130_fd_sc_hd__dfrtp_1)
                          0.25    0.68   clock uncertainty
                          0.00    0.68   clock reconvergence pessimism
                          0.41    1.09   library removal time
                                  1.09   data required time
-----------------------------------------------------------------------------
                                  1.09   data required time
                                 -5.37   data arrival time
-----------------------------------------------------------------------------
                                  4.28   slack (MET)


Startpoint: rst_n (input port clocked by clk)
Endpoint: _454_ (removal check against rising-edge clock clk)
Path Group: asynchronous
Path Type: min

Fanout     Cap    Slew   Delay    Time   Description
-----------------------------------------------------------------------------
                          0.00    0.00   clock clk (rise edge)
                          0.00    0.00   clock network delay (propagated)
                          5.00    5.00 ^ input external delay
                  0.05    0.03    5.03 ^ rst_n (in)
     1    0.01                           rst_n (net)
                  0.05    0.00    5.03 ^ input17/A (sky130_fd_sc_hd__buf_12)
                  0.36    0.29    5.32 ^ input17/X (sky130_fd_sc_hd__buf_12)
    65    0.32                           net17 (net)
                  0.37    0.05    5.37 ^ _454_/RESET_B (sky130_fd_sc_hd__dfrtp_1)
                                  5.37   data arrival time

                          0.00    0.00   clock clk (rise edge)
                          0.00    0.00   clock source latency
                  0.10    0.07    0.07 ^ clk (in)
     1    0.02                           clk (net)
                  0.10    0.00    0.07 ^ clkbuf_0_clk/A (sky130_fd_sc_hd__clkbuf_16)
                  0.10    0.20    0.27 ^ clkbuf_0_clk/X (sky130_fd_sc_hd__clkbuf_16)
     8    0.08                           clknet_0_clk (net)
                  0.10    0.00    0.27 ^ clkbuf_3_6__f_clk/A (sky130_fd_sc_hd__clkbuf_16)
                  0.04    0.15    0.42 ^ clkbuf_3_6__f_clk/X (sky130_fd_sc_hd__clkbuf_16)
     6    0.02                           clknet_3_6__leaf_clk (net)
                  0.04    0.00    0.43 ^ _454_/CLK (sky130_fd_sc_hd__dfrtp_1)
                          0.25    0.68   clock uncertainty
                          0.00    0.68   clock reconvergence pessimism
                          0.41    1.09   library removal time
                                  1.09   data required time
-----------------------------------------------------------------------------
                                  1.09   data required time
                                 -5.37   data arrival time
-----------------------------------------------------------------------------
                                  4.29   slack (MET)


Startpoint: rst_n (input port clocked by clk)
Endpoint: _453_ (removal check against rising-edge clock clk)
Path Group: asynchronous
Path Type: min

Fanout     Cap    Slew   Delay    Time   Description
-----------------------------------------------------------------------------
                          0.00    0.00   clock clk (rise edge)
                          0.00    0.00   clock network delay (propagated)
                          5.00    5.00 ^ input external delay
                  0.05    0.03    5.03 ^ rst_n (in)
     1    0.01                           rst_n (net)
                  0.05    0.00    5.03 ^ input17/A (sky130_fd_sc_hd__buf_12)
                  0.36    0.29    5.32 ^ input17/X (sky130_fd_sc_hd__buf_12)
    65    0.32                           net17 (net)
                  0.37    0.05    5.37 ^ _453_/RESET_B (sky130_fd_sc_hd__dfrtp_1)
                                  5.37   data arrival time

                          0.00    0.00   clock clk (rise edge)
                          0.00    0.00   clock source latency
                  0.10    0.07    0.07 ^ clk (in)
     1    0.02                           clk (net)
                  0.10    0.00    0.07 ^ clkbuf_0_clk/A (sky130_fd_sc_hd__clkbuf_16)
                  0.10    0.20    0.27 ^ clkbuf_0_clk/X (sky130_fd_sc_hd__clkbuf_16)
     8    0.08                           clknet_0_clk (net)
                  0.10    0.00    0.27 ^ clkbuf_3_6__f_clk/A (sky130_fd_sc_hd__clkbuf_16)
                  0.04    0.15    0.42 ^ clkbuf_3_6__f_clk/X (sky130_fd_sc_hd__clkbuf_16)
     6    0.02                           clknet_3_6__leaf_clk (net)
                  0.04    0.00    0.43 ^ _453_/CLK (sky130_fd_sc_hd__dfrtp_1)
                          0.25    0.68   clock uncertainty
                          0.00    0.68   clock reconvergence pessimism
                          0.41    1.09   library removal time
                                  1.09   data required time
-----------------------------------------------------------------------------
                                  1.09   data required time
                                 -5.37   data arrival time
-----------------------------------------------------------------------------
                                  4.29   slack (MET)


Startpoint: rst_n (input port clocked by clk)
Endpoint: _468_ (removal check against rising-edge clock clk)
Path Group: asynchronous
Path Type: min

Fanout     Cap    Slew   Delay    Time   Description
-----------------------------------------------------------------------------
                          0.00    0.00   clock clk (rise edge)
                          0.00    0.00   clock network delay (propagated)
                          5.00    5.00 ^ input external delay
                  0.05    0.03    5.03 ^ rst_n (in)
     1    0.01                           rst_n (net)
                  0.05    0.00    5.03 ^ input17/A (sky130_fd_sc_hd__buf_12)
                  0.36    0.29    5.32 ^ input17/X (sky130_fd_sc_hd__buf_12)
    65    0.32                           net17 (net)
                  0.37    0.05    5.37 ^ _468_/RESET_B (sky130_fd_sc_hd__dfrtp_1)
                                  5.37   data arrival time

                          0.00    0.00   clock clk (rise edge)
                          0.00    0.00   clock source latency
                  0.10    0.07    0.07 ^ clk (in)
     1    0.02                           clk (net)
                  0.10    0.00    0.07 ^ clkbuf_0_clk/A (sky130_fd_sc_hd__clkbuf_16)
                  0.10    0.20    0.27 ^ clkbuf_0_clk/X (sky130_fd_sc_hd__clkbuf_16)
     8    0.08                           clknet_0_clk (net)
                  0.10    0.00    0.27 ^ clkbuf_3_5__f_clk/A (sky130_fd_sc_hd__clkbuf_16)
                  0.04    0.15    0.43 ^ clkbuf_3_5__f_clk/X (sky130_fd_sc_hd__clkbuf_16)
     7    0.02                           clknet_3_5__leaf_clk (net)
                  0.04    0.00    0.43 ^ _468_/CLK (sky130_fd_sc_hd__dfrtp_1)
                          0.25    0.68   clock uncertainty
                          0.00    0.68   clock reconvergence pessimism
                          0.41    1.09   library removal time
                                  1.09   data required time
-----------------------------------------------------------------------------
                                  1.09   data required time
                                 -5.37   data arrival time
-----------------------------------------------------------------------------
                                  4.29   slack (MET)


Startpoint: rst_n (input port clocked by clk)
Endpoint: _474_ (removal check against rising-edge clock clk)
Path Group: asynchronous
Path Type: min

Fanout     Cap    Slew   Delay    Time   Description
-----------------------------------------------------------------------------
                          0.00    0.00   clock clk (rise edge)
                          0.00    0.00   clock network delay (propagated)
                          5.00    5.00 ^ input external delay
                  0.05    0.03    5.03 ^ rst_n (in)
     1    0.01                           rst_n (net)
                  0.05    0.00    5.03 ^ input17/A (sky130_fd_sc_hd__buf_12)
                  0.36    0.29    5.32 ^ input17/X (sky130_fd_sc_hd__buf_12)
    65    0.32                           net17 (net)
                  0.37    0.05    5.37 ^ _474_/RESET_B (sky130_fd_sc_hd__dfrtp_1)
                                  5.37   data arrival time

                          0.00    0.00   clock clk (rise edge)
                          0.00    0.00   clock source latency
                  0.10    0.07    0.07 ^ clk (in)
     1    0.02                           clk (net)
                  0.10    0.00    0.07 ^ clkbuf_0_clk/A (sky130_fd_sc_hd__clkbuf_16)
                  0.10    0.20    0.27 ^ clkbuf_0_clk/X (sky130_fd_sc_hd__clkbuf_16)
     8    0.08                           clknet_0_clk (net)
                  0.10    0.00    0.27 ^ clkbuf_3_5__f_clk/A (sky130_fd_sc_hd__clkbuf_16)
                  0.04    0.15    0.43 ^ clkbuf_3_5__f_clk/X (sky130_fd_sc_hd__clkbuf_16)
     7    0.02                           clknet_3_5__leaf_clk (net)
                  0.04    0.00    0.43 ^ _474_/CLK (sky130_fd_sc_hd__dfrtp_1)
                          0.25    0.68   clock uncertainty
                          0.00    0.68   clock reconvergence pessimism
                          0.41    1.09   library removal time
                                  1.09   data required time
-----------------------------------------------------------------------------
                                  1.09   data required time
                                 -5.37   data arrival time
-----------------------------------------------------------------------------
                                  4.29   slack (MET)


Startpoint: rst_n (input port clocked by clk)
Endpoint: _473_ (removal check against rising-edge clock clk)
Path Group: asynchronous
Path Type: min

Fanout     Cap    Slew   Delay    Time   Description
-----------------------------------------------------------------------------
                          0.00    0.00   clock clk (rise edge)
                          0.00    0.00   clock network delay (propagated)
                          5.00    5.00 ^ input external delay
                  0.05    0.03    5.03 ^ rst_n (in)
     1    0.01                           rst_n (net)
                  0.05    0.00    5.03 ^ input17/A (sky130_fd_sc_hd__buf_12)
                  0.36    0.29    5.32 ^ input17/X (sky130_fd_sc_hd__buf_12)
    65    0.32                           net17 (net)
                  0.37    0.05    5.37 ^ _473_/RESET_B (sky130_fd_sc_hd__dfrtp_1)
                                  5.37   data arrival time

                          0.00    0.00   clock clk (rise edge)
                          0.00    0.00   clock source latency
                  0.10    0.07    0.07 ^ clk (in)
     1    0.02                           clk (net)
                  0.10    0.00    0.07 ^ clkbuf_0_clk/A (sky130_fd_sc_hd__clkbuf_16)
                  0.10    0.20    0.27 ^ clkbuf_0_clk/X (sky130_fd_sc_hd__clkbuf_16)
     8    0.08                           clknet_0_clk (net)
                  0.10    0.00    0.27 ^ clkbuf_3_5__f_clk/A (sky130_fd_sc_hd__clkbuf_16)
                  0.04    0.15    0.43 ^ clkbuf_3_5__f_clk/X (sky130_fd_sc_hd__clkbuf_16)
     7    0.02                           clknet_3_5__leaf_clk (net)
                  0.04    0.00    0.43 ^ _473_/CLK (sky130_fd_sc_hd__dfrtp_1)
                          0.25    0.68   clock uncertainty
                          0.00    0.68   clock reconvergence pessimism
                          0.41    1.09   library removal time
                                  1.09   data required time
-----------------------------------------------------------------------------
                                  1.09   data required time
                                 -5.37   data arrival time
-----------------------------------------------------------------------------
                                  4.29   slack (MET)


Startpoint: rst_n (input port clocked by clk)
Endpoint: _472_ (removal check against rising-edge clock clk)
Path Group: asynchronous
Path Type: min

Fanout     Cap    Slew   Delay    Time   Description
-----------------------------------------------------------------------------
                          0.00    0.00   clock clk (rise edge)
                          0.00    0.00   clock network delay (propagated)
                          5.00    5.00 ^ input external delay
                  0.05    0.03    5.03 ^ rst_n (in)
     1    0.01                           rst_n (net)
                  0.05    0.00    5.03 ^ input17/A (sky130_fd_sc_hd__buf_12)
                  0.36    0.29    5.32 ^ input17/X (sky130_fd_sc_hd__buf_12)
    65    0.32                           net17 (net)
                  0.37    0.05    5.37 ^ _472_/RESET_B (sky130_fd_sc_hd__dfrtp_1)
                                  5.37   data arrival time

                          0.00    0.00   clock clk (rise edge)
                          0.00    0.00   clock source latency
                  0.10    0.07    0.07 ^ clk (in)
     1    0.02                           clk (net)
                  0.10    0.00    0.07 ^ clkbuf_0_clk/A (sky130_fd_sc_hd__clkbuf_16)
                  0.10    0.20    0.27 ^ clkbuf_0_clk/X (sky130_fd_sc_hd__clkbuf_16)
     8    0.08                           clknet_0_clk (net)
                  0.10    0.00    0.27 ^ clkbuf_3_5__f_clk/A (sky130_fd_sc_hd__clkbuf_16)
                  0.04    0.15    0.43 ^ clkbuf_3_5__f_clk/X (sky130_fd_sc_hd__clkbuf_16)
     7    0.02                           clknet_3_5__leaf_clk (net)
                  0.04    0.00    0.43 ^ _472_/CLK (sky130_fd_sc_hd__dfrtp_1)
                          0.25    0.68   clock uncertainty
                          0.00    0.68   clock reconvergence pessimism
                          0.41    1.09   library removal time
                                  1.09   data required time
-----------------------------------------------------------------------------
                                  1.09   data required time
                                 -5.37   data arrival time
-----------------------------------------------------------------------------
                                  4.29   slack (MET)


Startpoint: rst_n (input port clocked by clk)
Endpoint: _477_ (removal check against rising-edge clock clk)
Path Group: asynchronous
Path Type: min

Fanout     Cap    Slew   Delay    Time   Description
-----------------------------------------------------------------------------
                          0.00    0.00   clock clk (rise edge)
                          0.00    0.00   clock network delay (propagated)
                          5.00    5.00 ^ input external delay
                  0.05    0.03    5.03 ^ rst_n (in)
     1    0.01                           rst_n (net)
                  0.05    0.00    5.03 ^ input17/A (sky130_fd_sc_hd__buf_12)
                  0.36    0.29    5.32 ^ input17/X (sky130_fd_sc_hd__buf_12)
    65    0.32                           net17 (net)
                  0.37    0.05    5.37 ^ _477_/RESET_B (sky130_fd_sc_hd__dfrtp_1)
                                  5.37   data arrival time

                          0.00    0.00   clock clk (rise edge)
                          0.00    0.00   clock source latency
                  0.10    0.07    0.07 ^ clk (in)
     1    0.02                           clk (net)
                  0.10    0.00    0.07 ^ clkbuf_0_clk/A (sky130_fd_sc_hd__clkbuf_16)
                  0.10    0.20    0.27 ^ clkbuf_0_clk/X (sky130_fd_sc_hd__clkbuf_16)
     8    0.08                           clknet_0_clk (net)
                  0.10    0.00    0.27 ^ clkbuf_3_7__f_clk/A (sky130_fd_sc_hd__clkbuf_16)
                  0.04    0.15    0.42 ^ clkbuf_3_7__f_clk/X (sky130_fd_sc_hd__clkbuf_16)
     7    0.02                           clknet_3_7__leaf_clk (net)
                  0.04    0.00    0.42 ^ _477_/CLK (sky130_fd_sc_hd__dfrtp_1)
                          0.25    0.67   clock uncertainty
                          0.00    0.67   clock reconvergence pessimism
                          0.41    1.08   library removal time
                                  1.08   data required time
-----------------------------------------------------------------------------
                                  1.08   data required time
                                 -5.37   data arrival time
-----------------------------------------------------------------------------
                                  4.29   slack (MET)


Startpoint: rst_n (input port clocked by clk)
Endpoint: _476_ (removal check against rising-edge clock clk)
Path Group: asynchronous
Path Type: min

Fanout     Cap    Slew   Delay    Time   Description
-----------------------------------------------------------------------------
                          0.00    0.00   clock clk (rise edge)
                          0.00    0.00   clock network delay (propagated)
                          5.00    5.00 ^ input external delay
                  0.05    0.03    5.03 ^ rst_n (in)
     1    0.01                           rst_n (net)
                  0.05    0.00    5.03 ^ input17/A (sky130_fd_sc_hd__buf_12)
                  0.36    0.29    5.32 ^ input17/X (sky130_fd_sc_hd__buf_12)
    65    0.32                           net17 (net)
                  0.37    0.05    5.37 ^ _476_/RESET_B (sky130_fd_sc_hd__dfrtp_1)
                                  5.37   data arrival time

                          0.00    0.00   clock clk (rise edge)
                          0.00    0.00   clock source latency
                  0.10    0.07    0.07 ^ clk (in)
     1    0.02                           clk (net)
                  0.10    0.00    0.07 ^ clkbuf_0_clk/A (sky130_fd_sc_hd__clkbuf_16)
                  0.10    0.20    0.27 ^ clkbuf_0_clk/X (sky130_fd_sc_hd__clkbuf_16)
     8    0.08                           clknet_0_clk (net)
                  0.10    0.00    0.27 ^ clkbuf_3_7__f_clk/A (sky130_fd_sc_hd__clkbuf_16)
                  0.04    0.15    0.42 ^ clkbuf_3_7__f_clk/X (sky130_fd_sc_hd__clkbuf_16)
     7    0.02                           clknet_3_7__leaf_clk (net)
                  0.04    0.00    0.42 ^ _476_/CLK (sky130_fd_sc_hd__dfrtp_1)
                          0.25    0.67   clock uncertainty
                          0.00    0.67   clock reconvergence pessimism
                          0.41    1.08   library removal time
                                  1.08   data required time
-----------------------------------------------------------------------------
                                  1.08   data required time
                                 -5.37   data arrival time
-----------------------------------------------------------------------------
                                  4.29   slack (MET)


Startpoint: rst_n (input port clocked by clk)
Endpoint: _470_ (removal check against rising-edge clock clk)
Path Group: asynchronous
Path Type: min

Fanout     Cap    Slew   Delay    Time   Description
-----------------------------------------------------------------------------
                          0.00    0.00   clock clk (rise edge)
                          0.00    0.00   clock network delay (propagated)
                          5.00    5.00 ^ input external delay
                  0.05    0.03    5.03 ^ rst_n (in)
     1    0.01                           rst_n (net)
                  0.05    0.00    5.03 ^ input17/A (sky130_fd_sc_hd__buf_12)
                  0.36    0.29    5.32 ^ input17/X (sky130_fd_sc_hd__buf_12)
    65    0.32                           net17 (net)
                  0.37    0.05    5.37 ^ _470_/RESET_B (sky130_fd_sc_hd__dfrtp_1)
                                  5.37   data arrival time

                          0.00    0.00   clock clk (rise edge)
                          0.00    0.00   clock source latency
                  0.10    0.07    0.07 ^ clk (in)
     1    0.02                           clk (net)
                  0.10    0.00    0.07 ^ clkbuf_0_clk/A (sky130_fd_sc_hd__clkbuf_16)
                  0.10    0.20    0.27 ^ clkbuf_0_clk/X (sky130_fd_sc_hd__clkbuf_16)
     8    0.08                           clknet_0_clk (net)
                  0.10    0.00    0.27 ^ clkbuf_3_7__f_clk/A (sky130_fd_sc_hd__clkbuf_16)
                  0.04    0.15    0.42 ^ clkbuf_3_7__f_clk/X (sky130_fd_sc_hd__clkbuf_16)
     7    0.02                           clknet_3_7__leaf_clk (net)
                  0.04    0.00    0.42 ^ _470_/CLK (sky130_fd_sc_hd__dfrtp_1)
                          0.25    0.67   clock uncertainty
                          0.00    0.67   clock reconvergence pessimism
                          0.41    1.08   library removal time
                                  1.08   data required time
-----------------------------------------------------------------------------
                                  1.08   data required time
                                 -5.37   data arrival time
-----------------------------------------------------------------------------
                                  4.29   slack (MET)


Startpoint: rst_n (input port clocked by clk)
Endpoint: _471_ (removal check against rising-edge clock clk)
Path Group: asynchronous
Path Type: min

Fanout     Cap    Slew   Delay    Time   Description
-----------------------------------------------------------------------------
                          0.00    0.00   clock clk (rise edge)
                          0.00    0.00   clock network delay (propagated)
                          5.00    5.00 ^ input external delay
                  0.05    0.03    5.03 ^ rst_n (in)
     1    0.01                           rst_n (net)
                  0.05    0.00    5.03 ^ input17/A (sky130_fd_sc_hd__buf_12)
                  0.36    0.29    5.32 ^ input17/X (sky130_fd_sc_hd__buf_12)
    65    0.32                           net17 (net)
                  0.37    0.05    5.37 ^ _471_/RESET_B (sky130_fd_sc_hd__dfrtp_1)
                                  5.37   data arrival time

                          0.00    0.00   clock clk (rise edge)
                          0.00    0.00   clock source latency
                  0.10    0.07    0.07 ^ clk (in)
     1    0.02                           clk (net)
                  0.10    0.00    0.07 ^ clkbuf_0_clk/A (sky130_fd_sc_hd__clkbuf_16)
                  0.10    0.20    0.27 ^ clkbuf_0_clk/X (sky130_fd_sc_hd__clkbuf_16)
     8    0.08                           clknet_0_clk (net)
                  0.10    0.00    0.27 ^ clkbuf_3_7__f_clk/A (sky130_fd_sc_hd__clkbuf_16)
                  0.04    0.15    0.42 ^ clkbuf_3_7__f_clk/X (sky130_fd_sc_hd__clkbuf_16)
     7    0.02                           clknet_3_7__leaf_clk (net)
                  0.04    0.00    0.42 ^ _471_/CLK (sky130_fd_sc_hd__dfrtp_1)
                          0.25    0.67   clock uncertainty
                          0.00    0.67   clock reconvergence pessimism
                          0.41    1.08   library removal time
                                  1.08   data required time
-----------------------------------------------------------------------------
                                  1.08   data required time
                                 -5.37   data arrival time
-----------------------------------------------------------------------------
                                  4.29   slack (MET)


Startpoint: rst_n (input port clocked by clk)
Endpoint: _469_ (removal check against rising-edge clock clk)
Path Group: asynchronous
Path Type: min

Fanout     Cap    Slew   Delay    Time   Description
-----------------------------------------------------------------------------
                          0.00    0.00   clock clk (rise edge)
                          0.00    0.00   clock network delay (propagated)
                          5.00    5.00 ^ input external delay
                  0.05    0.03    5.03 ^ rst_n (in)
     1    0.01                           rst_n (net)
                  0.05    0.00    5.03 ^ input17/A (sky130_fd_sc_hd__buf_12)
                  0.36    0.29    5.32 ^ input17/X (sky130_fd_sc_hd__buf_12)
    65    0.32                           net17 (net)
                  0.37    0.05    5.37 ^ _469_/RESET_B (sky130_fd_sc_hd__dfrtp_1)
                                  5.37   data arrival time

                          0.00    0.00   clock clk (rise edge)
                          0.00    0.00   clock source latency
                  0.10    0.07    0.07 ^ clk (in)
     1    0.02                           clk (net)
                  0.10    0.00    0.07 ^ clkbuf_0_clk/A (sky130_fd_sc_hd__clkbuf_16)
                  0.10    0.20    0.27 ^ clkbuf_0_clk/X (sky130_fd_sc_hd__clkbuf_16)
     8    0.08                           clknet_0_clk (net)
                  0.10    0.00    0.27 ^ clkbuf_3_7__f_clk/A (sky130_fd_sc_hd__clkbuf_16)
                  0.04    0.15    0.42 ^ clkbuf_3_7__f_clk/X (sky130_fd_sc_hd__clkbuf_16)
     7    0.02                           clknet_3_7__leaf_clk (net)
                  0.04    0.00    0.42 ^ _469_/CLK (sky130_fd_sc_hd__dfrtp_1)
                          0.25    0.67   clock uncertainty
                          0.00    0.67   clock reconvergence pessimism
                          0.41    1.08   library removal time
                                  1.08   data required time
-----------------------------------------------------------------------------
                                  1.08   data required time
                                 -5.37   data arrival time
-----------------------------------------------------------------------------
                                  4.29   slack (MET)


Startpoint: rst_n (input port clocked by clk)
Endpoint: _475_ (removal check against rising-edge clock clk)
Path Group: asynchronous
Path Type: min

Fanout     Cap    Slew   Delay    Time   Description
-----------------------------------------------------------------------------
                          0.00    0.00   clock clk (rise edge)
                          0.00    0.00   clock network delay (propagated)
                          5.00    5.00 ^ input external delay
                  0.05    0.03    5.03 ^ rst_n (in)
     1    0.01                           rst_n (net)
                  0.05    0.00    5.03 ^ input17/A (sky130_fd_sc_hd__buf_12)
                  0.36    0.29    5.32 ^ input17/X (sky130_fd_sc_hd__buf_12)
    65    0.32                           net17 (net)
                  0.37    0.05    5.37 ^ _475_/RESET_B (sky130_fd_sc_hd__dfrtp_4)
                                  5.37   data arrival time

                          0.00    0.00   clock clk (rise edge)
                          0.00    0.00   clock source latency
                  0.10    0.07    0.07 ^ clk (in)
     1    0.02                           clk (net)
                  0.10    0.00    0.07 ^ clkbuf_0_clk/A (sky130_fd_sc_hd__clkbuf_16)
                  0.10    0.20    0.27 ^ clkbuf_0_clk/X (sky130_fd_sc_hd__clkbuf_16)
     8    0.08                           clknet_0_clk (net)
                  0.10    0.00    0.27 ^ clkbuf_3_7__f_clk/A (sky130_fd_sc_hd__clkbuf_16)
                  0.04    0.15    0.42 ^ clkbuf_3_7__f_clk/X (sky130_fd_sc_hd__clkbuf_16)
     7    0.02                           clknet_3_7__leaf_clk (net)
                  0.04    0.00    0.42 ^ _475_/CLK (sky130_fd_sc_hd__dfrtp_4)
                          0.25    0.67   clock uncertainty
                          0.00    0.67   clock reconvergence pessimism
                          0.41    1.08   library removal time
                                  1.08   data required time
-----------------------------------------------------------------------------
                                  1.08   data required time
                                 -5.37   data arrival time
-----------------------------------------------------------------------------
                                  4.29   slack (MET)


Startpoint: rst_n (input port clocked by clk)
Endpoint: _483_ (removal check against rising-edge clock clk)
Path Group: asynchronous
Path Type: min

Fanout     Cap    Slew   Delay    Time   Description
-----------------------------------------------------------------------------
                          0.00    0.00   clock clk (rise edge)
                          0.00    0.00   clock network delay (propagated)
                          5.00    5.00 ^ input external delay
                  0.05    0.03    5.03 ^ rst_n (in)
     1    0.01                           rst_n (net)
                  0.05    0.00    5.03 ^ input17/A (sky130_fd_sc_hd__buf_12)
                  0.36    0.29    5.32 ^ input17/X (sky130_fd_sc_hd__buf_12)
    65    0.32                           net17 (net)
                  0.37    0.05    5.37 ^ _483_/RESET_B (sky130_fd_sc_hd__dfrtp_1)
                                  5.37   data arrival time

                          0.00    0.00   clock clk (rise edge)
                          0.00    0.00   clock source latency
                  0.10    0.07    0.07 ^ clk (in)
     1    0.02                           clk (net)
                  0.10    0.00    0.07 ^ clkbuf_0_clk/A (sky130_fd_sc_hd__clkbuf_16)
                  0.10    0.20    0.27 ^ clkbuf_0_clk/X (sky130_fd_sc_hd__clkbuf_16)
     8    0.08                           clknet_0_clk (net)
                  0.10    0.00    0.27 ^ clkbuf_3_7__f_clk/A (sky130_fd_sc_hd__clkbuf_16)
                  0.04    0.15    0.42 ^ clkbuf_3_7__f_clk/X (sky130_fd_sc_hd__clkbuf_16)
     7    0.02                           clknet_3_7__leaf_clk (net)
                  0.04    0.00    0.42 ^ _483_/CLK (sky130_fd_sc_hd__dfrtp_1)
                          0.25    0.67   clock uncertainty
                          0.00    0.67   clock reconvergence pessimism
                          0.41    1.08   library removal time
                                  1.08   data required time
-----------------------------------------------------------------------------
                                  1.08   data required time
                                 -5.37   data arrival time
-----------------------------------------------------------------------------
                                  4.29   slack (MET)


Startpoint: _471_ (rising edge-triggered flip-flop clocked by clk)
Endpoint: o_valid (output port clocked by clk)
Path Group: clk
Path Type: min

Fanout     Cap    Slew   Delay    Time   Description
-----------------------------------------------------------------------------
                          0.00    0.00   clock clk (rise edge)
                          0.00    0.00   clock source latency
                  0.10    0.06    0.06 ^ clk (in)
     1    0.02                           clk (net)
                  0.10    0.00    0.06 ^ clkbuf_0_clk/A (sky130_fd_sc_hd__clkbuf_16)
                  0.10    0.18    0.24 ^ clkbuf_0_clk/X (sky130_fd_sc_hd__clkbuf_16)
     8    0.08                           clknet_0_clk (net)
                  0.10    0.00    0.25 ^ clkbuf_3_7__f_clk/A (sky130_fd_sc_hd__clkbuf_16)
                  0.04    0.14    0.38 ^ clkbuf_3_7__f_clk/X (sky130_fd_sc_hd__clkbuf_16)
     7    0.02                           clknet_3_7__leaf_clk (net)
                  0.04    0.00    0.38 ^ _471_/CLK (sky130_fd_sc_hd__dfrtp_1)
                  0.05    0.30    0.69 ^ _471_/Q (sky130_fd_sc_hd__dfrtp_1)
     1    0.00                           net24 (net)
                  0.05    0.00    0.69 ^ output24/A (sky130_fd_sc_hd__clkbuf_4)
                  0.11    0.18    0.86 ^ output24/X (sky130_fd_sc_hd__clkbuf_4)
     1    0.03                           o_valid (net)
                  0.11    0.00    0.86 ^ o_valid (out)
                                  0.86   data arrival time

                          0.00    0.00   clock clk (rise edge)
                          0.00    0.00   clock network delay (propagated)
                          0.25    0.25   clock uncertainty
                          0.00    0.25   clock reconvergence pessimism
                         -5.00   -4.75   output external delay
                                 -4.75   data required time
-----------------------------------------------------------------------------
                                 -4.75   data required time
                                 -0.86   data arrival time
-----------------------------------------------------------------------------
                                  5.61   slack (MET)


Startpoint: _470_ (rising edge-triggered flip-flop clocked by clk)
Endpoint: o_bucket[2] (output port clocked by clk)
Path Group: clk
Path Type: min

Fanout     Cap    Slew   Delay    Time   Description
-----------------------------------------------------------------------------
                          0.00    0.00   clock clk (rise edge)
                          0.00    0.00   clock source latency
                  0.10    0.06    0.06 ^ clk (in)
     1    0.02                           clk (net)
                  0.10    0.00    0.06 ^ clkbuf_0_clk/A (sky130_fd_sc_hd__clkbuf_16)
                  0.10    0.18    0.24 ^ clkbuf_0_clk/X (sky130_fd_sc_hd__clkbuf_16)
     8    0.08                           clknet_0_clk (net)
                  0.10    0.00    0.25 ^ clkbuf_3_7__f_clk/A (sky130_fd_sc_hd__clkbuf_16)
                  0.04    0.14    0.38 ^ clkbuf_3_7__f_clk/X (sky130_fd_sc_hd__clkbuf_16)
     7    0.02                           clknet_3_7__leaf_clk (net)
                  0.04    0.00    0.38 ^ _470_/CLK (sky130_fd_sc_hd__dfrtp_1)
                  0.06    0.31    0.70 ^ _470_/Q (sky130_fd_sc_hd__dfrtp_1)
     2    0.00                           net20 (net)
                  0.06    0.00    0.70 ^ output20/A (sky130_fd_sc_hd__clkbuf_4)
                  0.11    0.18    0.88 ^ output20/X (sky130_fd_sc_hd__clkbuf_4)
     1    0.03                           o_bucket[2] (net)
                  0.11    0.00    0.88 ^ o_bucket[2] (out)
                                  0.88   data arrival time

                          0.00    0.00   clock clk (rise edge)
                          0.00    0.00   clock network delay (propagated)
                          0.25    0.25   clock uncertainty
                          0.00    0.25   clock reconvergence pessimism
                         -5.00   -4.75   output external delay
                                 -4.75   data required time
-----------------------------------------------------------------------------
                                 -4.75   data required time
                                 -0.88   data arrival time
-----------------------------------------------------------------------------
                                  5.63   slack (MET)


Startpoint: _468_ (rising edge-triggered flip-flop clocked by clk)
Endpoint: o_bucket[0] (output port clocked by clk)
Path Group: clk
Path Type: min

Fanout     Cap    Slew   Delay    Time   Description
-----------------------------------------------------------------------------
                          0.00    0.00   clock clk (rise edge)
                          0.00    0.00   clock source latency
                  0.10    0.06    0.06 ^ clk (in)
     1    0.02                           clk (net)
                  0.10    0.00    0.06 ^ clkbuf_0_clk/A (sky130_fd_sc_hd__clkbuf_16)
                  0.10    0.18    0.24 ^ clkbuf_0_clk/X (sky130_fd_sc_hd__clkbuf_16)
     8    0.08                           clknet_0_clk (net)
                  0.10    0.00    0.25 ^ clkbuf_3_5__f_clk/A (sky130_fd_sc_hd__clkbuf_16)
                  0.04    0.14    0.38 ^ clkbuf_3_5__f_clk/X (sky130_fd_sc_hd__clkbuf_16)
     7    0.02                           clknet_3_5__leaf_clk (net)
                  0.04    0.00    0.39 ^ _468_/CLK (sky130_fd_sc_hd__dfrtp_1)
                  0.06    0.31    0.70 ^ _468_/Q (sky130_fd_sc_hd__dfrtp_1)
     2    0.01                           net18 (net)
                  0.06    0.00    0.70 ^ output18/A (sky130_fd_sc_hd__clkbuf_4)
                  0.11    0.18    0.88 ^ output18/X (sky130_fd_sc_hd__clkbuf_4)
     1    0.03                           o_bucket[0] (net)
                  0.11    0.00    0.88 ^ o_bucket[0] (out)
                                  0.88   data arrival time

                          0.00    0.00   clock clk (rise edge)
                          0.00    0.00   clock network delay (propagated)
                          0.25    0.25   clock uncertainty
                          0.00    0.25   clock reconvergence pessimism
                         -5.00   -4.75   output external delay
                                 -4.75   data required time
-----------------------------------------------------------------------------
                                 -4.75   data required time
                                 -0.88   data arrival time
-----------------------------------------------------------------------------
                                  5.63   slack (MET)


Startpoint: _469_ (rising edge-triggered flip-flop clocked by clk)
Endpoint: o_bucket[1] (output port clocked by clk)
Path Group: clk
Path Type: min

Fanout     Cap    Slew   Delay    Time   Description
-----------------------------------------------------------------------------
                          0.00    0.00   clock clk (rise edge)
                          0.00    0.00   clock source latency
                  0.10    0.06    0.06 ^ clk (in)
     1    0.02                           clk (net)
                  0.10    0.00    0.06 ^ clkbuf_0_clk/A (sky130_fd_sc_hd__clkbuf_16)
                  0.10    0.18    0.24 ^ clkbuf_0_clk/X (sky130_fd_sc_hd__clkbuf_16)
     8    0.08                           clknet_0_clk (net)
                  0.10    0.00    0.25 ^ clkbuf_3_7__f_clk/A (sky130_fd_sc_hd__clkbuf_16)
                  0.04    0.14    0.38 ^ clkbuf_3_7__f_clk/X (sky130_fd_sc_hd__clkbuf_16)
     7    0.02                           clknet_3_7__leaf_clk (net)
                  0.04    0.00    0.38 ^ _469_/CLK (sky130_fd_sc_hd__dfrtp_1)
                  0.06    0.31    0.69 ^ _469_/Q (sky130_fd_sc_hd__dfrtp_1)
     2    0.00                           net19 (net)
                  0.06    0.00    0.69 ^ output19/A (sky130_fd_sc_hd__buf_2)
                  0.17    0.19    0.88 ^ output19/X (sky130_fd_sc_hd__buf_2)
     1    0.03                           o_bucket[1] (net)
                  0.17    0.00    0.88 ^ o_bucket[1] (out)
                                  0.88   data arrival time

                          0.00    0.00   clock clk (rise edge)
                          0.00    0.00   clock network delay (propagated)
                          0.25    0.25   clock uncertainty
                          0.00    0.25   clock reconvergence pessimism
                         -5.00   -4.75   output external delay
                                 -4.75   data required time
-----------------------------------------------------------------------------
                                 -4.75   data required time
                                 -0.88   data arrival time
-----------------------------------------------------------------------------
                                  5.63   slack (MET)


Startpoint: _474_ (rising edge-triggered flip-flop clocked by clk)
Endpoint: o_index[2] (output port clocked by clk)
Path Group: clk
Path Type: min

Fanout     Cap    Slew   Delay    Time   Description
-----------------------------------------------------------------------------
                          0.00    0.00   clock clk (rise edge)
                          0.00    0.00   clock source latency
                  0.10    0.06    0.06 ^ clk (in)
     1    0.02                           clk (net)
                  0.10    0.00    0.06 ^ clkbuf_0_clk/A (sky130_fd_sc_hd__clkbuf_16)
                  0.10    0.18    0.24 ^ clkbuf_0_clk/X (sky130_fd_sc_hd__clkbuf_16)
     8    0.08                           clknet_0_clk (net)
                  0.10    0.00    0.25 ^ clkbuf_3_5__f_clk/A (sky130_fd_sc_hd__clkbuf_16)
                  0.04    0.14    0.38 ^ clkbuf_3_5__f_clk/X (sky130_fd_sc_hd__clkbuf_16)
     7    0.02                           clknet_3_5__leaf_clk (net)
                  0.04    0.00    0.39 ^ _474_/CLK (sky130_fd_sc_hd__dfrtp_1)
                  0.07    0.32    0.70 ^ _474_/Q (sky130_fd_sc_hd__dfrtp_1)
     2    0.01                           net23 (net)
                  0.07    0.00    0.70 ^ output23/A (sky130_fd_sc_hd__clkbuf_4)
                  0.11    0.18    0.88 ^ output23/X (sky130_fd_sc_hd__clkbuf_4)
     1    0.03                           o_index[2] (net)
                  0.11    0.00    0.89 ^ o_index[2] (out)
                                  0.89   data arrival time

                          0.00    0.00   clock clk (rise edge)
                          0.00    0.00   clock network delay (propagated)
                          0.25    0.25   clock uncertainty
                          0.00    0.25   clock reconvergence pessimism
                         -5.00   -4.75   output external delay
                                 -4.75   data required time
-----------------------------------------------------------------------------
                                 -4.75   data required time
                                 -0.89   data arrival time
-----------------------------------------------------------------------------
                                  5.64   slack (MET)


Startpoint: _473_ (rising edge-triggered flip-flop clocked by clk)
Endpoint: o_index[1] (output port clocked by clk)
Path Group: clk
Path Type: min

Fanout     Cap    Slew   Delay    Time   Description
-----------------------------------------------------------------------------
                          0.00    0.00   clock clk (rise edge)
                          0.00    0.00   clock source latency
                  0.10    0.06    0.06 ^ clk (in)
     1    0.02                           clk (net)
                  0.10    0.00    0.06 ^ clkbuf_0_clk/A (sky130_fd_sc_hd__clkbuf_16)
                  0.10    0.18    0.24 ^ clkbuf_0_clk/X (sky130_fd_sc_hd__clkbuf_16)
     8    0.08                           clknet_0_clk (net)
                  0.10    0.00    0.25 ^ clkbuf_3_5__f_clk/A (sky130_fd_sc_hd__clkbuf_16)
                  0.04    0.14    0.38 ^ clkbuf_3_5__f_clk/X (sky130_fd_sc_hd__clkbuf_16)
     7    0.02                           clknet_3_5__leaf_clk (net)
                  0.04    0.00    0.39 ^ _473_/CLK (sky130_fd_sc_hd__dfrtp_1)
                  0.06    0.31    0.70 ^ _473_/Q (sky130_fd_sc_hd__dfrtp_1)
     2    0.01                           net22 (net)
                  0.06    0.00    0.70 ^ output22/A (sky130_fd_sc_hd__buf_2)
                  0.17    0.19    0.89 ^ output22/X (sky130_fd_sc_hd__buf_2)
     1    0.03                           o_index[1] (net)
                  0.17    0.00    0.89 ^ o_index[1] (out)
                                  0.89   data arrival time

                          0.00    0.00   clock clk (rise edge)
                          0.00    0.00   clock network delay (propagated)
                          0.25    0.25   clock uncertainty
                          0.00    0.25   clock reconvergence pessimism
                         -5.00   -4.75   output external delay
                                 -4.75   data required time
-----------------------------------------------------------------------------
                                 -4.75   data required time
                                 -0.89   data arrival time
-----------------------------------------------------------------------------
                                  5.64   slack (MET)


Startpoint: _472_ (rising edge-triggered flip-flop clocked by clk)
Endpoint: o_index[0] (output port clocked by clk)
Path Group: clk
Path Type: min

Fanout     Cap    Slew   Delay    Time   Description
-----------------------------------------------------------------------------
                          0.00    0.00   clock clk (rise edge)
                          0.00    0.00   clock source latency
                  0.10    0.06    0.06 ^ clk (in)
     1    0.02                           clk (net)
                  0.10    0.00    0.06 ^ clkbuf_0_clk/A (sky130_fd_sc_hd__clkbuf_16)
                  0.10    0.18    0.24 ^ clkbuf_0_clk/X (sky130_fd_sc_hd__clkbuf_16)
     8    0.08                           clknet_0_clk (net)
                  0.10    0.00    0.25 ^ clkbuf_3_5__f_clk/A (sky130_fd_sc_hd__clkbuf_16)
                  0.04    0.14    0.38 ^ clkbuf_3_5__f_clk/X (sky130_fd_sc_hd__clkbuf_16)
     7    0.02                           clknet_3_5__leaf_clk (net)
                  0.04    0.00    0.39 ^ _472_/CLK (sky130_fd_sc_hd__dfrtp_1)
                  0.07    0.32    0.71 ^ _472_/Q (sky130_fd_sc_hd__dfrtp_1)
     2    0.01                           net21 (net)
                  0.07    0.00    0.71 ^ output21/A (sky130_fd_sc_hd__clkbuf_4)
                  0.11    0.19    0.89 ^ output21/X (sky130_fd_sc_hd__clkbuf_4)
     1    0.03                           o_index[0] (net)
                  0.11    0.00    0.89 ^ o_index[0] (out)
                                  0.89   data arrival time

                          0.00    0.00   clock clk (rise edge)
                          0.00    0.00   clock network delay (propagated)
                          0.25    0.25   clock uncertainty
                          0.00    0.25   clock reconvergence pessimism
                         -5.00   -4.75   output external delay
                                 -4.75   data required time
-----------------------------------------------------------------------------
                                 -4.75   data required time
                                 -0.89   data arrival time
-----------------------------------------------------------------------------
                                  5.64   slack (MET)



min_report_end
max_report

===========================================================================
report_checks -path_delay max (Setup)
============================================================================
======================= Typical Corner ===================================

Startpoint: _472_ (rising edge-triggered flip-flop clocked by clk)
Endpoint: o_index[0] (output port clocked by clk)
Path Group: clk
Path Type: max

Fanout     Cap    Slew   Delay    Time   Description
-----------------------------------------------------------------------------
                          0.00    0.00   clock clk (rise edge)
                          0.00    0.00   clock source latency
                  0.10    0.07    0.07 ^ clk (in)
     1    0.02                           clk (net)
                  0.10    0.00    0.07 ^ clkbuf_0_clk/A (sky130_fd_sc_hd__clkbuf_16)
                  0.10    0.20    0.27 ^ clkbuf_0_clk/X (sky130_fd_sc_hd__clkbuf_16)
     8    0.08                           clknet_0_clk (net)
                  0.10    0.00    0.27 ^ clkbuf_3_5__f_clk/A (sky130_fd_sc_hd__clkbuf_16)
                  0.04    0.15    0.43 ^ clkbuf_3_5__f_clk/X (sky130_fd_sc_hd__clkbuf_16)
     7    0.02                           clknet_3_5__leaf_clk (net)
                  0.04    0.00    0.43 ^ _472_/CLK (sky130_fd_sc_hd__dfrtp_1)
                  0.05    0.39    0.82 v _472_/Q (sky130_fd_sc_hd__dfrtp_1)
     2    0.01                           net21 (net)
                  0.05    0.00    0.82 v output21/A (sky130_fd_sc_hd__clkbuf_4)
                  0.08    0.20    1.01 v output21/X (sky130_fd_sc_hd__clkbuf_4)
     1    0.03                           o_index[0] (net)
                  0.08    0.00    1.01 v o_index[0] (out)
                                  1.01   data arrival time

                         25.00   25.00   clock clk (rise edge)
                          0.00   25.00   clock network delay (propagated)
                         -0.25   24.75   clock uncertainty
                          0.00   24.75   clock reconvergence pessimism
                         -5.00   19.75   output external delay
                                 19.75   data required time
-----------------------------------------------------------------------------
                                 19.75   data required time
                                 -1.01   data arrival time
-----------------------------------------------------------------------------
                                 18.74   slack (MET)


Startpoint: _474_ (rising edge-triggered flip-flop clocked by clk)
Endpoint: o_index[2] (output port clocked by clk)
Path Group: clk
Path Type: max

Fanout     Cap    Slew   Delay    Time   Description
-----------------------------------------------------------------------------
                          0.00    0.00   clock clk (rise edge)
                          0.00    0.00   clock source latency
                  0.10    0.07    0.07 ^ clk (in)
     1    0.02                           clk (net)
                  0.10    0.00    0.07 ^ clkbuf_0_clk/A (sky130_fd_sc_hd__clkbuf_16)
                  0.10    0.20    0.27 ^ clkbuf_0_clk/X (sky130_fd_sc_hd__clkbuf_16)
     8    0.08                           clknet_0_clk (net)
                  0.10    0.00    0.27 ^ clkbuf_3_5__f_clk/A (sky130_fd_sc_hd__clkbuf_16)
                  0.04    0.15    0.43 ^ clkbuf_3_5__f_clk/X (sky130_fd_sc_hd__clkbuf_16)
     7    0.02                           clknet_3_5__leaf_clk (net)
                  0.04    0.00    0.43 ^ _474_/CLK (sky130_fd_sc_hd__dfrtp_1)
                  0.05    0.38    0.81 v _474_/Q (sky130_fd_sc_hd__dfrtp_1)
     2    0.01                           net23 (net)
                  0.05    0.00    0.81 v output23/A (sky130_fd_sc_hd__clkbuf_4)
                  0.08    0.19    1.00 v output23/X (sky130_fd_sc_hd__clkbuf_4)
     1    0.03                           o_index[2] (net)
                  0.08    0.00    1.01 v o_index[2] (out)
                                  1.01   data arrival time

                         25.00   25.00   clock clk (rise edge)
                          0.00   25.00   clock network delay (propagated)
                         -0.25   24.75   clock uncertainty
                          0.00   24.75   clock reconvergence pessimism
                         -5.00   19.75   output external delay
                                 19.75   data required time
-----------------------------------------------------------------------------
                                 19.75   data required time
                                 -1.01   data arrival time
-----------------------------------------------------------------------------
                                 18.74   slack (MET)


Startpoint: _468_ (rising edge-triggered flip-flop clocked by clk)
Endpoint: o_bucket[0] (output port clocked by clk)
Path Group: clk
Path Type: max

Fanout     Cap    Slew   Delay    Time   Description
-----------------------------------------------------------------------------
                          0.00    0.00   clock clk (rise edge)
                          0.00    0.00   clock source latency
                  0.10    0.07    0.07 ^ clk (in)
     1    0.02                           clk (net)
                  0.10    0.00    0.07 ^ clkbuf_0_clk/A (sky130_fd_sc_hd__clkbuf_16)
                  0.10    0.20    0.27 ^ clkbuf_0_clk/X (sky130_fd_sc_hd__clkbuf_16)
     8    0.08                           clknet_0_clk (net)
                  0.10    0.00    0.27 ^ clkbuf_3_5__f_clk/A (sky130_fd_sc_hd__clkbuf_16)
                  0.04    0.15    0.43 ^ clkbuf_3_5__f_clk/X (sky130_fd_sc_hd__clkbuf_16)
     7    0.02                           clknet_3_5__leaf_clk (net)
                  0.04    0.00    0.43 ^ _468_/CLK (sky130_fd_sc_hd__dfrtp_1)
                  0.05    0.38    0.81 v _468_/Q (sky130_fd_sc_hd__dfrtp_1)
     2    0.00                           net18 (net)
                  0.05    0.00    0.81 v output18/A (sky130_fd_sc_hd__clkbuf_4)
                  0.08    0.19    1.00 v output18/X (sky130_fd_sc_hd__clkbuf_4)
     1    0.03                           o_bucket[0] (net)
                  0.08    0.00    1.00 v o_bucket[0] (out)
                                  1.00   data arrival time

                         25.00   25.00   clock clk (rise edge)
                          0.00   25.00   clock network delay (propagated)
                         -0.25   24.75   clock uncertainty
                          0.00   24.75   clock reconvergence pessimism
                         -5.00   19.75   output external delay
                                 19.75   data required time
-----------------------------------------------------------------------------
                                 19.75   data required time
                                 -1.00   data arrival time
-----------------------------------------------------------------------------
                                 18.75   slack (MET)


Startpoint: _473_ (rising edge-triggered flip-flop clocked by clk)
Endpoint: o_index[1] (output port clocked by clk)
Path Group: clk
Path Type: max

Fanout     Cap    Slew   Delay    Time   Description
-----------------------------------------------------------------------------
                          0.00    0.00   clock clk (rise edge)
                          0.00    0.00   clock source latency
                  0.10    0.07    0.07 ^ clk (in)
     1    0.02                           clk (net)
                  0.10    0.00    0.07 ^ clkbuf_0_clk/A (sky130_fd_sc_hd__clkbuf_16)
                  0.10    0.20    0.27 ^ clkbuf_0_clk/X (sky130_fd_sc_hd__clkbuf_16)
     8    0.08                           clknet_0_clk (net)
                  0.10    0.00    0.27 ^ clkbuf_3_5__f_clk/A (sky130_fd_sc_hd__clkbuf_16)
                  0.04    0.15    0.43 ^ clkbuf_3_5__f_clk/X (sky130_fd_sc_hd__clkbuf_16)
     7    0.02                           clknet_3_5__leaf_clk (net)
                  0.04    0.00    0.43 ^ _473_/CLK (sky130_fd_sc_hd__dfrtp_1)
                  0.05    0.38    0.81 v _473_/Q (sky130_fd_sc_hd__dfrtp_1)
     2    0.00                           net22 (net)
                  0.05    0.00    0.81 v output22/A (sky130_fd_sc_hd__buf_2)
                  0.09    0.19    1.00 v output22/X (sky130_fd_sc_hd__buf_2)
     1    0.03                           o_index[1] (net)
                  0.09    0.00    1.00 v o_index[1] (out)
                                  1.00   data arrival time

                         25.00   25.00   clock clk (rise edge)
                          0.00   25.00   clock network delay (propagated)
                         -0.25   24.75   clock uncertainty
                          0.00   24.75   clock reconvergence pessimism
                         -5.00   19.75   output external delay
                                 19.75   data required time
-----------------------------------------------------------------------------
                                 19.75   data required time
                                 -1.00   data arrival time
-----------------------------------------------------------------------------
                                 18.75   slack (MET)


Startpoint: _470_ (rising edge-triggered flip-flop clocked by clk)
Endpoint: o_bucket[2] (output port clocked by clk)
Path Group: clk
Path Type: max

Fanout     Cap    Slew   Delay    Time   Description
-----------------------------------------------------------------------------
                          0.00    0.00   clock clk (rise edge)
                          0.00    0.00   clock source latency
                  0.10    0.07    0.07 ^ clk (in)
     1    0.02                           clk (net)
                  0.10    0.00    0.07 ^ clkbuf_0_clk/A (sky130_fd_sc_hd__clkbuf_16)
                  0.10    0.20    0.27 ^ clkbuf_0_clk/X (sky130_fd_sc_hd__clkbuf_16)
     8    0.08                           clknet_0_clk (net)
                  0.10    0.00    0.27 ^ clkbuf_3_7__f_clk/A (sky130_fd_sc_hd__clkbuf_16)
                  0.04    0.15    0.42 ^ clkbuf_3_7__f_clk/X (sky130_fd_sc_hd__clkbuf_16)
     7    0.02                           clknet_3_7__leaf_clk (net)
                  0.04    0.00    0.42 ^ _470_/CLK (sky130_fd_sc_hd__dfrtp_1)
                  0.05    0.38    0.80 v _470_/Q (sky130_fd_sc_hd__dfrtp_1)
     2    0.00                           net20 (net)
                  0.05    0.00    0.80 v output20/A (sky130_fd_sc_hd__clkbuf_4)
                  0.08    0.19    1.00 v output20/X (sky130_fd_sc_hd__clkbuf_4)
     1    0.03                           o_bucket[2] (net)
                  0.08    0.00    1.00 v o_bucket[2] (out)
                                  1.00   data arrival time

                         25.00   25.00   clock clk (rise edge)
                          0.00   25.00   clock network delay (propagated)
                         -0.25   24.75   clock uncertainty
                          0.00   24.75   clock reconvergence pessimism
                         -5.00   19.75   output external delay
                                 19.75   data required time
-----------------------------------------------------------------------------
                                 19.75   data required time
                                 -1.00   data arrival time
-----------------------------------------------------------------------------
                                 18.75   slack (MET)


Startpoint: _469_ (rising edge-triggered flip-flop clocked by clk)
Endpoint: o_bucket[1] (output port clocked by clk)
Path Group: clk
Path Type: max

Fanout     Cap    Slew   Delay    Time   Description
-----------------------------------------------------------------------------
                          0.00    0.00   clock clk (rise edge)
                          0.00    0.00   clock source latency
                  0.10    0.07    0.07 ^ clk (in)
     1    0.02                           clk (net)
                  0.10    0.00    0.07 ^ clkbuf_0_clk/A (sky130_fd_sc_hd__clkbuf_16)
                  0.10    0.20    0.27 ^ clkbuf_0_clk/X (sky130_fd_sc_hd__clkbuf_16)
     8    0.08                           clknet_0_clk (net)
                  0.10    0.00    0.27 ^ clkbuf_3_7__f_clk/A (sky130_fd_sc_hd__clkbuf_16)
                  0.04    0.15    0.42 ^ clkbuf_3_7__f_clk/X (sky130_fd_sc_hd__clkbuf_16)
     7    0.02                           clknet_3_7__leaf_clk (net)
                  0.04    0.00    0.42 ^ _469_/CLK (sky130_fd_sc_hd__dfrtp_1)
                  0.05    0.38    0.80 v _469_/Q (sky130_fd_sc_hd__dfrtp_1)
     2    0.00                           net19 (net)
                  0.05    0.00    0.80 v output19/A (sky130_fd_sc_hd__buf_2)
                  0.09    0.19    0.99 v output19/X (sky130_fd_sc_hd__buf_2)
     1    0.03                           o_bucket[1] (net)
                  0.09    0.00    0.99 v o_bucket[1] (out)
                                  0.99   data arrival time

                         25.00   25.00   clock clk (rise edge)
                          0.00   25.00   clock network delay (propagated)
                         -0.25   24.75   clock uncertainty
                          0.00   24.75   clock reconvergence pessimism
                         -5.00   19.75   output external delay
                                 19.75   data required time
-----------------------------------------------------------------------------
                                 19.75   data required time
                                 -0.99   data arrival time
-----------------------------------------------------------------------------
                                 18.76   slack (MET)


Startpoint: _471_ (rising edge-triggered flip-flop clocked by clk)
Endpoint: o_valid (output port clocked by clk)
Path Group: clk
Path Type: max

Fanout     Cap    Slew   Delay    Time   Description
-----------------------------------------------------------------------------
                          0.00    0.00   clock clk (rise edge)
                          0.00    0.00   clock source latency
                  0.10    0.07    0.07 ^ clk (in)
     1    0.02                           clk (net)
                  0.10    0.00    0.07 ^ clkbuf_0_clk/A (sky130_fd_sc_hd__clkbuf_16)
                  0.10    0.20    0.27 ^ clkbuf_0_clk/X (sky130_fd_sc_hd__clkbuf_16)
     8    0.08                           clknet_0_clk (net)
                  0.10    0.00    0.27 ^ clkbuf_3_7__f_clk/A (sky130_fd_sc_hd__clkbuf_16)
                  0.04    0.15    0.42 ^ clkbuf_3_7__f_clk/X (sky130_fd_sc_hd__clkbuf_16)
     7    0.02                           clknet_3_7__leaf_clk (net)
                  0.04    0.00    0.42 ^ _471_/CLK (sky130_fd_sc_hd__dfrtp_1)
                  0.04    0.37    0.80 v _471_/Q (sky130_fd_sc_hd__dfrtp_1)
     1    0.00                           net24 (net)
                  0.04    0.00    0.80 v output24/A (sky130_fd_sc_hd__clkbuf_4)
                  0.08    0.19    0.99 v output24/X (sky130_fd_sc_hd__clkbuf_4)
     1    0.03                           o_valid (net)
                  0.08    0.00    0.99 v o_valid (out)
                                  0.99   data arrival time

                         25.00   25.00   clock clk (rise edge)
                          0.00   25.00   clock network delay (propagated)
                         -0.25   24.75   clock uncertainty
                          0.00   24.75   clock reconvergence pessimism
                         -5.00   19.75   output external delay
                                 19.75   data required time
-----------------------------------------------------------------------------
                                 19.75   data required time
                                 -0.99   data arrival time
-----------------------------------------------------------------------------
                                 18.76   slack (MET)


Startpoint: i_value1[2] (input port clocked by clk)
Endpoint: _440_ (rising edge-triggered flip-flop clocked by clk)
Path Group: clk
Path Type: max

Fanout     Cap    Slew   Delay    Time   Description
-----------------------------------------------------------------------------
                          0.00    0.00   clock clk (rise edge)
                          0.00    0.00   clock network delay (propagated)
                          5.00    5.00 v input external delay
                  0.01    0.00    5.00 v i_value1[2] (in)
     1    0.00                           i_value1[2] (net)
                  0.01    0.00    5.00 v input7/A (sky130_fd_sc_hd__buf_1)
                  0.08    0.12    5.12 v input7/X (sky130_fd_sc_hd__buf_1)
     3    0.01                           net7 (net)
                  0.08    0.00    5.12 v _288_/A2 (sky130_fd_sc_hd__a22o_1)
                  0.04    0.25    5.38 v _288_/X (sky130_fd_sc_hd__a22o_1)
     1    0.00                           _133_ (net)
                  0.04    0.00    5.38 v _289_/B2 (sky130_fd_sc_hd__o221a_2)
                  0.10    0.31    5.68 v _289_/X (sky130_fd_sc_hd__o221a_2)
     5    0.02                           _134_ (net)
                  0.10    0.00    5.68 v _316_/S (sky130_fd_sc_hd__mux2_1)
                  0.06    0.34    6.03 v _316_/X (sky130_fd_sc_hd__mux2_1)
     1    0.00                           _150_ (net)
                  0.06    0.00    6.03 v _317_/A (sky130_fd_sc_hd__clkbuf_1)
                  0.03    0.10    6.13 v _317_/X (sky130_fd_sc_hd__clkbuf_1)
     1    0.00                           _020_ (net)
                  0.03    0.00    6.13 v _440_/D (sky130_fd_sc_hd__dfrtp_1)
                                  6.13   data arrival time

                         25.00   25.00   clock clk (rise edge)
                          0.00   25.00   clock source latency
                  0.10    0.06   25.06 ^ clk (in)
     1    0.02                           clk (net)
                  0.10    0.00   25.06 ^ clkbuf_0_clk/A (sky130_fd_sc_hd__clkbuf_16)
                  0.10    0.18   25.24 ^ clkbuf_0_clk/X (sky130_fd_sc_hd__clkbuf_16)
     8    0.08                           clknet_0_clk (net)
                  0.10    0.00   25.25 ^ clkbuf_3_1__f_clk/A (sky130_fd_sc_hd__clkbuf_16)
                  0.04    0.14   25.39 ^ clkbuf_3_1__f_clk/X (sky130_fd_sc_hd__clkbuf_16)
     7    0.02                           clknet_3_1__leaf_clk (net)
                  0.04    0.00   25.39 ^ _440_/CLK (sky130_fd_sc_hd__dfrtp_1)
                         -0.25   25.14   clock uncertainty
                          0.00   25.14   clock reconvergence pessimism
                         -0.11   25.03   library setup time
                                 25.03   data required time
-----------------------------------------------------------------------------
                                 25.03   data required time
                                 -6.13   data arrival time
-----------------------------------------------------------------------------
                                 18.90   slack (MET)


Startpoint: i_value1[2] (input port clocked by clk)
Endpoint: _438_ (rising edge-triggered flip-flop clocked by clk)
Path Group: clk
Path Type: max

Fanout     Cap    Slew   Delay    Time   Description
-----------------------------------------------------------------------------
                          0.00    0.00   clock clk (rise edge)
                          0.00    0.00   clock network delay (propagated)
                          5.00    5.00 v input external delay
                  0.01    0.00    5.00 v i_value1[2] (in)
     1    0.00                           i_value1[2] (net)
                  0.01    0.00    5.00 v input7/A (sky130_fd_sc_hd__buf_1)
                  0.08    0.12    5.12 v input7/X (sky130_fd_sc_hd__buf_1)
     3    0.01                           net7 (net)
                  0.08    0.00    5.12 v _288_/A2 (sky130_fd_sc_hd__a22o_1)
                  0.04    0.25    5.38 v _288_/X (sky130_fd_sc_hd__a22o_1)
     1    0.00                           _133_ (net)
                  0.04    0.00    5.38 v _289_/B2 (sky130_fd_sc_hd__o221a_2)
                  0.10    0.31    5.68 v _289_/X (sky130_fd_sc_hd__o221a_2)
     5    0.02                           _134_ (net)
                  0.10    0.00    5.68 v _312_/S (sky130_fd_sc_hd__mux2_1)
                  0.06    0.34    6.03 v _312_/X (sky130_fd_sc_hd__mux2_1)
     1    0.00                           _148_ (net)
                  0.06    0.00    6.03 v _313_/A (sky130_fd_sc_hd__clkbuf_1)
                  0.03    0.10    6.12 v _313_/X (sky130_fd_sc_hd__clkbuf_1)
     1    0.00                           _018_ (net)
                  0.03    0.00    6.12 v _438_/D (sky130_fd_sc_hd__dfrtp_1)
                                  6.12   data arrival time

                         25.00   25.00   clock clk (rise edge)
                          0.00   25.00   clock source latency
                  0.10    0.06   25.06 ^ clk (in)
     1    0.02                           clk (net)
                  0.10    0.00   25.06 ^ clkbuf_0_clk/A (sky130_fd_sc_hd__clkbuf_16)
                  0.10    0.18   25.24 ^ clkbuf_0_clk/X (sky130_fd_sc_hd__clkbuf_16)
     8    0.08                           clknet_0_clk (net)
                  0.10    0.00   25.25 ^ clkbuf_3_1__f_clk/A (sky130_fd_sc_hd__clkbuf_16)
                  0.04    0.14   25.39 ^ clkbuf_3_1__f_clk/X (sky130_fd_sc_hd__clkbuf_16)
     7    0.02                           clknet_3_1__leaf_clk (net)
                  0.04    0.00   25.39 ^ _438_/CLK (sky130_fd_sc_hd__dfrtp_1)
                         -0.25   25.14   clock uncertainty
                          0.00   25.14   clock reconvergence pessimism
                         -0.11   25.03   library setup time
                                 25.03   data required time
-----------------------------------------------------------------------------
                                 25.03   data required time
                                 -6.12   data arrival time
-----------------------------------------------------------------------------
                                 18.91   slack (MET)


Startpoint: i_value4[1] (input port clocked by clk)
Endpoint: _424_ (rising edge-triggered flip-flop clocked by clk)
Path Group: clk
Path Type: max

Fanout     Cap    Slew   Delay    Time   Description
-----------------------------------------------------------------------------
                          0.00    0.00   clock clk (rise edge)
                          0.00    0.00   clock network delay (propagated)
                          5.00    5.00 v input external delay
                  0.01    0.00    5.00 v i_value4[1] (in)
     1    0.00                           i_value4[1] (net)
                  0.01    0.00    5.00 v input15/A (sky130_fd_sc_hd__buf_1)
                  0.07    0.11    5.12 v input15/X (sky130_fd_sc_hd__buf_1)
     3    0.01                           net15 (net)
                  0.07    0.00    5.12 v _264_/A1 (sky130_fd_sc_hd__o211a_1)
                  0.04    0.24    5.35 v _264_/X (sky130_fd_sc_hd__o211a_1)
     1    0.00                           _115_ (net)
                  0.04    0.00    5.35 v _266_/B1 (sky130_fd_sc_hd__o221a_2)
                  0.10    0.32    5.67 v _266_/X (sky130_fd_sc_hd__o221a_2)
     5    0.02                           _117_ (net)
                  0.10    0.00    5.68 v _269_/S (sky130_fd_sc_hd__mux2_1)
                  0.06    0.34    6.02 v _269_/X (sky130_fd_sc_hd__mux2_1)
     1    0.00                           _119_ (net)
                  0.06    0.00    6.02 v _270_/A (sky130_fd_sc_hd__clkbuf_1)
                  0.03    0.10    6.12 v _270_/X (sky130_fd_sc_hd__clkbuf_1)
     1    0.00                           _004_ (net)
                  0.03    0.00    6.12 v _424_/D (sky130_fd_sc_hd__dfrtp_1)
                                  6.12   data arrival time

                         25.00   25.00   clock clk (rise edge)
                          0.00   25.00   clock source latency
                  0.10    0.06   25.06 ^ clk (in)
     1    0.02                           clk (net)
                  0.10    0.00   25.06 ^ clkbuf_0_clk/A (sky130_fd_sc_hd__clkbuf_16)
                  0.10    0.18   25.24 ^ clkbuf_0_clk/X (sky130_fd_sc_hd__clkbuf_16)
     8    0.08                           clknet_0_clk (net)
                  0.10    0.00   25.25 ^ clkbuf_3_3__f_clk/A (sky130_fd_sc_hd__clkbuf_16)
                  0.05    0.15   25.39 ^ clkbuf_3_3__f_clk/X (sky130_fd_sc_hd__clkbuf_16)
    10    0.03                           clknet_3_3__leaf_clk (net)
                  0.05    0.00   25.39 ^ _424_/CLK (sky130_fd_sc_hd__dfrtp_1)
                         -0.25   25.14   clock uncertainty
                          0.00   25.14   clock reconvergence pessimism
                         -0.11   25.04   library setup time
                                 25.04   data required time
-----------------------------------------------------------------------------
                                 25.04   data required time
                                 -6.12   data arrival time
-----------------------------------------------------------------------------
                                 18.92   slack (MET)


Startpoint: i_value2[2] (input port clocked by clk)
Endpoint: _445_ (rising edge-triggered flip-flop clocked by clk)
Path Group: clk
Path Type: max

Fanout     Cap    Slew   Delay    Time   Description
-----------------------------------------------------------------------------
                          0.00    0.00   clock clk (rise edge)
                          0.00    0.00   clock network delay (propagated)
                          5.00    5.00 v input external delay
                  0.01    0.00    5.00 v i_value2[2] (in)
     1    0.00                           i_value2[2] (net)
                  0.01    0.00    5.00 v input10/A (sky130_fd_sc_hd__buf_1)
                  0.08    0.12    5.12 v input10/X (sky130_fd_sc_hd__buf_1)
     3    0.01                           net10 (net)
                  0.08    0.00    5.12 v _305_/A2 (sky130_fd_sc_hd__a22o_1)
                  0.04    0.25    5.37 v _305_/X (sky130_fd_sc_hd__a22o_1)
     1    0.00                           _144_ (net)
                  0.04    0.00    5.37 v _306_/B2 (sky130_fd_sc_hd__o221a_2)
                  0.10    0.30    5.67 v _306_/X (sky130_fd_sc_hd__o221a_2)
     5    0.02                           _145_ (net)
                  0.10    0.00    5.68 v _331_/S (sky130_fd_sc_hd__mux2_1)
                  0.06    0.34    6.02 v _331_/X (sky130_fd_sc_hd__mux2_1)
     1    0.00                           _160_ (net)
                  0.06    0.00    6.02 v _332_/A (sky130_fd_sc_hd__clkbuf_1)
                  0.02    0.09    6.11 v _332_/X (sky130_fd_sc_hd__clkbuf_1)
     1    0.00                           _025_ (net)
                  0.02    0.00    6.11 v _445_/D (sky130_fd_sc_hd__dfrtp_1)
                                  6.11   data arrival time

                         25.00   25.00   clock clk (rise edge)
                          0.00   25.00   clock source latency
                  0.10    0.06   25.06 ^ clk (in)
     1    0.02                           clk (net)
                  0.10    0.00   25.06 ^ clkbuf_0_clk/A (sky130_fd_sc_hd__clkbuf_16)
                  0.10    0.18   25.24 ^ clkbuf_0_clk/X (sky130_fd_sc_hd__clkbuf_16)
     8    0.08                           clknet_0_clk (net)
                  0.10    0.00   25.25 ^ clkbuf_3_3__f_clk/A (sky130_fd_sc_hd__clkbuf_16)
                  0.05    0.15   25.39 ^ clkbuf_3_3__f_clk/X (sky130_fd_sc_hd__clkbuf_16)
    10    0.03                           clknet_3_3__leaf_clk (net)
                  0.05    0.00   25.39 ^ _445_/CLK (sky130_fd_sc_hd__dfrtp_1)
                         -0.25   25.14   clock uncertainty
                          0.00   25.14   clock reconvergence pessimism
                         -0.10   25.04   library setup time
                                 25.04   data required time
-----------------------------------------------------------------------------
                                 25.04   data required time
                                 -6.11   data arrival time
-----------------------------------------------------------------------------
                                 18.93   slack (MET)


Startpoint: i_value4[1] (input port clocked by clk)
Endpoint: _425_ (rising edge-triggered flip-flop clocked by clk)
Path Group: clk
Path Type: max

Fanout     Cap    Slew   Delay    Time   Description
-----------------------------------------------------------------------------
                          0.00    0.00   clock clk (rise edge)
                          0.00    0.00   clock network delay (propagated)
                          5.00    5.00 v input external delay
                  0.01    0.00    5.00 v i_value4[1] (in)
     1    0.00                           i_value4[1] (net)
                  0.01    0.00    5.00 v input15/A (sky130_fd_sc_hd__buf_1)
                  0.07    0.11    5.12 v input15/X (sky130_fd_sc_hd__buf_1)
     3    0.01                           net15 (net)
                  0.07    0.00    5.12 v _264_/A1 (sky130_fd_sc_hd__o211a_1)
                  0.04    0.24    5.35 v _264_/X (sky130_fd_sc_hd__o211a_1)
     1    0.00                           _115_ (net)
                  0.04    0.00    5.35 v _266_/B1 (sky130_fd_sc_hd__o221a_2)
                  0.10    0.32    5.67 v _266_/X (sky130_fd_sc_hd__o221a_2)
     5    0.02                           _117_ (net)
                  0.10    0.00    5.68 v _271_/S (sky130_fd_sc_hd__mux2_1)
                  0.05    0.34    6.01 v _271_/X (sky130_fd_sc_hd__mux2_1)
     1    0.00                           _120_ (net)
                  0.05    0.00    6.01 v _272_/A (sky130_fd_sc_hd__clkbuf_1)
                  0.03    0.10    6.11 v _272_/X (sky130_fd_sc_hd__clkbuf_1)
     1    0.00                           _005_ (net)
                  0.03    0.00    6.11 v _425_/D (sky130_fd_sc_hd__dfrtp_1)
                                  6.11   data arrival time

                         25.00   25.00   clock clk (rise edge)
                          0.00   25.00   clock source latency
                  0.10    0.06   25.06 ^ clk (in)
     1    0.02                           clk (net)
                  0.10    0.00   25.06 ^ clkbuf_0_clk/A (sky130_fd_sc_hd__clkbuf_16)
                  0.10    0.18   25.24 ^ clkbuf_0_clk/X (sky130_fd_sc_hd__clkbuf_16)
     8    0.08                           clknet_0_clk (net)
                  0.10    0.00   25.25 ^ clkbuf_3_3__f_clk/A (sky130_fd_sc_hd__clkbuf_16)
                  0.05    0.15   25.39 ^ clkbuf_3_3__f_clk/X (sky130_fd_sc_hd__clkbuf_16)
    10    0.03                           clknet_3_3__leaf_clk (net)
                  0.05    0.00   25.39 ^ _425_/CLK (sky130_fd_sc_hd__dfrtp_1)
                         -0.25   25.14   clock uncertainty
                          0.00   25.14   clock reconvergence pessimism
                         -0.11   25.04   library setup time
                                 25.04   data required time
-----------------------------------------------------------------------------
                                 25.04   data required time
                                 -6.11   data arrival time
-----------------------------------------------------------------------------
                                 18.93   slack (MET)


Startpoint: i_value2[2] (input port clocked by clk)
Endpoint: _436_ (rising edge-triggered flip-flop clocked by clk)
Path Group: clk
Path Type: max

Fanout     Cap    Slew   Delay    Time   Description
-----------------------------------------------------------------------------
                          0.00    0.00   clock clk (rise edge)
                          0.00    0.00   clock network delay (propagated)
                          5.00    5.00 v input external delay
                  0.01    0.00    5.00 v i_value2[2] (in)
     1    0.00                           i_value2[2] (net)
                  0.01    0.00    5.00 v input10/A (sky130_fd_sc_hd__buf_1)
                  0.08    0.12    5.12 v input10/X (sky130_fd_sc_hd__buf_1)
     3    0.01                           net10 (net)
                  0.08    0.00    5.12 v _305_/A2 (sky130_fd_sc_hd__a22o_1)
                  0.04    0.25    5.37 v _305_/X (sky130_fd_sc_hd__a22o_1)
     1    0.00                           _144_ (net)
                  0.04    0.00    5.37 v _306_/B2 (sky130_fd_sc_hd__o221a_2)
                  0.10    0.30    5.67 v _306_/X (sky130_fd_sc_hd__o221a_2)
     5    0.02                           _145_ (net)
                  0.10    0.00    5.67 v _309_/S (sky130_fd_sc_hd__mux2_1)
                  0.06    0.34    6.02 v _309_/X (sky130_fd_sc_hd__mux2_1)
     1    0.00                           _147_ (net)
                  0.06    0.00    6.02 v _310_/A (sky130_fd_sc_hd__clkbuf_1)
                  0.02    0.09    6.11 v _310_/X (sky130_fd_sc_hd__clkbuf_1)
     1    0.00                           _016_ (net)
                  0.02    0.00    6.11 v _436_/D (sky130_fd_sc_hd__dfrtp_1)
                                  6.11   data arrival time

                         25.00   25.00   clock clk (rise edge)
                          0.00   25.00   clock source latency
                  0.10    0.06   25.06 ^ clk (in)
     1    0.02                           clk (net)
                  0.10    0.00   25.06 ^ clkbuf_0_clk/A (sky130_fd_sc_hd__clkbuf_16)
                  0.10    0.18   25.24 ^ clkbuf_0_clk/X (sky130_fd_sc_hd__clkbuf_16)
     8    0.08                           clknet_0_clk (net)
                  0.10    0.00   25.25 ^ clkbuf_3_2__f_clk/A (sky130_fd_sc_hd__clkbuf_16)
                  0.05    0.15   25.39 ^ clkbuf_3_2__f_clk/X (sky130_fd_sc_hd__clkbuf_16)
    10    0.03                           clknet_3_2__leaf_clk (net)
                  0.05    0.00   25.39 ^ _436_/CLK (sky130_fd_sc_hd__dfrtp_1)
                         -0.25   25.14   clock uncertainty
                          0.00   25.14   clock reconvergence pessimism
                         -0.10   25.04   library setup time
                                 25.04   data required time
-----------------------------------------------------------------------------
                                 25.04   data required time
                                 -6.11   data arrival time
-----------------------------------------------------------------------------
                                 18.93   slack (MET)


Startpoint: i_value4[1] (input port clocked by clk)
Endpoint: _447_ (rising edge-triggered flip-flop clocked by clk)
Path Group: clk
Path Type: max

Fanout     Cap    Slew   Delay    Time   Description
-----------------------------------------------------------------------------
                          0.00    0.00   clock clk (rise edge)
                          0.00    0.00   clock network delay (propagated)
                          5.00    5.00 v input external delay
                  0.01    0.00    5.00 v i_value4[1] (in)
     1    0.00                           i_value4[1] (net)
                  0.01    0.00    5.00 v input15/A (sky130_fd_sc_hd__buf_1)
                  0.07    0.11    5.12 v input15/X (sky130_fd_sc_hd__buf_1)
     3    0.01                           net15 (net)
                  0.07    0.00    5.12 v _264_/A1 (sky130_fd_sc_hd__o211a_1)
                  0.04    0.24    5.35 v _264_/X (sky130_fd_sc_hd__o211a_1)
     1    0.00                           _115_ (net)
                  0.04    0.00    5.35 v _266_/B1 (sky130_fd_sc_hd__o221a_2)
                  0.10    0.32    5.67 v _266_/X (sky130_fd_sc_hd__o221a_2)
     5    0.02                           _117_ (net)
                  0.10    0.00    5.68 v _335_/S (sky130_fd_sc_hd__mux2_1)
                  0.06    0.34    6.02 v _335_/X (sky130_fd_sc_hd__mux2_1)
     1    0.00                           _162_ (net)
                  0.06    0.00    6.02 v _336_/A (sky130_fd_sc_hd__clkbuf_1)
                  0.02    0.09    6.11 v _336_/X (sky130_fd_sc_hd__clkbuf_1)
     1    0.00                           _027_ (net)
                  0.02    0.00    6.11 v _447_/D (sky130_fd_sc_hd__dfrtp_1)
                                  6.11   data arrival time

                         25.00   25.00   clock clk (rise edge)
                          0.00   25.00   clock source latency
                  0.10    0.06   25.06 ^ clk (in)
     1    0.02                           clk (net)
                  0.10    0.00   25.06 ^ clkbuf_0_clk/A (sky130_fd_sc_hd__clkbuf_16)
                  0.10    0.18   25.24 ^ clkbuf_0_clk/X (sky130_fd_sc_hd__clkbuf_16)
     8    0.08                           clknet_0_clk (net)
                  0.10    0.00   25.25 ^ clkbuf_3_2__f_clk/A (sky130_fd_sc_hd__clkbuf_16)
                  0.05    0.15   25.39 ^ clkbuf_3_2__f_clk/X (sky130_fd_sc_hd__clkbuf_16)
    10    0.03                           clknet_3_2__leaf_clk (net)
                  0.05    0.00   25.39 ^ _447_/CLK (sky130_fd_sc_hd__dfrtp_1)
                         -0.25   25.14   clock uncertainty
                          0.00   25.14   clock reconvergence pessimism
                         -0.10   25.04   library setup time
                                 25.04   data required time
-----------------------------------------------------------------------------
                                 25.04   data required time
                                 -6.11   data arrival time
-----------------------------------------------------------------------------
                                 18.93   slack (MET)


Startpoint: i_value4[1] (input port clocked by clk)
Endpoint: _448_ (rising edge-triggered flip-flop clocked by clk)
Path Group: clk
Path Type: max

Fanout     Cap    Slew   Delay    Time   Description
-----------------------------------------------------------------------------
                          0.00    0.00   clock clk (rise edge)
                          0.00    0.00   clock network delay (propagated)
                          5.00    5.00 v input external delay
                  0.01    0.00    5.00 v i_value4[1] (in)
     1    0.00                           i_value4[1] (net)
                  0.01    0.00    5.00 v input15/A (sky130_fd_sc_hd__buf_1)
                  0.07    0.11    5.12 v input15/X (sky130_fd_sc_hd__buf_1)
     3    0.01                           net15 (net)
                  0.07    0.00    5.12 v _264_/A1 (sky130_fd_sc_hd__o211a_1)
                  0.04    0.24    5.35 v _264_/X (sky130_fd_sc_hd__o211a_1)
     1    0.00                           _115_ (net)
                  0.04    0.00    5.35 v _266_/B1 (sky130_fd_sc_hd__o221a_2)
                  0.10    0.32    5.67 v _266_/X (sky130_fd_sc_hd__o221a_2)
     5    0.02                           _117_ (net)
                  0.10    0.00    5.68 v _337_/S (sky130_fd_sc_hd__mux2_1)
                  0.05    0.34    6.01 v _337_/X (sky130_fd_sc_hd__mux2_1)
     1    0.00                           _163_ (net)
                  0.05    0.00    6.01 v _338_/A (sky130_fd_sc_hd__clkbuf_1)
                  0.03    0.10    6.11 v _338_/X (sky130_fd_sc_hd__clkbuf_1)
     1    0.00                           _028_ (net)
                  0.03    0.00    6.11 v _448_/D (sky130_fd_sc_hd__dfrtp_1)
                                  6.11   data arrival time

                         25.00   25.00   clock clk (rise edge)
                          0.00   25.00   clock source latency
                  0.10    0.06   25.06 ^ clk (in)
     1    0.02                           clk (net)
                  0.10    0.00   25.06 ^ clkbuf_0_clk/A (sky130_fd_sc_hd__clkbuf_16)
                  0.10    0.18   25.24 ^ clkbuf_0_clk/X (sky130_fd_sc_hd__clkbuf_16)
     8    0.08                           clknet_0_clk (net)
                  0.10    0.00   25.25 ^ clkbuf_3_2__f_clk/A (sky130_fd_sc_hd__clkbuf_16)
                  0.05    0.15   25.39 ^ clkbuf_3_2__f_clk/X (sky130_fd_sc_hd__clkbuf_16)
    10    0.03                           clknet_3_2__leaf_clk (net)
                  0.05    0.00   25.39 ^ _448_/CLK (sky130_fd_sc_hd__dfrtp_1)
                         -0.25   25.14   clock uncertainty
                          0.00   25.14   clock reconvergence pessimism
                         -0.10   25.04   library setup time
                                 25.04   data required time
-----------------------------------------------------------------------------
                                 25.04   data required time
                                 -6.11   data arrival time
-----------------------------------------------------------------------------
                                 18.93   slack (MET)


Startpoint: i_value1[2] (input port clocked by clk)
Endpoint: _429_ (rising edge-triggered flip-flop clocked by clk)
Path Group: clk
Path Type: max

Fanout     Cap    Slew   Delay    Time   Description
-----------------------------------------------------------------------------
                          0.00    0.00   clock clk (rise edge)
                          0.00    0.00   clock network delay (propagated)
                          5.00    5.00 v input external delay
                  0.01    0.00    5.00 v i_value1[2] (in)
     1    0.00                           i_value1[2] (net)
                  0.01    0.00    5.00 v input7/A (sky130_fd_sc_hd__buf_1)
                  0.08    0.12    5.12 v input7/X (sky130_fd_sc_hd__buf_1)
     3    0.01                           net7 (net)
                  0.08    0.00    5.12 v _288_/A2 (sky130_fd_sc_hd__a22o_1)
                  0.04    0.25    5.38 v _288_/X (sky130_fd_sc_hd__a22o_1)
     1    0.00                           _133_ (net)
                  0.04    0.00    5.38 v _289_/B2 (sky130_fd_sc_hd__o221a_2)
                  0.10    0.31    5.68 v _289_/X (sky130_fd_sc_hd__o221a_2)
     5    0.02                           _134_ (net)
                  0.10    0.00    5.68 v _290_/S (sky130_fd_sc_hd__mux2_1)
                  0.05    0.34    6.02 v _290_/X (sky130_fd_sc_hd__mux2_1)
     1    0.00                           _135_ (net)
                  0.05    0.00    6.02 v _291_/A (sky130_fd_sc_hd__clkbuf_1)
                  0.02    0.09    6.12 v _291_/X (sky130_fd_sc_hd__clkbuf_1)
     1    0.00                           _009_ (net)
                  0.02    0.00    6.12 v _429_/D (sky130_fd_sc_hd__dfrtp_1)
                                  6.12   data arrival time

                         25.00   25.00   clock clk (rise edge)
                          0.00   25.00   clock source latency
                  0.10    0.06   25.06 ^ clk (in)
     1    0.02                           clk (net)
                  0.10    0.00   25.06 ^ clkbuf_0_clk/A (sky130_fd_sc_hd__clkbuf_16)
                  0.10    0.18   25.24 ^ clkbuf_0_clk/X (sky130_fd_sc_hd__clkbuf_16)
     8    0.08                           clknet_0_clk (net)
                  0.10    0.00   25.25 ^ clkbuf_3_0__f_clk/A (sky130_fd_sc_hd__clkbuf_16)
                  0.06    0.15   25.40 ^ clkbuf_3_0__f_clk/X (sky130_fd_sc_hd__clkbuf_16)
    12    0.04                           clknet_3_0__leaf_clk (net)
                  0.06    0.00   25.40 ^ _429_/CLK (sky130_fd_sc_hd__dfrtp_1)
                         -0.25   25.15   clock uncertainty
                          0.00   25.15   clock reconvergence pessimism
                         -0.10   25.05   library setup time
                                 25.05   data required time
-----------------------------------------------------------------------------
                                 25.05   data required time
                                 -6.12   data arrival time
-----------------------------------------------------------------------------
                                 18.93   slack (MET)


Startpoint: i_value2[2] (input port clocked by clk)
Endpoint: _446_ (rising edge-triggered flip-flop clocked by clk)
Path Group: clk
Path Type: max

Fanout     Cap    Slew   Delay    Time   Description
-----------------------------------------------------------------------------
                          0.00    0.00   clock clk (rise edge)
                          0.00    0.00   clock network delay (propagated)
                          5.00    5.00 v input external delay
                  0.01    0.00    5.00 v i_value2[2] (in)
     1    0.00                           i_value2[2] (net)
                  0.01    0.00    5.00 v input10/A (sky130_fd_sc_hd__buf_1)
                  0.08    0.12    5.12 v input10/X (sky130_fd_sc_hd__buf_1)
     3    0.01                           net10 (net)
                  0.08    0.00    5.12 v _305_/A2 (sky130_fd_sc_hd__a22o_1)
                  0.04    0.25    5.37 v _305_/X (sky130_fd_sc_hd__a22o_1)
     1    0.00                           _144_ (net)
                  0.04    0.00    5.37 v _306_/B2 (sky130_fd_sc_hd__o221a_2)
                  0.10    0.30    5.67 v _306_/X (sky130_fd_sc_hd__o221a_2)
     5    0.02                           _145_ (net)
                  0.10    0.00    5.67 v _333_/S (sky130_fd_sc_hd__mux2_1)
                  0.05    0.34    6.01 v _333_/X (sky130_fd_sc_hd__mux2_1)
     1    0.00                           _161_ (net)
                  0.05    0.00    6.01 v _334_/A (sky130_fd_sc_hd__clkbuf_1)
                  0.02    0.09    6.11 v _334_/X (sky130_fd_sc_hd__clkbuf_1)
     1    0.00                           _026_ (net)
                  0.02    0.00    6.11 v _446_/D (sky130_fd_sc_hd__dfrtp_1)
                                  6.11   data arrival time

                         25.00   25.00   clock clk (rise edge)
                          0.00   25.00   clock source latency
                  0.10    0.06   25.06 ^ clk (in)
     1    0.02                           clk (net)
                  0.10    0.00   25.06 ^ clkbuf_0_clk/A (sky130_fd_sc_hd__clkbuf_16)
                  0.10    0.18   25.24 ^ clkbuf_0_clk/X (sky130_fd_sc_hd__clkbuf_16)
     8    0.08                           clknet_0_clk (net)
                  0.10    0.00   25.25 ^ clkbuf_3_3__f_clk/A (sky130_fd_sc_hd__clkbuf_16)
                  0.05    0.15   25.39 ^ clkbuf_3_3__f_clk/X (sky130_fd_sc_hd__clkbuf_16)
    10    0.03                           clknet_3_3__leaf_clk (net)
                  0.05    0.00   25.39 ^ _446_/CLK (sky130_fd_sc_hd__dfrtp_1)
                         -0.25   25.14   clock uncertainty
                          0.00   25.14   clock reconvergence pessimism
                         -0.10   25.04   library setup time
                                 25.04   data required time
-----------------------------------------------------------------------------
                                 25.04   data required time
                                 -6.11   data arrival time
-----------------------------------------------------------------------------
                                 18.93   slack (MET)


Startpoint: i_value2[2] (input port clocked by clk)
Endpoint: _435_ (rising edge-triggered flip-flop clocked by clk)
Path Group: clk
Path Type: max

Fanout     Cap    Slew   Delay    Time   Description
-----------------------------------------------------------------------------
                          0.00    0.00   clock clk (rise edge)
                          0.00    0.00   clock network delay (propagated)
                          5.00    5.00 v input external delay
                  0.01    0.00    5.00 v i_value2[2] (in)
     1    0.00                           i_value2[2] (net)
                  0.01    0.00    5.00 v input10/A (sky130_fd_sc_hd__buf_1)
                  0.08    0.12    5.12 v input10/X (sky130_fd_sc_hd__buf_1)
     3    0.01                           net10 (net)
                  0.08    0.00    5.12 v _305_/A2 (sky130_fd_sc_hd__a22o_1)
                  0.04    0.25    5.37 v _305_/X (sky130_fd_sc_hd__a22o_1)
     1    0.00                           _144_ (net)
                  0.04    0.00    5.37 v _306_/B2 (sky130_fd_sc_hd__o221a_2)
                  0.10    0.30    5.67 v _306_/X (sky130_fd_sc_hd__o221a_2)
     5    0.02                           _145_ (net)
                  0.10    0.00    5.67 v _307_/S (sky130_fd_sc_hd__mux2_1)
                  0.05    0.34    6.01 v _307_/X (sky130_fd_sc_hd__mux2_1)
     1    0.00                           _146_ (net)
                  0.05    0.00    6.01 v _308_/A (sky130_fd_sc_hd__clkbuf_1)
                  0.02    0.09    6.11 v _308_/X (sky130_fd_sc_hd__clkbuf_1)
     1    0.00                           _015_ (net)
                  0.02    0.00    6.11 v _435_/D (sky130_fd_sc_hd__dfrtp_1)
                                  6.11   data arrival time

                         25.00   25.00   clock clk (rise edge)
                          0.00   25.00   clock source latency
                  0.10    0.06   25.06 ^ clk (in)
     1    0.02                           clk (net)
                  0.10    0.00   25.06 ^ clkbuf_0_clk/A (sky130_fd_sc_hd__clkbuf_16)
                  0.10    0.18   25.24 ^ clkbuf_0_clk/X (sky130_fd_sc_hd__clkbuf_16)
     8    0.08                           clknet_0_clk (net)
                  0.10    0.00   25.25 ^ clkbuf_3_2__f_clk/A (sky130_fd_sc_hd__clkbuf_16)
                  0.05    0.15   25.39 ^ clkbuf_3_2__f_clk/X (sky130_fd_sc_hd__clkbuf_16)
    10    0.03                           clknet_3_2__leaf_clk (net)
                  0.05    0.00   25.39 ^ _435_/CLK (sky130_fd_sc_hd__dfrtp_1)
                         -0.25   25.14   clock uncertainty
                          0.00   25.14   clock reconvergence pessimism
                         -0.10   25.04   library setup time
                                 25.04   data required time
-----------------------------------------------------------------------------
                                 25.04   data required time
                                 -6.11   data arrival time
-----------------------------------------------------------------------------
                                 18.93   slack (MET)


Startpoint: i_value1[2] (input port clocked by clk)
Endpoint: _439_ (rising edge-triggered flip-flop clocked by clk)
Path Group: clk
Path Type: max

Fanout     Cap    Slew   Delay    Time   Description
-----------------------------------------------------------------------------
                          0.00    0.00   clock clk (rise edge)
                          0.00    0.00   clock network delay (propagated)
                          5.00    5.00 v input external delay
                  0.01    0.00    5.00 v i_value1[2] (in)
     1    0.00                           i_value1[2] (net)
                  0.01    0.00    5.00 v input7/A (sky130_fd_sc_hd__buf_1)
                  0.08    0.12    5.12 v input7/X (sky130_fd_sc_hd__buf_1)
     3    0.01                           net7 (net)
                  0.08    0.00    5.12 v _288_/A2 (sky130_fd_sc_hd__a22o_1)
                  0.04    0.25    5.38 v _288_/X (sky130_fd_sc_hd__a22o_1)
     1    0.00                           _133_ (net)
                  0.04    0.00    5.38 v _289_/B2 (sky130_fd_sc_hd__o221a_2)
                  0.10    0.31    5.68 v _289_/X (sky130_fd_sc_hd__o221a_2)
     5    0.02                           _134_ (net)
                  0.10    0.00    5.68 v _314_/S (sky130_fd_sc_hd__mux2_1)
                  0.05    0.34    6.02 v _314_/X (sky130_fd_sc_hd__mux2_1)
     1    0.00                           _149_ (net)
                  0.05    0.00    6.02 v _315_/A (sky130_fd_sc_hd__clkbuf_1)
                  0.02    0.09    6.11 v _315_/X (sky130_fd_sc_hd__clkbuf_1)
     1    0.00                           _019_ (net)
                  0.02    0.00    6.11 v _439_/D (sky130_fd_sc_hd__dfrtp_1)
                                  6.11   data arrival time

                         25.00   25.00   clock clk (rise edge)
                          0.00   25.00   clock source latency
                  0.10    0.06   25.06 ^ clk (in)
     1    0.02                           clk (net)
                  0.10    0.00   25.06 ^ clkbuf_0_clk/A (sky130_fd_sc_hd__clkbuf_16)
                  0.10    0.18   25.24 ^ clkbuf_0_clk/X (sky130_fd_sc_hd__clkbuf_16)
     8    0.08                           clknet_0_clk (net)
                  0.10    0.00   25.25 ^ clkbuf_3_0__f_clk/A (sky130_fd_sc_hd__clkbuf_16)
                  0.06    0.15   25.40 ^ clkbuf_3_0__f_clk/X (sky130_fd_sc_hd__clkbuf_16)
    12    0.04                           clknet_3_0__leaf_clk (net)
                  0.06    0.00   25.40 ^ _439_/CLK (sky130_fd_sc_hd__dfrtp_1)
                         -0.25   25.15   clock uncertainty
                          0.00   25.15   clock reconvergence pessimism
                         -0.10   25.05   library setup time
                                 25.05   data required time
-----------------------------------------------------------------------------
                                 25.05   data required time
                                 -6.11   data arrival time
-----------------------------------------------------------------------------
                                 18.94   slack (MET)


Startpoint: i_value1[2] (input port clocked by clk)
Endpoint: _430_ (rising edge-triggered flip-flop clocked by clk)
Path Group: clk
Path Type: max

Fanout     Cap    Slew   Delay    Time   Description
-----------------------------------------------------------------------------
                          0.00    0.00   clock clk (rise edge)
                          0.00    0.00   clock network delay (propagated)
                          5.00    5.00 v input external delay
                  0.01    0.00    5.00 v i_value1[2] (in)
     1    0.00                           i_value1[2] (net)
                  0.01    0.00    5.00 v input7/A (sky130_fd_sc_hd__buf_1)
                  0.08    0.12    5.12 v input7/X (sky130_fd_sc_hd__buf_1)
     3    0.01                           net7 (net)
                  0.08    0.00    5.12 v _288_/A2 (sky130_fd_sc_hd__a22o_1)
                  0.04    0.25    5.38 v _288_/X (sky130_fd_sc_hd__a22o_1)
     1    0.00                           _133_ (net)
                  0.04    0.00    5.38 v _289_/B2 (sky130_fd_sc_hd__o221a_2)
                  0.10    0.31    5.68 v _289_/X (sky130_fd_sc_hd__o221a_2)
     5    0.02                           _134_ (net)
                  0.10    0.00    5.68 v _292_/S (sky130_fd_sc_hd__mux2_1)
                  0.05    0.33    6.02 v _292_/X (sky130_fd_sc_hd__mux2_1)
     1    0.00                           _136_ (net)
                  0.05    0.00    6.02 v _293_/A (sky130_fd_sc_hd__clkbuf_1)
                  0.02    0.09    6.11 v _293_/X (sky130_fd_sc_hd__clkbuf_1)
     1    0.00                           _010_ (net)
                  0.02    0.00    6.11 v _430_/D (sky130_fd_sc_hd__dfrtp_1)
                                  6.11   data arrival time

                         25.00   25.00   clock clk (rise edge)
                          0.00   25.00   clock source latency
                  0.10    0.06   25.06 ^ clk (in)
     1    0.02                           clk (net)
                  0.10    0.00   25.06 ^ clkbuf_0_clk/A (sky130_fd_sc_hd__clkbuf_16)
                  0.10    0.18   25.24 ^ clkbuf_0_clk/X (sky130_fd_sc_hd__clkbuf_16)
     8    0.08                           clknet_0_clk (net)
                  0.10    0.00   25.25 ^ clkbuf_3_0__f_clk/A (sky130_fd_sc_hd__clkbuf_16)
                  0.06    0.15   25.40 ^ clkbuf_3_0__f_clk/X (sky130_fd_sc_hd__clkbuf_16)
    12    0.04                           clknet_3_0__leaf_clk (net)
                  0.06    0.00   25.40 ^ _430_/CLK (sky130_fd_sc_hd__dfrtp_1)
                         -0.25   25.15   clock uncertainty
                          0.00   25.15   clock reconvergence pessimism
                         -0.10   25.05   library setup time
                                 25.05   data required time
-----------------------------------------------------------------------------
                                 25.05   data required time
                                 -6.11   data arrival time
-----------------------------------------------------------------------------
                                 18.94   slack (MET)


Startpoint: i_value3[2] (input port clocked by clk)
Endpoint: _451_ (rising edge-triggered flip-flop clocked by clk)
Path Group: clk
Path Type: max

Fanout     Cap    Slew   Delay    Time   Description
-----------------------------------------------------------------------------
                          0.00    0.00   clock clk (rise edge)
                          0.00    0.00   clock network delay (propagated)
                          5.00    5.00 v input external delay
                  0.01    0.00    5.00 v i_value3[2] (in)
     1    0.00                           i_value3[2] (net)
                  0.01    0.00    5.00 v input13/A (sky130_fd_sc_hd__buf_1)
                  0.07    0.11    5.12 v input13/X (sky130_fd_sc_hd__buf_1)
     3    0.01                           net13 (net)
                  0.07    0.00    5.12 v _322_/A2 (sky130_fd_sc_hd__a22o_1)
                  0.04    0.25    5.36 v _322_/X (sky130_fd_sc_hd__a22o_1)
     1    0.00                           _155_ (net)
                  0.04    0.00    5.36 v _323_/B2 (sky130_fd_sc_hd__o221a_2)
                  0.09    0.30    5.67 v _323_/X (sky130_fd_sc_hd__o221a_2)
     5    0.02                           _156_ (net)
                  0.09    0.00    5.67 v _342_/S (sky130_fd_sc_hd__mux2_1)
                  0.06    0.34    6.00 v _342_/X (sky130_fd_sc_hd__mux2_1)
     1    0.00                           _165_ (net)
                  0.06    0.00    6.00 v _343_/A (sky130_fd_sc_hd__clkbuf_1)
                  0.03    0.10    6.10 v _343_/X (sky130_fd_sc_hd__clkbuf_1)
     1    0.00                           _031_ (net)
                  0.03    0.00    6.10 v _451_/D (sky130_fd_sc_hd__dfrtp_1)
                                  6.10   data arrival time

                         25.00   25.00   clock clk (rise edge)
                          0.00   25.00   clock source latency
                  0.10    0.06   25.06 ^ clk (in)
     1    0.02                           clk (net)
                  0.10    0.00   25.06 ^ clkbuf_0_clk/A (sky130_fd_sc_hd__clkbuf_16)
                  0.10    0.18   25.24 ^ clkbuf_0_clk/X (sky130_fd_sc_hd__clkbuf_16)
     8    0.08                           clknet_0_clk (net)
                  0.10    0.00   25.25 ^ clkbuf_3_2__f_clk/A (sky130_fd_sc_hd__clkbuf_16)
                  0.05    0.15   25.39 ^ clkbuf_3_2__f_clk/X (sky130_fd_sc_hd__clkbuf_16)
    10    0.03                           clknet_3_2__leaf_clk (net)
                  0.05    0.00   25.39 ^ _451_/CLK (sky130_fd_sc_hd__dfrtp_1)
                         -0.25   25.14   clock uncertainty
                          0.00   25.14   clock reconvergence pessimism
                         -0.10   25.04   library setup time
                                 25.04   data required time
-----------------------------------------------------------------------------
                                 25.04   data required time
                                 -6.10   data arrival time
-----------------------------------------------------------------------------
                                 18.94   slack (MET)


Startpoint: i_value4[1] (input port clocked by clk)
Endpoint: _423_ (rising edge-triggered flip-flop clocked by clk)
Path Group: clk
Path Type: max

Fanout     Cap    Slew   Delay    Time   Description
-----------------------------------------------------------------------------
                          0.00    0.00   clock clk (rise edge)
                          0.00    0.00   clock network delay (propagated)
                          5.00    5.00 v input external delay
                  0.01    0.00    5.00 v i_value4[1] (in)
     1    0.00                           i_value4[1] (net)
                  0.01    0.00    5.00 v input15/A (sky130_fd_sc_hd__buf_1)
                  0.07    0.11    5.12 v input15/X (sky130_fd_sc_hd__buf_1)
     3    0.01                           net15 (net)
                  0.07    0.00    5.12 v _264_/A1 (sky130_fd_sc_hd__o211a_1)
                  0.04    0.24    5.35 v _264_/X (sky130_fd_sc_hd__o211a_1)
     1    0.00                           _115_ (net)
                  0.04    0.00    5.35 v _266_/B1 (sky130_fd_sc_hd__o221a_2)
                  0.10    0.32    5.67 v _266_/X (sky130_fd_sc_hd__o221a_2)
     5    0.02                           _117_ (net)
                  0.10    0.00    5.68 v _267_/S (sky130_fd_sc_hd__mux2_1)
                  0.05    0.33    6.01 v _267_/X (sky130_fd_sc_hd__mux2_1)
     1    0.00                           _118_ (net)
                  0.05    0.00    6.01 v _268_/A (sky130_fd_sc_hd__clkbuf_1)
                  0.02    0.09    6.10 v _268_/X (sky130_fd_sc_hd__clkbuf_1)
     1    0.00                           _003_ (net)
                  0.02    0.00    6.10 v _423_/D (sky130_fd_sc_hd__dfrtp_1)
                                  6.10   data arrival time

                         25.00   25.00   clock clk (rise edge)
                          0.00   25.00   clock source latency
                  0.10    0.06   25.06 ^ clk (in)
     1    0.02                           clk (net)
                  0.10    0.00   25.06 ^ clkbuf_0_clk/A (sky130_fd_sc_hd__clkbuf_16)
                  0.10    0.18   25.24 ^ clkbuf_0_clk/X (sky130_fd_sc_hd__clkbuf_16)
     8    0.08                           clknet_0_clk (net)
                  0.10    0.00   25.25 ^ clkbuf_3_3__f_clk/A (sky130_fd_sc_hd__clkbuf_16)
                  0.05    0.15   25.39 ^ clkbuf_3_3__f_clk/X (sky130_fd_sc_hd__clkbuf_16)
    10    0.03                           clknet_3_3__leaf_clk (net)
                  0.05    0.00   25.39 ^ _423_/CLK (sky130_fd_sc_hd__dfrtp_1)
                         -0.25   25.14   clock uncertainty
                          0.00   25.14   clock reconvergence pessimism
                         -0.10   25.04   library setup time
                                 25.04   data required time
-----------------------------------------------------------------------------
                                 25.04   data required time
                                 -6.10   data arrival time
-----------------------------------------------------------------------------
                                 18.94   slack (MET)


Startpoint: i_value3[2] (input port clocked by clk)
Endpoint: _450_ (rising edge-triggered flip-flop clocked by clk)
Path Group: clk
Path Type: max

Fanout     Cap    Slew   Delay    Time   Description
-----------------------------------------------------------------------------
                          0.00    0.00   clock clk (rise edge)
                          0.00    0.00   clock network delay (propagated)
                          5.00    5.00 v input external delay
                  0.01    0.00    5.00 v i_value3[2] (in)
     1    0.00                           i_value3[2] (net)
                  0.01    0.00    5.00 v input13/A (sky130_fd_sc_hd__buf_1)
                  0.07    0.11    5.12 v input13/X (sky130_fd_sc_hd__buf_1)
     3    0.01                           net13 (net)
                  0.07    0.00    5.12 v _322_/A2 (sky130_fd_sc_hd__a22o_1)
                  0.04    0.25    5.36 v _322_/X (sky130_fd_sc_hd__a22o_1)
     1    0.00                           _155_ (net)
                  0.04    0.00    5.36 v _323_/B2 (sky130_fd_sc_hd__o221a_2)
                  0.09    0.30    5.67 v _323_/X (sky130_fd_sc_hd__o221a_2)
     5    0.02                           _156_ (net)
                  0.09    0.00    5.67 v _340_/S (sky130_fd_sc_hd__mux2_1)
                  0.06    0.34    6.01 v _340_/X (sky130_fd_sc_hd__mux2_1)
     1    0.00                           _164_ (net)
                  0.06    0.00    6.01 v _341_/A (sky130_fd_sc_hd__clkbuf_1)
                  0.02    0.09    6.10 v _341_/X (sky130_fd_sc_hd__clkbuf_1)
     1    0.00                           _030_ (net)
                  0.02    0.00    6.10 v _450_/D (sky130_fd_sc_hd__dfrtp_1)
                                  6.10   data arrival time

                         25.00   25.00   clock clk (rise edge)
                          0.00   25.00   clock source latency
                  0.10    0.06   25.06 ^ clk (in)
     1    0.02                           clk (net)
                  0.10    0.00   25.06 ^ clkbuf_0_clk/A (sky130_fd_sc_hd__clkbuf_16)
                  0.10    0.18   25.24 ^ clkbuf_0_clk/X (sky130_fd_sc_hd__clkbuf_16)
     8    0.08                           clknet_0_clk (net)
                  0.10    0.00   25.25 ^ clkbuf_3_3__f_clk/A (sky130_fd_sc_hd__clkbuf_16)
                  0.05    0.15   25.39 ^ clkbuf_3_3__f_clk/X (sky130_fd_sc_hd__clkbuf_16)
    10    0.03                           clknet_3_3__leaf_clk (net)
                  0.05    0.00   25.39 ^ _450_/CLK (sky130_fd_sc_hd__dfrtp_1)
                         -0.25   25.14   clock uncertainty
                          0.00   25.14   clock reconvergence pessimism
                         -0.10   25.04   library setup time
                                 25.04   data required time
-----------------------------------------------------------------------------
                                 25.04   data required time
                                 -6.10   data arrival time
-----------------------------------------------------------------------------
                                 18.94   slack (MET)


Startpoint: i_value2[2] (input port clocked by clk)
Endpoint: _444_ (rising edge-triggered flip-flop clocked by clk)
Path Group: clk
Path Type: max

Fanout     Cap    Slew   Delay    Time   Description
-----------------------------------------------------------------------------
                          0.00    0.00   clock clk (rise edge)
                          0.00    0.00   clock network delay (propagated)
                          5.00    5.00 v input external delay
                  0.01    0.00    5.00 v i_value2[2] (in)
     1    0.00                           i_value2[2] (net)
                  0.01    0.00    5.00 v input10/A (sky130_fd_sc_hd__buf_1)
                  0.08    0.12    5.12 v input10/X (sky130_fd_sc_hd__buf_1)
     3    0.01                           net10 (net)
                  0.08    0.00    5.12 v _305_/A2 (sky130_fd_sc_hd__a22o_1)
                  0.04    0.25    5.37 v _305_/X (sky130_fd_sc_hd__a22o_1)
     1    0.00                           _144_ (net)
                  0.04    0.00    5.37 v _306_/B2 (sky130_fd_sc_hd__o221a_2)
                  0.10    0.30    5.67 v _306_/X (sky130_fd_sc_hd__o221a_2)
     5    0.02                           _145_ (net)
                  0.10    0.00    5.68 v _329_/S (sky130_fd_sc_hd__mux2_1)
                  0.05    0.33    6.01 v _329_/X (sky130_fd_sc_hd__mux2_1)
     1    0.00                           _159_ (net)
                  0.05    0.00    6.01 v _330_/A (sky130_fd_sc_hd__clkbuf_1)
                  0.03    0.09    6.10 v _330_/X (sky130_fd_sc_hd__clkbuf_1)
     1    0.00                           _024_ (net)
                  0.03    0.00    6.10 v _444_/D (sky130_fd_sc_hd__dfrtp_1)
                                  6.10   data arrival time

                         25.00   25.00   clock clk (rise edge)
                          0.00   25.00   clock source latency
                  0.10    0.06   25.06 ^ clk (in)
     1    0.02                           clk (net)
                  0.10    0.00   25.06 ^ clkbuf_0_clk/A (sky130_fd_sc_hd__clkbuf_16)
                  0.10    0.18   25.24 ^ clkbuf_0_clk/X (sky130_fd_sc_hd__clkbuf_16)
     8    0.08                           clknet_0_clk (net)
                  0.10    0.00   25.25 ^ clkbuf_3_0__f_clk/A (sky130_fd_sc_hd__clkbuf_16)
                  0.06    0.15   25.40 ^ clkbuf_3_0__f_clk/X (sky130_fd_sc_hd__clkbuf_16)
    12    0.04                           clknet_3_0__leaf_clk (net)
                  0.06    0.00   25.40 ^ _444_/CLK (sky130_fd_sc_hd__dfrtp_1)
                         -0.25   25.15   clock uncertainty
                          0.00   25.15   clock reconvergence pessimism
                         -0.10   25.05   library setup time
                                 25.05   data required time
-----------------------------------------------------------------------------
                                 25.05   data required time
                                 -6.10   data arrival time
-----------------------------------------------------------------------------
                                 18.94   slack (MET)


Startpoint: i_value3[2] (input port clocked by clk)
Endpoint: _442_ (rising edge-triggered flip-flop clocked by clk)
Path Group: clk
Path Type: max

Fanout     Cap    Slew   Delay    Time   Description
-----------------------------------------------------------------------------
                          0.00    0.00   clock clk (rise edge)
                          0.00    0.00   clock network delay (propagated)
                          5.00    5.00 v input external delay
                  0.01    0.00    5.00 v i_value3[2] (in)
     1    0.00                           i_value3[2] (net)
                  0.01    0.00    5.00 v input13/A (sky130_fd_sc_hd__buf_1)
                  0.07    0.11    5.12 v input13/X (sky130_fd_sc_hd__buf_1)
     3    0.01                           net13 (net)
                  0.07    0.00    5.12 v _322_/A2 (sky130_fd_sc_hd__a22o_1)
                  0.04    0.25    5.36 v _322_/X (sky130_fd_sc_hd__a22o_1)
     1    0.00                           _155_ (net)
                  0.04    0.00    5.36 v _323_/B2 (sky130_fd_sc_hd__o221a_2)
                  0.09    0.30    5.67 v _323_/X (sky130_fd_sc_hd__o221a_2)
     5    0.02                           _156_ (net)
                  0.09    0.00    5.67 v _326_/S (sky130_fd_sc_hd__mux2_1)
                  0.05    0.34    6.00 v _326_/X (sky130_fd_sc_hd__mux2_1)
     1    0.00                           _158_ (net)
                  0.05    0.00    6.00 v _327_/A (sky130_fd_sc_hd__clkbuf_1)
                  0.02    0.09    6.10 v _327_/X (sky130_fd_sc_hd__clkbuf_1)
     1    0.00                           _022_ (net)
                  0.02    0.00    6.10 v _442_/D (sky130_fd_sc_hd__dfrtp_1)
                                  6.10   data arrival time

                         25.00   25.00   clock clk (rise edge)
                          0.00   25.00   clock source latency
                  0.10    0.06   25.06 ^ clk (in)
     1    0.02                           clk (net)
                  0.10    0.00   25.06 ^ clkbuf_0_clk/A (sky130_fd_sc_hd__clkbuf_16)
                  0.10    0.18   25.24 ^ clkbuf_0_clk/X (sky130_fd_sc_hd__clkbuf_16)
     8    0.08                           clknet_0_clk (net)
                  0.10    0.00   25.25 ^ clkbuf_3_2__f_clk/A (sky130_fd_sc_hd__clkbuf_16)
                  0.05    0.15   25.39 ^ clkbuf_3_2__f_clk/X (sky130_fd_sc_hd__clkbuf_16)
    10    0.03                           clknet_3_2__leaf_clk (net)
                  0.05    0.00   25.39 ^ _442_/CLK (sky130_fd_sc_hd__dfrtp_1)
                         -0.25   25.14   clock uncertainty
                          0.00   25.14   clock reconvergence pessimism
                         -0.10   25.04   library setup time
                                 25.04   data required time
-----------------------------------------------------------------------------
                                 25.04   data required time
                                 -6.10   data arrival time
-----------------------------------------------------------------------------
                                 18.95   slack (MET)


Startpoint: i_value3[2] (input port clocked by clk)
Endpoint: _441_ (rising edge-triggered flip-flop clocked by clk)
Path Group: clk
Path Type: max

Fanout     Cap    Slew   Delay    Time   Description
-----------------------------------------------------------------------------
                          0.00    0.00   clock clk (rise edge)
                          0.00    0.00   clock network delay (propagated)
                          5.00    5.00 v input external delay
                  0.01    0.00    5.00 v i_value3[2] (in)
     1    0.00                           i_value3[2] (net)
                  0.01    0.00    5.00 v input13/A (sky130_fd_sc_hd__buf_1)
                  0.07    0.11    5.12 v input13/X (sky130_fd_sc_hd__buf_1)
     3    0.01                           net13 (net)
                  0.07    0.00    5.12 v _322_/A2 (sky130_fd_sc_hd__a22o_1)
                  0.04    0.25    5.36 v _322_/X (sky130_fd_sc_hd__a22o_1)
     1    0.00                           _155_ (net)
                  0.04    0.00    5.36 v _323_/B2 (sky130_fd_sc_hd__o221a_2)
                  0.09    0.30    5.67 v _323_/X (sky130_fd_sc_hd__o221a_2)
     5    0.02                           _156_ (net)
                  0.09    0.00    5.67 v _324_/S (sky130_fd_sc_hd__mux2_1)
                  0.05    0.34    6.00 v _324_/X (sky130_fd_sc_hd__mux2_1)
     1    0.00                           _157_ (net)
                  0.05    0.00    6.00 v _325_/A (sky130_fd_sc_hd__clkbuf_1)
                  0.02    0.09    6.09 v _325_/X (sky130_fd_sc_hd__clkbuf_1)
     1    0.00                           _021_ (net)
                  0.02    0.00    6.09 v _441_/D (sky130_fd_sc_hd__dfrtp_1)
                                  6.09   data arrival time

                         25.00   25.00   clock clk (rise edge)
                          0.00   25.00   clock source latency
                  0.10    0.06   25.06 ^ clk (in)
     1    0.02                           clk (net)
                  0.10    0.00   25.06 ^ clkbuf_0_clk/A (sky130_fd_sc_hd__clkbuf_16)
                  0.10    0.18   25.24 ^ clkbuf_0_clk/X (sky130_fd_sc_hd__clkbuf_16)
     8    0.08                           clknet_0_clk (net)
                  0.10    0.00   25.25 ^ clkbuf_3_2__f_clk/A (sky130_fd_sc_hd__clkbuf_16)
                  0.05    0.15   25.39 ^ clkbuf_3_2__f_clk/X (sky130_fd_sc_hd__clkbuf_16)
    10    0.03                           clknet_3_2__leaf_clk (net)
                  0.05    0.00   25.39 ^ _441_/CLK (sky130_fd_sc_hd__dfrtp_1)
                         -0.25   25.14   clock uncertainty
                          0.00   25.14   clock reconvergence pessimism
                         -0.10   25.04   library setup time
                                 25.04   data required time
-----------------------------------------------------------------------------
                                 25.04   data required time
                                 -6.09   data arrival time
-----------------------------------------------------------------------------
                                 18.95   slack (MET)


Startpoint: i_value3[2] (input port clocked by clk)
Endpoint: _452_ (rising edge-triggered flip-flop clocked by clk)
Path Group: clk
Path Type: max

Fanout     Cap    Slew   Delay    Time   Description
-----------------------------------------------------------------------------
                          0.00    0.00   clock clk (rise edge)
                          0.00    0.00   clock network delay (propagated)
                          5.00    5.00 v input external delay
                  0.01    0.00    5.00 v i_value3[2] (in)
     1    0.00                           i_value3[2] (net)
                  0.01    0.00    5.00 v input13/A (sky130_fd_sc_hd__buf_1)
                  0.07    0.11    5.12 v input13/X (sky130_fd_sc_hd__buf_1)
     3    0.01                           net13 (net)
                  0.07    0.00    5.12 v _322_/A2 (sky130_fd_sc_hd__a22o_1)
                  0.04    0.25    5.36 v _322_/X (sky130_fd_sc_hd__a22o_1)
     1    0.00                           _155_ (net)
                  0.04    0.00    5.36 v _323_/B2 (sky130_fd_sc_hd__o221a_2)
                  0.09    0.30    5.67 v _323_/X (sky130_fd_sc_hd__o221a_2)
     5    0.02                           _156_ (net)
                  0.09    0.00    5.67 v _344_/S (sky130_fd_sc_hd__mux2_1)
                  0.05    0.33    6.00 v _344_/X (sky130_fd_sc_hd__mux2_1)
     1    0.00                           _166_ (net)
                  0.05    0.00    6.00 v _345_/A (sky130_fd_sc_hd__clkbuf_1)
                  0.02    0.09    6.09 v _345_/X (sky130_fd_sc_hd__clkbuf_1)
     1    0.00                           _032_ (net)
                  0.02    0.00    6.09 v _452_/D (sky130_fd_sc_hd__dfrtp_1)
                                  6.09   data arrival time

                         25.00   25.00   clock clk (rise edge)
                          0.00   25.00   clock source latency
                  0.10    0.06   25.06 ^ clk (in)
     1    0.02                           clk (net)
                  0.10    0.00   25.06 ^ clkbuf_0_clk/A (sky130_fd_sc_hd__clkbuf_16)
                  0.10    0.18   25.24 ^ clkbuf_0_clk/X (sky130_fd_sc_hd__clkbuf_16)
     8    0.08                           clknet_0_clk (net)
                  0.10    0.00   25.25 ^ clkbuf_3_3__f_clk/A (sky130_fd_sc_hd__clkbuf_16)
                  0.05    0.15   25.39 ^ clkbuf_3_3__f_clk/X (sky130_fd_sc_hd__clkbuf_16)
    10    0.03                           clknet_3_3__leaf_clk (net)
                  0.05    0.00   25.39 ^ _452_/CLK (sky130_fd_sc_hd__dfrtp_1)
                         -0.25   25.14   clock uncertainty
                          0.00   25.14   clock reconvergence pessimism
                         -0.10   25.04   library setup time
                                 25.04   data required time
-----------------------------------------------------------------------------
                                 25.04   data required time
                                 -6.09   data arrival time
-----------------------------------------------------------------------------
                                 18.95   slack (MET)


Startpoint: i_value0[2] (input port clocked by clk)
Endpoint: _433_ (rising edge-triggered flip-flop clocked by clk)
Path Group: clk
Path Type: max

Fanout     Cap    Slew   Delay    Time   Description
-----------------------------------------------------------------------------
                          0.00    0.00   clock clk (rise edge)
                          0.00    0.00   clock network delay (propagated)
                          5.00    5.00 v input external delay
                  0.01    0.00    5.00 v i_value0[2] (in)
     1    0.00                           i_value0[2] (net)
                  0.01    0.00    5.00 v input4/A (sky130_fd_sc_hd__buf_1)
                  0.06    0.11    5.11 v input4/X (sky130_fd_sc_hd__buf_1)
     3    0.01                           net4 (net)
                  0.06    0.00    5.11 v _277_/A2 (sky130_fd_sc_hd__a22o_1)
                  0.04    0.24    5.35 v _277_/X (sky130_fd_sc_hd__a22o_1)
     1    0.00                           _125_ (net)
                  0.04    0.00    5.35 v _278_/B2 (sky130_fd_sc_hd__o221a_2)
                  0.09    0.30    5.65 v _278_/X (sky130_fd_sc_hd__o221a_2)
     5    0.02                           _126_ (net)
                  0.09    0.00    5.65 v _297_/S (sky130_fd_sc_hd__mux2_1)
                  0.05    0.33    5.98 v _297_/X (sky130_fd_sc_hd__mux2_1)
     1    0.00                           _138_ (net)
                  0.05    0.00    5.98 v _298_/A (sky130_fd_sc_hd__clkbuf_1)
                  0.03    0.09    6.08 v _298_/X (sky130_fd_sc_hd__clkbuf_1)
     1    0.00                           _013_ (net)
                  0.03    0.00    6.08 v _433_/D (sky130_fd_sc_hd__dfrtp_1)
                                  6.08   data arrival time

                         25.00   25.00   clock clk (rise edge)
                          0.00   25.00   clock source latency
                  0.10    0.06   25.06 ^ clk (in)
     1    0.02                           clk (net)
                  0.10    0.00   25.06 ^ clkbuf_0_clk/A (sky130_fd_sc_hd__clkbuf_16)
                  0.10    0.18   25.24 ^ clkbuf_0_clk/X (sky130_fd_sc_hd__clkbuf_16)
     8    0.08                           clknet_0_clk (net)
                  0.10    0.00   25.25 ^ clkbuf_3_1__f_clk/A (sky130_fd_sc_hd__clkbuf_16)
                  0.04    0.14   25.39 ^ clkbuf_3_1__f_clk/X (sky130_fd_sc_hd__clkbuf_16)
     7    0.02                           clknet_3_1__leaf_clk (net)
                  0.04    0.00   25.39 ^ _433_/CLK (sky130_fd_sc_hd__dfrtp_1)
                         -0.25   25.14   clock uncertainty
                          0.00   25.14   clock reconvergence pessimism
                         -0.11   25.03   library setup time
                                 25.03   data required time
-----------------------------------------------------------------------------
                                 25.03   data required time
                                 -6.08   data arrival time
-----------------------------------------------------------------------------
                                 18.95   slack (MET)


Startpoint: i_value0[2] (input port clocked by clk)
Endpoint: _434_ (rising edge-triggered flip-flop clocked by clk)
Path Group: clk
Path Type: max

Fanout     Cap    Slew   Delay    Time   Description
-----------------------------------------------------------------------------
                          0.00    0.00   clock clk (rise edge)
                          0.00    0.00   clock network delay (propagated)
                          5.00    5.00 v input external delay
                  0.01    0.00    5.00 v i_value0[2] (in)
     1    0.00                           i_value0[2] (net)
                  0.01    0.00    5.00 v input4/A (sky130_fd_sc_hd__buf_1)
                  0.06    0.11    5.11 v input4/X (sky130_fd_sc_hd__buf_1)
     3    0.01                           net4 (net)
                  0.06    0.00    5.11 v _277_/A2 (sky130_fd_sc_hd__a22o_1)
                  0.04    0.24    5.35 v _277_/X (sky130_fd_sc_hd__a22o_1)
     1    0.00                           _125_ (net)
                  0.04    0.00    5.35 v _278_/B2 (sky130_fd_sc_hd__o221a_2)
                  0.09    0.30    5.65 v _278_/X (sky130_fd_sc_hd__o221a_2)
     5    0.02                           _126_ (net)
                  0.09    0.00    5.65 v _299_/S (sky130_fd_sc_hd__mux2_1)
                  0.05    0.33    5.98 v _299_/X (sky130_fd_sc_hd__mux2_1)
     1    0.00                           _139_ (net)
                  0.05    0.00    5.98 v _300_/A (sky130_fd_sc_hd__clkbuf_1)
                  0.02    0.09    6.07 v _300_/X (sky130_fd_sc_hd__clkbuf_1)
     1    0.00                           _014_ (net)
                  0.02    0.00    6.07 v _434_/D (sky130_fd_sc_hd__dfrtp_1)
                                  6.07   data arrival time

                         25.00   25.00   clock clk (rise edge)
                          0.00   25.00   clock source latency
                  0.10    0.06   25.06 ^ clk (in)
     1    0.02                           clk (net)
                  0.10    0.00   25.06 ^ clkbuf_0_clk/A (sky130_fd_sc_hd__clkbuf_16)
                  0.10    0.18   25.24 ^ clkbuf_0_clk/X (sky130_fd_sc_hd__clkbuf_16)
     8    0.08                           clknet_0_clk (net)
                  0.10    0.00   25.25 ^ clkbuf_3_1__f_clk/A (sky130_fd_sc_hd__clkbuf_16)
                  0.04    0.14   25.39 ^ clkbuf_3_1__f_clk/X (sky130_fd_sc_hd__clkbuf_16)
     7    0.02                           clknet_3_1__leaf_clk (net)
                  0.04    0.00   25.39 ^ _434_/CLK (sky130_fd_sc_hd__dfrtp_1)
                         -0.25   25.14   clock uncertainty
                          0.00   25.14   clock reconvergence pessimism
                         -0.11   25.03   library setup time
                                 25.03   data required time
-----------------------------------------------------------------------------
                                 25.03   data required time
                                 -6.07   data arrival time
-----------------------------------------------------------------------------
                                 18.96   slack (MET)


Startpoint: i_value0[2] (input port clocked by clk)
Endpoint: _432_ (rising edge-triggered flip-flop clocked by clk)
Path Group: clk
Path Type: max

Fanout     Cap    Slew   Delay    Time   Description
-----------------------------------------------------------------------------
                          0.00    0.00   clock clk (rise edge)
                          0.00    0.00   clock network delay (propagated)
                          5.00    5.00 v input external delay
                  0.01    0.00    5.00 v i_value0[2] (in)
     1    0.00                           i_value0[2] (net)
                  0.01    0.00    5.00 v input4/A (sky130_fd_sc_hd__buf_1)
                  0.06    0.11    5.11 v input4/X (sky130_fd_sc_hd__buf_1)
     3    0.01                           net4 (net)
                  0.06    0.00    5.11 v _277_/A2 (sky130_fd_sc_hd__a22o_1)
                  0.04    0.24    5.35 v _277_/X (sky130_fd_sc_hd__a22o_1)
     1    0.00                           _125_ (net)
                  0.04    0.00    5.35 v _278_/B2 (sky130_fd_sc_hd__o221a_2)
                  0.09    0.30    5.65 v _278_/X (sky130_fd_sc_hd__o221a_2)
     5    0.02                           _126_ (net)
                  0.09    0.00    5.65 v _295_/S (sky130_fd_sc_hd__mux2_1)
                  0.05    0.33    5.98 v _295_/X (sky130_fd_sc_hd__mux2_1)
     1    0.00                           _137_ (net)
                  0.05    0.00    5.98 v _296_/A (sky130_fd_sc_hd__clkbuf_1)
                  0.02    0.09    6.07 v _296_/X (sky130_fd_sc_hd__clkbuf_1)
     1    0.00                           _012_ (net)
                  0.02    0.00    6.07 v _432_/D (sky130_fd_sc_hd__dfrtp_1)
                                  6.07   data arrival time

                         25.00   25.00   clock clk (rise edge)
                          0.00   25.00   clock source latency
                  0.10    0.06   25.06 ^ clk (in)
     1    0.02                           clk (net)
                  0.10    0.00   25.06 ^ clkbuf_0_clk/A (sky130_fd_sc_hd__clkbuf_16)
                  0.10    0.18   25.24 ^ clkbuf_0_clk/X (sky130_fd_sc_hd__clkbuf_16)
     8    0.08                           clknet_0_clk (net)
                  0.10    0.00   25.25 ^ clkbuf_3_1__f_clk/A (sky130_fd_sc_hd__clkbuf_16)
                  0.04    0.14   25.39 ^ clkbuf_3_1__f_clk/X (sky130_fd_sc_hd__clkbuf_16)
     7    0.02                           clknet_3_1__leaf_clk (net)
                  0.04    0.00   25.39 ^ _432_/CLK (sky130_fd_sc_hd__dfrtp_1)
                         -0.25   25.14   clock uncertainty
                          0.00   25.14   clock reconvergence pessimism
                         -0.11   25.03   library setup time
                                 25.03   data required time
-----------------------------------------------------------------------------
                                 25.03   data required time
                                 -6.07   data arrival time
-----------------------------------------------------------------------------
                                 18.96   slack (MET)


Startpoint: i_value0[2] (input port clocked by clk)
Endpoint: _427_ (rising edge-triggered flip-flop clocked by clk)
Path Group: clk
Path Type: max

Fanout     Cap    Slew   Delay    Time   Description
-----------------------------------------------------------------------------
                          0.00    0.00   clock clk (rise edge)
                          0.00    0.00   clock network delay (propagated)
                          5.00    5.00 v input external delay
                  0.01    0.00    5.00 v i_value0[2] (in)
     1    0.00                           i_value0[2] (net)
                  0.01    0.00    5.00 v input4/A (sky130_fd_sc_hd__buf_1)
                  0.06    0.11    5.11 v input4/X (sky130_fd_sc_hd__buf_1)
     3    0.01                           net4 (net)
                  0.06    0.00    5.11 v _277_/A2 (sky130_fd_sc_hd__a22o_1)
                  0.04    0.24    5.35 v _277_/X (sky130_fd_sc_hd__a22o_1)
     1    0.00                           _125_ (net)
                  0.04    0.00    5.35 v _278_/B2 (sky130_fd_sc_hd__o221a_2)
                  0.09    0.30    5.65 v _278_/X (sky130_fd_sc_hd__o221a_2)
     5    0.02                           _126_ (net)
                  0.09    0.00    5.65 v _281_/S (sky130_fd_sc_hd__mux2_1)
                  0.06    0.34    5.99 v _281_/X (sky130_fd_sc_hd__mux2_1)
     1    0.00                           _128_ (net)
                  0.06    0.00    5.99 v _282_/A (sky130_fd_sc_hd__clkbuf_1)
                  0.02    0.10    6.09 v _282_/X (sky130_fd_sc_hd__clkbuf_1)
     1    0.00                           _007_ (net)
                  0.02    0.00    6.09 v _427_/D (sky130_fd_sc_hd__dfrtp_1)
                                  6.09   data arrival time

                         25.00   25.00   clock clk (rise edge)
                          0.00   25.00   clock source latency
                  0.10    0.06   25.06 ^ clk (in)
     1    0.02                           clk (net)
                  0.10    0.00   25.06 ^ clkbuf_0_clk/A (sky130_fd_sc_hd__clkbuf_16)
                  0.10    0.18   25.24 ^ clkbuf_0_clk/X (sky130_fd_sc_hd__clkbuf_16)
     8    0.08                           clknet_0_clk (net)
                  0.10    0.00   25.25 ^ clkbuf_3_0__f_clk/A (sky130_fd_sc_hd__clkbuf_16)
                  0.06    0.15   25.40 ^ clkbuf_3_0__f_clk/X (sky130_fd_sc_hd__clkbuf_16)
    12    0.04                           clknet_3_0__leaf_clk (net)
                  0.06    0.00   25.40 ^ _427_/CLK (sky130_fd_sc_hd__dfrtp_1)
                         -0.25   25.15   clock uncertainty
                          0.00   25.15   clock reconvergence pessimism
                         -0.10   25.05   library setup time
                                 25.05   data required time
-----------------------------------------------------------------------------
                                 25.05   data required time
                                 -6.09   data arrival time
-----------------------------------------------------------------------------
                                 18.96   slack (MET)


Startpoint: i_value0[2] (input port clocked by clk)
Endpoint: _426_ (rising edge-triggered flip-flop clocked by clk)
Path Group: clk
Path Type: max

Fanout     Cap    Slew   Delay    Time   Description
-----------------------------------------------------------------------------
                          0.00    0.00   clock clk (rise edge)
                          0.00    0.00   clock network delay (propagated)
                          5.00    5.00 v input external delay
                  0.01    0.00    5.00 v i_value0[2] (in)
     1    0.00                           i_value0[2] (net)
                  0.01    0.00    5.00 v input4/A (sky130_fd_sc_hd__buf_1)
                  0.06    0.11    5.11 v input4/X (sky130_fd_sc_hd__buf_1)
     3    0.01                           net4 (net)
                  0.06    0.00    5.11 v _277_/A2 (sky130_fd_sc_hd__a22o_1)
                  0.04    0.24    5.35 v _277_/X (sky130_fd_sc_hd__a22o_1)
     1    0.00                           _125_ (net)
                  0.04    0.00    5.35 v _278_/B2 (sky130_fd_sc_hd__o221a_2)
                  0.09    0.30    5.65 v _278_/X (sky130_fd_sc_hd__o221a_2)
     5    0.02                           _126_ (net)
                  0.09    0.00    5.65 v _279_/S (sky130_fd_sc_hd__mux2_1)
                  0.05    0.33    5.98 v _279_/X (sky130_fd_sc_hd__mux2_1)
     1    0.00                           _127_ (net)
                  0.05    0.00    5.98 v _280_/A (sky130_fd_sc_hd__clkbuf_1)
                  0.03    0.09    6.08 v _280_/X (sky130_fd_sc_hd__clkbuf_1)
     1    0.00                           _006_ (net)
                  0.03    0.00    6.08 v _426_/D (sky130_fd_sc_hd__dfrtp_1)
                                  6.08   data arrival time

                         25.00   25.00   clock clk (rise edge)
                          0.00   25.00   clock source latency
                  0.10    0.06   25.06 ^ clk (in)
     1    0.02                           clk (net)
                  0.10    0.00   25.06 ^ clkbuf_0_clk/A (sky130_fd_sc_hd__clkbuf_16)
                  0.10    0.18   25.24 ^ clkbuf_0_clk/X (sky130_fd_sc_hd__clkbuf_16)
     8    0.08                           clknet_0_clk (net)
                  0.10    0.00   25.25 ^ clkbuf_3_0__f_clk/A (sky130_fd_sc_hd__clkbuf_16)
                  0.06    0.15   25.40 ^ clkbuf_3_0__f_clk/X (sky130_fd_sc_hd__clkbuf_16)
    12    0.04                           clknet_3_0__leaf_clk (net)
                  0.06    0.00   25.40 ^ _426_/CLK (sky130_fd_sc_hd__dfrtp_1)
                         -0.25   25.15   clock uncertainty
                          0.00   25.15   clock reconvergence pessimism
                         -0.10   25.05   library setup time
                                 25.05   data required time
-----------------------------------------------------------------------------
                                 25.05   data required time
                                 -6.08   data arrival time
-----------------------------------------------------------------------------
                                 18.97   slack (MET)


Startpoint: i_valid (input port clocked by clk)
Endpoint: _486_ (rising edge-triggered flip-flop clocked by clk)
Path Group: clk
Path Type: max

Fanout     Cap    Slew   Delay    Time   Description
-----------------------------------------------------------------------------
                          0.00    0.00   clock clk (rise edge)
                          0.00    0.00   clock network delay (propagated)
                          5.00    5.00 ^ input external delay
                  0.02    0.01    5.01 ^ i_valid (in)
     1    0.00                           i_valid (net)
                  0.02    0.00    5.01 ^ input1/A (sky130_fd_sc_hd__clkbuf_1)
                  0.04    0.08    5.09 ^ input1/X (sky130_fd_sc_hd__clkbuf_1)
     1    0.00                           net1 (net)
                  0.04    0.00    5.09 ^ _211_/A (sky130_fd_sc_hd__buf_4)
                  0.15    0.20    5.29 ^ _211_/X (sky130_fd_sc_hd__buf_4)
    13    0.05                           _065_ (net)
                  0.15    0.00    5.29 ^ _212_/A (sky130_fd_sc_hd__and3_1)
                  0.10    0.22    5.51 ^ _212_/X (sky130_fd_sc_hd__and3_1)
     3    0.01                           _066_ (net)
                  0.10    0.00    5.51 ^ _213_/B (sky130_fd_sc_hd__and2_1)
                  0.04    0.13    5.64 ^ _213_/X (sky130_fd_sc_hd__and2_1)
     1    0.00                           _067_ (net)
                  0.04    0.00    5.64 ^ _214_/A (sky130_fd_sc_hd__clkbuf_1)
                  0.08    0.11    5.76 ^ _214_/X (sky130_fd_sc_hd__clkbuf_1)
     2    0.01                           _000_ (net)
                  0.08    0.00    5.76 ^ _421_/A (sky130_fd_sc_hd__nor2_1)
                  0.03    0.06    5.81 v _421_/Y (sky130_fd_sc_hd__nor2_1)
     1    0.00                           _064_ (net)
                  0.03    0.00    5.81 v _486_/D (sky130_fd_sc_hd__dfrtp_4)
                                  5.81   data arrival time

                         25.00   25.00   clock clk (rise edge)
                          0.00   25.00   clock source latency
                  0.10    0.06   25.06 ^ clk (in)
     1    0.02                           clk (net)
                  0.10    0.00   25.06 ^ clkbuf_0_clk/A (sky130_fd_sc_hd__clkbuf_16)
                  0.10    0.18   25.24 ^ clkbuf_0_clk/X (sky130_fd_sc_hd__clkbuf_16)
     8    0.08                           clknet_0_clk (net)
                  0.10    0.00   25.25 ^ clkbuf_3_0__f_clk/A (sky130_fd_sc_hd__clkbuf_16)
                  0.06    0.15   25.40 ^ clkbuf_3_0__f_clk/X (sky130_fd_sc_hd__clkbuf_16)
    12    0.04                           clknet_3_0__leaf_clk (net)
                  0.06    0.00   25.40 ^ _486_/CLK (sky130_fd_sc_hd__dfrtp_4)
                         -0.25   25.15   clock uncertainty
                          0.00   25.15   clock reconvergence pessimism
                         -0.11   25.04   library setup time
                                 25.04   data required time
-----------------------------------------------------------------------------
                                 25.04   data required time
                                 -5.81   data arrival time
-----------------------------------------------------------------------------
                                 19.23   slack (MET)


Startpoint: i_valid (input port clocked by clk)
Endpoint: _422_ (rising edge-triggered flip-flop clocked by clk)
Path Group: clk
Path Type: max

Fanout     Cap    Slew   Delay    Time   Description
-----------------------------------------------------------------------------
                          0.00    0.00   clock clk (rise edge)
                          0.00    0.00   clock network delay (propagated)
                          5.00    5.00 v input external delay
                  0.01    0.00    5.00 v i_valid (in)
     1    0.00                           i_valid (net)
                  0.01    0.00    5.00 v input1/A (sky130_fd_sc_hd__clkbuf_1)
                  0.03    0.07    5.08 v input1/X (sky130_fd_sc_hd__clkbuf_1)
     1    0.00                           net1 (net)
                  0.03    0.00    5.08 v _211_/A (sky130_fd_sc_hd__buf_4)
                  0.08    0.19    5.27 v _211_/X (sky130_fd_sc_hd__buf_4)
    13    0.05                           _065_ (net)
                  0.08    0.00    5.27 v _212_/A (sky130_fd_sc_hd__and3_1)
                  0.06    0.19    5.45 v _212_/X (sky130_fd_sc_hd__and3_1)
     3    0.01                           _066_ (net)
                  0.06    0.00    5.45 v _213_/B (sky130_fd_sc_hd__and2_1)
                  0.03    0.16    5.62 v _213_/X (sky130_fd_sc_hd__and2_1)
     1    0.00                           _067_ (net)
                  0.03    0.00    5.62 v _214_/A (sky130_fd_sc_hd__clkbuf_1)
                  0.04    0.10    5.72 v _214_/X (sky130_fd_sc_hd__clkbuf_1)
     2    0.01                           _000_ (net)
                  0.04    0.00    5.72 v _422_/D (sky130_fd_sc_hd__dfrtp_1)
                                  5.72   data arrival time

                         25.00   25.00   clock clk (rise edge)
                          0.00   25.00   clock source latency
                  0.10    0.06   25.06 ^ clk (in)
     1    0.02                           clk (net)
                  0.10    0.00   25.06 ^ clkbuf_0_clk/A (sky130_fd_sc_hd__clkbuf_16)
                  0.10    0.18   25.24 ^ clkbuf_0_clk/X (sky130_fd_sc_hd__clkbuf_16)
     8    0.08                           clknet_0_clk (net)
                  0.10    0.00   25.25 ^ clkbuf_3_0__f_clk/A (sky130_fd_sc_hd__clkbuf_16)
                  0.06    0.15   25.40 ^ clkbuf_3_0__f_clk/X (sky130_fd_sc_hd__clkbuf_16)
    12    0.04                           clknet_3_0__leaf_clk (net)
                  0.06    0.00   25.40 ^ _422_/CLK (sky130_fd_sc_hd__dfrtp_1)
                         -0.25   25.15   clock uncertainty
                          0.00   25.15   clock reconvergence pessimism
                         -0.11   25.04   library setup time
                                 25.04   data required time
-----------------------------------------------------------------------------
                                 25.04   data required time
                                 -5.72   data arrival time
-----------------------------------------------------------------------------
                                 19.32   slack (MET)


Startpoint: i_valid (input port clocked by clk)
Endpoint: _485_ (rising edge-triggered flip-flop clocked by clk)
Path Group: clk
Path Type: max

Fanout     Cap    Slew   Delay    Time   Description
-----------------------------------------------------------------------------
                          0.00    0.00   clock clk (rise edge)
                          0.00    0.00   clock network delay (propagated)
                          5.00    5.00 ^ input external delay
                  0.02    0.01    5.01 ^ i_valid (in)
     1    0.00                           i_valid (net)
                  0.02    0.00    5.01 ^ input1/A (sky130_fd_sc_hd__clkbuf_1)
                  0.04    0.08    5.09 ^ input1/X (sky130_fd_sc_hd__clkbuf_1)
     1    0.00                           net1 (net)
                  0.04    0.00    5.09 ^ _211_/A (sky130_fd_sc_hd__buf_4)
                  0.15    0.20    5.29 ^ _211_/X (sky130_fd_sc_hd__buf_4)
    13    0.05                           _065_ (net)
                  0.15    0.00    5.29 ^ _212_/A (sky130_fd_sc_hd__and3_1)
                  0.10    0.22    5.51 ^ _212_/X (sky130_fd_sc_hd__and3_1)
     3    0.01                           _066_ (net)
                  0.10    0.00    5.51 ^ _419_/A (sky130_fd_sc_hd__nor2_1)
                  0.03    0.06    5.57 v _419_/Y (sky130_fd_sc_hd__nor2_1)
     1    0.00                           _063_ (net)
                  0.03    0.00    5.57 v _485_/D (sky130_fd_sc_hd__dfrtp_4)
                                  5.57   data arrival time

                         25.00   25.00   clock clk (rise edge)
                          0.00   25.00   clock source latency
                  0.10    0.06   25.06 ^ clk (in)
     1    0.02                           clk (net)
                  0.10    0.00   25.06 ^ clkbuf_0_clk/A (sky130_fd_sc_hd__clkbuf_16)
                  0.10    0.18   25.24 ^ clkbuf_0_clk/X (sky130_fd_sc_hd__clkbuf_16)
     8    0.08                           clknet_0_clk (net)
                  0.10    0.00   25.25 ^ clkbuf_3_0__f_clk/A (sky130_fd_sc_hd__clkbuf_16)
                  0.06    0.15   25.40 ^ clkbuf_3_0__f_clk/X (sky130_fd_sc_hd__clkbuf_16)
    12    0.04                           clknet_3_0__leaf_clk (net)
                  0.06    0.00   25.40 ^ _485_/CLK (sky130_fd_sc_hd__dfrtp_4)
                         -0.25   25.15   clock uncertainty
                          0.00   25.15   clock reconvergence pessimism
                         -0.11   25.04   library setup time
                                 25.04   data required time
-----------------------------------------------------------------------------
                                 25.04   data required time
                                 -5.57   data arrival time
-----------------------------------------------------------------------------
                                 19.48   slack (MET)


Startpoint: i_valid (input port clocked by clk)
Endpoint: _449_ (rising edge-triggered flip-flop clocked by clk)
Path Group: clk
Path Type: max

Fanout     Cap    Slew   Delay    Time   Description
-----------------------------------------------------------------------------
                          0.00    0.00   clock clk (rise edge)
                          0.00    0.00   clock network delay (propagated)
                          5.00    5.00 v input external delay
                  0.01    0.00    5.00 v i_valid (in)
     1    0.00                           i_valid (net)
                  0.01    0.00    5.00 v input1/A (sky130_fd_sc_hd__clkbuf_1)
                  0.03    0.07    5.08 v input1/X (sky130_fd_sc_hd__clkbuf_1)
     1    0.00                           net1 (net)
                  0.03    0.00    5.08 v _211_/A (sky130_fd_sc_hd__buf_4)
                  0.08    0.19    5.27 v _211_/X (sky130_fd_sc_hd__buf_4)
    13    0.05                           _065_ (net)
                  0.08    0.00    5.27 v _339_/A2 (sky130_fd_sc_hd__a21o_1)
                  0.03    0.19    5.46 v _339_/X (sky130_fd_sc_hd__a21o_1)
     1    0.00                           _029_ (net)
                  0.03    0.00    5.46 v _449_/D (sky130_fd_sc_hd__dfrtp_1)
                                  5.46   data arrival time

                         25.00   25.00   clock clk (rise edge)
                          0.00   25.00   clock source latency
                  0.10    0.06   25.06 ^ clk (in)
     1    0.02                           clk (net)
                  0.10    0.00   25.06 ^ clkbuf_0_clk/A (sky130_fd_sc_hd__clkbuf_16)
                  0.10    0.18   25.24 ^ clkbuf_0_clk/X (sky130_fd_sc_hd__clkbuf_16)
     8    0.08                           clknet_0_clk (net)
                  0.10    0.00   25.25 ^ clkbuf_3_2__f_clk/A (sky130_fd_sc_hd__clkbuf_16)
                  0.05    0.15   25.39 ^ clkbuf_3_2__f_clk/X (sky130_fd_sc_hd__clkbuf_16)
    10    0.03                           clknet_3_2__leaf_clk (net)
                  0.05    0.00   25.39 ^ _449_/CLK (sky130_fd_sc_hd__dfrtp_1)
                         -0.25   25.14   clock uncertainty
                          0.00   25.14   clock reconvergence pessimism
                         -0.11   25.04   library setup time
                                 25.04   data required time
-----------------------------------------------------------------------------
                                 25.04   data required time
                                 -5.46   data arrival time
-----------------------------------------------------------------------------
                                 19.58   slack (MET)


Startpoint: i_valid (input port clocked by clk)
Endpoint: _484_ (rising edge-triggered flip-flop clocked by clk)
Path Group: clk
Path Type: max

Fanout     Cap    Slew   Delay    Time   Description
-----------------------------------------------------------------------------
                          0.00    0.00   clock clk (rise edge)
                          0.00    0.00   clock network delay (propagated)
                          5.00    5.00 v input external delay
                  0.01    0.00    5.00 v i_valid (in)
     1    0.00                           i_valid (net)
                  0.01    0.00    5.00 v input1/A (sky130_fd_sc_hd__clkbuf_1)
                  0.03    0.07    5.08 v input1/X (sky130_fd_sc_hd__clkbuf_1)
     1    0.00                           net1 (net)
                  0.03    0.00    5.08 v _211_/A (sky130_fd_sc_hd__buf_4)
                  0.08    0.19    5.27 v _211_/X (sky130_fd_sc_hd__buf_4)
    13    0.05                           _065_ (net)
                  0.08    0.00    5.27 v _417_/A (sky130_fd_sc_hd__xor2_1)
                  0.05    0.18    5.44 v _417_/X (sky130_fd_sc_hd__xor2_1)
     1    0.00                           _062_ (net)
                  0.05    0.00    5.44 v _484_/D (sky130_fd_sc_hd__dfrtp_4)
                                  5.44   data arrival time

                         25.00   25.00   clock clk (rise edge)
                          0.00   25.00   clock source latency
                  0.10    0.06   25.06 ^ clk (in)
     1    0.02                           clk (net)
                  0.10    0.00   25.06 ^ clkbuf_0_clk/A (sky130_fd_sc_hd__clkbuf_16)
                  0.10    0.18   25.24 ^ clkbuf_0_clk/X (sky130_fd_sc_hd__clkbuf_16)
     8    0.08                           clknet_0_clk (net)
                  0.10    0.00   25.25 ^ clkbuf_3_0__f_clk/A (sky130_fd_sc_hd__clkbuf_16)
                  0.06    0.15   25.40 ^ clkbuf_3_0__f_clk/X (sky130_fd_sc_hd__clkbuf_16)
    12    0.04                           clknet_3_0__leaf_clk (net)
                  0.06    0.00   25.40 ^ _484_/CLK (sky130_fd_sc_hd__dfrtp_4)
                         -0.25   25.15   clock uncertainty
                          0.00   25.15   clock reconvergence pessimism
                         -0.11   25.04   library setup time
                                 25.04   data required time
-----------------------------------------------------------------------------
                                 25.04   data required time
                                 -5.44   data arrival time
-----------------------------------------------------------------------------
                                 19.59   slack (MET)


Startpoint: i_valid (input port clocked by clk)
Endpoint: _443_ (rising edge-triggered flip-flop clocked by clk)
Path Group: clk
Path Type: max

Fanout     Cap    Slew   Delay    Time   Description
-----------------------------------------------------------------------------
                          0.00    0.00   clock clk (rise edge)
                          0.00    0.00   clock network delay (propagated)
                          5.00    5.00 v input external delay
                  0.01    0.00    5.00 v i_valid (in)
     1    0.00                           i_valid (net)
                  0.01    0.00    5.00 v input1/A (sky130_fd_sc_hd__clkbuf_1)
                  0.03    0.07    5.08 v input1/X (sky130_fd_sc_hd__clkbuf_1)
     1    0.00                           net1 (net)
                  0.03    0.00    5.08 v _211_/A (sky130_fd_sc_hd__buf_4)
                  0.08    0.19    5.27 v _211_/X (sky130_fd_sc_hd__buf_4)
    13    0.05                           _065_ (net)
                  0.08    0.00    5.27 v _328_/A1 (sky130_fd_sc_hd__a21o_1)
                  0.03    0.17    5.44 v _328_/X (sky130_fd_sc_hd__a21o_1)
     1    0.00                           _023_ (net)
                  0.03    0.00    5.44 v _443_/D (sky130_fd_sc_hd__dfrtp_1)
                                  5.44   data arrival time

                         25.00   25.00   clock clk (rise edge)
                          0.00   25.00   clock source latency
                  0.10    0.06   25.06 ^ clk (in)
     1    0.02                           clk (net)
                  0.10    0.00   25.06 ^ clkbuf_0_clk/A (sky130_fd_sc_hd__clkbuf_16)
                  0.10    0.18   25.24 ^ clkbuf_0_clk/X (sky130_fd_sc_hd__clkbuf_16)
     8    0.08                           clknet_0_clk (net)
                  0.10    0.00   25.25 ^ clkbuf_3_2__f_clk/A (sky130_fd_sc_hd__clkbuf_16)
                  0.05    0.15   25.39 ^ clkbuf_3_2__f_clk/X (sky130_fd_sc_hd__clkbuf_16)
    10    0.03                           clknet_3_2__leaf_clk (net)
                  0.05    0.00   25.39 ^ _443_/CLK (sky130_fd_sc_hd__dfrtp_1)
                         -0.25   25.14   clock uncertainty
                          0.00   25.14   clock reconvergence pessimism
                         -0.11   25.04   library setup time
                                 25.04   data required time
-----------------------------------------------------------------------------
                                 25.04   data required time
                                 -5.44   data arrival time
-----------------------------------------------------------------------------
                                 19.60   slack (MET)


Startpoint: i_valid (input port clocked by clk)
Endpoint: _437_ (rising edge-triggered flip-flop clocked by clk)
Path Group: clk
Path Type: max

Fanout     Cap    Slew   Delay    Time   Description
-----------------------------------------------------------------------------
                          0.00    0.00   clock clk (rise edge)
                          0.00    0.00   clock network delay (propagated)
                          5.00    5.00 v input external delay
                  0.01    0.00    5.00 v i_valid (in)
     1    0.00                           i_valid (net)
                  0.01    0.00    5.00 v input1/A (sky130_fd_sc_hd__clkbuf_1)
                  0.03    0.07    5.08 v input1/X (sky130_fd_sc_hd__clkbuf_1)
     1    0.00                           net1 (net)
                  0.03    0.00    5.08 v _211_/A (sky130_fd_sc_hd__buf_4)
                  0.08    0.19    5.27 v _211_/X (sky130_fd_sc_hd__buf_4)
    13    0.05                           _065_ (net)
                  0.08    0.00    5.27 v _311_/A1 (sky130_fd_sc_hd__a21o_1)
                  0.03    0.17    5.44 v _311_/X (sky130_fd_sc_hd__a21o_1)
     1    0.00                           _017_ (net)
                  0.03    0.00    5.44 v _437_/D (sky130_fd_sc_hd__dfrtp_1)
                                  5.44   data arrival time

                         25.00   25.00   clock clk (rise edge)
                          0.00   25.00   clock source latency
                  0.10    0.06   25.06 ^ clk (in)
     1    0.02                           clk (net)
                  0.10    0.00   25.06 ^ clkbuf_0_clk/A (sky130_fd_sc_hd__clkbuf_16)
                  0.10    0.18   25.24 ^ clkbuf_0_clk/X (sky130_fd_sc_hd__clkbuf_16)
     8    0.08                           clknet_0_clk (net)
                  0.10    0.00   25.25 ^ clkbuf_3_2__f_clk/A (sky130_fd_sc_hd__clkbuf_16)
                  0.05    0.15   25.39 ^ clkbuf_3_2__f_clk/X (sky130_fd_sc_hd__clkbuf_16)
    10    0.03                           clknet_3_2__leaf_clk (net)
                  0.05    0.00   25.39 ^ _437_/CLK (sky130_fd_sc_hd__dfrtp_1)
                         -0.25   25.14   clock uncertainty
                          0.00   25.14   clock reconvergence pessimism
                         -0.11   25.04   library setup time
                                 25.04   data required time
-----------------------------------------------------------------------------
                                 25.04   data required time
                                 -5.44   data arrival time
-----------------------------------------------------------------------------
                                 19.60   slack (MET)


Startpoint: i_valid (input port clocked by clk)
Endpoint: _431_ (rising edge-triggered flip-flop clocked by clk)
Path Group: clk
Path Type: max

Fanout     Cap    Slew   Delay    Time   Description
-----------------------------------------------------------------------------
                          0.00    0.00   clock clk (rise edge)
                          0.00    0.00   clock network delay (propagated)
                          5.00    5.00 v input external delay
                  0.01    0.00    5.00 v i_valid (in)
     1    0.00                           i_valid (net)
                  0.01    0.00    5.00 v input1/A (sky130_fd_sc_hd__clkbuf_1)
                  0.03    0.07    5.08 v input1/X (sky130_fd_sc_hd__clkbuf_1)
     1    0.00                           net1 (net)
                  0.03    0.00    5.08 v _211_/A (sky130_fd_sc_hd__buf_4)
                  0.08    0.19    5.27 v _211_/X (sky130_fd_sc_hd__buf_4)
    13    0.05                           _065_ (net)
                  0.08    0.00    5.27 v _294_/A1 (sky130_fd_sc_hd__a21o_1)
                  0.03    0.17    5.44 v _294_/X (sky130_fd_sc_hd__a21o_1)
     1    0.00                           _011_ (net)
                  0.03    0.00    5.44 v _431_/D (sky130_fd_sc_hd__dfrtp_1)
                                  5.44   data arrival time

                         25.00   25.00   clock clk (rise edge)
                          0.00   25.00   clock source latency
                  0.10    0.06   25.06 ^ clk (in)
     1    0.02                           clk (net)
                  0.10    0.00   25.06 ^ clkbuf_0_clk/A (sky130_fd_sc_hd__clkbuf_16)
                  0.10    0.18   25.24 ^ clkbuf_0_clk/X (sky130_fd_sc_hd__clkbuf_16)
     8    0.08                           clknet_0_clk (net)
                  0.10    0.00   25.25 ^ clkbuf_3_0__f_clk/A (sky130_fd_sc_hd__clkbuf_16)
                  0.06    0.15   25.40 ^ clkbuf_3_0__f_clk/X (sky130_fd_sc_hd__clkbuf_16)
    12    0.04                           clknet_3_0__leaf_clk (net)
                  0.06    0.00   25.40 ^ _431_/CLK (sky130_fd_sc_hd__dfrtp_1)
                         -0.25   25.15   clock uncertainty
                          0.00   25.15   clock reconvergence pessimism
                         -0.10   25.05   library setup time
                                 25.05   data required time
-----------------------------------------------------------------------------
                                 25.05   data required time
                                 -5.44   data arrival time
-----------------------------------------------------------------------------
                                 19.61   slack (MET)


Startpoint: i_valid (input port clocked by clk)
Endpoint: _428_ (rising edge-triggered flip-flop clocked by clk)
Path Group: clk
Path Type: max

Fanout     Cap    Slew   Delay    Time   Description
-----------------------------------------------------------------------------
                          0.00    0.00   clock clk (rise edge)
                          0.00    0.00   clock network delay (propagated)
                          5.00    5.00 v input external delay
                  0.01    0.00    5.00 v i_valid (in)
     1    0.00                           i_valid (net)
                  0.01    0.00    5.00 v input1/A (sky130_fd_sc_hd__clkbuf_1)
                  0.03    0.07    5.08 v input1/X (sky130_fd_sc_hd__clkbuf_1)
     1    0.00                           net1 (net)
                  0.03    0.00    5.08 v _211_/A (sky130_fd_sc_hd__buf_4)
                  0.08    0.19    5.27 v _211_/X (sky130_fd_sc_hd__buf_4)
    13    0.05                           _065_ (net)
                  0.08    0.00    5.27 v _283_/A1 (sky130_fd_sc_hd__a21o_1)
                  0.03    0.17    5.44 v _283_/X (sky130_fd_sc_hd__a21o_1)
     1    0.00                           _008_ (net)
                  0.03    0.00    5.44 v _428_/D (sky130_fd_sc_hd__dfrtp_1)
                                  5.44   data arrival time

                         25.00   25.00   clock clk (rise edge)
                          0.00   25.00   clock source latency
                  0.10    0.06   25.06 ^ clk (in)
     1    0.02                           clk (net)
                  0.10    0.00   25.06 ^ clkbuf_0_clk/A (sky130_fd_sc_hd__clkbuf_16)
                  0.10    0.18   25.24 ^ clkbuf_0_clk/X (sky130_fd_sc_hd__clkbuf_16)
     8    0.08                           clknet_0_clk (net)
                  0.10    0.00   25.25 ^ clkbuf_3_0__f_clk/A (sky130_fd_sc_hd__clkbuf_16)
                  0.06    0.15   25.40 ^ clkbuf_3_0__f_clk/X (sky130_fd_sc_hd__clkbuf_16)
    12    0.04                           clknet_3_0__leaf_clk (net)
                  0.06    0.00   25.40 ^ _428_/CLK (sky130_fd_sc_hd__dfrtp_1)
                         -0.25   25.15   clock uncertainty
                          0.00   25.15   clock reconvergence pessimism
                         -0.10   25.04   library setup time
                                 25.04   data required time
-----------------------------------------------------------------------------
                                 25.04   data required time
                                 -5.44   data arrival time
-----------------------------------------------------------------------------
                                 19.61   slack (MET)


Startpoint: rst_n (input port clocked by clk)
Endpoint: _475_ (recovery check against rising-edge clock clk)
Path Group: asynchronous
Path Type: max

Fanout     Cap    Slew   Delay    Time   Description
-----------------------------------------------------------------------------
                          0.00    0.00   clock clk (rise edge)
                          0.00    0.00   clock network delay (propagated)
                          5.00    5.00 ^ input external delay
                  0.05    0.04    5.04 ^ rst_n (in)
     1    0.01                           rst_n (net)
                  0.05    0.00    5.04 ^ input17/A (sky130_fd_sc_hd__buf_12)
                  0.36    0.32    5.36 ^ input17/X (sky130_fd_sc_hd__buf_12)
    65    0.32                           net17 (net)
                  0.37    0.05    5.41 ^ _475_/RESET_B (sky130_fd_sc_hd__dfrtp_4)
                                  5.41   data arrival time

                         25.00   25.00   clock clk (rise edge)
                          0.00   25.00   clock source latency
                  0.10    0.06   25.06 ^ clk (in)
     1    0.02                           clk (net)
                  0.10    0.00   25.06 ^ clkbuf_0_clk/A (sky130_fd_sc_hd__clkbuf_16)
                  0.10    0.18   25.24 ^ clkbuf_0_clk/X (sky130_fd_sc_hd__clkbuf_16)
     8    0.08                           clknet_0_clk (net)
                  0.10    0.00   25.25 ^ clkbuf_3_7__f_clk/A (sky130_fd_sc_hd__clkbuf_16)
                  0.04    0.14   25.38 ^ clkbuf_3_7__f_clk/X (sky130_fd_sc_hd__clkbuf_16)
     7    0.02                           clknet_3_7__leaf_clk (net)
                  0.04    0.00   25.38 ^ _475_/CLK (sky130_fd_sc_hd__dfrtp_4)
                         -0.25   25.13   clock uncertainty
                          0.00   25.13   clock reconvergence pessimism
                          0.11   25.24   library recovery time
                                 25.24   data required time
-----------------------------------------------------------------------------
                                 25.24   data required time
                                 -5.41   data arrival time
-----------------------------------------------------------------------------
                                 19.83   slack (MET)


Startpoint: rst_n (input port clocked by clk)
Endpoint: _483_ (recovery check against rising-edge clock clk)
Path Group: asynchronous
Path Type: max

Fanout     Cap    Slew   Delay    Time   Description
-----------------------------------------------------------------------------
                          0.00    0.00   clock clk (rise edge)
                          0.00    0.00   clock network delay (propagated)
                          5.00    5.00 ^ input external delay
                  0.05    0.04    5.04 ^ rst_n (in)
     1    0.01                           rst_n (net)
                  0.05    0.00    5.04 ^ input17/A (sky130_fd_sc_hd__buf_12)
                  0.36    0.32    5.36 ^ input17/X (sky130_fd_sc_hd__buf_12)
    65    0.32                           net17 (net)
                  0.37    0.05    5.41 ^ _483_/RESET_B (sky130_fd_sc_hd__dfrtp_1)
                                  5.41   data arrival time

                         25.00   25.00   clock clk (rise edge)
                          0.00   25.00   clock source latency
                  0.10    0.06   25.06 ^ clk (in)
     1    0.02                           clk (net)
                  0.10    0.00   25.06 ^ clkbuf_0_clk/A (sky130_fd_sc_hd__clkbuf_16)
                  0.10    0.18   25.24 ^ clkbuf_0_clk/X (sky130_fd_sc_hd__clkbuf_16)
     8    0.08                           clknet_0_clk (net)
                  0.10    0.00   25.25 ^ clkbuf_3_7__f_clk/A (sky130_fd_sc_hd__clkbuf_16)
                  0.04    0.14   25.38 ^ clkbuf_3_7__f_clk/X (sky130_fd_sc_hd__clkbuf_16)
     7    0.02                           clknet_3_7__leaf_clk (net)
                  0.04    0.00   25.38 ^ _483_/CLK (sky130_fd_sc_hd__dfrtp_1)
                         -0.25   25.13   clock uncertainty
                          0.00   25.13   clock reconvergence pessimism
                          0.14   25.28   library recovery time
                                 25.28   data required time
-----------------------------------------------------------------------------
                                 25.28   data required time
                                 -5.41   data arrival time
-----------------------------------------------------------------------------
                                 19.86   slack (MET)


Startpoint: rst_n (input port clocked by clk)
Endpoint: _469_ (recovery check against rising-edge clock clk)
Path Group: asynchronous
Path Type: max

Fanout     Cap    Slew   Delay    Time   Description
-----------------------------------------------------------------------------
                          0.00    0.00   clock clk (rise edge)
                          0.00    0.00   clock network delay (propagated)
                          5.00    5.00 ^ input external delay
                  0.05    0.04    5.04 ^ rst_n (in)
     1    0.01                           rst_n (net)
                  0.05    0.00    5.04 ^ input17/A (sky130_fd_sc_hd__buf_12)
                  0.36    0.32    5.36 ^ input17/X (sky130_fd_sc_hd__buf_12)
    65    0.32                           net17 (net)
                  0.37    0.05    5.41 ^ _469_/RESET_B (sky130_fd_sc_hd__dfrtp_1)
                                  5.41   data arrival time

                         25.00   25.00   clock clk (rise edge)
                          0.00   25.00   clock source latency
                  0.10    0.06   25.06 ^ clk (in)
     1    0.02                           clk (net)
                  0.10    0.00   25.06 ^ clkbuf_0_clk/A (sky130_fd_sc_hd__clkbuf_16)
                  0.10    0.18   25.24 ^ clkbuf_0_clk/X (sky130_fd_sc_hd__clkbuf_16)
     8    0.08                           clknet_0_clk (net)
                  0.10    0.00   25.25 ^ clkbuf_3_7__f_clk/A (sky130_fd_sc_hd__clkbuf_16)
                  0.04    0.14   25.38 ^ clkbuf_3_7__f_clk/X (sky130_fd_sc_hd__clkbuf_16)
     7    0.02                           clknet_3_7__leaf_clk (net)
                  0.04    0.00   25.38 ^ _469_/CLK (sky130_fd_sc_hd__dfrtp_1)
                         -0.25   25.13   clock uncertainty
                          0.00   25.13   clock reconvergence pessimism
                          0.14   25.28   library recovery time
                                 25.28   data required time
-----------------------------------------------------------------------------
                                 25.28   data required time
                                 -5.41   data arrival time
-----------------------------------------------------------------------------
                                 19.86   slack (MET)


Startpoint: rst_n (input port clocked by clk)
Endpoint: _470_ (recovery check against rising-edge clock clk)
Path Group: asynchronous
Path Type: max

Fanout     Cap    Slew   Delay    Time   Description
-----------------------------------------------------------------------------
                          0.00    0.00   clock clk (rise edge)
                          0.00    0.00   clock network delay (propagated)
                          5.00    5.00 ^ input external delay
                  0.05    0.04    5.04 ^ rst_n (in)
     1    0.01                           rst_n (net)
                  0.05    0.00    5.04 ^ input17/A (sky130_fd_sc_hd__buf_12)
                  0.36    0.32    5.36 ^ input17/X (sky130_fd_sc_hd__buf_12)
    65    0.32                           net17 (net)
                  0.37    0.05    5.41 ^ _470_/RESET_B (sky130_fd_sc_hd__dfrtp_1)
                                  5.41   data arrival time

                         25.00   25.00   clock clk (rise edge)
                          0.00   25.00   clock source latency
                  0.10    0.06   25.06 ^ clk (in)
     1    0.02                           clk (net)
                  0.10    0.00   25.06 ^ clkbuf_0_clk/A (sky130_fd_sc_hd__clkbuf_16)
                  0.10    0.18   25.24 ^ clkbuf_0_clk/X (sky130_fd_sc_hd__clkbuf_16)
     8    0.08                           clknet_0_clk (net)
                  0.10    0.00   25.25 ^ clkbuf_3_7__f_clk/A (sky130_fd_sc_hd__clkbuf_16)
                  0.04    0.14   25.38 ^ clkbuf_3_7__f_clk/X (sky130_fd_sc_hd__clkbuf_16)
     7    0.02                           clknet_3_7__leaf_clk (net)
                  0.04    0.00   25.38 ^ _470_/CLK (sky130_fd_sc_hd__dfrtp_1)
                         -0.25   25.13   clock uncertainty
                          0.00   25.13   clock reconvergence pessimism
                          0.14   25.28   library recovery time
                                 25.28   data required time
-----------------------------------------------------------------------------
                                 25.28   data required time
                                 -5.41   data arrival time
-----------------------------------------------------------------------------
                                 19.86   slack (MET)


Startpoint: rst_n (input port clocked by clk)
Endpoint: _471_ (recovery check against rising-edge clock clk)
Path Group: asynchronous
Path Type: max

Fanout     Cap    Slew   Delay    Time   Description
-----------------------------------------------------------------------------
                          0.00    0.00   clock clk (rise edge)
                          0.00    0.00   clock network delay (propagated)
                          5.00    5.00 ^ input external delay
                  0.05    0.04    5.04 ^ rst_n (in)
     1    0.01                           rst_n (net)
                  0.05    0.00    5.04 ^ input17/A (sky130_fd_sc_hd__buf_12)
                  0.36    0.32    5.36 ^ input17/X (sky130_fd_sc_hd__buf_12)
    65    0.32                           net17 (net)
                  0.37    0.05    5.41 ^ _471_/RESET_B (sky130_fd_sc_hd__dfrtp_1)
                                  5.41   data arrival time

                         25.00   25.00   clock clk (rise edge)
                          0.00   25.00   clock source latency
                  0.10    0.06   25.06 ^ clk (in)
     1    0.02                           clk (net)
                  0.10    0.00   25.06 ^ clkbuf_0_clk/A (sky130_fd_sc_hd__clkbuf_16)
                  0.10    0.18   25.24 ^ clkbuf_0_clk/X (sky130_fd_sc_hd__clkbuf_16)
     8    0.08                           clknet_0_clk (net)
                  0.10    0.00   25.25 ^ clkbuf_3_7__f_clk/A (sky130_fd_sc_hd__clkbuf_16)
                  0.04    0.14   25.38 ^ clkbuf_3_7__f_clk/X (sky130_fd_sc_hd__clkbuf_16)
     7    0.02                           clknet_3_7__leaf_clk (net)
                  0.04    0.00   25.38 ^ _471_/CLK (sky130_fd_sc_hd__dfrtp_1)
                         -0.25   25.13   clock uncertainty
                          0.00   25.13   clock reconvergence pessimism
                          0.14   25.28   library recovery time
                                 25.28   data required time
-----------------------------------------------------------------------------
                                 25.28   data required time
                                 -5.41   data arrival time
-----------------------------------------------------------------------------
                                 19.86   slack (MET)


Startpoint: rst_n (input port clocked by clk)
Endpoint: _476_ (recovery check against rising-edge clock clk)
Path Group: asynchronous
Path Type: max

Fanout     Cap    Slew   Delay    Time   Description
-----------------------------------------------------------------------------
                          0.00    0.00   clock clk (rise edge)
                          0.00    0.00   clock network delay (propagated)
                          5.00    5.00 ^ input external delay
                  0.05    0.04    5.04 ^ rst_n (in)
     1    0.01                           rst_n (net)
                  0.05    0.00    5.04 ^ input17/A (sky130_fd_sc_hd__buf_12)
                  0.36    0.32    5.36 ^ input17/X (sky130_fd_sc_hd__buf_12)
    65    0.32                           net17 (net)
                  0.37    0.05    5.41 ^ _476_/RESET_B (sky130_fd_sc_hd__dfrtp_1)
                                  5.41   data arrival time

                         25.00   25.00   clock clk (rise edge)
                          0.00   25.00   clock source latency
                  0.10    0.06   25.06 ^ clk (in)
     1    0.02                           clk (net)
                  0.10    0.00   25.06 ^ clkbuf_0_clk/A (sky130_fd_sc_hd__clkbuf_16)
                  0.10    0.18   25.24 ^ clkbuf_0_clk/X (sky130_fd_sc_hd__clkbuf_16)
     8    0.08                           clknet_0_clk (net)
                  0.10    0.00   25.25 ^ clkbuf_3_7__f_clk/A (sky130_fd_sc_hd__clkbuf_16)
                  0.04    0.14   25.38 ^ clkbuf_3_7__f_clk/X (sky130_fd_sc_hd__clkbuf_16)
     7    0.02                           clknet_3_7__leaf_clk (net)
                  0.04    0.00   25.38 ^ _476_/CLK (sky130_fd_sc_hd__dfrtp_1)
                         -0.25   25.13   clock uncertainty
                          0.00   25.13   clock reconvergence pessimism
                          0.14   25.28   library recovery time
                                 25.28   data required time
-----------------------------------------------------------------------------
                                 25.28   data required time
                                 -5.41   data arrival time
-----------------------------------------------------------------------------
                                 19.87   slack (MET)


Startpoint: rst_n (input port clocked by clk)
Endpoint: _477_ (recovery check against rising-edge clock clk)
Path Group: asynchronous
Path Type: max

Fanout     Cap    Slew   Delay    Time   Description
-----------------------------------------------------------------------------
                          0.00    0.00   clock clk (rise edge)
                          0.00    0.00   clock network delay (propagated)
                          5.00    5.00 ^ input external delay
                  0.05    0.04    5.04 ^ rst_n (in)
     1    0.01                           rst_n (net)
                  0.05    0.00    5.04 ^ input17/A (sky130_fd_sc_hd__buf_12)
                  0.36    0.32    5.36 ^ input17/X (sky130_fd_sc_hd__buf_12)
    65    0.32                           net17 (net)
                  0.37    0.05    5.41 ^ _477_/RESET_B (sky130_fd_sc_hd__dfrtp_1)
                                  5.41   data arrival time

                         25.00   25.00   clock clk (rise edge)
                          0.00   25.00   clock source latency
                  0.10    0.06   25.06 ^ clk (in)
     1    0.02                           clk (net)
                  0.10    0.00   25.06 ^ clkbuf_0_clk/A (sky130_fd_sc_hd__clkbuf_16)
                  0.10    0.18   25.24 ^ clkbuf_0_clk/X (sky130_fd_sc_hd__clkbuf_16)
     8    0.08                           clknet_0_clk (net)
                  0.10    0.00   25.25 ^ clkbuf_3_7__f_clk/A (sky130_fd_sc_hd__clkbuf_16)
                  0.04    0.14   25.38 ^ clkbuf_3_7__f_clk/X (sky130_fd_sc_hd__clkbuf_16)
     7    0.02                           clknet_3_7__leaf_clk (net)
                  0.04    0.00   25.38 ^ _477_/CLK (sky130_fd_sc_hd__dfrtp_1)
                         -0.25   25.13   clock uncertainty
                          0.00   25.13   clock reconvergence pessimism
                          0.14   25.28   library recovery time
                                 25.28   data required time
-----------------------------------------------------------------------------
                                 25.28   data required time
                                 -5.41   data arrival time
-----------------------------------------------------------------------------
                                 19.87   slack (MET)


Startpoint: rst_n (input port clocked by clk)
Endpoint: _472_ (recovery check against rising-edge clock clk)
Path Group: asynchronous
Path Type: max

Fanout     Cap    Slew   Delay    Time   Description
-----------------------------------------------------------------------------
                          0.00    0.00   clock clk (rise edge)
                          0.00    0.00   clock network delay (propagated)
                          5.00    5.00 ^ input external delay
                  0.05    0.04    5.04 ^ rst_n (in)
     1    0.01                           rst_n (net)
                  0.05    0.00    5.04 ^ input17/A (sky130_fd_sc_hd__buf_12)
                  0.36    0.32    5.36 ^ input17/X (sky130_fd_sc_hd__buf_12)
    65    0.32                           net17 (net)
                  0.37    0.05    5.41 ^ _472_/RESET_B (sky130_fd_sc_hd__dfrtp_1)
                                  5.41   data arrival time

                         25.00   25.00   clock clk (rise edge)
                          0.00   25.00   clock source latency
                  0.10    0.06   25.06 ^ clk (in)
     1    0.02                           clk (net)
                  0.10    0.00   25.06 ^ clkbuf_0_clk/A (sky130_fd_sc_hd__clkbuf_16)
                  0.10    0.18   25.24 ^ clkbuf_0_clk/X (sky130_fd_sc_hd__clkbuf_16)
     8    0.08                           clknet_0_clk (net)
                  0.10    0.00   25.25 ^ clkbuf_3_5__f_clk/A (sky130_fd_sc_hd__clkbuf_16)
                  0.04    0.14   25.38 ^ clkbuf_3_5__f_clk/X (sky130_fd_sc_hd__clkbuf_16)
     7    0.02                           clknet_3_5__leaf_clk (net)
                  0.04    0.00   25.39 ^ _472_/CLK (sky130_fd_sc_hd__dfrtp_1)
                         -0.25   25.14   clock uncertainty
                          0.00   25.14   clock reconvergence pessimism
                          0.14   25.28   library recovery time
                                 25.28   data required time
-----------------------------------------------------------------------------
                                 25.28   data required time
                                 -5.41   data arrival time
-----------------------------------------------------------------------------
                                 19.87   slack (MET)


Startpoint: rst_n (input port clocked by clk)
Endpoint: _473_ (recovery check against rising-edge clock clk)
Path Group: asynchronous
Path Type: max

Fanout     Cap    Slew   Delay    Time   Description
-----------------------------------------------------------------------------
                          0.00    0.00   clock clk (rise edge)
                          0.00    0.00   clock network delay (propagated)
                          5.00    5.00 ^ input external delay
                  0.05    0.04    5.04 ^ rst_n (in)
     1    0.01                           rst_n (net)
                  0.05    0.00    5.04 ^ input17/A (sky130_fd_sc_hd__buf_12)
                  0.36    0.32    5.36 ^ input17/X (sky130_fd_sc_hd__buf_12)
    65    0.32                           net17 (net)
                  0.37    0.05    5.41 ^ _473_/RESET_B (sky130_fd_sc_hd__dfrtp_1)
                                  5.41   data arrival time

                         25.00   25.00   clock clk (rise edge)
                          0.00   25.00   clock source latency
                  0.10    0.06   25.06 ^ clk (in)
     1    0.02                           clk (net)
                  0.10    0.00   25.06 ^ clkbuf_0_clk/A (sky130_fd_sc_hd__clkbuf_16)
                  0.10    0.18   25.24 ^ clkbuf_0_clk/X (sky130_fd_sc_hd__clkbuf_16)
     8    0.08                           clknet_0_clk (net)
                  0.10    0.00   25.25 ^ clkbuf_3_5__f_clk/A (sky130_fd_sc_hd__clkbuf_16)
                  0.04    0.14   25.38 ^ clkbuf_3_5__f_clk/X (sky130_fd_sc_hd__clkbuf_16)
     7    0.02                           clknet_3_5__leaf_clk (net)
                  0.04    0.00   25.39 ^ _473_/CLK (sky130_fd_sc_hd__dfrtp_1)
                         -0.25   25.14   clock uncertainty
                          0.00   25.14   clock reconvergence pessimism
                          0.14   25.28   library recovery time
                                 25.28   data required time
-----------------------------------------------------------------------------
                                 25.28   data required time
                                 -5.41   data arrival time
-----------------------------------------------------------------------------
                                 19.87   slack (MET)


Startpoint: rst_n (input port clocked by clk)
Endpoint: _474_ (recovery check against rising-edge clock clk)
Path Group: asynchronous
Path Type: max

Fanout     Cap    Slew   Delay    Time   Description
-----------------------------------------------------------------------------
                          0.00    0.00   clock clk (rise edge)
                          0.00    0.00   clock network delay (propagated)
                          5.00    5.00 ^ input external delay
                  0.05    0.04    5.04 ^ rst_n (in)
     1    0.01                           rst_n (net)
                  0.05    0.00    5.04 ^ input17/A (sky130_fd_sc_hd__buf_12)
                  0.36    0.32    5.36 ^ input17/X (sky130_fd_sc_hd__buf_12)
    65    0.32                           net17 (net)
                  0.37    0.05    5.41 ^ _474_/RESET_B (sky130_fd_sc_hd__dfrtp_1)
                                  5.41   data arrival time

                         25.00   25.00   clock clk (rise edge)
                          0.00   25.00   clock source latency
                  0.10    0.06   25.06 ^ clk (in)
     1    0.02                           clk (net)
                  0.10    0.00   25.06 ^ clkbuf_0_clk/A (sky130_fd_sc_hd__clkbuf_16)
                  0.10    0.18   25.24 ^ clkbuf_0_clk/X (sky130_fd_sc_hd__clkbuf_16)
     8    0.08                           clknet_0_clk (net)
                  0.10    0.00   25.25 ^ clkbuf_3_5__f_clk/A (sky130_fd_sc_hd__clkbuf_16)
                  0.04    0.14   25.38 ^ clkbuf_3_5__f_clk/X (sky130_fd_sc_hd__clkbuf_16)
     7    0.02                           clknet_3_5__leaf_clk (net)
                  0.04    0.00   25.39 ^ _474_/CLK (sky130_fd_sc_hd__dfrtp_1)
                         -0.25   25.14   clock uncertainty
                          0.00   25.14   clock reconvergence pessimism
                          0.14   25.28   library recovery time
                                 25.28   data required time
-----------------------------------------------------------------------------
                                 25.28   data required time
                                 -5.41   data arrival time
-----------------------------------------------------------------------------
                                 19.87   slack (MET)


Startpoint: rst_n (input port clocked by clk)
Endpoint: _468_ (recovery check against rising-edge clock clk)
Path Group: asynchronous
Path Type: max

Fanout     Cap    Slew   Delay    Time   Description
-----------------------------------------------------------------------------
                          0.00    0.00   clock clk (rise edge)
                          0.00    0.00   clock network delay (propagated)
                          5.00    5.00 ^ input external delay
                  0.05    0.04    5.04 ^ rst_n (in)
     1    0.01                           rst_n (net)
                  0.05    0.00    5.04 ^ input17/A (sky130_fd_sc_hd__buf_12)
                  0.36    0.32    5.36 ^ input17/X (sky130_fd_sc_hd__buf_12)
    65    0.32                           net17 (net)
                  0.37    0.05    5.41 ^ _468_/RESET_B (sky130_fd_sc_hd__dfrtp_1)
                                  5.41   data arrival time

                         25.00   25.00   clock clk (rise edge)
                          0.00   25.00   clock source latency
                  0.10    0.06   25.06 ^ clk (in)
     1    0.02                           clk (net)
                  0.10    0.00   25.06 ^ clkbuf_0_clk/A (sky130_fd_sc_hd__clkbuf_16)
                  0.10    0.18   25.24 ^ clkbuf_0_clk/X (sky130_fd_sc_hd__clkbuf_16)
     8    0.08                           clknet_0_clk (net)
                  0.10    0.00   25.25 ^ clkbuf_3_5__f_clk/A (sky130_fd_sc_hd__clkbuf_16)
                  0.04    0.14   25.38 ^ clkbuf_3_5__f_clk/X (sky130_fd_sc_hd__clkbuf_16)
     7    0.02                           clknet_3_5__leaf_clk (net)
                  0.04    0.00   25.39 ^ _468_/CLK (sky130_fd_sc_hd__dfrtp_1)
                         -0.25   25.14   clock uncertainty
                          0.00   25.14   clock reconvergence pessimism
                          0.14   25.28   library recovery time
                                 25.28   data required time
-----------------------------------------------------------------------------
                                 25.28   data required time
                                 -5.41   data arrival time
-----------------------------------------------------------------------------
                                 19.87   slack (MET)


Startpoint: rst_n (input port clocked by clk)
Endpoint: _453_ (recovery check against rising-edge clock clk)
Path Group: asynchronous
Path Type: max

Fanout     Cap    Slew   Delay    Time   Description
-----------------------------------------------------------------------------
                          0.00    0.00   clock clk (rise edge)
                          0.00    0.00   clock network delay (propagated)
                          5.00    5.00 ^ input external delay
                  0.05    0.04    5.04 ^ rst_n (in)
     1    0.01                           rst_n (net)
                  0.05    0.00    5.04 ^ input17/A (sky130_fd_sc_hd__buf_12)
                  0.36    0.32    5.36 ^ input17/X (sky130_fd_sc_hd__buf_12)
    65    0.32                           net17 (net)
                  0.37    0.05    5.41 ^ _453_/RESET_B (sky130_fd_sc_hd__dfrtp_1)
                                  5.41   data arrival time

                         25.00   25.00   clock clk (rise edge)
                          0.00   25.00   clock source latency
                  0.10    0.06   25.06 ^ clk (in)
     1    0.02                           clk (net)
                  0.10    0.00   25.06 ^ clkbuf_0_clk/A (sky130_fd_sc_hd__clkbuf_16)
                  0.10    0.18   25.24 ^ clkbuf_0_clk/X (sky130_fd_sc_hd__clkbuf_16)
     8    0.08                           clknet_0_clk (net)
                  0.10    0.00   25.25 ^ clkbuf_3_6__f_clk/A (sky130_fd_sc_hd__clkbuf_16)
                  0.04    0.14   25.38 ^ clkbuf_3_6__f_clk/X (sky130_fd_sc_hd__clkbuf_16)
     6    0.02                           clknet_3_6__leaf_clk (net)
                  0.04    0.00   25.38 ^ _453_/CLK (sky130_fd_sc_hd__dfrtp_1)
                         -0.25   25.13   clock uncertainty
                          0.00   25.13   clock reconvergence pessimism
                          0.14   25.28   library recovery time
                                 25.28   data required time
-----------------------------------------------------------------------------
                                 25.28   data required time
                                 -5.41   data arrival time
-----------------------------------------------------------------------------
                                 19.87   slack (MET)


Startpoint: rst_n (input port clocked by clk)
Endpoint: _454_ (recovery check against rising-edge clock clk)
Path Group: asynchronous
Path Type: max

Fanout     Cap    Slew   Delay    Time   Description
-----------------------------------------------------------------------------
                          0.00    0.00   clock clk (rise edge)
                          0.00    0.00   clock network delay (propagated)
                          5.00    5.00 ^ input external delay
                  0.05    0.04    5.04 ^ rst_n (in)
     1    0.01                           rst_n (net)
                  0.05    0.00    5.04 ^ input17/A (sky130_fd_sc_hd__buf_12)
                  0.36    0.32    5.36 ^ input17/X (sky130_fd_sc_hd__buf_12)
    65    0.32                           net17 (net)
                  0.37    0.05    5.41 ^ _454_/RESET_B (sky130_fd_sc_hd__dfrtp_1)
                                  5.41   data arrival time

                         25.00   25.00   clock clk (rise edge)
                          0.00   25.00   clock source latency
                  0.10    0.06   25.06 ^ clk (in)
     1    0.02                           clk (net)
                  0.10    0.00   25.06 ^ clkbuf_0_clk/A (sky130_fd_sc_hd__clkbuf_16)
                  0.10    0.18   25.24 ^ clkbuf_0_clk/X (sky130_fd_sc_hd__clkbuf_16)
     8    0.08                           clknet_0_clk (net)
                  0.10    0.00   25.25 ^ clkbuf_3_6__f_clk/A (sky130_fd_sc_hd__clkbuf_16)
                  0.04    0.14   25.38 ^ clkbuf_3_6__f_clk/X (sky130_fd_sc_hd__clkbuf_16)
     6    0.02                           clknet_3_6__leaf_clk (net)
                  0.04    0.00   25.38 ^ _454_/CLK (sky130_fd_sc_hd__dfrtp_1)
                         -0.25   25.13   clock uncertainty
                          0.00   25.13   clock reconvergence pessimism
                          0.14   25.28   library recovery time
                                 25.28   data required time
-----------------------------------------------------------------------------
                                 25.28   data required time
                                 -5.41   data arrival time
-----------------------------------------------------------------------------
                                 19.87   slack (MET)


Startpoint: rst_n (input port clocked by clk)
Endpoint: _455_ (recovery check against rising-edge clock clk)
Path Group: asynchronous
Path Type: max

Fanout     Cap    Slew   Delay    Time   Description
-----------------------------------------------------------------------------
                          0.00    0.00   clock clk (rise edge)
                          0.00    0.00   clock network delay (propagated)
                          5.00    5.00 ^ input external delay
                  0.05    0.04    5.04 ^ rst_n (in)
     1    0.01                           rst_n (net)
                  0.05    0.00    5.04 ^ input17/A (sky130_fd_sc_hd__buf_12)
                  0.36    0.32    5.36 ^ input17/X (sky130_fd_sc_hd__buf_12)
    65    0.32                           net17 (net)
                  0.37    0.05    5.41 ^ _455_/RESET_B (sky130_fd_sc_hd__dfrtp_1)
                                  5.41   data arrival time

                         25.00   25.00   clock clk (rise edge)
                          0.00   25.00   clock source latency
                  0.10    0.06   25.06 ^ clk (in)
     1    0.02                           clk (net)
                  0.10    0.00   25.06 ^ clkbuf_0_clk/A (sky130_fd_sc_hd__clkbuf_16)
                  0.10    0.18   25.24 ^ clkbuf_0_clk/X (sky130_fd_sc_hd__clkbuf_16)
     8    0.08                           clknet_0_clk (net)
                  0.10    0.00   25.25 ^ clkbuf_3_6__f_clk/A (sky130_fd_sc_hd__clkbuf_16)
                  0.04    0.14   25.38 ^ clkbuf_3_6__f_clk/X (sky130_fd_sc_hd__clkbuf_16)
     6    0.02                           clknet_3_6__leaf_clk (net)
                  0.04    0.00   25.38 ^ _455_/CLK (sky130_fd_sc_hd__dfrtp_1)
                         -0.25   25.13   clock uncertainty
                          0.00   25.13   clock reconvergence pessimism
                          0.14   25.28   library recovery time
                                 25.28   data required time
-----------------------------------------------------------------------------
                                 25.28   data required time
                                 -5.41   data arrival time
-----------------------------------------------------------------------------
                                 19.87   slack (MET)


Startpoint: rst_n (input port clocked by clk)
Endpoint: _458_ (recovery check against rising-edge clock clk)
Path Group: asynchronous
Path Type: max

Fanout     Cap    Slew   Delay    Time   Description
-----------------------------------------------------------------------------
                          0.00    0.00   clock clk (rise edge)
                          0.00    0.00   clock network delay (propagated)
                          5.00    5.00 ^ input external delay
                  0.05    0.04    5.04 ^ rst_n (in)
     1    0.01                           rst_n (net)
                  0.05    0.00    5.04 ^ input17/A (sky130_fd_sc_hd__buf_12)
                  0.36    0.32    5.36 ^ input17/X (sky130_fd_sc_hd__buf_12)
    65    0.32                           net17 (net)
                  0.37    0.05    5.41 ^ _458_/RESET_B (sky130_fd_sc_hd__dfrtp_1)
                                  5.41   data arrival time

                         25.00   25.00   clock clk (rise edge)
                          0.00   25.00   clock source latency
                  0.10    0.06   25.06 ^ clk (in)
     1    0.02                           clk (net)
                  0.10    0.00   25.06 ^ clkbuf_0_clk/A (sky130_fd_sc_hd__clkbuf_16)
                  0.10    0.18   25.24 ^ clkbuf_0_clk/X (sky130_fd_sc_hd__clkbuf_16)
     8    0.08                           clknet_0_clk (net)
                  0.10    0.00   25.25 ^ clkbuf_3_6__f_clk/A (sky130_fd_sc_hd__clkbuf_16)
                  0.04    0.14   25.38 ^ clkbuf_3_6__f_clk/X (sky130_fd_sc_hd__clkbuf_16)
     6    0.02                           clknet_3_6__leaf_clk (net)
                  0.04    0.00   25.38 ^ _458_/CLK (sky130_fd_sc_hd__dfrtp_1)
                         -0.25   25.13   clock uncertainty
                          0.00   25.13   clock reconvergence pessimism
                          0.14   25.28   library recovery time
                                 25.28   data required time
-----------------------------------------------------------------------------
                                 25.28   data required time
                                 -5.41   data arrival time
-----------------------------------------------------------------------------
                                 19.87   slack (MET)


Startpoint: rst_n (input port clocked by clk)
Endpoint: _456_ (recovery check against rising-edge clock clk)
Path Group: asynchronous
Path Type: max

Fanout     Cap    Slew   Delay    Time   Description
-----------------------------------------------------------------------------
                          0.00    0.00   clock clk (rise edge)
                          0.00    0.00   clock network delay (propagated)
                          5.00    5.00 ^ input external delay
                  0.05    0.04    5.04 ^ rst_n (in)
     1    0.01                           rst_n (net)
                  0.05    0.00    5.04 ^ input17/A (sky130_fd_sc_hd__buf_12)
                  0.36    0.32    5.36 ^ input17/X (sky130_fd_sc_hd__buf_12)
    65    0.32                           net17 (net)
                  0.37    0.05    5.41 ^ _456_/RESET_B (sky130_fd_sc_hd__dfrtp_1)
                                  5.41   data arrival time

                         25.00   25.00   clock clk (rise edge)
                          0.00   25.00   clock source latency
                  0.10    0.06   25.06 ^ clk (in)
     1    0.02                           clk (net)
                  0.10    0.00   25.06 ^ clkbuf_0_clk/A (sky130_fd_sc_hd__clkbuf_16)
                  0.10    0.18   25.24 ^ clkbuf_0_clk/X (sky130_fd_sc_hd__clkbuf_16)
     8    0.08                           clknet_0_clk (net)
                  0.10    0.00   25.25 ^ clkbuf_3_6__f_clk/A (sky130_fd_sc_hd__clkbuf_16)
                  0.04    0.14   25.38 ^ clkbuf_3_6__f_clk/X (sky130_fd_sc_hd__clkbuf_16)
     6    0.02                           clknet_3_6__leaf_clk (net)
                  0.04    0.00   25.38 ^ _456_/CLK (sky130_fd_sc_hd__dfrtp_1)
                         -0.25   25.13   clock uncertainty
                          0.00   25.13   clock reconvergence pessimism
                          0.14   25.28   library recovery time
                                 25.28   data required time
-----------------------------------------------------------------------------
                                 25.28   data required time
                                 -5.41   data arrival time
-----------------------------------------------------------------------------
                                 19.87   slack (MET)


Startpoint: rst_n (input port clocked by clk)
Endpoint: _481_ (recovery check against rising-edge clock clk)
Path Group: asynchronous
Path Type: max

Fanout     Cap    Slew   Delay    Time   Description
-----------------------------------------------------------------------------
                          0.00    0.00   clock clk (rise edge)
                          0.00    0.00   clock network delay (propagated)
                          5.00    5.00 ^ input external delay
                  0.05    0.04    5.04 ^ rst_n (in)
     1    0.01                           rst_n (net)
                  0.05    0.00    5.04 ^ input17/A (sky130_fd_sc_hd__buf_12)
                  0.36    0.32    5.36 ^ input17/X (sky130_fd_sc_hd__buf_12)
    65    0.32                           net17 (net)
                  0.37    0.05    5.41 ^ _481_/RESET_B (sky130_fd_sc_hd__dfrtp_1)
                                  5.41   data arrival time

                         25.00   25.00   clock clk (rise edge)
                          0.00   25.00   clock source latency
                  0.10    0.06   25.06 ^ clk (in)
     1    0.02                           clk (net)
                  0.10    0.00   25.06 ^ clkbuf_0_clk/A (sky130_fd_sc_hd__clkbuf_16)
                  0.10    0.18   25.24 ^ clkbuf_0_clk/X (sky130_fd_sc_hd__clkbuf_16)
     8    0.08                           clknet_0_clk (net)
                  0.10    0.00   25.25 ^ clkbuf_3_4__f_clk/A (sky130_fd_sc_hd__clkbuf_16)
                  0.04    0.14   25.38 ^ clkbuf_3_4__f_clk/X (sky130_fd_sc_hd__clkbuf_16)
     6    0.02                           clknet_3_4__leaf_clk (net)
                  0.04    0.00   25.38 ^ _481_/CLK (sky130_fd_sc_hd__dfrtp_1)
                         -0.25   25.13   clock uncertainty
                          0.00   25.13   clock reconvergence pessimism
                          0.15   25.28   library recovery time
                                 25.28   data required time
-----------------------------------------------------------------------------
                                 25.28   data required time
                                 -5.41   data arrival time
-----------------------------------------------------------------------------
                                 19.87   slack (MET)


Startpoint: rst_n (input port clocked by clk)
Endpoint: _482_ (recovery check against rising-edge clock clk)
Path Group: asynchronous
Path Type: max

Fanout     Cap    Slew   Delay    Time   Description
-----------------------------------------------------------------------------
                          0.00    0.00   clock clk (rise edge)
                          0.00    0.00   clock network delay (propagated)
                          5.00    5.00 ^ input external delay
                  0.05    0.04    5.04 ^ rst_n (in)
     1    0.01                           rst_n (net)
                  0.05    0.00    5.04 ^ input17/A (sky130_fd_sc_hd__buf_12)
                  0.36    0.32    5.36 ^ input17/X (sky130_fd_sc_hd__buf_12)
    65    0.32                           net17 (net)
                  0.37    0.05    5.41 ^ _482_/RESET_B (sky130_fd_sc_hd__dfrtp_1)
                                  5.41   data arrival time

                         25.00   25.00   clock clk (rise edge)
                          0.00   25.00   clock source latency
                  0.10    0.06   25.06 ^ clk (in)
     1    0.02                           clk (net)
                  0.10    0.00   25.06 ^ clkbuf_0_clk/A (sky130_fd_sc_hd__clkbuf_16)
                  0.10    0.18   25.24 ^ clkbuf_0_clk/X (sky130_fd_sc_hd__clkbuf_16)
     8    0.08                           clknet_0_clk (net)
                  0.10    0.00   25.25 ^ clkbuf_3_6__f_clk/A (sky130_fd_sc_hd__clkbuf_16)
                  0.04    0.14   25.38 ^ clkbuf_3_6__f_clk/X (sky130_fd_sc_hd__clkbuf_16)
     6    0.02                           clknet_3_6__leaf_clk (net)
                  0.04    0.00   25.38 ^ _482_/CLK (sky130_fd_sc_hd__dfrtp_1)
                         -0.25   25.13   clock uncertainty
                          0.00   25.13   clock reconvergence pessimism
                          0.15   25.28   library recovery time
                                 25.28   data required time
-----------------------------------------------------------------------------
                                 25.28   data required time
                                 -5.41   data arrival time
-----------------------------------------------------------------------------
                                 19.87   slack (MET)


Startpoint: rst_n (input port clocked by clk)
Endpoint: _479_ (recovery check against rising-edge clock clk)
Path Group: asynchronous
Path Type: max

Fanout     Cap    Slew   Delay    Time   Description
-----------------------------------------------------------------------------
                          0.00    0.00   clock clk (rise edge)
                          0.00    0.00   clock network delay (propagated)
                          5.00    5.00 ^ input external delay
                  0.05    0.04    5.04 ^ rst_n (in)
     1    0.01                           rst_n (net)
                  0.05    0.00    5.04 ^ input17/A (sky130_fd_sc_hd__buf_12)
                  0.36    0.32    5.36 ^ input17/X (sky130_fd_sc_hd__buf_12)
    65    0.32                           net17 (net)
                  0.37    0.05    5.41 ^ _479_/RESET_B (sky130_fd_sc_hd__dfrtp_1)
                                  5.41   data arrival time

                         25.00   25.00   clock clk (rise edge)
                          0.00   25.00   clock source latency
                  0.10    0.06   25.06 ^ clk (in)
     1    0.02                           clk (net)
                  0.10    0.00   25.06 ^ clkbuf_0_clk/A (sky130_fd_sc_hd__clkbuf_16)
                  0.10    0.18   25.24 ^ clkbuf_0_clk/X (sky130_fd_sc_hd__clkbuf_16)
     8    0.08                           clknet_0_clk (net)
                  0.10    0.00   25.25 ^ clkbuf_3_5__f_clk/A (sky130_fd_sc_hd__clkbuf_16)
                  0.04    0.14   25.38 ^ clkbuf_3_5__f_clk/X (sky130_fd_sc_hd__clkbuf_16)
     7    0.02                           clknet_3_5__leaf_clk (net)
                  0.04    0.00   25.39 ^ _479_/CLK (sky130_fd_sc_hd__dfrtp_1)
                         -0.25   25.14   clock uncertainty
                          0.00   25.14   clock reconvergence pessimism
                          0.15   25.28   library recovery time
                                 25.28   data required time
-----------------------------------------------------------------------------
                                 25.28   data required time
                                 -5.41   data arrival time
-----------------------------------------------------------------------------
                                 19.87   slack (MET)


Startpoint: rst_n (input port clocked by clk)
Endpoint: _480_ (recovery check against rising-edge clock clk)
Path Group: asynchronous
Path Type: max

Fanout     Cap    Slew   Delay    Time   Description
-----------------------------------------------------------------------------
                          0.00    0.00   clock clk (rise edge)
                          0.00    0.00   clock network delay (propagated)
                          5.00    5.00 ^ input external delay
                  0.05    0.04    5.04 ^ rst_n (in)
     1    0.01                           rst_n (net)
                  0.05    0.00    5.04 ^ input17/A (sky130_fd_sc_hd__buf_12)
                  0.36    0.32    5.36 ^ input17/X (sky130_fd_sc_hd__buf_12)
    65    0.32                           net17 (net)
                  0.37    0.05    5.41 ^ _480_/RESET_B (sky130_fd_sc_hd__dfrtp_1)
                                  5.41   data arrival time

                         25.00   25.00   clock clk (rise edge)
                          0.00   25.00   clock source latency
                  0.10    0.06   25.06 ^ clk (in)
     1    0.02                           clk (net)
                  0.10    0.00   25.06 ^ clkbuf_0_clk/A (sky130_fd_sc_hd__clkbuf_16)
                  0.10    0.18   25.24 ^ clkbuf_0_clk/X (sky130_fd_sc_hd__clkbuf_16)
     8    0.08                           clknet_0_clk (net)
                  0.10    0.00   25.25 ^ clkbuf_3_5__f_clk/A (sky130_fd_sc_hd__clkbuf_16)
                  0.04    0.14   25.38 ^ clkbuf_3_5__f_clk/X (sky130_fd_sc_hd__clkbuf_16)
     7    0.02                           clknet_3_5__leaf_clk (net)
                  0.04    0.00   25.39 ^ _480_/CLK (sky130_fd_sc_hd__dfrtp_1)
                         -0.25   25.14   clock uncertainty
                          0.00   25.14   clock reconvergence pessimism
                          0.15   25.28   library recovery time
                                 25.28   data required time
-----------------------------------------------------------------------------
                                 25.28   data required time
                                 -5.41   data arrival time
-----------------------------------------------------------------------------
                                 19.87   slack (MET)


Startpoint: rst_n (input port clocked by clk)
Endpoint: _478_ (recovery check against rising-edge clock clk)
Path Group: asynchronous
Path Type: max

Fanout     Cap    Slew   Delay    Time   Description
-----------------------------------------------------------------------------
                          0.00    0.00   clock clk (rise edge)
                          0.00    0.00   clock network delay (propagated)
                          5.00    5.00 ^ input external delay
                  0.05    0.04    5.04 ^ rst_n (in)
     1    0.01                           rst_n (net)
                  0.05    0.00    5.04 ^ input17/A (sky130_fd_sc_hd__buf_12)
                  0.36    0.32    5.36 ^ input17/X (sky130_fd_sc_hd__buf_12)
    65    0.32                           net17 (net)
                  0.37    0.05    5.41 ^ _478_/RESET_B (sky130_fd_sc_hd__dfrtp_1)
                                  5.41   data arrival time

                         25.00   25.00   clock clk (rise edge)
                          0.00   25.00   clock source latency
                  0.10    0.06   25.06 ^ clk (in)
     1    0.02                           clk (net)
                  0.10    0.00   25.06 ^ clkbuf_0_clk/A (sky130_fd_sc_hd__clkbuf_16)
                  0.10    0.18   25.24 ^ clkbuf_0_clk/X (sky130_fd_sc_hd__clkbuf_16)
     8    0.08                           clknet_0_clk (net)
                  0.10    0.00   25.25 ^ clkbuf_3_5__f_clk/A (sky130_fd_sc_hd__clkbuf_16)
                  0.04    0.14   25.38 ^ clkbuf_3_5__f_clk/X (sky130_fd_sc_hd__clkbuf_16)
     7    0.02                           clknet_3_5__leaf_clk (net)
                  0.04    0.00   25.39 ^ _478_/CLK (sky130_fd_sc_hd__dfrtp_1)
                         -0.25   25.14   clock uncertainty
                          0.00   25.14   clock reconvergence pessimism
                          0.15   25.28   library recovery time
                                 25.28   data required time
-----------------------------------------------------------------------------
                                 25.28   data required time
                                 -5.41   data arrival time
-----------------------------------------------------------------------------
                                 19.87   slack (MET)


Startpoint: rst_n (input port clocked by clk)
Endpoint: _438_ (recovery check against rising-edge clock clk)
Path Group: asynchronous
Path Type: max

Fanout     Cap    Slew   Delay    Time   Description
-----------------------------------------------------------------------------
                          0.00    0.00   clock clk (rise edge)
                          0.00    0.00   clock network delay (propagated)
                          5.00    5.00 ^ input external delay
                  0.05    0.04    5.04 ^ rst_n (in)
     1    0.01                           rst_n (net)
                  0.05    0.00    5.04 ^ input17/A (sky130_fd_sc_hd__buf_12)
                  0.36    0.32    5.36 ^ input17/X (sky130_fd_sc_hd__buf_12)
    65    0.32                           net17 (net)
                  0.37    0.04    5.40 ^ _438_/RESET_B (sky130_fd_sc_hd__dfrtp_1)
                                  5.40   data arrival time

                         25.00   25.00   clock clk (rise edge)
                          0.00   25.00   clock source latency
                  0.10    0.06   25.06 ^ clk (in)
     1    0.02                           clk (net)
                  0.10    0.00   25.06 ^ clkbuf_0_clk/A (sky130_fd_sc_hd__clkbuf_16)
                  0.10    0.18   25.24 ^ clkbuf_0_clk/X (sky130_fd_sc_hd__clkbuf_16)
     8    0.08                           clknet_0_clk (net)
                  0.10    0.00   25.25 ^ clkbuf_3_1__f_clk/A (sky130_fd_sc_hd__clkbuf_16)
                  0.04    0.14   25.39 ^ clkbuf_3_1__f_clk/X (sky130_fd_sc_hd__clkbuf_16)
     7    0.02                           clknet_3_1__leaf_clk (net)
                  0.04    0.00   25.39 ^ _438_/CLK (sky130_fd_sc_hd__dfrtp_1)
                         -0.25   25.14   clock uncertainty
                          0.00   25.14   clock reconvergence pessimism
                          0.15   25.28   library recovery time
                                 25.28   data required time
-----------------------------------------------------------------------------
                                 25.28   data required time
                                 -5.40   data arrival time
-----------------------------------------------------------------------------
                                 19.88   slack (MET)


Startpoint: rst_n (input port clocked by clk)
Endpoint: _459_ (recovery check against rising-edge clock clk)
Path Group: asynchronous
Path Type: max

Fanout     Cap    Slew   Delay    Time   Description
-----------------------------------------------------------------------------
                          0.00    0.00   clock clk (rise edge)
                          0.00    0.00   clock network delay (propagated)
                          5.00    5.00 ^ input external delay
                  0.05    0.04    5.04 ^ rst_n (in)
     1    0.01                           rst_n (net)
                  0.05    0.00    5.04 ^ input17/A (sky130_fd_sc_hd__buf_12)
                  0.36    0.32    5.36 ^ input17/X (sky130_fd_sc_hd__buf_12)
    65    0.32                           net17 (net)
                  0.37    0.04    5.40 ^ _459_/RESET_B (sky130_fd_sc_hd__dfrtp_1)
                                  5.40   data arrival time

                         25.00   25.00   clock clk (rise edge)
                          0.00   25.00   clock source latency
                  0.10    0.06   25.06 ^ clk (in)
     1    0.02                           clk (net)
                  0.10    0.00   25.06 ^ clkbuf_0_clk/A (sky130_fd_sc_hd__clkbuf_16)
                  0.10    0.18   25.24 ^ clkbuf_0_clk/X (sky130_fd_sc_hd__clkbuf_16)
     8    0.08                           clknet_0_clk (net)
                  0.10    0.00   25.25 ^ clkbuf_3_1__f_clk/A (sky130_fd_sc_hd__clkbuf_16)
                  0.04    0.14   25.39 ^ clkbuf_3_1__f_clk/X (sky130_fd_sc_hd__clkbuf_16)
     7    0.02                           clknet_3_1__leaf_clk (net)
                  0.04    0.00   25.39 ^ _459_/CLK (sky130_fd_sc_hd__dfrtp_1)
                         -0.25   25.14   clock uncertainty
                          0.00   25.14   clock reconvergence pessimism
                          0.15   25.28   library recovery time
                                 25.28   data required time
-----------------------------------------------------------------------------
                                 25.28   data required time
                                 -5.40   data arrival time
-----------------------------------------------------------------------------
                                 19.88   slack (MET)


Startpoint: rst_n (input port clocked by clk)
Endpoint: _424_ (recovery check against rising-edge clock clk)
Path Group: asynchronous
Path Type: max

Fanout     Cap    Slew   Delay    Time   Description
-----------------------------------------------------------------------------
                          0.00    0.00   clock clk (rise edge)
                          0.00    0.00   clock network delay (propagated)
                          5.00    5.00 ^ input external delay
                  0.05    0.04    5.04 ^ rst_n (in)
     1    0.01                           rst_n (net)
                  0.05    0.00    5.04 ^ input17/A (sky130_fd_sc_hd__buf_12)
                  0.36    0.32    5.36 ^ input17/X (sky130_fd_sc_hd__buf_12)
    65    0.32                           net17 (net)
                  0.37    0.05    5.41 ^ _424_/RESET_B (sky130_fd_sc_hd__dfrtp_1)
                                  5.41   data arrival time

                         25.00   25.00   clock clk (rise edge)
                          0.00   25.00   clock source latency
                  0.10    0.06   25.06 ^ clk (in)
     1    0.02                           clk (net)
                  0.10    0.00   25.06 ^ clkbuf_0_clk/A (sky130_fd_sc_hd__clkbuf_16)
                  0.10    0.18   25.24 ^ clkbuf_0_clk/X (sky130_fd_sc_hd__clkbuf_16)
     8    0.08                           clknet_0_clk (net)
                  0.10    0.00   25.25 ^ clkbuf_3_3__f_clk/A (sky130_fd_sc_hd__clkbuf_16)
                  0.05    0.15   25.39 ^ clkbuf_3_3__f_clk/X (sky130_fd_sc_hd__clkbuf_16)
    10    0.03                           clknet_3_3__leaf_clk (net)
                  0.05    0.00   25.39 ^ _424_/CLK (sky130_fd_sc_hd__dfrtp_1)
                         -0.25   25.14   clock uncertainty
                          0.00   25.14   clock reconvergence pessimism
                          0.15   25.29   library recovery time
                                 25.29   data required time
-----------------------------------------------------------------------------
                                 25.29   data required time
                                 -5.41   data arrival time
-----------------------------------------------------------------------------
                                 19.88   slack (MET)


Startpoint: rst_n (input port clocked by clk)
Endpoint: _457_ (recovery check against rising-edge clock clk)
Path Group: asynchronous
Path Type: max

Fanout     Cap    Slew   Delay    Time   Description
-----------------------------------------------------------------------------
                          0.00    0.00   clock clk (rise edge)
                          0.00    0.00   clock network delay (propagated)
                          5.00    5.00 ^ input external delay
                  0.05    0.04    5.04 ^ rst_n (in)
     1    0.01                           rst_n (net)
                  0.05    0.00    5.04 ^ input17/A (sky130_fd_sc_hd__buf_12)
                  0.36    0.32    5.36 ^ input17/X (sky130_fd_sc_hd__buf_12)
    65    0.32                           net17 (net)
                  0.37    0.05    5.41 ^ _457_/RESET_B (sky130_fd_sc_hd__dfrtp_1)
                                  5.41   data arrival time

                         25.00   25.00   clock clk (rise edge)
                          0.00   25.00   clock source latency
                  0.10    0.06   25.06 ^ clk (in)
     1    0.02                           clk (net)
                  0.10    0.00   25.06 ^ clkbuf_0_clk/A (sky130_fd_sc_hd__clkbuf_16)
                  0.10    0.18   25.24 ^ clkbuf_0_clk/X (sky130_fd_sc_hd__clkbuf_16)
     8    0.08                           clknet_0_clk (net)
                  0.10    0.00   25.25 ^ clkbuf_3_3__f_clk/A (sky130_fd_sc_hd__clkbuf_16)
                  0.05    0.15   25.39 ^ clkbuf_3_3__f_clk/X (sky130_fd_sc_hd__clkbuf_16)
    10    0.03                           clknet_3_3__leaf_clk (net)
                  0.05    0.00   25.39 ^ _457_/CLK (sky130_fd_sc_hd__dfrtp_1)
                         -0.25   25.14   clock uncertainty
                          0.00   25.14   clock reconvergence pessimism
                          0.15   25.29   library recovery time
                                 25.29   data required time
-----------------------------------------------------------------------------
                                 25.29   data required time
                                 -5.41   data arrival time
-----------------------------------------------------------------------------
                                 19.88   slack (MET)


Startpoint: rst_n (input port clocked by clk)
Endpoint: _461_ (recovery check against rising-edge clock clk)
Path Group: asynchronous
Path Type: max

Fanout     Cap    Slew   Delay    Time   Description
-----------------------------------------------------------------------------
                          0.00    0.00   clock clk (rise edge)
                          0.00    0.00   clock network delay (propagated)
                          5.00    5.00 ^ input external delay
                  0.05    0.04    5.04 ^ rst_n (in)
     1    0.01                           rst_n (net)
                  0.05    0.00    5.04 ^ input17/A (sky130_fd_sc_hd__buf_12)
                  0.36    0.32    5.36 ^ input17/X (sky130_fd_sc_hd__buf_12)
    65    0.32                           net17 (net)
                  0.37    0.05    5.41 ^ _461_/RESET_B (sky130_fd_sc_hd__dfrtp_1)
                                  5.41   data arrival time

                         25.00   25.00   clock clk (rise edge)
                          0.00   25.00   clock source latency
                  0.10    0.06   25.06 ^ clk (in)
     1    0.02                           clk (net)
                  0.10    0.00   25.06 ^ clkbuf_0_clk/A (sky130_fd_sc_hd__clkbuf_16)
                  0.10    0.18   25.24 ^ clkbuf_0_clk/X (sky130_fd_sc_hd__clkbuf_16)
     8    0.08                           clknet_0_clk (net)
                  0.10    0.00   25.25 ^ clkbuf_3_3__f_clk/A (sky130_fd_sc_hd__clkbuf_16)
                  0.05    0.15   25.39 ^ clkbuf_3_3__f_clk/X (sky130_fd_sc_hd__clkbuf_16)
    10    0.03                           clknet_3_3__leaf_clk (net)
                  0.05    0.00   25.39 ^ _461_/CLK (sky130_fd_sc_hd__dfrtp_1)
                         -0.25   25.14   clock uncertainty
                          0.00   25.14   clock reconvergence pessimism
                          0.15   25.29   library recovery time
                                 25.29   data required time
-----------------------------------------------------------------------------
                                 25.29   data required time
                                 -5.41   data arrival time
-----------------------------------------------------------------------------
                                 19.89   slack (MET)


Startpoint: rst_n (input port clocked by clk)
Endpoint: _484_ (recovery check against rising-edge clock clk)
Path Group: asynchronous
Path Type: max

Fanout     Cap    Slew   Delay    Time   Description
-----------------------------------------------------------------------------
                          0.00    0.00   clock clk (rise edge)
                          0.00    0.00   clock network delay (propagated)
                          5.00    5.00 ^ input external delay
                  0.05    0.04    5.04 ^ rst_n (in)
     1    0.01                           rst_n (net)
                  0.05    0.00    5.04 ^ input17/A (sky130_fd_sc_hd__buf_12)
                  0.36    0.32    5.36 ^ input17/X (sky130_fd_sc_hd__buf_12)
    65    0.32                           net17 (net)
                  0.36    0.02    5.38 ^ _484_/RESET_B (sky130_fd_sc_hd__dfrtp_4)
                                  5.38   data arrival time

                         25.00   25.00   clock clk (rise edge)
                          0.00   25.00   clock source latency
                  0.10    0.06   25.06 ^ clk (in)
     1    0.02                           clk (net)
                  0.10    0.00   25.06 ^ clkbuf_0_clk/A (sky130_fd_sc_hd__clkbuf_16)
                  0.10    0.18   25.24 ^ clkbuf_0_clk/X (sky130_fd_sc_hd__clkbuf_16)
     8    0.08                           clknet_0_clk (net)
                  0.10    0.00   25.25 ^ clkbuf_3_0__f_clk/A (sky130_fd_sc_hd__clkbuf_16)
                  0.06    0.15   25.40 ^ clkbuf_3_0__f_clk/X (sky130_fd_sc_hd__clkbuf_16)
    12    0.04                           clknet_3_0__leaf_clk (net)
                  0.06    0.00   25.40 ^ _484_/CLK (sky130_fd_sc_hd__dfrtp_4)
                         -0.25   25.15   clock uncertainty
                          0.00   25.15   clock reconvergence pessimism
                          0.12   25.27   library recovery time
                                 25.27   data required time
-----------------------------------------------------------------------------
                                 25.27   data required time
                                 -5.38   data arrival time
-----------------------------------------------------------------------------
                                 19.89   slack (MET)


Startpoint: rst_n (input port clocked by clk)
Endpoint: _485_ (recovery check against rising-edge clock clk)
Path Group: asynchronous
Path Type: max

Fanout     Cap    Slew   Delay    Time   Description
-----------------------------------------------------------------------------
                          0.00    0.00   clock clk (rise edge)
                          0.00    0.00   clock network delay (propagated)
                          5.00    5.00 ^ input external delay
                  0.05    0.04    5.04 ^ rst_n (in)
     1    0.01                           rst_n (net)
                  0.05    0.00    5.04 ^ input17/A (sky130_fd_sc_hd__buf_12)
                  0.36    0.32    5.36 ^ input17/X (sky130_fd_sc_hd__buf_12)
    65    0.32                           net17 (net)
                  0.36    0.02    5.38 ^ _485_/RESET_B (sky130_fd_sc_hd__dfrtp_4)
                                  5.38   data arrival time

                         25.00   25.00   clock clk (rise edge)
                          0.00   25.00   clock source latency
                  0.10    0.06   25.06 ^ clk (in)
     1    0.02                           clk (net)
                  0.10    0.00   25.06 ^ clkbuf_0_clk/A (sky130_fd_sc_hd__clkbuf_16)
                  0.10    0.18   25.24 ^ clkbuf_0_clk/X (sky130_fd_sc_hd__clkbuf_16)
     8    0.08                           clknet_0_clk (net)
                  0.10    0.00   25.25 ^ clkbuf_3_0__f_clk/A (sky130_fd_sc_hd__clkbuf_16)
                  0.06    0.15   25.40 ^ clkbuf_3_0__f_clk/X (sky130_fd_sc_hd__clkbuf_16)
    12    0.04                           clknet_3_0__leaf_clk (net)
                  0.06    0.00   25.40 ^ _485_/CLK (sky130_fd_sc_hd__dfrtp_4)
                         -0.25   25.15   clock uncertainty
                          0.00   25.15   clock reconvergence pessimism
                          0.12   25.27   library recovery time
                                 25.27   data required time
-----------------------------------------------------------------------------
                                 25.27   data required time
                                 -5.38   data arrival time
-----------------------------------------------------------------------------
                                 19.89   slack (MET)


Startpoint: rst_n (input port clocked by clk)
Endpoint: _460_ (recovery check against rising-edge clock clk)
Path Group: asynchronous
Path Type: max

Fanout     Cap    Slew   Delay    Time   Description
-----------------------------------------------------------------------------
                          0.00    0.00   clock clk (rise edge)
                          0.00    0.00   clock network delay (propagated)
                          5.00    5.00 ^ input external delay
                  0.05    0.04    5.04 ^ rst_n (in)
     1    0.01                           rst_n (net)
                  0.05    0.00    5.04 ^ input17/A (sky130_fd_sc_hd__buf_12)
                  0.36    0.32    5.36 ^ input17/X (sky130_fd_sc_hd__buf_12)
    65    0.32                           net17 (net)
                  0.37    0.05    5.41 ^ _460_/RESET_B (sky130_fd_sc_hd__dfrtp_1)
                                  5.41   data arrival time

                         25.00   25.00   clock clk (rise edge)
                          0.00   25.00   clock source latency
                  0.10    0.06   25.06 ^ clk (in)
     1    0.02                           clk (net)
                  0.10    0.00   25.06 ^ clkbuf_0_clk/A (sky130_fd_sc_hd__clkbuf_16)
                  0.10    0.18   25.24 ^ clkbuf_0_clk/X (sky130_fd_sc_hd__clkbuf_16)
     8    0.08                           clknet_0_clk (net)
                  0.10    0.00   25.25 ^ clkbuf_3_3__f_clk/A (sky130_fd_sc_hd__clkbuf_16)
                  0.05    0.15   25.39 ^ clkbuf_3_3__f_clk/X (sky130_fd_sc_hd__clkbuf_16)
    10    0.03                           clknet_3_3__leaf_clk (net)
                  0.05    0.00   25.39 ^ _460_/CLK (sky130_fd_sc_hd__dfrtp_1)
                         -0.25   25.14   clock uncertainty
                          0.00   25.14   clock reconvergence pessimism
                          0.15   25.29   library recovery time
                                 25.29   data required time
-----------------------------------------------------------------------------
                                 25.29   data required time
                                 -5.41   data arrival time
-----------------------------------------------------------------------------
                                 19.89   slack (MET)


Startpoint: rst_n (input port clocked by clk)
Endpoint: _445_ (recovery check against rising-edge clock clk)
Path Group: asynchronous
Path Type: max

Fanout     Cap    Slew   Delay    Time   Description
-----------------------------------------------------------------------------
                          0.00    0.00   clock clk (rise edge)
                          0.00    0.00   clock network delay (propagated)
                          5.00    5.00 ^ input external delay
                  0.05    0.04    5.04 ^ rst_n (in)
     1    0.01                           rst_n (net)
                  0.05    0.00    5.04 ^ input17/A (sky130_fd_sc_hd__buf_12)
                  0.36    0.32    5.36 ^ input17/X (sky130_fd_sc_hd__buf_12)
    65    0.32                           net17 (net)
                  0.37    0.04    5.40 ^ _445_/RESET_B (sky130_fd_sc_hd__dfrtp_1)
                                  5.40   data arrival time

                         25.00   25.00   clock clk (rise edge)
                          0.00   25.00   clock source latency
                  0.10    0.06   25.06 ^ clk (in)
     1    0.02                           clk (net)
                  0.10    0.00   25.06 ^ clkbuf_0_clk/A (sky130_fd_sc_hd__clkbuf_16)
                  0.10    0.18   25.24 ^ clkbuf_0_clk/X (sky130_fd_sc_hd__clkbuf_16)
     8    0.08                           clknet_0_clk (net)
                  0.10    0.00   25.25 ^ clkbuf_3_3__f_clk/A (sky130_fd_sc_hd__clkbuf_16)
                  0.05    0.15   25.39 ^ clkbuf_3_3__f_clk/X (sky130_fd_sc_hd__clkbuf_16)
    10    0.03                           clknet_3_3__leaf_clk (net)
                  0.05    0.00   25.39 ^ _445_/CLK (sky130_fd_sc_hd__dfrtp_1)
                         -0.25   25.14   clock uncertainty
                          0.00   25.14   clock reconvergence pessimism
                          0.15   25.29   library recovery time
                                 25.29   data required time
-----------------------------------------------------------------------------
                                 25.29   data required time
                                 -5.40   data arrival time
-----------------------------------------------------------------------------
                                 19.89   slack (MET)


Startpoint: rst_n (input port clocked by clk)
Endpoint: _486_ (recovery check against rising-edge clock clk)
Path Group: asynchronous
Path Type: max

Fanout     Cap    Slew   Delay    Time   Description
-----------------------------------------------------------------------------
                          0.00    0.00   clock clk (rise edge)
                          0.00    0.00   clock network delay (propagated)
                          5.00    5.00 ^ input external delay
                  0.05    0.04    5.04 ^ rst_n (in)
     1    0.01                           rst_n (net)
                  0.05    0.00    5.04 ^ input17/A (sky130_fd_sc_hd__buf_12)
                  0.36    0.32    5.36 ^ input17/X (sky130_fd_sc_hd__buf_12)
    65    0.32                           net17 (net)
                  0.36    0.02    5.38 ^ _486_/RESET_B (sky130_fd_sc_hd__dfrtp_4)
                                  5.38   data arrival time

                         25.00   25.00   clock clk (rise edge)
                          0.00   25.00   clock source latency
                  0.10    0.06   25.06 ^ clk (in)
     1    0.02                           clk (net)
                  0.10    0.00   25.06 ^ clkbuf_0_clk/A (sky130_fd_sc_hd__clkbuf_16)
                  0.10    0.18   25.24 ^ clkbuf_0_clk/X (sky130_fd_sc_hd__clkbuf_16)
     8    0.08                           clknet_0_clk (net)
                  0.10    0.00   25.25 ^ clkbuf_3_0__f_clk/A (sky130_fd_sc_hd__clkbuf_16)
                  0.06    0.15   25.40 ^ clkbuf_3_0__f_clk/X (sky130_fd_sc_hd__clkbuf_16)
    12    0.04                           clknet_3_0__leaf_clk (net)
                  0.06    0.00   25.40 ^ _486_/CLK (sky130_fd_sc_hd__dfrtp_4)
                         -0.25   25.15   clock uncertainty
                          0.00   25.15   clock reconvergence pessimism
                          0.12   25.27   library recovery time
                                 25.27   data required time
-----------------------------------------------------------------------------
                                 25.27   data required time
                                 -5.38   data arrival time
-----------------------------------------------------------------------------
                                 19.89   slack (MET)


Startpoint: rst_n (input port clocked by clk)
Endpoint: _446_ (recovery check against rising-edge clock clk)
Path Group: asynchronous
Path Type: max

Fanout     Cap    Slew   Delay    Time   Description
-----------------------------------------------------------------------------
                          0.00    0.00   clock clk (rise edge)
                          0.00    0.00   clock network delay (propagated)
                          5.00    5.00 ^ input external delay
                  0.05    0.04    5.04 ^ rst_n (in)
     1    0.01                           rst_n (net)
                  0.05    0.00    5.04 ^ input17/A (sky130_fd_sc_hd__buf_12)
                  0.36    0.32    5.36 ^ input17/X (sky130_fd_sc_hd__buf_12)
    65    0.32                           net17 (net)
                  0.37    0.04    5.40 ^ _446_/RESET_B (sky130_fd_sc_hd__dfrtp_1)
                                  5.40   data arrival time

                         25.00   25.00   clock clk (rise edge)
                          0.00   25.00   clock source latency
                  0.10    0.06   25.06 ^ clk (in)
     1    0.02                           clk (net)
                  0.10    0.00   25.06 ^ clkbuf_0_clk/A (sky130_fd_sc_hd__clkbuf_16)
                  0.10    0.18   25.24 ^ clkbuf_0_clk/X (sky130_fd_sc_hd__clkbuf_16)
     8    0.08                           clknet_0_clk (net)
                  0.10    0.00   25.25 ^ clkbuf_3_3__f_clk/A (sky130_fd_sc_hd__clkbuf_16)
                  0.05    0.15   25.39 ^ clkbuf_3_3__f_clk/X (sky130_fd_sc_hd__clkbuf_16)
    10    0.03                           clknet_3_3__leaf_clk (net)
                  0.05    0.00   25.39 ^ _446_/CLK (sky130_fd_sc_hd__dfrtp_1)
                         -0.25   25.14   clock uncertainty
                          0.00   25.14   clock reconvergence pessimism
                          0.15   25.29   library recovery time
                                 25.29   data required time
-----------------------------------------------------------------------------
                                 25.29   data required time
                                 -5.40   data arrival time
-----------------------------------------------------------------------------
                                 19.89   slack (MET)


Startpoint: rst_n (input port clocked by clk)
Endpoint: _447_ (recovery check against rising-edge clock clk)
Path Group: asynchronous
Path Type: max

Fanout     Cap    Slew   Delay    Time   Description
-----------------------------------------------------------------------------
                          0.00    0.00   clock clk (rise edge)
                          0.00    0.00   clock network delay (propagated)
                          5.00    5.00 ^ input external delay
                  0.05    0.04    5.04 ^ rst_n (in)
     1    0.01                           rst_n (net)
                  0.05    0.00    5.04 ^ input17/A (sky130_fd_sc_hd__buf_12)
                  0.36    0.32    5.36 ^ input17/X (sky130_fd_sc_hd__buf_12)
    65    0.32                           net17 (net)
                  0.37    0.04    5.40 ^ _447_/RESET_B (sky130_fd_sc_hd__dfrtp_1)
                                  5.40   data arrival time

                         25.00   25.00   clock clk (rise edge)
                          0.00   25.00   clock source latency
                  0.10    0.06   25.06 ^ clk (in)
     1    0.02                           clk (net)
                  0.10    0.00   25.06 ^ clkbuf_0_clk/A (sky130_fd_sc_hd__clkbuf_16)
                  0.10    0.18   25.24 ^ clkbuf_0_clk/X (sky130_fd_sc_hd__clkbuf_16)
     8    0.08                           clknet_0_clk (net)
                  0.10    0.00   25.25 ^ clkbuf_3_2__f_clk/A (sky130_fd_sc_hd__clkbuf_16)
                  0.05    0.15   25.39 ^ clkbuf_3_2__f_clk/X (sky130_fd_sc_hd__clkbuf_16)
    10    0.03                           clknet_3_2__leaf_clk (net)
                  0.05    0.00   25.39 ^ _447_/CLK (sky130_fd_sc_hd__dfrtp_1)
                         -0.25   25.14   clock uncertainty
                          0.00   25.14   clock reconvergence pessimism
                          0.15   25.29   library recovery time
                                 25.29   data required time
-----------------------------------------------------------------------------
                                 25.29   data required time
                                 -5.40   data arrival time
-----------------------------------------------------------------------------
                                 19.89   slack (MET)


Startpoint: rst_n (input port clocked by clk)
Endpoint: _450_ (recovery check against rising-edge clock clk)
Path Group: asynchronous
Path Type: max

Fanout     Cap    Slew   Delay    Time   Description
-----------------------------------------------------------------------------
                          0.00    0.00   clock clk (rise edge)
                          0.00    0.00   clock network delay (propagated)
                          5.00    5.00 ^ input external delay
                  0.05    0.04    5.04 ^ rst_n (in)
     1    0.01                           rst_n (net)
                  0.05    0.00    5.04 ^ input17/A (sky130_fd_sc_hd__buf_12)
                  0.36    0.32    5.36 ^ input17/X (sky130_fd_sc_hd__buf_12)
    65    0.32                           net17 (net)
                  0.37    0.04    5.40 ^ _450_/RESET_B (sky130_fd_sc_hd__dfrtp_1)
                                  5.40   data arrival time

                         25.00   25.00   clock clk (rise edge)
                          0.00   25.00   clock source latency
                  0.10    0.06   25.06 ^ clk (in)
     1    0.02                           clk (net)
                  0.10    0.00   25.06 ^ clkbuf_0_clk/A (sky130_fd_sc_hd__clkbuf_16)
                  0.10    0.18   25.24 ^ clkbuf_0_clk/X (sky130_fd_sc_hd__clkbuf_16)
     8    0.08                           clknet_0_clk (net)
                  0.10    0.00   25.25 ^ clkbuf_3_3__f_clk/A (sky130_fd_sc_hd__clkbuf_16)
                  0.05    0.15   25.39 ^ clkbuf_3_3__f_clk/X (sky130_fd_sc_hd__clkbuf_16)
    10    0.03                           clknet_3_3__leaf_clk (net)
                  0.05    0.00   25.39 ^ _450_/CLK (sky130_fd_sc_hd__dfrtp_1)
                         -0.25   25.14   clock uncertainty
                          0.00   25.14   clock reconvergence pessimism
                          0.15   25.29   library recovery time
                                 25.29   data required time
-----------------------------------------------------------------------------
                                 25.29   data required time
                                 -5.40   data arrival time
-----------------------------------------------------------------------------
                                 19.89   slack (MET)


Startpoint: rst_n (input port clocked by clk)
Endpoint: _425_ (recovery check against rising-edge clock clk)
Path Group: asynchronous
Path Type: max

Fanout     Cap    Slew   Delay    Time   Description
-----------------------------------------------------------------------------
                          0.00    0.00   clock clk (rise edge)
                          0.00    0.00   clock network delay (propagated)
                          5.00    5.00 ^ input external delay
                  0.05    0.04    5.04 ^ rst_n (in)
     1    0.01                           rst_n (net)
                  0.05    0.00    5.04 ^ input17/A (sky130_fd_sc_hd__buf_12)
                  0.36    0.32    5.36 ^ input17/X (sky130_fd_sc_hd__buf_12)
    65    0.32                           net17 (net)
                  0.37    0.04    5.40 ^ _425_/RESET_B (sky130_fd_sc_hd__dfrtp_1)
                                  5.40   data arrival time

                         25.00   25.00   clock clk (rise edge)
                          0.00   25.00   clock source latency
                  0.10    0.06   25.06 ^ clk (in)
     1    0.02                           clk (net)
                  0.10    0.00   25.06 ^ clkbuf_0_clk/A (sky130_fd_sc_hd__clkbuf_16)
                  0.10    0.18   25.24 ^ clkbuf_0_clk/X (sky130_fd_sc_hd__clkbuf_16)
     8    0.08                           clknet_0_clk (net)
                  0.10    0.00   25.25 ^ clkbuf_3_3__f_clk/A (sky130_fd_sc_hd__clkbuf_16)
                  0.05    0.15   25.39 ^ clkbuf_3_3__f_clk/X (sky130_fd_sc_hd__clkbuf_16)
    10    0.03                           clknet_3_3__leaf_clk (net)
                  0.05    0.00   25.39 ^ _425_/CLK (sky130_fd_sc_hd__dfrtp_1)
                         -0.25   25.14   clock uncertainty
                          0.00   25.14   clock reconvergence pessimism
                          0.15   25.29   library recovery time
                                 25.29   data required time
-----------------------------------------------------------------------------
                                 25.29   data required time
                                 -5.40   data arrival time
-----------------------------------------------------------------------------
                                 19.89   slack (MET)


Startpoint: rst_n (input port clocked by clk)
Endpoint: _452_ (recovery check against rising-edge clock clk)
Path Group: asynchronous
Path Type: max

Fanout     Cap    Slew   Delay    Time   Description
-----------------------------------------------------------------------------
                          0.00    0.00   clock clk (rise edge)
                          0.00    0.00   clock network delay (propagated)
                          5.00    5.00 ^ input external delay
                  0.05    0.04    5.04 ^ rst_n (in)
     1    0.01                           rst_n (net)
                  0.05    0.00    5.04 ^ input17/A (sky130_fd_sc_hd__buf_12)
                  0.36    0.32    5.36 ^ input17/X (sky130_fd_sc_hd__buf_12)
    65    0.32                           net17 (net)
                  0.37    0.04    5.40 ^ _452_/RESET_B (sky130_fd_sc_hd__dfrtp_1)
                                  5.40   data arrival time

                         25.00   25.00   clock clk (rise edge)
                          0.00   25.00   clock source latency
                  0.10    0.06   25.06 ^ clk (in)
     1    0.02                           clk (net)
                  0.10    0.00   25.06 ^ clkbuf_0_clk/A (sky130_fd_sc_hd__clkbuf_16)
                  0.10    0.18   25.24 ^ clkbuf_0_clk/X (sky130_fd_sc_hd__clkbuf_16)
     8    0.08                           clknet_0_clk (net)
                  0.10    0.00   25.25 ^ clkbuf_3_3__f_clk/A (sky130_fd_sc_hd__clkbuf_16)
                  0.05    0.15   25.39 ^ clkbuf_3_3__f_clk/X (sky130_fd_sc_hd__clkbuf_16)
    10    0.03                           clknet_3_3__leaf_clk (net)
                  0.05    0.00   25.39 ^ _452_/CLK (sky130_fd_sc_hd__dfrtp_1)
                         -0.25   25.14   clock uncertainty
                          0.00   25.14   clock reconvergence pessimism
                          0.15   25.29   library recovery time
                                 25.29   data required time
-----------------------------------------------------------------------------
                                 25.29   data required time
                                 -5.40   data arrival time
-----------------------------------------------------------------------------
                                 19.89   slack (MET)


Startpoint: rst_n (input port clocked by clk)
Endpoint: _423_ (recovery check against rising-edge clock clk)
Path Group: asynchronous
Path Type: max

Fanout     Cap    Slew   Delay    Time   Description
-----------------------------------------------------------------------------
                          0.00    0.00   clock clk (rise edge)
                          0.00    0.00   clock network delay (propagated)
                          5.00    5.00 ^ input external delay
                  0.05    0.04    5.04 ^ rst_n (in)
     1    0.01                           rst_n (net)
                  0.05    0.00    5.04 ^ input17/A (sky130_fd_sc_hd__buf_12)
                  0.36    0.32    5.36 ^ input17/X (sky130_fd_sc_hd__buf_12)
    65    0.32                           net17 (net)
                  0.37    0.04    5.40 ^ _423_/RESET_B (sky130_fd_sc_hd__dfrtp_1)
                                  5.40   data arrival time

                         25.00   25.00   clock clk (rise edge)
                          0.00   25.00   clock source latency
                  0.10    0.06   25.06 ^ clk (in)
     1    0.02                           clk (net)
                  0.10    0.00   25.06 ^ clkbuf_0_clk/A (sky130_fd_sc_hd__clkbuf_16)
                  0.10    0.18   25.24 ^ clkbuf_0_clk/X (sky130_fd_sc_hd__clkbuf_16)
     8    0.08                           clknet_0_clk (net)
                  0.10    0.00   25.25 ^ clkbuf_3_3__f_clk/A (sky130_fd_sc_hd__clkbuf_16)
                  0.05    0.15   25.39 ^ clkbuf_3_3__f_clk/X (sky130_fd_sc_hd__clkbuf_16)
    10    0.03                           clknet_3_3__leaf_clk (net)
                  0.05    0.00   25.39 ^ _423_/CLK (sky130_fd_sc_hd__dfrtp_1)
                         -0.25   25.14   clock uncertainty
                          0.00   25.14   clock reconvergence pessimism
                          0.15   25.29   library recovery time
                                 25.29   data required time
-----------------------------------------------------------------------------
                                 25.29   data required time
                                 -5.40   data arrival time
-----------------------------------------------------------------------------
                                 19.89   slack (MET)


Startpoint: rst_n (input port clocked by clk)
Endpoint: _451_ (recovery check against rising-edge clock clk)
Path Group: asynchronous
Path Type: max

Fanout     Cap    Slew   Delay    Time   Description
-----------------------------------------------------------------------------
                          0.00    0.00   clock clk (rise edge)
                          0.00    0.00   clock network delay (propagated)
                          5.00    5.00 ^ input external delay
                  0.05    0.04    5.04 ^ rst_n (in)
     1    0.01                           rst_n (net)
                  0.05    0.00    5.04 ^ input17/A (sky130_fd_sc_hd__buf_12)
                  0.36    0.32    5.36 ^ input17/X (sky130_fd_sc_hd__buf_12)
    65    0.32                           net17 (net)
                  0.37    0.04    5.40 ^ _451_/RESET_B (sky130_fd_sc_hd__dfrtp_1)
                                  5.40   data arrival time

                         25.00   25.00   clock clk (rise edge)
                          0.00   25.00   clock source latency
                  0.10    0.06   25.06 ^ clk (in)
     1    0.02                           clk (net)
                  0.10    0.00   25.06 ^ clkbuf_0_clk/A (sky130_fd_sc_hd__clkbuf_16)
                  0.10    0.18   25.24 ^ clkbuf_0_clk/X (sky130_fd_sc_hd__clkbuf_16)
     8    0.08                           clknet_0_clk (net)
                  0.10    0.00   25.25 ^ clkbuf_3_2__f_clk/A (sky130_fd_sc_hd__clkbuf_16)
                  0.05    0.15   25.39 ^ clkbuf_3_2__f_clk/X (sky130_fd_sc_hd__clkbuf_16)
    10    0.03                           clknet_3_2__leaf_clk (net)
                  0.05    0.00   25.39 ^ _451_/CLK (sky130_fd_sc_hd__dfrtp_1)
                         -0.25   25.14   clock uncertainty
                          0.00   25.14   clock reconvergence pessimism
                          0.15   25.29   library recovery time
                                 25.29   data required time
-----------------------------------------------------------------------------
                                 25.29   data required time
                                 -5.40   data arrival time
-----------------------------------------------------------------------------
                                 19.90   slack (MET)


Startpoint: rst_n (input port clocked by clk)
Endpoint: _448_ (recovery check against rising-edge clock clk)
Path Group: asynchronous
Path Type: max

Fanout     Cap    Slew   Delay    Time   Description
-----------------------------------------------------------------------------
                          0.00    0.00   clock clk (rise edge)
                          0.00    0.00   clock network delay (propagated)
                          5.00    5.00 ^ input external delay
                  0.05    0.04    5.04 ^ rst_n (in)
     1    0.01                           rst_n (net)
                  0.05    0.00    5.04 ^ input17/A (sky130_fd_sc_hd__buf_12)
                  0.36    0.32    5.36 ^ input17/X (sky130_fd_sc_hd__buf_12)
    65    0.32                           net17 (net)
                  0.37    0.04    5.40 ^ _448_/RESET_B (sky130_fd_sc_hd__dfrtp_1)
                                  5.40   data arrival time

                         25.00   25.00   clock clk (rise edge)
                          0.00   25.00   clock source latency
                  0.10    0.06   25.06 ^ clk (in)
     1    0.02                           clk (net)
                  0.10    0.00   25.06 ^ clkbuf_0_clk/A (sky130_fd_sc_hd__clkbuf_16)
                  0.10    0.18   25.24 ^ clkbuf_0_clk/X (sky130_fd_sc_hd__clkbuf_16)
     8    0.08                           clknet_0_clk (net)
                  0.10    0.00   25.25 ^ clkbuf_3_2__f_clk/A (sky130_fd_sc_hd__clkbuf_16)
                  0.05    0.15   25.39 ^ clkbuf_3_2__f_clk/X (sky130_fd_sc_hd__clkbuf_16)
    10    0.03                           clknet_3_2__leaf_clk (net)
                  0.05    0.00   25.39 ^ _448_/CLK (sky130_fd_sc_hd__dfrtp_1)
                         -0.25   25.14   clock uncertainty
                          0.00   25.14   clock reconvergence pessimism
                          0.15   25.29   library recovery time
                                 25.29   data required time
-----------------------------------------------------------------------------
                                 25.29   data required time
                                 -5.40   data arrival time
-----------------------------------------------------------------------------
                                 19.90   slack (MET)


Startpoint: rst_n (input port clocked by clk)
Endpoint: _449_ (recovery check against rising-edge clock clk)
Path Group: asynchronous
Path Type: max

Fanout     Cap    Slew   Delay    Time   Description
-----------------------------------------------------------------------------
                          0.00    0.00   clock clk (rise edge)
                          0.00    0.00   clock network delay (propagated)
                          5.00    5.00 ^ input external delay
                  0.05    0.04    5.04 ^ rst_n (in)
     1    0.01                           rst_n (net)
                  0.05    0.00    5.04 ^ input17/A (sky130_fd_sc_hd__buf_12)
                  0.36    0.32    5.36 ^ input17/X (sky130_fd_sc_hd__buf_12)
    65    0.32                           net17 (net)
                  0.37    0.04    5.40 ^ _449_/RESET_B (sky130_fd_sc_hd__dfrtp_1)
                                  5.40   data arrival time

                         25.00   25.00   clock clk (rise edge)
                          0.00   25.00   clock source latency
                  0.10    0.06   25.06 ^ clk (in)
     1    0.02                           clk (net)
                  0.10    0.00   25.06 ^ clkbuf_0_clk/A (sky130_fd_sc_hd__clkbuf_16)
                  0.10    0.18   25.24 ^ clkbuf_0_clk/X (sky130_fd_sc_hd__clkbuf_16)
     8    0.08                           clknet_0_clk (net)
                  0.10    0.00   25.25 ^ clkbuf_3_2__f_clk/A (sky130_fd_sc_hd__clkbuf_16)
                  0.05    0.15   25.39 ^ clkbuf_3_2__f_clk/X (sky130_fd_sc_hd__clkbuf_16)
    10    0.03                           clknet_3_2__leaf_clk (net)
                  0.05    0.00   25.39 ^ _449_/CLK (sky130_fd_sc_hd__dfrtp_1)
                         -0.25   25.14   clock uncertainty
                          0.00   25.14   clock reconvergence pessimism
                          0.15   25.29   library recovery time
                                 25.29   data required time
-----------------------------------------------------------------------------
                                 25.29   data required time
                                 -5.40   data arrival time
-----------------------------------------------------------------------------
                                 19.90   slack (MET)


Startpoint: rst_n (input port clocked by clk)
Endpoint: _442_ (recovery check against rising-edge clock clk)
Path Group: asynchronous
Path Type: max

Fanout     Cap    Slew   Delay    Time   Description
-----------------------------------------------------------------------------
                          0.00    0.00   clock clk (rise edge)
                          0.00    0.00   clock network delay (propagated)
                          5.00    5.00 ^ input external delay
                  0.05    0.04    5.04 ^ rst_n (in)
     1    0.01                           rst_n (net)
                  0.05    0.00    5.04 ^ input17/A (sky130_fd_sc_hd__buf_12)
                  0.36    0.32    5.36 ^ input17/X (sky130_fd_sc_hd__buf_12)
    65    0.32                           net17 (net)
                  0.37    0.04    5.40 ^ _442_/RESET_B (sky130_fd_sc_hd__dfrtp_1)
                                  5.40   data arrival time

                         25.00   25.00   clock clk (rise edge)
                          0.00   25.00   clock source latency
                  0.10    0.06   25.06 ^ clk (in)
     1    0.02                           clk (net)
                  0.10    0.00   25.06 ^ clkbuf_0_clk/A (sky130_fd_sc_hd__clkbuf_16)
                  0.10    0.18   25.24 ^ clkbuf_0_clk/X (sky130_fd_sc_hd__clkbuf_16)
     8    0.08                           clknet_0_clk (net)
                  0.10    0.00   25.25 ^ clkbuf_3_2__f_clk/A (sky130_fd_sc_hd__clkbuf_16)
                  0.05    0.15   25.39 ^ clkbuf_3_2__f_clk/X (sky130_fd_sc_hd__clkbuf_16)
    10    0.03                           clknet_3_2__leaf_clk (net)
                  0.05    0.00   25.39 ^ _442_/CLK (sky130_fd_sc_hd__dfrtp_1)
                         -0.25   25.14   clock uncertainty
                          0.00   25.14   clock reconvergence pessimism
                          0.15   25.29   library recovery time
                                 25.29   data required time
-----------------------------------------------------------------------------
                                 25.29   data required time
                                 -5.40   data arrival time
-----------------------------------------------------------------------------
                                 19.90   slack (MET)


Startpoint: rst_n (input port clocked by clk)
Endpoint: _443_ (recovery check against rising-edge clock clk)
Path Group: asynchronous
Path Type: max

Fanout     Cap    Slew   Delay    Time   Description
-----------------------------------------------------------------------------
                          0.00    0.00   clock clk (rise edge)
                          0.00    0.00   clock network delay (propagated)
                          5.00    5.00 ^ input external delay
                  0.05    0.04    5.04 ^ rst_n (in)
     1    0.01                           rst_n (net)
                  0.05    0.00    5.04 ^ input17/A (sky130_fd_sc_hd__buf_12)
                  0.36    0.32    5.36 ^ input17/X (sky130_fd_sc_hd__buf_12)
    65    0.32                           net17 (net)
                  0.37    0.04    5.40 ^ _443_/RESET_B (sky130_fd_sc_hd__dfrtp_1)
                                  5.40   data arrival time

                         25.00   25.00   clock clk (rise edge)
                          0.00   25.00   clock source latency
                  0.10    0.06   25.06 ^ clk (in)
     1    0.02                           clk (net)
                  0.10    0.00   25.06 ^ clkbuf_0_clk/A (sky130_fd_sc_hd__clkbuf_16)
                  0.10    0.18   25.24 ^ clkbuf_0_clk/X (sky130_fd_sc_hd__clkbuf_16)
     8    0.08                           clknet_0_clk (net)
                  0.10    0.00   25.25 ^ clkbuf_3_2__f_clk/A (sky130_fd_sc_hd__clkbuf_16)
                  0.05    0.15   25.39 ^ clkbuf_3_2__f_clk/X (sky130_fd_sc_hd__clkbuf_16)
    10    0.03                           clknet_3_2__leaf_clk (net)
                  0.05    0.00   25.39 ^ _443_/CLK (sky130_fd_sc_hd__dfrtp_1)
                         -0.25   25.14   clock uncertainty
                          0.00   25.14   clock reconvergence pessimism
                          0.15   25.29   library recovery time
                                 25.29   data required time
-----------------------------------------------------------------------------
                                 25.29   data required time
                                 -5.40   data arrival time
-----------------------------------------------------------------------------
                                 19.90   slack (MET)


Startpoint: rst_n (input port clocked by clk)
Endpoint: _465_ (recovery check against rising-edge clock clk)
Path Group: asynchronous
Path Type: max

Fanout     Cap    Slew   Delay    Time   Description
-----------------------------------------------------------------------------
                          0.00    0.00   clock clk (rise edge)
                          0.00    0.00   clock network delay (propagated)
                          5.00    5.00 ^ input external delay
                  0.05    0.04    5.04 ^ rst_n (in)
     1    0.01                           rst_n (net)
                  0.05    0.00    5.04 ^ input17/A (sky130_fd_sc_hd__buf_12)
                  0.36    0.32    5.36 ^ input17/X (sky130_fd_sc_hd__buf_12)
    65    0.32                           net17 (net)
                  0.37    0.02    5.38 ^ _465_/RESET_B (sky130_fd_sc_hd__dfrtp_1)
                                  5.38   data arrival time

                         25.00   25.00   clock clk (rise edge)
                          0.00   25.00   clock source latency
                  0.10    0.06   25.06 ^ clk (in)
     1    0.02                           clk (net)
                  0.10    0.00   25.06 ^ clkbuf_0_clk/A (sky130_fd_sc_hd__clkbuf_16)
                  0.10    0.18   25.24 ^ clkbuf_0_clk/X (sky130_fd_sc_hd__clkbuf_16)
     8    0.08                           clknet_0_clk (net)
                  0.10    0.00   25.25 ^ clkbuf_3_4__f_clk/A (sky130_fd_sc_hd__clkbuf_16)
                  0.04    0.14   25.38 ^ clkbuf_3_4__f_clk/X (sky130_fd_sc_hd__clkbuf_16)
     6    0.02                           clknet_3_4__leaf_clk (net)
                  0.04    0.00   25.38 ^ _465_/CLK (sky130_fd_sc_hd__dfrtp_1)
                         -0.25   25.13   clock uncertainty
                          0.00   25.13   clock reconvergence pessimism
                          0.15   25.28   library recovery time
                                 25.28   data required time
-----------------------------------------------------------------------------
                                 25.28   data required time
                                 -5.38   data arrival time
-----------------------------------------------------------------------------
                                 19.90   slack (MET)


Startpoint: rst_n (input port clocked by clk)
Endpoint: _466_ (recovery check against rising-edge clock clk)
Path Group: asynchronous
Path Type: max

Fanout     Cap    Slew   Delay    Time   Description
-----------------------------------------------------------------------------
                          0.00    0.00   clock clk (rise edge)
                          0.00    0.00   clock network delay (propagated)
                          5.00    5.00 ^ input external delay
                  0.05    0.04    5.04 ^ rst_n (in)
     1    0.01                           rst_n (net)
                  0.05    0.00    5.04 ^ input17/A (sky130_fd_sc_hd__buf_12)
                  0.36    0.32    5.36 ^ input17/X (sky130_fd_sc_hd__buf_12)
    65    0.32                           net17 (net)
                  0.37    0.02    5.38 ^ _466_/RESET_B (sky130_fd_sc_hd__dfrtp_1)
                                  5.38   data arrival time

                         25.00   25.00   clock clk (rise edge)
                          0.00   25.00   clock source latency
                  0.10    0.06   25.06 ^ clk (in)
     1    0.02                           clk (net)
                  0.10    0.00   25.06 ^ clkbuf_0_clk/A (sky130_fd_sc_hd__clkbuf_16)
                  0.10    0.18   25.24 ^ clkbuf_0_clk/X (sky130_fd_sc_hd__clkbuf_16)
     8    0.08                           clknet_0_clk (net)
                  0.10    0.00   25.25 ^ clkbuf_3_4__f_clk/A (sky130_fd_sc_hd__clkbuf_16)
                  0.04    0.14   25.38 ^ clkbuf_3_4__f_clk/X (sky130_fd_sc_hd__clkbuf_16)
     6    0.02                           clknet_3_4__leaf_clk (net)
                  0.04    0.00   25.38 ^ _466_/CLK (sky130_fd_sc_hd__dfrtp_1)
                         -0.25   25.13   clock uncertainty
                          0.00   25.13   clock reconvergence pessimism
                          0.15   25.28   library recovery time
                                 25.28   data required time
-----------------------------------------------------------------------------
                                 25.28   data required time
                                 -5.38   data arrival time
-----------------------------------------------------------------------------
                                 19.90   slack (MET)


Startpoint: rst_n (input port clocked by clk)
Endpoint: _444_ (recovery check against rising-edge clock clk)
Path Group: asynchronous
Path Type: max

Fanout     Cap    Slew   Delay    Time   Description
-----------------------------------------------------------------------------
                          0.00    0.00   clock clk (rise edge)
                          0.00    0.00   clock network delay (propagated)
                          5.00    5.00 ^ input external delay
                  0.05    0.04    5.04 ^ rst_n (in)
     1    0.01                           rst_n (net)
                  0.05    0.00    5.04 ^ input17/A (sky130_fd_sc_hd__buf_12)
                  0.36    0.32    5.36 ^ input17/X (sky130_fd_sc_hd__buf_12)
    65    0.32                           net17 (net)
                  0.37    0.04    5.40 ^ _444_/RESET_B (sky130_fd_sc_hd__dfrtp_1)
                                  5.40   data arrival time

                         25.00   25.00   clock clk (rise edge)
                          0.00   25.00   clock source latency
                  0.10    0.06   25.06 ^ clk (in)
     1    0.02                           clk (net)
                  0.10    0.00   25.06 ^ clkbuf_0_clk/A (sky130_fd_sc_hd__clkbuf_16)
                  0.10    0.18   25.24 ^ clkbuf_0_clk/X (sky130_fd_sc_hd__clkbuf_16)
     8    0.08                           clknet_0_clk (net)
                  0.10    0.00   25.25 ^ clkbuf_3_0__f_clk/A (sky130_fd_sc_hd__clkbuf_16)
                  0.06    0.15   25.40 ^ clkbuf_3_0__f_clk/X (sky130_fd_sc_hd__clkbuf_16)
    12    0.04                           clknet_3_0__leaf_clk (net)
                  0.06    0.00   25.40 ^ _444_/CLK (sky130_fd_sc_hd__dfrtp_1)
                         -0.25   25.15   clock uncertainty
                          0.00   25.15   clock reconvergence pessimism
                          0.15   25.30   library recovery time
                                 25.30   data required time
-----------------------------------------------------------------------------
                                 25.30   data required time
                                 -5.40   data arrival time
-----------------------------------------------------------------------------
                                 19.90   slack (MET)


Startpoint: rst_n (input port clocked by clk)
Endpoint: _462_ (recovery check against rising-edge clock clk)
Path Group: asynchronous
Path Type: max

Fanout     Cap    Slew   Delay    Time   Description
-----------------------------------------------------------------------------
                          0.00    0.00   clock clk (rise edge)
                          0.00    0.00   clock network delay (propagated)
                          5.00    5.00 ^ input external delay
                  0.05    0.04    5.04 ^ rst_n (in)
     1    0.01                           rst_n (net)
                  0.05    0.00    5.04 ^ input17/A (sky130_fd_sc_hd__buf_12)
                  0.36    0.32    5.36 ^ input17/X (sky130_fd_sc_hd__buf_12)
    65    0.32                           net17 (net)
                  0.36    0.02    5.38 ^ _462_/RESET_B (sky130_fd_sc_hd__dfrtp_1)
                                  5.38   data arrival time

                         25.00   25.00   clock clk (rise edge)
                          0.00   25.00   clock source latency
                  0.10    0.06   25.06 ^ clk (in)
     1    0.02                           clk (net)
                  0.10    0.00   25.06 ^ clkbuf_0_clk/A (sky130_fd_sc_hd__clkbuf_16)
                  0.10    0.18   25.24 ^ clkbuf_0_clk/X (sky130_fd_sc_hd__clkbuf_16)
     8    0.08                           clknet_0_clk (net)
                  0.10    0.00   25.25 ^ clkbuf_3_4__f_clk/A (sky130_fd_sc_hd__clkbuf_16)
                  0.04    0.14   25.38 ^ clkbuf_3_4__f_clk/X (sky130_fd_sc_hd__clkbuf_16)
     6    0.02                           clknet_3_4__leaf_clk (net)
                  0.04    0.00   25.38 ^ _462_/CLK (sky130_fd_sc_hd__dfrtp_1)
                         -0.25   25.13   clock uncertainty
                          0.00   25.13   clock reconvergence pessimism
                          0.15   25.28   library recovery time
                                 25.28   data required time
-----------------------------------------------------------------------------
                                 25.28   data required time
                                 -5.38   data arrival time
-----------------------------------------------------------------------------
                                 19.90   slack (MET)


Startpoint: rst_n (input port clocked by clk)
Endpoint: _467_ (recovery check against rising-edge clock clk)
Path Group: asynchronous
Path Type: max

Fanout     Cap    Slew   Delay    Time   Description
-----------------------------------------------------------------------------
                          0.00    0.00   clock clk (rise edge)
                          0.00    0.00   clock network delay (propagated)
                          5.00    5.00 ^ input external delay
                  0.05    0.04    5.04 ^ rst_n (in)
     1    0.01                           rst_n (net)
                  0.05    0.00    5.04 ^ input17/A (sky130_fd_sc_hd__buf_12)
                  0.36    0.32    5.36 ^ input17/X (sky130_fd_sc_hd__buf_12)
    65    0.32                           net17 (net)
                  0.36    0.02    5.38 ^ _467_/RESET_B (sky130_fd_sc_hd__dfrtp_1)
                                  5.38   data arrival time

                         25.00   25.00   clock clk (rise edge)
                          0.00   25.00   clock source latency
                  0.10    0.06   25.06 ^ clk (in)
     1    0.02                           clk (net)
                  0.10    0.00   25.06 ^ clkbuf_0_clk/A (sky130_fd_sc_hd__clkbuf_16)
                  0.10    0.18   25.24 ^ clkbuf_0_clk/X (sky130_fd_sc_hd__clkbuf_16)
     8    0.08                           clknet_0_clk (net)
                  0.10    0.00   25.25 ^ clkbuf_3_4__f_clk/A (sky130_fd_sc_hd__clkbuf_16)
                  0.04    0.14   25.38 ^ clkbuf_3_4__f_clk/X (sky130_fd_sc_hd__clkbuf_16)
     6    0.02                           clknet_3_4__leaf_clk (net)
                  0.04    0.00   25.38 ^ _467_/CLK (sky130_fd_sc_hd__dfrtp_1)
                         -0.25   25.13   clock uncertainty
                          0.00   25.13   clock reconvergence pessimism
                          0.15   25.28   library recovery time
                                 25.28   data required time
-----------------------------------------------------------------------------
                                 25.28   data required time
                                 -5.38   data arrival time
-----------------------------------------------------------------------------
                                 19.90   slack (MET)


Startpoint: rst_n (input port clocked by clk)
Endpoint: _464_ (recovery check against rising-edge clock clk)
Path Group: asynchronous
Path Type: max

Fanout     Cap    Slew   Delay    Time   Description
-----------------------------------------------------------------------------
                          0.00    0.00   clock clk (rise edge)
                          0.00    0.00   clock network delay (propagated)
                          5.00    5.00 ^ input external delay
                  0.05    0.04    5.04 ^ rst_n (in)
     1    0.01                           rst_n (net)
                  0.05    0.00    5.04 ^ input17/A (sky130_fd_sc_hd__buf_12)
                  0.36    0.32    5.36 ^ input17/X (sky130_fd_sc_hd__buf_12)
    65    0.32                           net17 (net)
                  0.36    0.02    5.38 ^ _464_/RESET_B (sky130_fd_sc_hd__dfrtp_1)
                                  5.38   data arrival time

                         25.00   25.00   clock clk (rise edge)
                          0.00   25.00   clock source latency
                  0.10    0.06   25.06 ^ clk (in)
     1    0.02                           clk (net)
                  0.10    0.00   25.06 ^ clkbuf_0_clk/A (sky130_fd_sc_hd__clkbuf_16)
                  0.10    0.18   25.24 ^ clkbuf_0_clk/X (sky130_fd_sc_hd__clkbuf_16)
     8    0.08                           clknet_0_clk (net)
                  0.10    0.00   25.25 ^ clkbuf_3_4__f_clk/A (sky130_fd_sc_hd__clkbuf_16)
                  0.04    0.14   25.38 ^ clkbuf_3_4__f_clk/X (sky130_fd_sc_hd__clkbuf_16)
     6    0.02                           clknet_3_4__leaf_clk (net)
                  0.04    0.00   25.38 ^ _464_/CLK (sky130_fd_sc_hd__dfrtp_1)
                         -0.25   25.13   clock uncertainty
                          0.00   25.13   clock reconvergence pessimism
                          0.15   25.28   library recovery time
                                 25.28   data required time
-----------------------------------------------------------------------------
                                 25.28   data required time
                                 -5.38   data arrival time
-----------------------------------------------------------------------------
                                 19.90   slack (MET)


Startpoint: rst_n (input port clocked by clk)
Endpoint: _437_ (recovery check against rising-edge clock clk)
Path Group: asynchronous
Path Type: max

Fanout     Cap    Slew   Delay    Time   Description
-----------------------------------------------------------------------------
                          0.00    0.00   clock clk (rise edge)
                          0.00    0.00   clock network delay (propagated)
                          5.00    5.00 ^ input external delay
                  0.05    0.04    5.04 ^ rst_n (in)
     1    0.01                           rst_n (net)
                  0.05    0.00    5.04 ^ input17/A (sky130_fd_sc_hd__buf_12)
                  0.36    0.32    5.36 ^ input17/X (sky130_fd_sc_hd__buf_12)
    65    0.32                           net17 (net)
                  0.37    0.03    5.39 ^ _437_/RESET_B (sky130_fd_sc_hd__dfrtp_1)
                                  5.39   data arrival time

                         25.00   25.00   clock clk (rise edge)
                          0.00   25.00   clock source latency
                  0.10    0.06   25.06 ^ clk (in)
     1    0.02                           clk (net)
                  0.10    0.00   25.06 ^ clkbuf_0_clk/A (sky130_fd_sc_hd__clkbuf_16)
                  0.10    0.18   25.24 ^ clkbuf_0_clk/X (sky130_fd_sc_hd__clkbuf_16)
     8    0.08                           clknet_0_clk (net)
                  0.10    0.00   25.25 ^ clkbuf_3_2__f_clk/A (sky130_fd_sc_hd__clkbuf_16)
                  0.05    0.15   25.39 ^ clkbuf_3_2__f_clk/X (sky130_fd_sc_hd__clkbuf_16)
    10    0.03                           clknet_3_2__leaf_clk (net)
                  0.05    0.00   25.39 ^ _437_/CLK (sky130_fd_sc_hd__dfrtp_1)
                         -0.25   25.14   clock uncertainty
                          0.00   25.14   clock reconvergence pessimism
                          0.15   25.29   library recovery time
                                 25.29   data required time
-----------------------------------------------------------------------------
                                 25.29   data required time
                                 -5.39   data arrival time
-----------------------------------------------------------------------------
                                 19.90   slack (MET)


Startpoint: rst_n (input port clocked by clk)
Endpoint: _433_ (recovery check against rising-edge clock clk)
Path Group: asynchronous
Path Type: max

Fanout     Cap    Slew   Delay    Time   Description
-----------------------------------------------------------------------------
                          0.00    0.00   clock clk (rise edge)
                          0.00    0.00   clock network delay (propagated)
                          5.00    5.00 ^ input external delay
                  0.05    0.04    5.04 ^ rst_n (in)
     1    0.01                           rst_n (net)
                  0.05    0.00    5.04 ^ input17/A (sky130_fd_sc_hd__buf_12)
                  0.36    0.32    5.36 ^ input17/X (sky130_fd_sc_hd__buf_12)
    65    0.32                           net17 (net)
                  0.37    0.02    5.38 ^ _433_/RESET_B (sky130_fd_sc_hd__dfrtp_1)
                                  5.38   data arrival time

                         25.00   25.00   clock clk (rise edge)
                          0.00   25.00   clock source latency
                  0.10    0.06   25.06 ^ clk (in)
     1    0.02                           clk (net)
                  0.10    0.00   25.06 ^ clkbuf_0_clk/A (sky130_fd_sc_hd__clkbuf_16)
                  0.10    0.18   25.24 ^ clkbuf_0_clk/X (sky130_fd_sc_hd__clkbuf_16)
     8    0.08                           clknet_0_clk (net)
                  0.10    0.00   25.25 ^ clkbuf_3_1__f_clk/A (sky130_fd_sc_hd__clkbuf_16)
                  0.04    0.14   25.39 ^ clkbuf_3_1__f_clk/X (sky130_fd_sc_hd__clkbuf_16)
     7    0.02                           clknet_3_1__leaf_clk (net)
                  0.04    0.00   25.39 ^ _433_/CLK (sky130_fd_sc_hd__dfrtp_1)
                         -0.25   25.14   clock uncertainty
                          0.00   25.14   clock reconvergence pessimism
                          0.15   25.28   library recovery time
                                 25.28   data required time
-----------------------------------------------------------------------------
                                 25.28   data required time
                                 -5.38   data arrival time
-----------------------------------------------------------------------------
                                 19.90   slack (MET)


Startpoint: rst_n (input port clocked by clk)
Endpoint: _440_ (recovery check against rising-edge clock clk)
Path Group: asynchronous
Path Type: max

Fanout     Cap    Slew   Delay    Time   Description
-----------------------------------------------------------------------------
                          0.00    0.00   clock clk (rise edge)
                          0.00    0.00   clock network delay (propagated)
                          5.00    5.00 ^ input external delay
                  0.05    0.04    5.04 ^ rst_n (in)
     1    0.01                           rst_n (net)
                  0.05    0.00    5.04 ^ input17/A (sky130_fd_sc_hd__buf_12)
                  0.36    0.32    5.36 ^ input17/X (sky130_fd_sc_hd__buf_12)
    65    0.32                           net17 (net)
                  0.36    0.02    5.38 ^ _440_/RESET_B (sky130_fd_sc_hd__dfrtp_1)
                                  5.38   data arrival time

                         25.00   25.00   clock clk (rise edge)
                          0.00   25.00   clock source latency
                  0.10    0.06   25.06 ^ clk (in)
     1    0.02                           clk (net)
                  0.10    0.00   25.06 ^ clkbuf_0_clk/A (sky130_fd_sc_hd__clkbuf_16)
                  0.10    0.18   25.24 ^ clkbuf_0_clk/X (sky130_fd_sc_hd__clkbuf_16)
     8    0.08                           clknet_0_clk (net)
                  0.10    0.00   25.25 ^ clkbuf_3_1__f_clk/A (sky130_fd_sc_hd__clkbuf_16)
                  0.04    0.14   25.39 ^ clkbuf_3_1__f_clk/X (sky130_fd_sc_hd__clkbuf_16)
     7    0.02                           clknet_3_1__leaf_clk (net)
                  0.04    0.00   25.39 ^ _440_/CLK (sky130_fd_sc_hd__dfrtp_1)
                         -0.25   25.14   clock uncertainty
                          0.00   25.14   clock reconvergence pessimism
                          0.15   25.28   library recovery time
                                 25.28   data required time
-----------------------------------------------------------------------------
                                 25.28   data required time
                                 -5.38   data arrival time
-----------------------------------------------------------------------------
                                 19.90   slack (MET)


Startpoint: rst_n (input port clocked by clk)
Endpoint: _432_ (recovery check against rising-edge clock clk)
Path Group: asynchronous
Path Type: max

Fanout     Cap    Slew   Delay    Time   Description
-----------------------------------------------------------------------------
                          0.00    0.00   clock clk (rise edge)
                          0.00    0.00   clock network delay (propagated)
                          5.00    5.00 ^ input external delay
                  0.05    0.04    5.04 ^ rst_n (in)
     1    0.01                           rst_n (net)
                  0.05    0.00    5.04 ^ input17/A (sky130_fd_sc_hd__buf_12)
                  0.36    0.32    5.36 ^ input17/X (sky130_fd_sc_hd__buf_12)
    65    0.32                           net17 (net)
                  0.36    0.02    5.38 ^ _432_/RESET_B (sky130_fd_sc_hd__dfrtp_1)
                                  5.38   data arrival time

                         25.00   25.00   clock clk (rise edge)
                          0.00   25.00   clock source latency
                  0.10    0.06   25.06 ^ clk (in)
     1    0.02                           clk (net)
                  0.10    0.00   25.06 ^ clkbuf_0_clk/A (sky130_fd_sc_hd__clkbuf_16)
                  0.10    0.18   25.24 ^ clkbuf_0_clk/X (sky130_fd_sc_hd__clkbuf_16)
     8    0.08                           clknet_0_clk (net)
                  0.10    0.00   25.25 ^ clkbuf_3_1__f_clk/A (sky130_fd_sc_hd__clkbuf_16)
                  0.04    0.14   25.39 ^ clkbuf_3_1__f_clk/X (sky130_fd_sc_hd__clkbuf_16)
     7    0.02                           clknet_3_1__leaf_clk (net)
                  0.04    0.00   25.39 ^ _432_/CLK (sky130_fd_sc_hd__dfrtp_1)
                         -0.25   25.14   clock uncertainty
                          0.00   25.14   clock reconvergence pessimism
                          0.15   25.28   library recovery time
                                 25.28   data required time
-----------------------------------------------------------------------------
                                 25.28   data required time
                                 -5.38   data arrival time
-----------------------------------------------------------------------------
                                 19.90   slack (MET)


Startpoint: rst_n (input port clocked by clk)
Endpoint: _463_ (recovery check against rising-edge clock clk)
Path Group: asynchronous
Path Type: max

Fanout     Cap    Slew   Delay    Time   Description
-----------------------------------------------------------------------------
                          0.00    0.00   clock clk (rise edge)
                          0.00    0.00   clock network delay (propagated)
                          5.00    5.00 ^ input external delay
                  0.05    0.04    5.04 ^ rst_n (in)
     1    0.01                           rst_n (net)
                  0.05    0.00    5.04 ^ input17/A (sky130_fd_sc_hd__buf_12)
                  0.36    0.32    5.36 ^ input17/X (sky130_fd_sc_hd__buf_12)
    65    0.32                           net17 (net)
                  0.36    0.02    5.38 ^ _463_/RESET_B (sky130_fd_sc_hd__dfrtp_1)
                                  5.38   data arrival time

                         25.00   25.00   clock clk (rise edge)
                          0.00   25.00   clock source latency
                  0.10    0.06   25.06 ^ clk (in)
     1    0.02                           clk (net)
                  0.10    0.00   25.06 ^ clkbuf_0_clk/A (sky130_fd_sc_hd__clkbuf_16)
                  0.10    0.18   25.24 ^ clkbuf_0_clk/X (sky130_fd_sc_hd__clkbuf_16)
     8    0.08                           clknet_0_clk (net)
                  0.10    0.00   25.25 ^ clkbuf_3_1__f_clk/A (sky130_fd_sc_hd__clkbuf_16)
                  0.04    0.14   25.39 ^ clkbuf_3_1__f_clk/X (sky130_fd_sc_hd__clkbuf_16)
     7    0.02                           clknet_3_1__leaf_clk (net)
                  0.04    0.00   25.39 ^ _463_/CLK (sky130_fd_sc_hd__dfrtp_1)
                         -0.25   25.14   clock uncertainty
                          0.00   25.14   clock reconvergence pessimism
                          0.15   25.28   library recovery time
                                 25.28   data required time
-----------------------------------------------------------------------------
                                 25.28   data required time
                                 -5.38   data arrival time
-----------------------------------------------------------------------------
                                 19.90   slack (MET)


Startpoint: rst_n (input port clocked by clk)
Endpoint: _434_ (recovery check against rising-edge clock clk)
Path Group: asynchronous
Path Type: max

Fanout     Cap    Slew   Delay    Time   Description
-----------------------------------------------------------------------------
                          0.00    0.00   clock clk (rise edge)
                          0.00    0.00   clock network delay (propagated)
                          5.00    5.00 ^ input external delay
                  0.05    0.04    5.04 ^ rst_n (in)
     1    0.01                           rst_n (net)
                  0.05    0.00    5.04 ^ input17/A (sky130_fd_sc_hd__buf_12)
                  0.36    0.32    5.36 ^ input17/X (sky130_fd_sc_hd__buf_12)
    65    0.32                           net17 (net)
                  0.36    0.02    5.38 ^ _434_/RESET_B (sky130_fd_sc_hd__dfrtp_1)
                                  5.38   data arrival time

                         25.00   25.00   clock clk (rise edge)
                          0.00   25.00   clock source latency
                  0.10    0.06   25.06 ^ clk (in)
     1    0.02                           clk (net)
                  0.10    0.00   25.06 ^ clkbuf_0_clk/A (sky130_fd_sc_hd__clkbuf_16)
                  0.10    0.18   25.24 ^ clkbuf_0_clk/X (sky130_fd_sc_hd__clkbuf_16)
     8    0.08                           clknet_0_clk (net)
                  0.10    0.00   25.25 ^ clkbuf_3_1__f_clk/A (sky130_fd_sc_hd__clkbuf_16)
                  0.04    0.14   25.39 ^ clkbuf_3_1__f_clk/X (sky130_fd_sc_hd__clkbuf_16)
     7    0.02                           clknet_3_1__leaf_clk (net)
                  0.04    0.00   25.39 ^ _434_/CLK (sky130_fd_sc_hd__dfrtp_1)
                         -0.25   25.14   clock uncertainty
                          0.00   25.14   clock reconvergence pessimism
                          0.15   25.28   library recovery time
                                 25.28   data required time
-----------------------------------------------------------------------------
                                 25.28   data required time
                                 -5.38   data arrival time
-----------------------------------------------------------------------------
                                 19.90   slack (MET)


Startpoint: rst_n (input port clocked by clk)
Endpoint: _441_ (recovery check against rising-edge clock clk)
Path Group: asynchronous
Path Type: max

Fanout     Cap    Slew   Delay    Time   Description
-----------------------------------------------------------------------------
                          0.00    0.00   clock clk (rise edge)
                          0.00    0.00   clock network delay (propagated)
                          5.00    5.00 ^ input external delay
                  0.05    0.04    5.04 ^ rst_n (in)
     1    0.01                           rst_n (net)
                  0.05    0.00    5.04 ^ input17/A (sky130_fd_sc_hd__buf_12)
                  0.36    0.32    5.36 ^ input17/X (sky130_fd_sc_hd__buf_12)
    65    0.32                           net17 (net)
                  0.37    0.03    5.39 ^ _441_/RESET_B (sky130_fd_sc_hd__dfrtp_1)
                                  5.39   data arrival time

                         25.00   25.00   clock clk (rise edge)
                          0.00   25.00   clock source latency
                  0.10    0.06   25.06 ^ clk (in)
     1    0.02                           clk (net)
                  0.10    0.00   25.06 ^ clkbuf_0_clk/A (sky130_fd_sc_hd__clkbuf_16)
                  0.10    0.18   25.24 ^ clkbuf_0_clk/X (sky130_fd_sc_hd__clkbuf_16)
     8    0.08                           clknet_0_clk (net)
                  0.10    0.00   25.25 ^ clkbuf_3_2__f_clk/A (sky130_fd_sc_hd__clkbuf_16)
                  0.05    0.15   25.39 ^ clkbuf_3_2__f_clk/X (sky130_fd_sc_hd__clkbuf_16)
    10    0.03                           clknet_3_2__leaf_clk (net)
                  0.05    0.00   25.39 ^ _441_/CLK (sky130_fd_sc_hd__dfrtp_1)
                         -0.25   25.14   clock uncertainty
                          0.00   25.14   clock reconvergence pessimism
                          0.15   25.29   library recovery time
                                 25.29   data required time
-----------------------------------------------------------------------------
                                 25.29   data required time
                                 -5.39   data arrival time
-----------------------------------------------------------------------------
                                 19.90   slack (MET)


Startpoint: rst_n (input port clocked by clk)
Endpoint: _435_ (recovery check against rising-edge clock clk)
Path Group: asynchronous
Path Type: max

Fanout     Cap    Slew   Delay    Time   Description
-----------------------------------------------------------------------------
                          0.00    0.00   clock clk (rise edge)
                          0.00    0.00   clock network delay (propagated)
                          5.00    5.00 ^ input external delay
                  0.05    0.04    5.04 ^ rst_n (in)
     1    0.01                           rst_n (net)
                  0.05    0.00    5.04 ^ input17/A (sky130_fd_sc_hd__buf_12)
                  0.36    0.32    5.36 ^ input17/X (sky130_fd_sc_hd__buf_12)
    65    0.32                           net17 (net)
                  0.37    0.03    5.39 ^ _435_/RESET_B (sky130_fd_sc_hd__dfrtp_1)
                                  5.39   data arrival time

                         25.00   25.00   clock clk (rise edge)
                          0.00   25.00   clock source latency
                  0.10    0.06   25.06 ^ clk (in)
     1    0.02                           clk (net)
                  0.10    0.00   25.06 ^ clkbuf_0_clk/A (sky130_fd_sc_hd__clkbuf_16)
                  0.10    0.18   25.24 ^ clkbuf_0_clk/X (sky130_fd_sc_hd__clkbuf_16)
     8    0.08                           clknet_0_clk (net)
                  0.10    0.00   25.25 ^ clkbuf_3_2__f_clk/A (sky130_fd_sc_hd__clkbuf_16)
                  0.05    0.15   25.39 ^ clkbuf_3_2__f_clk/X (sky130_fd_sc_hd__clkbuf_16)
    10    0.03                           clknet_3_2__leaf_clk (net)
                  0.05    0.00   25.39 ^ _435_/CLK (sky130_fd_sc_hd__dfrtp_1)
                         -0.25   25.14   clock uncertainty
                          0.00   25.14   clock reconvergence pessimism
                          0.15   25.29   library recovery time
                                 25.29   data required time
-----------------------------------------------------------------------------
                                 25.29   data required time
                                 -5.39   data arrival time
-----------------------------------------------------------------------------
                                 19.90   slack (MET)


Startpoint: rst_n (input port clocked by clk)
Endpoint: _436_ (recovery check against rising-edge clock clk)
Path Group: asynchronous
Path Type: max

Fanout     Cap    Slew   Delay    Time   Description
-----------------------------------------------------------------------------
                          0.00    0.00   clock clk (rise edge)
                          0.00    0.00   clock network delay (propagated)
                          5.00    5.00 ^ input external delay
                  0.05    0.04    5.04 ^ rst_n (in)
     1    0.01                           rst_n (net)
                  0.05    0.00    5.04 ^ input17/A (sky130_fd_sc_hd__buf_12)
                  0.36    0.32    5.36 ^ input17/X (sky130_fd_sc_hd__buf_12)
    65    0.32                           net17 (net)
                  0.37    0.03    5.39 ^ _436_/RESET_B (sky130_fd_sc_hd__dfrtp_1)
                                  5.39   data arrival time

                         25.00   25.00   clock clk (rise edge)
                          0.00   25.00   clock source latency
                  0.10    0.06   25.06 ^ clk (in)
     1    0.02                           clk (net)
                  0.10    0.00   25.06 ^ clkbuf_0_clk/A (sky130_fd_sc_hd__clkbuf_16)
                  0.10    0.18   25.24 ^ clkbuf_0_clk/X (sky130_fd_sc_hd__clkbuf_16)
     8    0.08                           clknet_0_clk (net)
                  0.10    0.00   25.25 ^ clkbuf_3_2__f_clk/A (sky130_fd_sc_hd__clkbuf_16)
                  0.05    0.15   25.39 ^ clkbuf_3_2__f_clk/X (sky130_fd_sc_hd__clkbuf_16)
    10    0.03                           clknet_3_2__leaf_clk (net)
                  0.05    0.00   25.39 ^ _436_/CLK (sky130_fd_sc_hd__dfrtp_1)
                         -0.25   25.14   clock uncertainty
                          0.00   25.14   clock reconvergence pessimism
                          0.15   25.29   library recovery time
                                 25.29   data required time
-----------------------------------------------------------------------------
                                 25.29   data required time
                                 -5.39   data arrival time
-----------------------------------------------------------------------------
                                 19.91   slack (MET)


Startpoint: rst_n (input port clocked by clk)
Endpoint: _430_ (recovery check against rising-edge clock clk)
Path Group: asynchronous
Path Type: max

Fanout     Cap    Slew   Delay    Time   Description
-----------------------------------------------------------------------------
                          0.00    0.00   clock clk (rise edge)
                          0.00    0.00   clock network delay (propagated)
                          5.00    5.00 ^ input external delay
                  0.05    0.04    5.04 ^ rst_n (in)
     1    0.01                           rst_n (net)
                  0.05    0.00    5.04 ^ input17/A (sky130_fd_sc_hd__buf_12)
                  0.36    0.32    5.36 ^ input17/X (sky130_fd_sc_hd__buf_12)
    65    0.32                           net17 (net)
                  0.37    0.02    5.38 ^ _430_/RESET_B (sky130_fd_sc_hd__dfrtp_1)
                                  5.38   data arrival time

                         25.00   25.00   clock clk (rise edge)
                          0.00   25.00   clock source latency
                  0.10    0.06   25.06 ^ clk (in)
     1    0.02                           clk (net)
                  0.10    0.00   25.06 ^ clkbuf_0_clk/A (sky130_fd_sc_hd__clkbuf_16)
                  0.10    0.18   25.24 ^ clkbuf_0_clk/X (sky130_fd_sc_hd__clkbuf_16)
     8    0.08                           clknet_0_clk (net)
                  0.10    0.00   25.25 ^ clkbuf_3_0__f_clk/A (sky130_fd_sc_hd__clkbuf_16)
                  0.06    0.15   25.40 ^ clkbuf_3_0__f_clk/X (sky130_fd_sc_hd__clkbuf_16)
    12    0.04                           clknet_3_0__leaf_clk (net)
                  0.06    0.00   25.40 ^ _430_/CLK (sky130_fd_sc_hd__dfrtp_1)
                         -0.25   25.15   clock uncertainty
                          0.00   25.15   clock reconvergence pessimism
                          0.15   25.30   library recovery time
                                 25.30   data required time
-----------------------------------------------------------------------------
                                 25.30   data required time
                                 -5.38   data arrival time
-----------------------------------------------------------------------------
                                 19.92   slack (MET)


Startpoint: rst_n (input port clocked by clk)
Endpoint: _422_ (recovery check against rising-edge clock clk)
Path Group: asynchronous
Path Type: max

Fanout     Cap    Slew   Delay    Time   Description
-----------------------------------------------------------------------------
                          0.00    0.00   clock clk (rise edge)
                          0.00    0.00   clock network delay (propagated)
                          5.00    5.00 ^ input external delay
                  0.05    0.04    5.04 ^ rst_n (in)
     1    0.01                           rst_n (net)
                  0.05    0.00    5.04 ^ input17/A (sky130_fd_sc_hd__buf_12)
                  0.36    0.32    5.36 ^ input17/X (sky130_fd_sc_hd__buf_12)
    65    0.32                           net17 (net)
                  0.36    0.02    5.38 ^ _422_/RESET_B (sky130_fd_sc_hd__dfrtp_1)
                                  5.38   data arrival time

                         25.00   25.00   clock clk (rise edge)
                          0.00   25.00   clock source latency
                  0.10    0.06   25.06 ^ clk (in)
     1    0.02                           clk (net)
                  0.10    0.00   25.06 ^ clkbuf_0_clk/A (sky130_fd_sc_hd__clkbuf_16)
                  0.10    0.18   25.24 ^ clkbuf_0_clk/X (sky130_fd_sc_hd__clkbuf_16)
     8    0.08                           clknet_0_clk (net)
                  0.10    0.00   25.25 ^ clkbuf_3_0__f_clk/A (sky130_fd_sc_hd__clkbuf_16)
                  0.06    0.15   25.40 ^ clkbuf_3_0__f_clk/X (sky130_fd_sc_hd__clkbuf_16)
    12    0.04                           clknet_3_0__leaf_clk (net)
                  0.06    0.00   25.40 ^ _422_/CLK (sky130_fd_sc_hd__dfrtp_1)
                         -0.25   25.15   clock uncertainty
                          0.00   25.15   clock reconvergence pessimism
                          0.15   25.30   library recovery time
                                 25.30   data required time
-----------------------------------------------------------------------------
                                 25.30   data required time
                                 -5.38   data arrival time
-----------------------------------------------------------------------------
                                 19.92   slack (MET)


Startpoint: rst_n (input port clocked by clk)
Endpoint: _431_ (recovery check against rising-edge clock clk)
Path Group: asynchronous
Path Type: max

Fanout     Cap    Slew   Delay    Time   Description
-----------------------------------------------------------------------------
                          0.00    0.00   clock clk (rise edge)
                          0.00    0.00   clock network delay (propagated)
                          5.00    5.00 ^ input external delay
                  0.05    0.04    5.04 ^ rst_n (in)
     1    0.01                           rst_n (net)
                  0.05    0.00    5.04 ^ input17/A (sky130_fd_sc_hd__buf_12)
                  0.36    0.32    5.36 ^ input17/X (sky130_fd_sc_hd__buf_12)
    65    0.32                           net17 (net)
                  0.36    0.02    5.38 ^ _431_/RESET_B (sky130_fd_sc_hd__dfrtp_1)
                                  5.38   data arrival time

                         25.00   25.00   clock clk (rise edge)
                          0.00   25.00   clock source latency
                  0.10    0.06   25.06 ^ clk (in)
     1    0.02                           clk (net)
                  0.10    0.00   25.06 ^ clkbuf_0_clk/A (sky130_fd_sc_hd__clkbuf_16)
                  0.10    0.18   25.24 ^ clkbuf_0_clk/X (sky130_fd_sc_hd__clkbuf_16)
     8    0.08                           clknet_0_clk (net)
                  0.10    0.00   25.25 ^ clkbuf_3_0__f_clk/A (sky130_fd_sc_hd__clkbuf_16)
                  0.06    0.15   25.40 ^ clkbuf_3_0__f_clk/X (sky130_fd_sc_hd__clkbuf_16)
    12    0.04                           clknet_3_0__leaf_clk (net)
                  0.06    0.00   25.40 ^ _431_/CLK (sky130_fd_sc_hd__dfrtp_1)
                         -0.25   25.15   clock uncertainty
                          0.00   25.15   clock reconvergence pessimism
                          0.15   25.30   library recovery time
                                 25.30   data required time
-----------------------------------------------------------------------------
                                 25.30   data required time
                                 -5.38   data arrival time
-----------------------------------------------------------------------------
                                 19.92   slack (MET)


Startpoint: rst_n (input port clocked by clk)
Endpoint: _439_ (recovery check against rising-edge clock clk)
Path Group: asynchronous
Path Type: max

Fanout     Cap    Slew   Delay    Time   Description
-----------------------------------------------------------------------------
                          0.00    0.00   clock clk (rise edge)
                          0.00    0.00   clock network delay (propagated)
                          5.00    5.00 ^ input external delay
                  0.05    0.04    5.04 ^ rst_n (in)
     1    0.01                           rst_n (net)
                  0.05    0.00    5.04 ^ input17/A (sky130_fd_sc_hd__buf_12)
                  0.36    0.32    5.36 ^ input17/X (sky130_fd_sc_hd__buf_12)
    65    0.32                           net17 (net)
                  0.36    0.02    5.38 ^ _439_/RESET_B (sky130_fd_sc_hd__dfrtp_1)
                                  5.38   data arrival time

                         25.00   25.00   clock clk (rise edge)
                          0.00   25.00   clock source latency
                  0.10    0.06   25.06 ^ clk (in)
     1    0.02                           clk (net)
                  0.10    0.00   25.06 ^ clkbuf_0_clk/A (sky130_fd_sc_hd__clkbuf_16)
                  0.10    0.18   25.24 ^ clkbuf_0_clk/X (sky130_fd_sc_hd__clkbuf_16)
     8    0.08                           clknet_0_clk (net)
                  0.10    0.00   25.25 ^ clkbuf_3_0__f_clk/A (sky130_fd_sc_hd__clkbuf_16)
                  0.06    0.15   25.40 ^ clkbuf_3_0__f_clk/X (sky130_fd_sc_hd__clkbuf_16)
    12    0.04                           clknet_3_0__leaf_clk (net)
                  0.06    0.00   25.40 ^ _439_/CLK (sky130_fd_sc_hd__dfrtp_1)
                         -0.25   25.15   clock uncertainty
                          0.00   25.15   clock reconvergence pessimism
                          0.15   25.30   library recovery time
                                 25.30   data required time
-----------------------------------------------------------------------------
                                 25.30   data required time
                                 -5.38   data arrival time
-----------------------------------------------------------------------------
                                 19.92   slack (MET)


Startpoint: rst_n (input port clocked by clk)
Endpoint: _429_ (recovery check against rising-edge clock clk)
Path Group: asynchronous
Path Type: max

Fanout     Cap    Slew   Delay    Time   Description
-----------------------------------------------------------------------------
                          0.00    0.00   clock clk (rise edge)
                          0.00    0.00   clock network delay (propagated)
                          5.00    5.00 ^ input external delay
                  0.05    0.04    5.04 ^ rst_n (in)
     1    0.01                           rst_n (net)
                  0.05    0.00    5.04 ^ input17/A (sky130_fd_sc_hd__buf_12)
                  0.36    0.32    5.36 ^ input17/X (sky130_fd_sc_hd__buf_12)
    65    0.32                           net17 (net)
                  0.36    0.02    5.38 ^ _429_/RESET_B (sky130_fd_sc_hd__dfrtp_1)
                                  5.38   data arrival time

                         25.00   25.00   clock clk (rise edge)
                          0.00   25.00   clock source latency
                  0.10    0.06   25.06 ^ clk (in)
     1    0.02                           clk (net)
                  0.10    0.00   25.06 ^ clkbuf_0_clk/A (sky130_fd_sc_hd__clkbuf_16)
                  0.10    0.18   25.24 ^ clkbuf_0_clk/X (sky130_fd_sc_hd__clkbuf_16)
     8    0.08                           clknet_0_clk (net)
                  0.10    0.00   25.25 ^ clkbuf_3_0__f_clk/A (sky130_fd_sc_hd__clkbuf_16)
                  0.06    0.15   25.40 ^ clkbuf_3_0__f_clk/X (sky130_fd_sc_hd__clkbuf_16)
    12    0.04                           clknet_3_0__leaf_clk (net)
                  0.06    0.00   25.40 ^ _429_/CLK (sky130_fd_sc_hd__dfrtp_1)
                         -0.25   25.15   clock uncertainty
                          0.00   25.15   clock reconvergence pessimism
                          0.15   25.30   library recovery time
                                 25.30   data required time
-----------------------------------------------------------------------------
                                 25.30   data required time
                                 -5.38   data arrival time
-----------------------------------------------------------------------------
                                 19.93   slack (MET)


Startpoint: rst_n (input port clocked by clk)
Endpoint: _428_ (recovery check against rising-edge clock clk)
Path Group: asynchronous
Path Type: max

Fanout     Cap    Slew   Delay    Time   Description
-----------------------------------------------------------------------------
                          0.00    0.00   clock clk (rise edge)
                          0.00    0.00   clock network delay (propagated)
                          5.00    5.00 ^ input external delay
                  0.05    0.04    5.04 ^ rst_n (in)
     1    0.01                           rst_n (net)
                  0.05    0.00    5.04 ^ input17/A (sky130_fd_sc_hd__buf_12)
                  0.36    0.32    5.36 ^ input17/X (sky130_fd_sc_hd__buf_12)
    65    0.32                           net17 (net)
                  0.36    0.01    5.37 ^ _428_/RESET_B (sky130_fd_sc_hd__dfrtp_1)
                                  5.37   data arrival time

                         25.00   25.00   clock clk (rise edge)
                          0.00   25.00   clock source latency
                  0.10    0.06   25.06 ^ clk (in)
     1    0.02                           clk (net)
                  0.10    0.00   25.06 ^ clkbuf_0_clk/A (sky130_fd_sc_hd__clkbuf_16)
                  0.10    0.18   25.24 ^ clkbuf_0_clk/X (sky130_fd_sc_hd__clkbuf_16)
     8    0.08                           clknet_0_clk (net)
                  0.10    0.00   25.25 ^ clkbuf_3_0__f_clk/A (sky130_fd_sc_hd__clkbuf_16)
                  0.06    0.15   25.40 ^ clkbuf_3_0__f_clk/X (sky130_fd_sc_hd__clkbuf_16)
    12    0.04                           clknet_3_0__leaf_clk (net)
                  0.06    0.00   25.40 ^ _428_/CLK (sky130_fd_sc_hd__dfrtp_1)
                         -0.25   25.15   clock uncertainty
                          0.00   25.15   clock reconvergence pessimism
                          0.15   25.30   library recovery time
                                 25.30   data required time
-----------------------------------------------------------------------------
                                 25.30   data required time
                                 -5.37   data arrival time
-----------------------------------------------------------------------------
                                 19.93   slack (MET)


Startpoint: rst_n (input port clocked by clk)
Endpoint: _427_ (recovery check against rising-edge clock clk)
Path Group: asynchronous
Path Type: max

Fanout     Cap    Slew   Delay    Time   Description
-----------------------------------------------------------------------------
                          0.00    0.00   clock clk (rise edge)
                          0.00    0.00   clock network delay (propagated)
                          5.00    5.00 ^ input external delay
                  0.05    0.04    5.04 ^ rst_n (in)
     1    0.01                           rst_n (net)
                  0.05    0.00    5.04 ^ input17/A (sky130_fd_sc_hd__buf_12)
                  0.36    0.32    5.36 ^ input17/X (sky130_fd_sc_hd__buf_12)
    65    0.32                           net17 (net)
                  0.36    0.01    5.37 ^ _427_/RESET_B (sky130_fd_sc_hd__dfrtp_1)
                                  5.37   data arrival time

                         25.00   25.00   clock clk (rise edge)
                          0.00   25.00   clock source latency
                  0.10    0.06   25.06 ^ clk (in)
     1    0.02                           clk (net)
                  0.10    0.00   25.06 ^ clkbuf_0_clk/A (sky130_fd_sc_hd__clkbuf_16)
                  0.10    0.18   25.24 ^ clkbuf_0_clk/X (sky130_fd_sc_hd__clkbuf_16)
     8    0.08                           clknet_0_clk (net)
                  0.10    0.00   25.25 ^ clkbuf_3_0__f_clk/A (sky130_fd_sc_hd__clkbuf_16)
                  0.06    0.15   25.40 ^ clkbuf_3_0__f_clk/X (sky130_fd_sc_hd__clkbuf_16)
    12    0.04                           clknet_3_0__leaf_clk (net)
                  0.06    0.00   25.40 ^ _427_/CLK (sky130_fd_sc_hd__dfrtp_1)
                         -0.25   25.15   clock uncertainty
                          0.00   25.15   clock reconvergence pessimism
                          0.15   25.30   library recovery time
                                 25.30   data required time
-----------------------------------------------------------------------------
                                 25.30   data required time
                                 -5.37   data arrival time
-----------------------------------------------------------------------------
                                 19.93   slack (MET)


Startpoint: rst_n (input port clocked by clk)
Endpoint: _426_ (recovery check against rising-edge clock clk)
Path Group: asynchronous
Path Type: max

Fanout     Cap    Slew   Delay    Time   Description
-----------------------------------------------------------------------------
                          0.00    0.00   clock clk (rise edge)
                          0.00    0.00   clock network delay (propagated)
                          5.00    5.00 ^ input external delay
                  0.05    0.04    5.04 ^ rst_n (in)
     1    0.01                           rst_n (net)
                  0.05    0.00    5.04 ^ input17/A (sky130_fd_sc_hd__buf_12)
                  0.36    0.32    5.36 ^ input17/X (sky130_fd_sc_hd__buf_12)
    65    0.32                           net17 (net)
                  0.36    0.01    5.36 ^ _426_/RESET_B (sky130_fd_sc_hd__dfrtp_1)
                                  5.36   data arrival time

                         25.00   25.00   clock clk (rise edge)
                          0.00   25.00   clock source latency
                  0.10    0.06   25.06 ^ clk (in)
     1    0.02                           clk (net)
                  0.10    0.00   25.06 ^ clkbuf_0_clk/A (sky130_fd_sc_hd__clkbuf_16)
                  0.10    0.18   25.24 ^ clkbuf_0_clk/X (sky130_fd_sc_hd__clkbuf_16)
     8    0.08                           clknet_0_clk (net)
                  0.10    0.00   25.25 ^ clkbuf_3_0__f_clk/A (sky130_fd_sc_hd__clkbuf_16)
                  0.06    0.15   25.40 ^ clkbuf_3_0__f_clk/X (sky130_fd_sc_hd__clkbuf_16)
    12    0.04                           clknet_3_0__leaf_clk (net)
                  0.06    0.00   25.40 ^ _426_/CLK (sky130_fd_sc_hd__dfrtp_1)
                         -0.25   25.15   clock uncertainty
                          0.00   25.15   clock reconvergence pessimism
                          0.15   25.30   library recovery time
                                 25.30   data required time
-----------------------------------------------------------------------------
                                 25.30   data required time
                                 -5.36   data arrival time
-----------------------------------------------------------------------------
                                 19.94   slack (MET)


Startpoint: _475_ (rising edge-triggered flip-flop clocked by clk)
Endpoint: _477_ (rising edge-triggered flip-flop clocked by clk)
Path Group: clk
Path Type: max

Fanout     Cap    Slew   Delay    Time   Description
-----------------------------------------------------------------------------
                          0.00    0.00   clock clk (rise edge)
                          0.00    0.00   clock source latency
                  0.10    0.07    0.07 ^ clk (in)
     1    0.02                           clk (net)
                  0.10    0.00    0.07 ^ clkbuf_0_clk/A (sky130_fd_sc_hd__clkbuf_16)
                  0.10    0.20    0.27 ^ clkbuf_0_clk/X (sky130_fd_sc_hd__clkbuf_16)
     8    0.08                           clknet_0_clk (net)
                  0.10    0.00    0.27 ^ clkbuf_3_7__f_clk/A (sky130_fd_sc_hd__clkbuf_16)
                  0.04    0.15    0.42 ^ clkbuf_3_7__f_clk/X (sky130_fd_sc_hd__clkbuf_16)
     7    0.02                           clknet_3_7__leaf_clk (net)
                  0.04    0.00    0.42 ^ _475_/CLK (sky130_fd_sc_hd__dfrtp_4)
                  0.10    0.55    0.97 v _475_/Q (sky130_fd_sc_hd__dfrtp_4)
     7    0.03                           u_sort.bucket_counter[0] (net)
                  0.10    0.00    0.97 v _217_/A (sky130_fd_sc_hd__inv_2)
                  0.16    0.17    1.14 ^ _217_/Y (sky130_fd_sc_hd__inv_2)
     9    0.03                           _070_ (net)
                  0.16    0.00    1.14 ^ _240_/A1 (sky130_fd_sc_hd__o21ai_1)
                  0.05    0.10    1.24 v _240_/Y (sky130_fd_sc_hd__o21ai_1)
     1    0.00                           _093_ (net)
                  0.05    0.00    1.24 v _243_/B1 (sky130_fd_sc_hd__a2111o_2)
                  0.11    0.53    1.77 v _243_/X (sky130_fd_sc_hd__a2111o_2)
     7    0.02                           _096_ (net)
                  0.11    0.00    1.78 v _250_/D (sky130_fd_sc_hd__and4b_1)
                  0.08    0.28    2.06 v _250_/X (sky130_fd_sc_hd__and4b_1)
     3    0.01                           _102_ (net)
                  0.08    0.00    2.06 v _259_/A2 (sky130_fd_sc_hd__o2111a_2)
                  0.08    0.32    2.38 v _259_/X (sky130_fd_sc_hd__o2111a_2)
     7    0.02                           _111_ (net)
                  0.08    0.00    2.38 v _402_/B (sky130_fd_sc_hd__or4_1)
                  0.09    0.53    2.91 v _402_/X (sky130_fd_sc_hd__or4_1)
     1    0.00                           _200_ (net)
                  0.09    0.00    2.91 v _403_/A2 (sky130_fd_sc_hd__a21oi_1)
                  0.10    0.15    3.06 ^ _403_/Y (sky130_fd_sc_hd__a21oi_1)
     1    0.00                           _056_ (net)
                  0.10    0.00    3.06 ^ _477_/D (sky130_fd_sc_hd__dfrtp_1)
                                  3.06   data arrival time

                         25.00   25.00   clock clk (rise edge)
                          0.00   25.00   clock source latency
                  0.10    0.06   25.06 ^ clk (in)
     1    0.02                           clk (net)
                  0.10    0.00   25.06 ^ clkbuf_0_clk/A (sky130_fd_sc_hd__clkbuf_16)
                  0.10    0.18   25.24 ^ clkbuf_0_clk/X (sky130_fd_sc_hd__clkbuf_16)
     8    0.08                           clknet_0_clk (net)
                  0.10    0.00   25.25 ^ clkbuf_3_7__f_clk/A (sky130_fd_sc_hd__clkbuf_16)
                  0.04    0.14   25.38 ^ clkbuf_3_7__f_clk/X (sky130_fd_sc_hd__clkbuf_16)
     7    0.02                           clknet_3_7__leaf_clk (net)
                  0.04    0.00   25.38 ^ _477_/CLK (sky130_fd_sc_hd__dfrtp_1)
                         -0.25   25.13   clock uncertainty
                          0.04   25.17   clock reconvergence pessimism
                         -0.07   25.10   library setup time
                                 25.10   data required time
-----------------------------------------------------------------------------
                                 25.10   data required time
                                 -3.06   data arrival time
-----------------------------------------------------------------------------
                                 22.04   slack (MET)


Startpoint: _475_ (rising edge-triggered flip-flop clocked by clk)
Endpoint: _475_ (rising edge-triggered flip-flop clocked by clk)
Path Group: clk
Path Type: max

Fanout     Cap    Slew   Delay    Time   Description
-----------------------------------------------------------------------------
                          0.00    0.00   clock clk (rise edge)
                          0.00    0.00   clock source latency
                  0.10    0.07    0.07 ^ clk (in)
     1    0.02                           clk (net)
                  0.10    0.00    0.07 ^ clkbuf_0_clk/A (sky130_fd_sc_hd__clkbuf_16)
                  0.10    0.20    0.27 ^ clkbuf_0_clk/X (sky130_fd_sc_hd__clkbuf_16)
     8    0.08                           clknet_0_clk (net)
                  0.10    0.00    0.27 ^ clkbuf_3_7__f_clk/A (sky130_fd_sc_hd__clkbuf_16)
                  0.04    0.15    0.42 ^ clkbuf_3_7__f_clk/X (sky130_fd_sc_hd__clkbuf_16)
     7    0.02                           clknet_3_7__leaf_clk (net)
                  0.04    0.00    0.42 ^ _475_/CLK (sky130_fd_sc_hd__dfrtp_4)
                  0.10    0.55    0.97 v _475_/Q (sky130_fd_sc_hd__dfrtp_4)
     7    0.03                           u_sort.bucket_counter[0] (net)
                  0.10    0.00    0.97 v _217_/A (sky130_fd_sc_hd__inv_2)
                  0.16    0.17    1.14 ^ _217_/Y (sky130_fd_sc_hd__inv_2)
     9    0.03                           _070_ (net)
                  0.16    0.00    1.14 ^ _240_/A1 (sky130_fd_sc_hd__o21ai_1)
                  0.05    0.10    1.24 v _240_/Y (sky130_fd_sc_hd__o21ai_1)
     1    0.00                           _093_ (net)
                  0.05    0.00    1.24 v _243_/B1 (sky130_fd_sc_hd__a2111o_2)
                  0.11    0.53    1.77 v _243_/X (sky130_fd_sc_hd__a2111o_2)
     7    0.02                           _096_ (net)
                  0.11    0.00    1.78 v _250_/D (sky130_fd_sc_hd__and4b_1)
                  0.08    0.28    2.06 v _250_/X (sky130_fd_sc_hd__and4b_1)
     3    0.01                           _102_ (net)
                  0.08    0.00    2.06 v _259_/A2 (sky130_fd_sc_hd__o2111a_2)
                  0.08    0.32    2.38 v _259_/X (sky130_fd_sc_hd__o2111a_2)
     7    0.02                           _111_ (net)
                  0.08    0.00    2.38 v _392_/B (sky130_fd_sc_hd__or3_1)
                  0.06    0.35    2.73 v _392_/X (sky130_fd_sc_hd__or3_1)
     1    0.00                           _192_ (net)
                  0.06    0.00    2.73 v _394_/B (sky130_fd_sc_hd__and3_1)
                  0.03    0.17    2.90 v _394_/X (sky130_fd_sc_hd__and3_1)
     1    0.00                           _194_ (net)
                  0.03    0.00    2.90 v _395_/A (sky130_fd_sc_hd__clkbuf_1)
                  0.02    0.08    2.98 v _395_/X (sky130_fd_sc_hd__clkbuf_1)
     1    0.00                           _054_ (net)
                  0.02    0.00    2.98 v _475_/D (sky130_fd_sc_hd__dfrtp_4)
                                  2.98   data arrival time

                         25.00   25.00   clock clk (rise edge)
                          0.00   25.00   clock source latency
                  0.10    0.06   25.06 ^ clk (in)
     1    0.02                           clk (net)
                  0.10    0.00   25.06 ^ clkbuf_0_clk/A (sky130_fd_sc_hd__clkbuf_16)
                  0.10    0.18   25.24 ^ clkbuf_0_clk/X (sky130_fd_sc_hd__clkbuf_16)
     8    0.08                           clknet_0_clk (net)
                  0.10    0.00   25.25 ^ clkbuf_3_7__f_clk/A (sky130_fd_sc_hd__clkbuf_16)
                  0.04    0.14   25.38 ^ clkbuf_3_7__f_clk/X (sky130_fd_sc_hd__clkbuf_16)
     7    0.02                           clknet_3_7__leaf_clk (net)
                  0.04    0.00   25.38 ^ _475_/CLK (sky130_fd_sc_hd__dfrtp_4)
                         -0.25   25.13   clock uncertainty
                          0.04   25.17   clock reconvergence pessimism
                         -0.11   25.07   library setup time
                                 25.07   data required time
-----------------------------------------------------------------------------
                                 25.07   data required time
                                 -2.98   data arrival time
-----------------------------------------------------------------------------
                                 22.08   slack (MET)


Startpoint: _475_ (rising edge-triggered flip-flop clocked by clk)
Endpoint: _473_ (rising edge-triggered flip-flop clocked by clk)
Path Group: clk
Path Type: max

Fanout     Cap    Slew   Delay    Time   Description
-----------------------------------------------------------------------------
                          0.00    0.00   clock clk (rise edge)
                          0.00    0.00   clock source latency
                  0.10    0.07    0.07 ^ clk (in)
     1    0.02                           clk (net)
                  0.10    0.00    0.07 ^ clkbuf_0_clk/A (sky130_fd_sc_hd__clkbuf_16)
                  0.10    0.20    0.27 ^ clkbuf_0_clk/X (sky130_fd_sc_hd__clkbuf_16)
     8    0.08                           clknet_0_clk (net)
                  0.10    0.00    0.27 ^ clkbuf_3_7__f_clk/A (sky130_fd_sc_hd__clkbuf_16)
                  0.04    0.15    0.42 ^ clkbuf_3_7__f_clk/X (sky130_fd_sc_hd__clkbuf_16)
     7    0.02                           clknet_3_7__leaf_clk (net)
                  0.04    0.00    0.42 ^ _475_/CLK (sky130_fd_sc_hd__dfrtp_4)
                  0.10    0.55    0.97 v _475_/Q (sky130_fd_sc_hd__dfrtp_4)
     7    0.03                           u_sort.bucket_counter[0] (net)
                  0.10    0.00    0.97 v _217_/A (sky130_fd_sc_hd__inv_2)
                  0.16    0.17    1.14 ^ _217_/Y (sky130_fd_sc_hd__inv_2)
     9    0.03                           _070_ (net)
                  0.16    0.00    1.14 ^ _240_/A1 (sky130_fd_sc_hd__o21ai_1)
                  0.05    0.10    1.24 v _240_/Y (sky130_fd_sc_hd__o21ai_1)
     1    0.00                           _093_ (net)
                  0.05    0.00    1.24 v _243_/B1 (sky130_fd_sc_hd__a2111o_2)
                  0.11    0.53    1.77 v _243_/X (sky130_fd_sc_hd__a2111o_2)
     7    0.02                           _096_ (net)
                  0.11    0.00    1.78 v _244_/D (sky130_fd_sc_hd__and4_1)
                  0.06    0.26    2.03 v _244_/X (sky130_fd_sc_hd__and4_1)
     2    0.01                           _097_ (net)
                  0.06    0.00    2.03 v _247_/A_N (sky130_fd_sc_hd__and3b_1)
                  0.05    0.21    2.24 ^ _247_/X (sky130_fd_sc_hd__and3b_1)
     1    0.00                           _100_ (net)
                  0.05    0.00    2.24 ^ _248_/A (sky130_fd_sc_hd__buf_2)
                  0.16    0.20    2.45 ^ _248_/X (sky130_fd_sc_hd__buf_2)
     7    0.03                           _002_ (net)
                  0.16    0.00    2.45 ^ _387_/S (sky130_fd_sc_hd__mux2_1)
                  0.05    0.35    2.80 v _387_/X (sky130_fd_sc_hd__mux2_1)
     1    0.00                           _189_ (net)
                  0.05    0.00    2.80 v _388_/A (sky130_fd_sc_hd__clkbuf_1)
                  0.02    0.09    2.89 v _388_/X (sky130_fd_sc_hd__clkbuf_1)
     1    0.00                           _052_ (net)
                  0.02    0.00    2.89 v _473_/D (sky130_fd_sc_hd__dfrtp_1)
                                  2.89   data arrival time

                         25.00   25.00   clock clk (rise edge)
                          0.00   25.00   clock source latency
                  0.10    0.06   25.06 ^ clk (in)
     1    0.02                           clk (net)
                  0.10    0.00   25.06 ^ clkbuf_0_clk/A (sky130_fd_sc_hd__clkbuf_16)
                  0.10    0.18   25.24 ^ clkbuf_0_clk/X (sky130_fd_sc_hd__clkbuf_16)
     8    0.08                           clknet_0_clk (net)
                  0.10    0.00   25.25 ^ clkbuf_3_5__f_clk/A (sky130_fd_sc_hd__clkbuf_16)
                  0.04    0.14   25.38 ^ clkbuf_3_5__f_clk/X (sky130_fd_sc_hd__clkbuf_16)
     7    0.02                           clknet_3_5__leaf_clk (net)
                  0.04    0.00   25.39 ^ _473_/CLK (sky130_fd_sc_hd__dfrtp_1)
                         -0.25   25.14   clock uncertainty
                          0.03   25.16   clock reconvergence pessimism
                         -0.11   25.06   library setup time
                                 25.06   data required time
-----------------------------------------------------------------------------
                                 25.06   data required time
                                 -2.89   data arrival time
-----------------------------------------------------------------------------
                                 22.16   slack (MET)


Startpoint: _475_ (rising edge-triggered flip-flop clocked by clk)
Endpoint: _468_ (rising edge-triggered flip-flop clocked by clk)
Path Group: clk
Path Type: max

Fanout     Cap    Slew   Delay    Time   Description
-----------------------------------------------------------------------------
                          0.00    0.00   clock clk (rise edge)
                          0.00    0.00   clock source latency
                  0.10    0.07    0.07 ^ clk (in)
     1    0.02                           clk (net)
                  0.10    0.00    0.07 ^ clkbuf_0_clk/A (sky130_fd_sc_hd__clkbuf_16)
                  0.10    0.20    0.27 ^ clkbuf_0_clk/X (sky130_fd_sc_hd__clkbuf_16)
     8    0.08                           clknet_0_clk (net)
                  0.10    0.00    0.27 ^ clkbuf_3_7__f_clk/A (sky130_fd_sc_hd__clkbuf_16)
                  0.04    0.15    0.42 ^ clkbuf_3_7__f_clk/X (sky130_fd_sc_hd__clkbuf_16)
     7    0.02                           clknet_3_7__leaf_clk (net)
                  0.04    0.00    0.42 ^ _475_/CLK (sky130_fd_sc_hd__dfrtp_4)
                  0.10    0.55    0.97 v _475_/Q (sky130_fd_sc_hd__dfrtp_4)
     7    0.03                           u_sort.bucket_counter[0] (net)
                  0.10    0.00    0.97 v _217_/A (sky130_fd_sc_hd__inv_2)
                  0.16    0.17    1.14 ^ _217_/Y (sky130_fd_sc_hd__inv_2)
     9    0.03                           _070_ (net)
                  0.16    0.00    1.14 ^ _240_/A1 (sky130_fd_sc_hd__o21ai_1)
                  0.05    0.10    1.24 v _240_/Y (sky130_fd_sc_hd__o21ai_1)
     1    0.00                           _093_ (net)
                  0.05    0.00    1.24 v _243_/B1 (sky130_fd_sc_hd__a2111o_2)
                  0.11    0.53    1.77 v _243_/X (sky130_fd_sc_hd__a2111o_2)
     7    0.02                           _096_ (net)
                  0.11    0.00    1.78 v _244_/D (sky130_fd_sc_hd__and4_1)
                  0.06    0.26    2.03 v _244_/X (sky130_fd_sc_hd__and4_1)
     2    0.01                           _097_ (net)
                  0.06    0.00    2.03 v _247_/A_N (sky130_fd_sc_hd__and3b_1)
                  0.05    0.21    2.24 ^ _247_/X (sky130_fd_sc_hd__and3b_1)
     1    0.00                           _100_ (net)
                  0.05    0.00    2.24 ^ _248_/A (sky130_fd_sc_hd__buf_2)
                  0.16    0.20    2.45 ^ _248_/X (sky130_fd_sc_hd__buf_2)
     7    0.03                           _002_ (net)
                  0.16    0.00    2.45 ^ _376_/S (sky130_fd_sc_hd__mux2_1)
                  0.05    0.35    2.80 v _376_/X (sky130_fd_sc_hd__mux2_1)
     1    0.00                           _182_ (net)
                  0.05    0.00    2.80 v _377_/A (sky130_fd_sc_hd__clkbuf_1)
                  0.02    0.09    2.89 v _377_/X (sky130_fd_sc_hd__clkbuf_1)
     1    0.00                           _048_ (net)
                  0.02    0.00    2.89 v _468_/D (sky130_fd_sc_hd__dfrtp_1)
                                  2.89   data arrival time

                         25.00   25.00   clock clk (rise edge)
                          0.00   25.00   clock source latency
                  0.10    0.06   25.06 ^ clk (in)
     1    0.02                           clk (net)
                  0.10    0.00   25.06 ^ clkbuf_0_clk/A (sky130_fd_sc_hd__clkbuf_16)
                  0.10    0.18   25.24 ^ clkbuf_0_clk/X (sky130_fd_sc_hd__clkbuf_16)
     8    0.08                           clknet_0_clk (net)
                  0.10    0.00   25.25 ^ clkbuf_3_5__f_clk/A (sky130_fd_sc_hd__clkbuf_16)
                  0.04    0.14   25.38 ^ clkbuf_3_5__f_clk/X (sky130_fd_sc_hd__clkbuf_16)
     7    0.02                           clknet_3_5__leaf_clk (net)
                  0.04    0.00   25.39 ^ _468_/CLK (sky130_fd_sc_hd__dfrtp_1)
                         -0.25   25.14   clock uncertainty
                          0.03   25.16   clock reconvergence pessimism
                         -0.11   25.06   library setup time
                                 25.06   data required time
-----------------------------------------------------------------------------
                                 25.06   data required time
                                 -2.89   data arrival time
-----------------------------------------------------------------------------
                                 22.16   slack (MET)


Startpoint: _475_ (rising edge-triggered flip-flop clocked by clk)
Endpoint: _474_ (rising edge-triggered flip-flop clocked by clk)
Path Group: clk
Path Type: max

Fanout     Cap    Slew   Delay    Time   Description
-----------------------------------------------------------------------------
                          0.00    0.00   clock clk (rise edge)
                          0.00    0.00   clock source latency
                  0.10    0.07    0.07 ^ clk (in)
     1    0.02                           clk (net)
                  0.10    0.00    0.07 ^ clkbuf_0_clk/A (sky130_fd_sc_hd__clkbuf_16)
                  0.10    0.20    0.27 ^ clkbuf_0_clk/X (sky130_fd_sc_hd__clkbuf_16)
     8    0.08                           clknet_0_clk (net)
                  0.10    0.00    0.27 ^ clkbuf_3_7__f_clk/A (sky130_fd_sc_hd__clkbuf_16)
                  0.04    0.15    0.42 ^ clkbuf_3_7__f_clk/X (sky130_fd_sc_hd__clkbuf_16)
     7    0.02                           clknet_3_7__leaf_clk (net)
                  0.04    0.00    0.42 ^ _475_/CLK (sky130_fd_sc_hd__dfrtp_4)
                  0.10    0.55    0.97 v _475_/Q (sky130_fd_sc_hd__dfrtp_4)
     7    0.03                           u_sort.bucket_counter[0] (net)
                  0.10    0.00    0.97 v _217_/A (sky130_fd_sc_hd__inv_2)
                  0.16    0.17    1.14 ^ _217_/Y (sky130_fd_sc_hd__inv_2)
     9    0.03                           _070_ (net)
                  0.16    0.00    1.14 ^ _240_/A1 (sky130_fd_sc_hd__o21ai_1)
                  0.05    0.10    1.24 v _240_/Y (sky130_fd_sc_hd__o21ai_1)
     1    0.00                           _093_ (net)
                  0.05    0.00    1.24 v _243_/B1 (sky130_fd_sc_hd__a2111o_2)
                  0.11    0.53    1.77 v _243_/X (sky130_fd_sc_hd__a2111o_2)
     7    0.02                           _096_ (net)
                  0.11    0.00    1.78 v _244_/D (sky130_fd_sc_hd__and4_1)
                  0.06    0.26    2.03 v _244_/X (sky130_fd_sc_hd__and4_1)
     2    0.01                           _097_ (net)
                  0.06    0.00    2.03 v _247_/A_N (sky130_fd_sc_hd__and3b_1)
                  0.05    0.21    2.24 ^ _247_/X (sky130_fd_sc_hd__and3b_1)
     1    0.00                           _100_ (net)
                  0.05    0.00    2.24 ^ _248_/A (sky130_fd_sc_hd__buf_2)
                  0.16    0.20    2.45 ^ _248_/X (sky130_fd_sc_hd__buf_2)
     7    0.03                           _002_ (net)
                  0.16    0.00    2.45 ^ _389_/S (sky130_fd_sc_hd__mux2_1)
                  0.05    0.35    2.80 v _389_/X (sky130_fd_sc_hd__mux2_1)
     1    0.00                           _190_ (net)
                  0.05    0.00    2.80 v _390_/A (sky130_fd_sc_hd__clkbuf_1)
                  0.02    0.09    2.89 v _390_/X (sky130_fd_sc_hd__clkbuf_1)
     1    0.00                           _053_ (net)
                  0.02    0.00    2.89 v _474_/D (sky130_fd_sc_hd__dfrtp_1)
                                  2.89   data arrival time

                         25.00   25.00   clock clk (rise edge)
                          0.00   25.00   clock source latency
                  0.10    0.06   25.06 ^ clk (in)
     1    0.02                           clk (net)
                  0.10    0.00   25.06 ^ clkbuf_0_clk/A (sky130_fd_sc_hd__clkbuf_16)
                  0.10    0.18   25.24 ^ clkbuf_0_clk/X (sky130_fd_sc_hd__clkbuf_16)
     8    0.08                           clknet_0_clk (net)
                  0.10    0.00   25.25 ^ clkbuf_3_5__f_clk/A (sky130_fd_sc_hd__clkbuf_16)
                  0.04    0.14   25.38 ^ clkbuf_3_5__f_clk/X (sky130_fd_sc_hd__clkbuf_16)
     7    0.02                           clknet_3_5__leaf_clk (net)
                  0.04    0.00   25.39 ^ _474_/CLK (sky130_fd_sc_hd__dfrtp_1)
                         -0.25   25.14   clock uncertainty
                          0.03   25.16   clock reconvergence pessimism
                         -0.11   25.06   library setup time
                                 25.06   data required time
-----------------------------------------------------------------------------
                                 25.06   data required time
                                 -2.89   data arrival time
-----------------------------------------------------------------------------
                                 22.17   slack (MET)


Startpoint: _475_ (rising edge-triggered flip-flop clocked by clk)
Endpoint: _472_ (rising edge-triggered flip-flop clocked by clk)
Path Group: clk
Path Type: max

Fanout     Cap    Slew   Delay    Time   Description
-----------------------------------------------------------------------------
                          0.00    0.00   clock clk (rise edge)
                          0.00    0.00   clock source latency
                  0.10    0.07    0.07 ^ clk (in)
     1    0.02                           clk (net)
                  0.10    0.00    0.07 ^ clkbuf_0_clk/A (sky130_fd_sc_hd__clkbuf_16)
                  0.10    0.20    0.27 ^ clkbuf_0_clk/X (sky130_fd_sc_hd__clkbuf_16)
     8    0.08                           clknet_0_clk (net)
                  0.10    0.00    0.27 ^ clkbuf_3_7__f_clk/A (sky130_fd_sc_hd__clkbuf_16)
                  0.04    0.15    0.42 ^ clkbuf_3_7__f_clk/X (sky130_fd_sc_hd__clkbuf_16)
     7    0.02                           clknet_3_7__leaf_clk (net)
                  0.04    0.00    0.42 ^ _475_/CLK (sky130_fd_sc_hd__dfrtp_4)
                  0.10    0.55    0.97 v _475_/Q (sky130_fd_sc_hd__dfrtp_4)
     7    0.03                           u_sort.bucket_counter[0] (net)
                  0.10    0.00    0.97 v _217_/A (sky130_fd_sc_hd__inv_2)
                  0.16    0.17    1.14 ^ _217_/Y (sky130_fd_sc_hd__inv_2)
     9    0.03                           _070_ (net)
                  0.16    0.00    1.14 ^ _240_/A1 (sky130_fd_sc_hd__o21ai_1)
                  0.05    0.10    1.24 v _240_/Y (sky130_fd_sc_hd__o21ai_1)
     1    0.00                           _093_ (net)
                  0.05    0.00    1.24 v _243_/B1 (sky130_fd_sc_hd__a2111o_2)
                  0.11    0.53    1.77 v _243_/X (sky130_fd_sc_hd__a2111o_2)
     7    0.02                           _096_ (net)
                  0.11    0.00    1.78 v _244_/D (sky130_fd_sc_hd__and4_1)
                  0.06    0.26    2.03 v _244_/X (sky130_fd_sc_hd__and4_1)
     2    0.01                           _097_ (net)
                  0.06    0.00    2.03 v _247_/A_N (sky130_fd_sc_hd__and3b_1)
                  0.05    0.21    2.24 ^ _247_/X (sky130_fd_sc_hd__and3b_1)
     1    0.00                           _100_ (net)
                  0.05    0.00    2.24 ^ _248_/A (sky130_fd_sc_hd__buf_2)
                  0.16    0.20    2.45 ^ _248_/X (sky130_fd_sc_hd__buf_2)
     7    0.03                           _002_ (net)
                  0.16    0.00    2.45 ^ _384_/S (sky130_fd_sc_hd__mux2_1)
                  0.05    0.35    2.80 v _384_/X (sky130_fd_sc_hd__mux2_1)
     1    0.00                           _187_ (net)
                  0.05    0.00    2.80 v _385_/A (sky130_fd_sc_hd__clkbuf_1)
                  0.02    0.09    2.89 v _385_/X (sky130_fd_sc_hd__clkbuf_1)
     1    0.00                           _051_ (net)
                  0.02    0.00    2.89 v _472_/D (sky130_fd_sc_hd__dfrtp_1)
                                  2.89   data arrival time

                         25.00   25.00   clock clk (rise edge)
                          0.00   25.00   clock source latency
                  0.10    0.06   25.06 ^ clk (in)
     1    0.02                           clk (net)
                  0.10    0.00   25.06 ^ clkbuf_0_clk/A (sky130_fd_sc_hd__clkbuf_16)
                  0.10    0.18   25.24 ^ clkbuf_0_clk/X (sky130_fd_sc_hd__clkbuf_16)
     8    0.08                           clknet_0_clk (net)
                  0.10    0.00   25.25 ^ clkbuf_3_5__f_clk/A (sky130_fd_sc_hd__clkbuf_16)
                  0.04    0.14   25.38 ^ clkbuf_3_5__f_clk/X (sky130_fd_sc_hd__clkbuf_16)
     7    0.02                           clknet_3_5__leaf_clk (net)
                  0.04    0.00   25.39 ^ _472_/CLK (sky130_fd_sc_hd__dfrtp_1)
                         -0.25   25.14   clock uncertainty
                          0.03   25.16   clock reconvergence pessimism
                         -0.11   25.06   library setup time
                                 25.06   data required time
-----------------------------------------------------------------------------
                                 25.06   data required time
                                 -2.89   data arrival time
-----------------------------------------------------------------------------
                                 22.17   slack (MET)


Startpoint: _475_ (rising edge-triggered flip-flop clocked by clk)
Endpoint: _469_ (rising edge-triggered flip-flop clocked by clk)
Path Group: clk
Path Type: max

Fanout     Cap    Slew   Delay    Time   Description
-----------------------------------------------------------------------------
                          0.00    0.00   clock clk (rise edge)
                          0.00    0.00   clock source latency
                  0.10    0.07    0.07 ^ clk (in)
     1    0.02                           clk (net)
                  0.10    0.00    0.07 ^ clkbuf_0_clk/A (sky130_fd_sc_hd__clkbuf_16)
                  0.10    0.20    0.27 ^ clkbuf_0_clk/X (sky130_fd_sc_hd__clkbuf_16)
     8    0.08                           clknet_0_clk (net)
                  0.10    0.00    0.27 ^ clkbuf_3_7__f_clk/A (sky130_fd_sc_hd__clkbuf_16)
                  0.04    0.15    0.42 ^ clkbuf_3_7__f_clk/X (sky130_fd_sc_hd__clkbuf_16)
     7    0.02                           clknet_3_7__leaf_clk (net)
                  0.04    0.00    0.42 ^ _475_/CLK (sky130_fd_sc_hd__dfrtp_4)
                  0.10    0.55    0.97 v _475_/Q (sky130_fd_sc_hd__dfrtp_4)
     7    0.03                           u_sort.bucket_counter[0] (net)
                  0.10    0.00    0.97 v _217_/A (sky130_fd_sc_hd__inv_2)
                  0.16    0.17    1.14 ^ _217_/Y (sky130_fd_sc_hd__inv_2)
     9    0.03                           _070_ (net)
                  0.16    0.00    1.14 ^ _240_/A1 (sky130_fd_sc_hd__o21ai_1)
                  0.05    0.10    1.24 v _240_/Y (sky130_fd_sc_hd__o21ai_1)
     1    0.00                           _093_ (net)
                  0.05    0.00    1.24 v _243_/B1 (sky130_fd_sc_hd__a2111o_2)
                  0.11    0.53    1.77 v _243_/X (sky130_fd_sc_hd__a2111o_2)
     7    0.02                           _096_ (net)
                  0.11    0.00    1.78 v _244_/D (sky130_fd_sc_hd__and4_1)
                  0.06    0.26    2.03 v _244_/X (sky130_fd_sc_hd__and4_1)
     2    0.01                           _097_ (net)
                  0.06    0.00    2.03 v _247_/A_N (sky130_fd_sc_hd__and3b_1)
                  0.05    0.21    2.24 ^ _247_/X (sky130_fd_sc_hd__and3b_1)
     1    0.00                           _100_ (net)
                  0.05    0.00    2.24 ^ _248_/A (sky130_fd_sc_hd__buf_2)
                  0.16    0.20    2.45 ^ _248_/X (sky130_fd_sc_hd__buf_2)
     7    0.03                           _002_ (net)
                  0.16    0.00    2.45 ^ _378_/S (sky130_fd_sc_hd__mux2_1)
                  0.06    0.36    2.80 v _378_/X (sky130_fd_sc_hd__mux2_1)
     1    0.00                           _183_ (net)
                  0.06    0.00    2.80 v _379_/A (sky130_fd_sc_hd__clkbuf_1)
                  0.02    0.10    2.90 v _379_/X (sky130_fd_sc_hd__clkbuf_1)
     1    0.00                           _049_ (net)
                  0.02    0.00    2.90 v _469_/D (sky130_fd_sc_hd__dfrtp_1)
                                  2.90   data arrival time

                         25.00   25.00   clock clk (rise edge)
                          0.00   25.00   clock source latency
                  0.10    0.06   25.06 ^ clk (in)
     1    0.02                           clk (net)
                  0.10    0.00   25.06 ^ clkbuf_0_clk/A (sky130_fd_sc_hd__clkbuf_16)
                  0.10    0.18   25.24 ^ clkbuf_0_clk/X (sky130_fd_sc_hd__clkbuf_16)
     8    0.08                           clknet_0_clk (net)
                  0.10    0.00   25.25 ^ clkbuf_3_7__f_clk/A (sky130_fd_sc_hd__clkbuf_16)
                  0.04    0.14   25.38 ^ clkbuf_3_7__f_clk/X (sky130_fd_sc_hd__clkbuf_16)
     7    0.02                           clknet_3_7__leaf_clk (net)
                  0.04    0.00   25.38 ^ _469_/CLK (sky130_fd_sc_hd__dfrtp_1)
                         -0.25   25.13   clock uncertainty
                          0.04   25.17   clock reconvergence pessimism
                         -0.11   25.07   library setup time
                                 25.07   data required time
-----------------------------------------------------------------------------
                                 25.07   data required time
                                 -2.90   data arrival time
-----------------------------------------------------------------------------
                                 22.17   slack (MET)


Startpoint: _475_ (rising edge-triggered flip-flop clocked by clk)
Endpoint: _470_ (rising edge-triggered flip-flop clocked by clk)
Path Group: clk
Path Type: max

Fanout     Cap    Slew   Delay    Time   Description
-----------------------------------------------------------------------------
                          0.00    0.00   clock clk (rise edge)
                          0.00    0.00   clock source latency
                  0.10    0.07    0.07 ^ clk (in)
     1    0.02                           clk (net)
                  0.10    0.00    0.07 ^ clkbuf_0_clk/A (sky130_fd_sc_hd__clkbuf_16)
                  0.10    0.20    0.27 ^ clkbuf_0_clk/X (sky130_fd_sc_hd__clkbuf_16)
     8    0.08                           clknet_0_clk (net)
                  0.10    0.00    0.27 ^ clkbuf_3_7__f_clk/A (sky130_fd_sc_hd__clkbuf_16)
                  0.04    0.15    0.42 ^ clkbuf_3_7__f_clk/X (sky130_fd_sc_hd__clkbuf_16)
     7    0.02                           clknet_3_7__leaf_clk (net)
                  0.04    0.00    0.42 ^ _475_/CLK (sky130_fd_sc_hd__dfrtp_4)
                  0.10    0.55    0.97 v _475_/Q (sky130_fd_sc_hd__dfrtp_4)
     7    0.03                           u_sort.bucket_counter[0] (net)
                  0.10    0.00    0.97 v _217_/A (sky130_fd_sc_hd__inv_2)
                  0.16    0.17    1.14 ^ _217_/Y (sky130_fd_sc_hd__inv_2)
     9    0.03                           _070_ (net)
                  0.16    0.00    1.14 ^ _240_/A1 (sky130_fd_sc_hd__o21ai_1)
                  0.05    0.10    1.24 v _240_/Y (sky130_fd_sc_hd__o21ai_1)
     1    0.00                           _093_ (net)
                  0.05    0.00    1.24 v _243_/B1 (sky130_fd_sc_hd__a2111o_2)
                  0.11    0.53    1.77 v _243_/X (sky130_fd_sc_hd__a2111o_2)
     7    0.02                           _096_ (net)
                  0.11    0.00    1.78 v _244_/D (sky130_fd_sc_hd__and4_1)
                  0.06    0.26    2.03 v _244_/X (sky130_fd_sc_hd__and4_1)
     2    0.01                           _097_ (net)
                  0.06    0.00    2.03 v _247_/A_N (sky130_fd_sc_hd__and3b_1)
                  0.05    0.21    2.24 ^ _247_/X (sky130_fd_sc_hd__and3b_1)
     1    0.00                           _100_ (net)
                  0.05    0.00    2.24 ^ _248_/A (sky130_fd_sc_hd__buf_2)
                  0.16    0.20    2.45 ^ _248_/X (sky130_fd_sc_hd__buf_2)
     7    0.03                           _002_ (net)
                  0.16    0.00    2.45 ^ _380_/S (sky130_fd_sc_hd__mux2_1)
                  0.06    0.35    2.80 v _380_/X (sky130_fd_sc_hd__mux2_1)
     1    0.00                           _184_ (net)
                  0.06    0.00    2.80 v _381_/A (sky130_fd_sc_hd__clkbuf_1)
                  0.02    0.09    2.89 v _381_/X (sky130_fd_sc_hd__clkbuf_1)
     1    0.00                           _050_ (net)
                  0.02    0.00    2.89 v _470_/D (sky130_fd_sc_hd__dfrtp_1)
                                  2.89   data arrival time

                         25.00   25.00   clock clk (rise edge)
                          0.00   25.00   clock source latency
                  0.10    0.06   25.06 ^ clk (in)
     1    0.02                           clk (net)
                  0.10    0.00   25.06 ^ clkbuf_0_clk/A (sky130_fd_sc_hd__clkbuf_16)
                  0.10    0.18   25.24 ^ clkbuf_0_clk/X (sky130_fd_sc_hd__clkbuf_16)
     8    0.08                           clknet_0_clk (net)
                  0.10    0.00   25.25 ^ clkbuf_3_7__f_clk/A (sky130_fd_sc_hd__clkbuf_16)
                  0.04    0.14   25.38 ^ clkbuf_3_7__f_clk/X (sky130_fd_sc_hd__clkbuf_16)
     7    0.02                           clknet_3_7__leaf_clk (net)
                  0.04    0.00   25.38 ^ _470_/CLK (sky130_fd_sc_hd__dfrtp_1)
                         -0.25   25.13   clock uncertainty
                          0.04   25.17   clock reconvergence pessimism
                         -0.11   25.07   library setup time
                                 25.07   data required time
-----------------------------------------------------------------------------
                                 25.07   data required time
                                 -2.89   data arrival time
-----------------------------------------------------------------------------
                                 22.17   slack (MET)


Startpoint: _475_ (rising edge-triggered flip-flop clocked by clk)
Endpoint: _476_ (rising edge-triggered flip-flop clocked by clk)
Path Group: clk
Path Type: max

Fanout     Cap    Slew   Delay    Time   Description
-----------------------------------------------------------------------------
                          0.00    0.00   clock clk (rise edge)
                          0.00    0.00   clock source latency
                  0.10    0.07    0.07 ^ clk (in)
     1    0.02                           clk (net)
                  0.10    0.00    0.07 ^ clkbuf_0_clk/A (sky130_fd_sc_hd__clkbuf_16)
                  0.10    0.20    0.27 ^ clkbuf_0_clk/X (sky130_fd_sc_hd__clkbuf_16)
     8    0.08                           clknet_0_clk (net)
                  0.10    0.00    0.27 ^ clkbuf_3_7__f_clk/A (sky130_fd_sc_hd__clkbuf_16)
                  0.04    0.15    0.42 ^ clkbuf_3_7__f_clk/X (sky130_fd_sc_hd__clkbuf_16)
     7    0.02                           clknet_3_7__leaf_clk (net)
                  0.04    0.00    0.42 ^ _475_/CLK (sky130_fd_sc_hd__dfrtp_4)
                  0.10    0.55    0.97 v _475_/Q (sky130_fd_sc_hd__dfrtp_4)
     7    0.03                           u_sort.bucket_counter[0] (net)
                  0.10    0.00    0.97 v _217_/A (sky130_fd_sc_hd__inv_2)
                  0.16    0.17    1.14 ^ _217_/Y (sky130_fd_sc_hd__inv_2)
     9    0.03                           _070_ (net)
                  0.16    0.00    1.14 ^ _240_/A1 (sky130_fd_sc_hd__o21ai_1)
                  0.05    0.10    1.24 v _240_/Y (sky130_fd_sc_hd__o21ai_1)
     1    0.00                           _093_ (net)
                  0.05    0.00    1.24 v _243_/B1 (sky130_fd_sc_hd__a2111o_2)
                  0.11    0.53    1.77 v _243_/X (sky130_fd_sc_hd__a2111o_2)
     7    0.02                           _096_ (net)
                  0.11    0.00    1.78 v _250_/D (sky130_fd_sc_hd__and4b_1)
                  0.08    0.28    2.06 v _250_/X (sky130_fd_sc_hd__and4b_1)
     3    0.01                           _102_ (net)
                  0.08    0.00    2.06 v _259_/A2 (sky130_fd_sc_hd__o2111a_2)
                  0.08    0.32    2.38 v _259_/X (sky130_fd_sc_hd__o2111a_2)
     7    0.02                           _111_ (net)
                  0.08    0.00    2.38 v _399_/B1 (sky130_fd_sc_hd__a211o_1)
                  0.05    0.28    2.66 v _399_/X (sky130_fd_sc_hd__a211o_1)
     1    0.00                           _198_ (net)
                  0.05    0.00    2.66 v _400_/B1 (sky130_fd_sc_hd__o211a_1)
                  0.04    0.12    2.78 v _400_/X (sky130_fd_sc_hd__o211a_1)
     1    0.00                           _055_ (net)
                  0.04    0.00    2.78 v _476_/D (sky130_fd_sc_hd__dfrtp_1)
                                  2.78   data arrival time

                         25.00   25.00   clock clk (rise edge)
                          0.00   25.00   clock source latency
                  0.10    0.06   25.06 ^ clk (in)
     1    0.02                           clk (net)
                  0.10    0.00   25.06 ^ clkbuf_0_clk/A (sky130_fd_sc_hd__clkbuf_16)
                  0.10    0.18   25.24 ^ clkbuf_0_clk/X (sky130_fd_sc_hd__clkbuf_16)
     8    0.08                           clknet_0_clk (net)
                  0.10    0.00   25.25 ^ clkbuf_3_7__f_clk/A (sky130_fd_sc_hd__clkbuf_16)
                  0.04    0.14   25.38 ^ clkbuf_3_7__f_clk/X (sky130_fd_sc_hd__clkbuf_16)
     7    0.02                           clknet_3_7__leaf_clk (net)
                  0.04    0.00   25.38 ^ _476_/CLK (sky130_fd_sc_hd__dfrtp_1)
                         -0.25   25.13   clock uncertainty
                          0.04   25.17   clock reconvergence pessimism
                         -0.11   25.06   library setup time
                                 25.06   data required time
-----------------------------------------------------------------------------
                                 25.06   data required time
                                 -2.78   data arrival time
-----------------------------------------------------------------------------
                                 22.28   slack (MET)


Startpoint: _475_ (rising edge-triggered flip-flop clocked by clk)
Endpoint: _482_ (rising edge-triggered flip-flop clocked by clk)
Path Group: clk
Path Type: max

Fanout     Cap    Slew   Delay    Time   Description
-----------------------------------------------------------------------------
                          0.00    0.00   clock clk (rise edge)
                          0.00    0.00   clock source latency
                  0.10    0.07    0.07 ^ clk (in)
     1    0.02                           clk (net)
                  0.10    0.00    0.07 ^ clkbuf_0_clk/A (sky130_fd_sc_hd__clkbuf_16)
                  0.10    0.20    0.27 ^ clkbuf_0_clk/X (sky130_fd_sc_hd__clkbuf_16)
     8    0.08                           clknet_0_clk (net)
                  0.10    0.00    0.27 ^ clkbuf_3_7__f_clk/A (sky130_fd_sc_hd__clkbuf_16)
                  0.04    0.15    0.42 ^ clkbuf_3_7__f_clk/X (sky130_fd_sc_hd__clkbuf_16)
     7    0.02                           clknet_3_7__leaf_clk (net)
                  0.04    0.00    0.42 ^ _475_/CLK (sky130_fd_sc_hd__dfrtp_4)
                  0.10    0.55    0.97 v _475_/Q (sky130_fd_sc_hd__dfrtp_4)
     7    0.03                           u_sort.bucket_counter[0] (net)
                  0.10    0.00    0.97 v _217_/A (sky130_fd_sc_hd__inv_2)
                  0.16    0.17    1.14 ^ _217_/Y (sky130_fd_sc_hd__inv_2)
     9    0.03                           _070_ (net)
                  0.16    0.00    1.14 ^ _236_/A1 (sky130_fd_sc_hd__o21ai_1)
                  0.07    0.12    1.26 v _236_/Y (sky130_fd_sc_hd__o21ai_1)
     2    0.01                           _089_ (net)
                  0.07    0.00    1.26 v _251_/B1 (sky130_fd_sc_hd__a2111oi_1)
                  0.37    0.43    1.68 ^ _251_/Y (sky130_fd_sc_hd__a2111oi_1)
     1    0.00                           _103_ (net)
                  0.37    0.00    1.68 ^ wire26/A (sky130_fd_sc_hd__clkbuf_1)
                  0.09    0.17    1.85 ^ wire26/X (sky130_fd_sc_hd__clkbuf_1)
     2    0.01                           net26 (net)
                  0.09    0.00    1.85 ^ _382_/A (sky130_fd_sc_hd__nand2_1)
                  0.07    0.10    1.95 v _382_/Y (sky130_fd_sc_hd__nand2_1)
     2    0.01                           _185_ (net)
                  0.07    0.00    1.95 v _411_/A3 (sky130_fd_sc_hd__o31a_1)
                  0.04    0.25    2.20 v _411_/X (sky130_fd_sc_hd__o31a_1)
     1    0.00                           _205_ (net)
                  0.04    0.00    2.20 v _412_/B (sky130_fd_sc_hd__or2_1)
                  0.05    0.21    2.41 v _412_/X (sky130_fd_sc_hd__or2_1)
     1    0.00                           _206_ (net)
                  0.05    0.00    2.41 v _413_/A (sky130_fd_sc_hd__clkbuf_1)
                  0.03    0.10    2.50 v _413_/X (sky130_fd_sc_hd__clkbuf_1)
     1    0.00                           _060_ (net)
                  0.03    0.00    2.50 v _482_/D (sky130_fd_sc_hd__dfrtp_1)
                                  2.50   data arrival time

                         25.00   25.00   clock clk (rise edge)
                          0.00   25.00   clock source latency
                  0.10    0.06   25.06 ^ clk (in)
     1    0.02                           clk (net)
                  0.10    0.00   25.06 ^ clkbuf_0_clk/A (sky130_fd_sc_hd__clkbuf_16)
                  0.10    0.18   25.24 ^ clkbuf_0_clk/X (sky130_fd_sc_hd__clkbuf_16)
     8    0.08                           clknet_0_clk (net)
                  0.10    0.00   25.25 ^ clkbuf_3_6__f_clk/A (sky130_fd_sc_hd__clkbuf_16)
                  0.04    0.14   25.38 ^ clkbuf_3_6__f_clk/X (sky130_fd_sc_hd__clkbuf_16)
     6    0.02                           clknet_3_6__leaf_clk (net)
                  0.04    0.00   25.38 ^ _482_/CLK (sky130_fd_sc_hd__dfrtp_1)
                         -0.25   25.13   clock uncertainty
                          0.03   25.16   clock reconvergence pessimism
                         -0.11   25.05   library setup time
                                 25.05   data required time
-----------------------------------------------------------------------------
                                 25.05   data required time
                                 -2.50   data arrival time
-----------------------------------------------------------------------------
                                 22.55   slack (MET)


Startpoint: _476_ (rising edge-triggered flip-flop clocked by clk)
Endpoint: _483_ (rising edge-triggered flip-flop clocked by clk)
Path Group: clk
Path Type: max

Fanout     Cap    Slew   Delay    Time   Description
-----------------------------------------------------------------------------
                          0.00    0.00   clock clk (rise edge)
                          0.00    0.00   clock source latency
                  0.10    0.07    0.07 ^ clk (in)
     1    0.02                           clk (net)
                  0.10    0.00    0.07 ^ clkbuf_0_clk/A (sky130_fd_sc_hd__clkbuf_16)
                  0.10    0.20    0.27 ^ clkbuf_0_clk/X (sky130_fd_sc_hd__clkbuf_16)
     8    0.08                           clknet_0_clk (net)
                  0.10    0.00    0.27 ^ clkbuf_3_7__f_clk/A (sky130_fd_sc_hd__clkbuf_16)
                  0.04    0.15    0.42 ^ clkbuf_3_7__f_clk/X (sky130_fd_sc_hd__clkbuf_16)
     7    0.02                           clknet_3_7__leaf_clk (net)
                  0.04    0.00    0.42 ^ _476_/CLK (sky130_fd_sc_hd__dfrtp_1)
                  0.04    0.36    0.79 v _476_/Q (sky130_fd_sc_hd__dfrtp_1)
     1    0.00                           u_sort.bucket_counter[1] (net)
                  0.04    0.00    0.79 v _218_/A (sky130_fd_sc_hd__clkbuf_4)
                  0.10    0.20    0.99 v _218_/X (sky130_fd_sc_hd__clkbuf_4)
    10    0.04                           _071_ (net)
                  0.10    0.00    0.99 v _219_/A (sky130_fd_sc_hd__or2_1)
                  0.05    0.25    1.24 v _219_/X (sky130_fd_sc_hd__or2_1)
     1    0.00                           _072_ (net)
                  0.05    0.00    1.24 v _223_/B1 (sky130_fd_sc_hd__a221o_1)
                  0.05    0.30    1.54 v _223_/X (sky130_fd_sc_hd__a221o_1)
     1    0.00                           _076_ (net)
                  0.05    0.00    1.54 v _224_/C1 (sky130_fd_sc_hd__a211o_1)
                  0.07    0.26    1.80 v _224_/X (sky130_fd_sc_hd__a211o_1)
     2    0.01                           _077_ (net)
                  0.07    0.00    1.80 v _250_/A_N (sky130_fd_sc_hd__and4b_1)
                  0.14    0.33    2.13 ^ _250_/X (sky130_fd_sc_hd__and4b_1)
     3    0.01                           _102_ (net)
                  0.14    0.00    2.13 ^ _414_/A2 (sky130_fd_sc_hd__a21oi_1)
                  0.05    0.08    2.21 v _414_/Y (sky130_fd_sc_hd__a21oi_1)
     1    0.00                           _207_ (net)
                  0.05    0.00    2.21 v _415_/B (sky130_fd_sc_hd__or2_1)
                  0.05    0.21    2.42 v _415_/X (sky130_fd_sc_hd__or2_1)
     1    0.00                           _208_ (net)
                  0.05    0.00    2.42 v _416_/A (sky130_fd_sc_hd__clkbuf_1)
                  0.02    0.09    2.51 v _416_/X (sky130_fd_sc_hd__clkbuf_1)
     1    0.00                           _061_ (net)
                  0.02    0.00    2.51 v _483_/D (sky130_fd_sc_hd__dfrtp_1)
                                  2.51   data arrival time

                         25.00   25.00   clock clk (rise edge)
                          0.00   25.00   clock source latency
                  0.10    0.06   25.06 ^ clk (in)
     1    0.02                           clk (net)
                  0.10    0.00   25.06 ^ clkbuf_0_clk/A (sky130_fd_sc_hd__clkbuf_16)
                  0.10    0.18   25.24 ^ clkbuf_0_clk/X (sky130_fd_sc_hd__clkbuf_16)
     8    0.08                           clknet_0_clk (net)
                  0.10    0.00   25.25 ^ clkbuf_3_7__f_clk/A (sky130_fd_sc_hd__clkbuf_16)
                  0.04    0.14   25.38 ^ clkbuf_3_7__f_clk/X (sky130_fd_sc_hd__clkbuf_16)
     7    0.02                           clknet_3_7__leaf_clk (net)
                  0.04    0.00   25.38 ^ _483_/CLK (sky130_fd_sc_hd__dfrtp_1)
                         -0.25   25.13   clock uncertainty
                          0.04   25.17   clock reconvergence pessimism
                         -0.11   25.07   library setup time
                                 25.07   data required time
-----------------------------------------------------------------------------
                                 25.07   data required time
                                 -2.51   data arrival time
-----------------------------------------------------------------------------
                                 22.56   slack (MET)


Startpoint: _476_ (rising edge-triggered flip-flop clocked by clk)
Endpoint: _478_ (rising edge-triggered flip-flop clocked by clk)
Path Group: clk
Path Type: max

Fanout     Cap    Slew   Delay    Time   Description
-----------------------------------------------------------------------------
                          0.00    0.00   clock clk (rise edge)
                          0.00    0.00   clock source latency
                  0.10    0.07    0.07 ^ clk (in)
     1    0.02                           clk (net)
                  0.10    0.00    0.07 ^ clkbuf_0_clk/A (sky130_fd_sc_hd__clkbuf_16)
                  0.10    0.20    0.27 ^ clkbuf_0_clk/X (sky130_fd_sc_hd__clkbuf_16)
     8    0.08                           clknet_0_clk (net)
                  0.10    0.00    0.27 ^ clkbuf_3_7__f_clk/A (sky130_fd_sc_hd__clkbuf_16)
                  0.04    0.15    0.42 ^ clkbuf_3_7__f_clk/X (sky130_fd_sc_hd__clkbuf_16)
     7    0.02                           clknet_3_7__leaf_clk (net)
                  0.04    0.00    0.42 ^ _476_/CLK (sky130_fd_sc_hd__dfrtp_1)
                  0.04    0.36    0.79 v _476_/Q (sky130_fd_sc_hd__dfrtp_1)
     1    0.00                           u_sort.bucket_counter[1] (net)
                  0.04    0.00    0.79 v _218_/A (sky130_fd_sc_hd__clkbuf_4)
                  0.10    0.20    0.99 v _218_/X (sky130_fd_sc_hd__clkbuf_4)
    10    0.04                           _071_ (net)
                  0.10    0.00    0.99 v _219_/A (sky130_fd_sc_hd__or2_1)
                  0.05    0.25    1.24 v _219_/X (sky130_fd_sc_hd__or2_1)
     1    0.00                           _072_ (net)
                  0.05    0.00    1.24 v _223_/B1 (sky130_fd_sc_hd__a221o_1)
                  0.05    0.30    1.54 v _223_/X (sky130_fd_sc_hd__a221o_1)
     1    0.00                           _076_ (net)
                  0.05    0.00    1.54 v _224_/C1 (sky130_fd_sc_hd__a211o_1)
                  0.07    0.26    1.80 v _224_/X (sky130_fd_sc_hd__a211o_1)
     2    0.01                           _077_ (net)
                  0.07    0.00    1.80 v _250_/A_N (sky130_fd_sc_hd__and4b_1)
                  0.14    0.33    2.13 ^ _250_/X (sky130_fd_sc_hd__and4b_1)
     3    0.01                           _102_ (net)
                  0.14    0.00    2.13 ^ _259_/A2 (sky130_fd_sc_hd__o2111a_2)
                  0.13    0.28    2.41 ^ _259_/X (sky130_fd_sc_hd__o2111a_2)
     7    0.02                           _111_ (net)
                  0.13    0.00    2.41 ^ _260_/A2 (sky130_fd_sc_hd__o21ai_1)
                  0.05    0.07    2.48 v _260_/Y (sky130_fd_sc_hd__o21ai_1)
     1    0.00                           _001_ (net)
                  0.05    0.00    2.49 v _478_/D (sky130_fd_sc_hd__dfrtp_1)
                                  2.49   data arrival time

                         25.00   25.00   clock clk (rise edge)
                          0.00   25.00   clock source latency
                  0.10    0.06   25.06 ^ clk (in)
     1    0.02                           clk (net)
                  0.10    0.00   25.06 ^ clkbuf_0_clk/A (sky130_fd_sc_hd__clkbuf_16)
                  0.10    0.18   25.24 ^ clkbuf_0_clk/X (sky130_fd_sc_hd__clkbuf_16)
     8    0.08                           clknet_0_clk (net)
                  0.10    0.00   25.25 ^ clkbuf_3_5__f_clk/A (sky130_fd_sc_hd__clkbuf_16)
                  0.04    0.14   25.38 ^ clkbuf_3_5__f_clk/X (sky130_fd_sc_hd__clkbuf_16)
     7    0.02                           clknet_3_5__leaf_clk (net)
                  0.04    0.00   25.39 ^ _478_/CLK (sky130_fd_sc_hd__dfrtp_1)
                         -0.25   25.14   clock uncertainty
                          0.03   25.16   clock reconvergence pessimism
                         -0.12   25.05   library setup time
                                 25.05   data required time
-----------------------------------------------------------------------------
                                 25.05   data required time
                                 -2.49   data arrival time
-----------------------------------------------------------------------------
                                 22.56   slack (MET)


Startpoint: _475_ (rising edge-triggered flip-flop clocked by clk)
Endpoint: _471_ (rising edge-triggered flip-flop clocked by clk)
Path Group: clk
Path Type: max

Fanout     Cap    Slew   Delay    Time   Description
-----------------------------------------------------------------------------
                          0.00    0.00   clock clk (rise edge)
                          0.00    0.00   clock source latency
                  0.10    0.07    0.07 ^ clk (in)
     1    0.02                           clk (net)
                  0.10    0.00    0.07 ^ clkbuf_0_clk/A (sky130_fd_sc_hd__clkbuf_16)
                  0.10    0.20    0.27 ^ clkbuf_0_clk/X (sky130_fd_sc_hd__clkbuf_16)
     8    0.08                           clknet_0_clk (net)
                  0.10    0.00    0.27 ^ clkbuf_3_7__f_clk/A (sky130_fd_sc_hd__clkbuf_16)
                  0.04    0.15    0.42 ^ clkbuf_3_7__f_clk/X (sky130_fd_sc_hd__clkbuf_16)
     7    0.02                           clknet_3_7__leaf_clk (net)
                  0.04    0.00    0.42 ^ _475_/CLK (sky130_fd_sc_hd__dfrtp_4)
                  0.10    0.55    0.97 v _475_/Q (sky130_fd_sc_hd__dfrtp_4)
     7    0.03                           u_sort.bucket_counter[0] (net)
                  0.10    0.00    0.97 v _217_/A (sky130_fd_sc_hd__inv_2)
                  0.16    0.17    1.14 ^ _217_/Y (sky130_fd_sc_hd__inv_2)
     9    0.03                           _070_ (net)
                  0.16    0.00    1.14 ^ _240_/A1 (sky130_fd_sc_hd__o21ai_1)
                  0.05    0.10    1.24 v _240_/Y (sky130_fd_sc_hd__o21ai_1)
     1    0.00                           _093_ (net)
                  0.05    0.00    1.24 v _243_/B1 (sky130_fd_sc_hd__a2111o_2)
                  0.11    0.53    1.77 v _243_/X (sky130_fd_sc_hd__a2111o_2)
     7    0.02                           _096_ (net)
                  0.11    0.00    1.78 v _244_/D (sky130_fd_sc_hd__and4_1)
                  0.06    0.26    2.03 v _244_/X (sky130_fd_sc_hd__and4_1)
     2    0.01                           _097_ (net)
                  0.06    0.00    2.03 v _247_/A_N (sky130_fd_sc_hd__and3b_1)
                  0.05    0.21    2.24 ^ _247_/X (sky130_fd_sc_hd__and3b_1)
     1    0.00                           _100_ (net)
                  0.05    0.00    2.24 ^ _248_/A (sky130_fd_sc_hd__buf_2)
                  0.16    0.20    2.45 ^ _248_/X (sky130_fd_sc_hd__buf_2)
     7    0.03                           _002_ (net)
                  0.16    0.00    2.45 ^ _471_/D (sky130_fd_sc_hd__dfrtp_1)
                                  2.45   data arrival time

                         25.00   25.00   clock clk (rise edge)
                          0.00   25.00   clock source latency
                  0.10    0.06   25.06 ^ clk (in)
     1    0.02                           clk (net)
                  0.10    0.00   25.06 ^ clkbuf_0_clk/A (sky130_fd_sc_hd__clkbuf_16)
                  0.10    0.18   25.24 ^ clkbuf_0_clk/X (sky130_fd_sc_hd__clkbuf_16)
     8    0.08                           clknet_0_clk (net)
                  0.10    0.00   25.25 ^ clkbuf_3_7__f_clk/A (sky130_fd_sc_hd__clkbuf_16)
                  0.04    0.14   25.38 ^ clkbuf_3_7__f_clk/X (sky130_fd_sc_hd__clkbuf_16)
     7    0.02                           clknet_3_7__leaf_clk (net)
                  0.04    0.00   25.38 ^ _471_/CLK (sky130_fd_sc_hd__dfrtp_1)
                         -0.25   25.13   clock uncertainty
                          0.04   25.17   clock reconvergence pessimism
                         -0.09   25.09   library setup time
                                 25.09   data required time
-----------------------------------------------------------------------------
                                 25.09   data required time
                                 -2.45   data arrival time
-----------------------------------------------------------------------------
                                 22.64   slack (MET)


Startpoint: _425_ (rising edge-triggered flip-flop clocked by clk)
Endpoint: _455_ (rising edge-triggered flip-flop clocked by clk)
Path Group: clk
Path Type: max

Fanout     Cap    Slew   Delay    Time   Description
-----------------------------------------------------------------------------
                          0.00    0.00   clock clk (rise edge)
                          0.00    0.00   clock source latency
                  0.10    0.07    0.07 ^ clk (in)
     1    0.02                           clk (net)
                  0.10    0.00    0.07 ^ clkbuf_0_clk/A (sky130_fd_sc_hd__clkbuf_16)
                  0.10    0.20    0.27 ^ clkbuf_0_clk/X (sky130_fd_sc_hd__clkbuf_16)
     8    0.08                           clknet_0_clk (net)
                  0.10    0.00    0.27 ^ clkbuf_3_3__f_clk/A (sky130_fd_sc_hd__clkbuf_16)
                  0.05    0.16    0.43 ^ clkbuf_3_3__f_clk/X (sky130_fd_sc_hd__clkbuf_16)
    10    0.03                           clknet_3_3__leaf_clk (net)
                  0.05    0.00    0.44 ^ _425_/CLK (sky130_fd_sc_hd__dfrtp_1)
                  0.04    0.37    0.81 v _425_/Q (sky130_fd_sc_hd__dfrtp_1)
     1    0.00                           u_am4.b_i[2] (net)
                  0.04    0.00    0.81 v hold30/A (sky130_fd_sc_hd__dlygate4sd3_1)
                  0.08    0.61    1.41 v hold30/X (sky130_fd_sc_hd__dlygate4sd3_1)
     2    0.01                           net56 (net)
                  0.08    0.00    1.41 v _350_/A1 (sky130_fd_sc_hd__mux2_1)
                  0.05    0.31    1.72 v _350_/X (sky130_fd_sc_hd__mux2_1)
     1    0.00                           _169_ (net)
                  0.05    0.00    1.72 v hold31/A (sky130_fd_sc_hd__dlygate4sd3_1)
                  0.05    0.57    2.29 v hold31/X (sky130_fd_sc_hd__dlygate4sd3_1)
     1    0.00                           net57 (net)
                  0.05    0.00    2.29 v _351_/A (sky130_fd_sc_hd__clkbuf_1)
                  0.03    0.10    2.39 v _351_/X (sky130_fd_sc_hd__clkbuf_1)
     1    0.00                           _035_ (net)
                  0.03    0.00    2.39 v _455_/D (sky130_fd_sc_hd__dfrtp_1)
                                  2.39   data arrival time

                         25.00   25.00   clock clk (rise edge)
                          0.00   25.00   clock source latency
                  0.10    0.06   25.06 ^ clk (in)
     1    0.02                           clk (net)
                  0.10    0.00   25.06 ^ clkbuf_0_clk/A (sky130_fd_sc_hd__clkbuf_16)
                  0.10    0.18   25.24 ^ clkbuf_0_clk/X (sky130_fd_sc_hd__clkbuf_16)
     8    0.08                           clknet_0_clk (net)
                  0.10    0.00   25.25 ^ clkbuf_3_6__f_clk/A (sky130_fd_sc_hd__clkbuf_16)
                  0.04    0.14   25.38 ^ clkbuf_3_6__f_clk/X (sky130_fd_sc_hd__clkbuf_16)
     6    0.02                           clknet_3_6__leaf_clk (net)
                  0.04    0.00   25.38 ^ _455_/CLK (sky130_fd_sc_hd__dfrtp_1)
                         -0.25   25.13   clock uncertainty
                          0.03   25.16   clock reconvergence pessimism
                         -0.11   25.05   library setup time
                                 25.05   data required time
-----------------------------------------------------------------------------
                                 25.05   data required time
                                 -2.39   data arrival time
-----------------------------------------------------------------------------
                                 22.66   slack (MET)


Startpoint: _440_ (rising edge-triggered flip-flop clocked by clk)
Endpoint: _464_ (rising edge-triggered flip-flop clocked by clk)
Path Group: clk
Path Type: max

Fanout     Cap    Slew   Delay    Time   Description
-----------------------------------------------------------------------------
                          0.00    0.00   clock clk (rise edge)
                          0.00    0.00   clock source latency
                  0.10    0.07    0.07 ^ clk (in)
     1    0.02                           clk (net)
                  0.10    0.00    0.07 ^ clkbuf_0_clk/A (sky130_fd_sc_hd__clkbuf_16)
                  0.10    0.20    0.27 ^ clkbuf_0_clk/X (sky130_fd_sc_hd__clkbuf_16)
     8    0.08                           clknet_0_clk (net)
                  0.10    0.00    0.27 ^ clkbuf_3_1__f_clk/A (sky130_fd_sc_hd__clkbuf_16)
                  0.04    0.15    0.43 ^ clkbuf_3_1__f_clk/X (sky130_fd_sc_hd__clkbuf_16)
     7    0.02                           clknet_3_1__leaf_clk (net)
                  0.04    0.00    0.43 ^ _440_/CLK (sky130_fd_sc_hd__dfrtp_1)
                  0.04    0.36    0.79 v _440_/Q (sky130_fd_sc_hd__dfrtp_1)
     1    0.00                           u_am1.b_i[2] (net)
                  0.04    0.00    0.79 v hold26/A (sky130_fd_sc_hd__dlygate4sd3_1)
                  0.08    0.61    1.40 v hold26/X (sky130_fd_sc_hd__dlygate4sd3_1)
     2    0.01                           net52 (net)
                  0.08    0.00    1.40 v _368_/A1 (sky130_fd_sc_hd__mux2_1)
                  0.05    0.31    1.71 v _368_/X (sky130_fd_sc_hd__mux2_1)
     1    0.00                           _178_ (net)
                  0.05    0.00    1.71 v hold27/A (sky130_fd_sc_hd__dlygate4sd3_1)
                  0.06    0.58    2.29 v hold27/X (sky130_fd_sc_hd__dlygate4sd3_1)
     1    0.00                           net53 (net)
                  0.06    0.00    2.29 v _369_/A (sky130_fd_sc_hd__clkbuf_1)
                  0.03    0.10    2.39 v _369_/X (sky130_fd_sc_hd__clkbuf_1)
     1    0.00                           _044_ (net)
                  0.03    0.00    2.39 v _464_/D (sky130_fd_sc_hd__dfrtp_1)
                                  2.39   data arrival time

                         25.00   25.00   clock clk (rise edge)
                          0.00   25.00   clock source latency
                  0.10    0.06   25.06 ^ clk (in)
     1    0.02                           clk (net)
                  0.10    0.00   25.06 ^ clkbuf_0_clk/A (sky130_fd_sc_hd__clkbuf_16)
                  0.10    0.18   25.24 ^ clkbuf_0_clk/X (sky130_fd_sc_hd__clkbuf_16)
     8    0.08                           clknet_0_clk (net)
                  0.10    0.00   25.25 ^ clkbuf_3_4__f_clk/A (sky130_fd_sc_hd__clkbuf_16)
                  0.04    0.14   25.38 ^ clkbuf_3_4__f_clk/X (sky130_fd_sc_hd__clkbuf_16)
     6    0.02                           clknet_3_4__leaf_clk (net)
                  0.04    0.00   25.38 ^ _464_/CLK (sky130_fd_sc_hd__dfrtp_1)
                         -0.25   25.13   clock uncertainty
                          0.03   25.16   clock reconvergence pessimism
                         -0.11   25.05   library setup time
                                 25.05   data required time
-----------------------------------------------------------------------------
                                 25.05   data required time
                                 -2.39   data arrival time
-----------------------------------------------------------------------------
                                 22.66   slack (MET)


Startpoint: _424_ (rising edge-triggered flip-flop clocked by clk)
Endpoint: _454_ (rising edge-triggered flip-flop clocked by clk)
Path Group: clk
Path Type: max

Fanout     Cap    Slew   Delay    Time   Description
-----------------------------------------------------------------------------
                          0.00    0.00   clock clk (rise edge)
                          0.00    0.00   clock source latency
                  0.10    0.07    0.07 ^ clk (in)
     1    0.02                           clk (net)
                  0.10    0.00    0.07 ^ clkbuf_0_clk/A (sky130_fd_sc_hd__clkbuf_16)
                  0.10    0.20    0.27 ^ clkbuf_0_clk/X (sky130_fd_sc_hd__clkbuf_16)
     8    0.08                           clknet_0_clk (net)
                  0.10    0.00    0.27 ^ clkbuf_3_3__f_clk/A (sky130_fd_sc_hd__clkbuf_16)
                  0.05    0.16    0.43 ^ clkbuf_3_3__f_clk/X (sky130_fd_sc_hd__clkbuf_16)
    10    0.03                           clknet_3_3__leaf_clk (net)
                  0.05    0.00    0.44 ^ _424_/CLK (sky130_fd_sc_hd__dfrtp_1)
                  0.04    0.37    0.81 v _424_/Q (sky130_fd_sc_hd__dfrtp_1)
     1    0.00                           u_am4.b_i[1] (net)
                  0.04    0.00    0.81 v hold35/A (sky130_fd_sc_hd__dlygate4sd3_1)
                  0.07    0.60    1.41 v hold35/X (sky130_fd_sc_hd__dlygate4sd3_1)
     2    0.01                           net61 (net)
                  0.07    0.00    1.41 v _348_/A1 (sky130_fd_sc_hd__mux2_1)
                  0.05    0.31    1.72 v _348_/X (sky130_fd_sc_hd__mux2_1)
     1    0.00                           _168_ (net)
                  0.05    0.00    1.72 v hold36/A (sky130_fd_sc_hd__dlygate4sd3_1)
                  0.05    0.58    2.29 v hold36/X (sky130_fd_sc_hd__dlygate4sd3_1)
     1    0.00                           net62 (net)
                  0.05    0.00    2.29 v _349_/A (sky130_fd_sc_hd__clkbuf_1)
                  0.03    0.09    2.39 v _349_/X (sky130_fd_sc_hd__clkbuf_1)
     1    0.00                           _034_ (net)
                  0.03    0.00    2.39 v _454_/D (sky130_fd_sc_hd__dfrtp_1)
                                  2.39   data arrival time

                         25.00   25.00   clock clk (rise edge)
                          0.00   25.00   clock source latency
                  0.10    0.06   25.06 ^ clk (in)
     1    0.02                           clk (net)
                  0.10    0.00   25.06 ^ clkbuf_0_clk/A (sky130_fd_sc_hd__clkbuf_16)
                  0.10    0.18   25.24 ^ clkbuf_0_clk/X (sky130_fd_sc_hd__clkbuf_16)
     8    0.08                           clknet_0_clk (net)
                  0.10    0.00   25.25 ^ clkbuf_3_6__f_clk/A (sky130_fd_sc_hd__clkbuf_16)
                  0.04    0.14   25.38 ^ clkbuf_3_6__f_clk/X (sky130_fd_sc_hd__clkbuf_16)
     6    0.02                           clknet_3_6__leaf_clk (net)
                  0.04    0.00   25.38 ^ _454_/CLK (sky130_fd_sc_hd__dfrtp_1)
                         -0.25   25.13   clock uncertainty
                          0.03   25.16   clock reconvergence pessimism
                         -0.11   25.05   library setup time
                                 25.05   data required time
-----------------------------------------------------------------------------
                                 25.05   data required time
                                 -2.39   data arrival time
-----------------------------------------------------------------------------
                                 22.67   slack (MET)


Startpoint: _432_ (rising edge-triggered flip-flop clocked by clk)
Endpoint: _465_ (rising edge-triggered flip-flop clocked by clk)
Path Group: clk
Path Type: max

Fanout     Cap    Slew   Delay    Time   Description
-----------------------------------------------------------------------------
                          0.00    0.00   clock clk (rise edge)
                          0.00    0.00   clock source latency
                  0.10    0.07    0.07 ^ clk (in)
     1    0.02                           clk (net)
                  0.10    0.00    0.07 ^ clkbuf_0_clk/A (sky130_fd_sc_hd__clkbuf_16)
                  0.10    0.20    0.27 ^ clkbuf_0_clk/X (sky130_fd_sc_hd__clkbuf_16)
     8    0.08                           clknet_0_clk (net)
                  0.10    0.00    0.27 ^ clkbuf_3_1__f_clk/A (sky130_fd_sc_hd__clkbuf_16)
                  0.04    0.15    0.43 ^ clkbuf_3_1__f_clk/X (sky130_fd_sc_hd__clkbuf_16)
     7    0.02                           clknet_3_1__leaf_clk (net)
                  0.04    0.00    0.43 ^ _432_/CLK (sky130_fd_sc_hd__dfrtp_1)
                  0.04    0.38    0.81 v _432_/Q (sky130_fd_sc_hd__dfrtp_1)
     1    0.00                           u_am0.b_i[0] (net)
                  0.04    0.00    0.81 v hold19/A (sky130_fd_sc_hd__dlygate4sd3_1)
                  0.07    0.61    1.41 v hold19/X (sky130_fd_sc_hd__dlygate4sd3_1)
     2    0.01                           net45 (net)
                  0.07    0.00    1.41 v _370_/A1 (sky130_fd_sc_hd__mux2_1)
                  0.05    0.31    1.72 v _370_/X (sky130_fd_sc_hd__mux2_1)
     1    0.00                           _179_ (net)
                  0.05    0.00    1.72 v hold20/A (sky130_fd_sc_hd__dlygate4sd3_1)
                  0.05    0.57    2.29 v hold20/X (sky130_fd_sc_hd__dlygate4sd3_1)
     1    0.00                           net46 (net)
                  0.05    0.00    2.29 v _371_/A (sky130_fd_sc_hd__clkbuf_1)
                  0.02    0.09    2.39 v _371_/X (sky130_fd_sc_hd__clkbuf_1)
     1    0.00                           _045_ (net)
                  0.02    0.00    2.39 v _465_/D (sky130_fd_sc_hd__dfrtp_1)
                                  2.39   data arrival time

                         25.00   25.00   clock clk (rise edge)
                          0.00   25.00   clock source latency
                  0.10    0.06   25.06 ^ clk (in)
     1    0.02                           clk (net)
                  0.10    0.00   25.06 ^ clkbuf_0_clk/A (sky130_fd_sc_hd__clkbuf_16)
                  0.10    0.18   25.24 ^ clkbuf_0_clk/X (sky130_fd_sc_hd__clkbuf_16)
     8    0.08                           clknet_0_clk (net)
                  0.10    0.00   25.25 ^ clkbuf_3_4__f_clk/A (sky130_fd_sc_hd__clkbuf_16)
                  0.04    0.14   25.38 ^ clkbuf_3_4__f_clk/X (sky130_fd_sc_hd__clkbuf_16)
     6    0.02                           clknet_3_4__leaf_clk (net)
                  0.04    0.00   25.38 ^ _465_/CLK (sky130_fd_sc_hd__dfrtp_1)
                         -0.25   25.13   clock uncertainty
                          0.03   25.16   clock reconvergence pessimism
                         -0.11   25.05   library setup time
                                 25.05   data required time
-----------------------------------------------------------------------------
                                 25.05   data required time
                                 -2.39   data arrival time
-----------------------------------------------------------------------------
                                 22.67   slack (MET)


Startpoint: _452_ (rising edge-triggered flip-flop clocked by clk)
Endpoint: _458_ (rising edge-triggered flip-flop clocked by clk)
Path Group: clk
Path Type: max

Fanout     Cap    Slew   Delay    Time   Description
-----------------------------------------------------------------------------
                          0.00    0.00   clock clk (rise edge)
                          0.00    0.00   clock source latency
                  0.10    0.07    0.07 ^ clk (in)
     1    0.02                           clk (net)
                  0.10    0.00    0.07 ^ clkbuf_0_clk/A (sky130_fd_sc_hd__clkbuf_16)
                  0.10    0.20    0.27 ^ clkbuf_0_clk/X (sky130_fd_sc_hd__clkbuf_16)
     8    0.08                           clknet_0_clk (net)
                  0.10    0.00    0.27 ^ clkbuf_3_3__f_clk/A (sky130_fd_sc_hd__clkbuf_16)
                  0.05    0.16    0.43 ^ clkbuf_3_3__f_clk/X (sky130_fd_sc_hd__clkbuf_16)
    10    0.03                           clknet_3_3__leaf_clk (net)
                  0.05    0.00    0.44 ^ _452_/CLK (sky130_fd_sc_hd__dfrtp_1)
                  0.04    0.37    0.80 v _452_/Q (sky130_fd_sc_hd__dfrtp_1)
     1    0.00                           u_am3.b_i[2] (net)
                  0.04    0.00    0.80 v hold32/A (sky130_fd_sc_hd__dlygate4sd3_1)
                  0.07    0.60    1.40 v hold32/X (sky130_fd_sc_hd__dlygate4sd3_1)
     2    0.01                           net58 (net)
                  0.07    0.00    1.40 v _356_/A1 (sky130_fd_sc_hd__mux2_1)
                  0.05    0.31    1.71 v _356_/X (sky130_fd_sc_hd__mux2_1)
     1    0.00                           _172_ (net)
                  0.05    0.00    1.71 v hold33/A (sky130_fd_sc_hd__dlygate4sd3_1)
                  0.05    0.57    2.28 v hold33/X (sky130_fd_sc_hd__dlygate4sd3_1)
     1    0.00                           net59 (net)
                  0.05    0.00    2.28 v _357_/A (sky130_fd_sc_hd__clkbuf_1)
                  0.03    0.09    2.38 v _357_/X (sky130_fd_sc_hd__clkbuf_1)
     1    0.00                           _038_ (net)
                  0.03    0.00    2.38 v _458_/D (sky130_fd_sc_hd__dfrtp_1)
                                  2.38   data arrival time

                         25.00   25.00   clock clk (rise edge)
                          0.00   25.00   clock source latency
                  0.10    0.06   25.06 ^ clk (in)
     1    0.02                           clk (net)
                  0.10    0.00   25.06 ^ clkbuf_0_clk/A (sky130_fd_sc_hd__clkbuf_16)
                  0.10    0.18   25.24 ^ clkbuf_0_clk/X (sky130_fd_sc_hd__clkbuf_16)
     8    0.08                           clknet_0_clk (net)
                  0.10    0.00   25.25 ^ clkbuf_3_6__f_clk/A (sky130_fd_sc_hd__clkbuf_16)
                  0.04    0.14   25.38 ^ clkbuf_3_6__f_clk/X (sky130_fd_sc_hd__clkbuf_16)
     6    0.02                           clknet_3_6__leaf_clk (net)
                  0.04    0.00   25.38 ^ _458_/CLK (sky130_fd_sc_hd__dfrtp_1)
                         -0.25   25.13   clock uncertainty
                          0.03   25.16   clock reconvergence pessimism
                         -0.11   25.05   library setup time
                                 25.05   data required time
-----------------------------------------------------------------------------
                                 25.05   data required time
                                 -2.38   data arrival time
-----------------------------------------------------------------------------
                                 22.67   slack (MET)


Startpoint: _434_ (rising edge-triggered flip-flop clocked by clk)
Endpoint: _467_ (rising edge-triggered flip-flop clocked by clk)
Path Group: clk
Path Type: max

Fanout     Cap    Slew   Delay    Time   Description
-----------------------------------------------------------------------------
                          0.00    0.00   clock clk (rise edge)
                          0.00    0.00   clock source latency
                  0.10    0.07    0.07 ^ clk (in)
     1    0.02                           clk (net)
                  0.10    0.00    0.07 ^ clkbuf_0_clk/A (sky130_fd_sc_hd__clkbuf_16)
                  0.10    0.20    0.27 ^ clkbuf_0_clk/X (sky130_fd_sc_hd__clkbuf_16)
     8    0.08                           clknet_0_clk (net)
                  0.10    0.00    0.27 ^ clkbuf_3_1__f_clk/A (sky130_fd_sc_hd__clkbuf_16)
                  0.04    0.15    0.43 ^ clkbuf_3_1__f_clk/X (sky130_fd_sc_hd__clkbuf_16)
     7    0.02                           clknet_3_1__leaf_clk (net)
                  0.04    0.00    0.43 ^ _434_/CLK (sky130_fd_sc_hd__dfrtp_1)
                  0.04    0.38    0.80 v _434_/Q (sky130_fd_sc_hd__dfrtp_1)
     1    0.00                           u_am0.b_i[2] (net)
                  0.04    0.00    0.80 v hold8/A (sky130_fd_sc_hd__dlygate4sd3_1)
                  0.07    0.60    1.41 v hold8/X (sky130_fd_sc_hd__dlygate4sd3_1)
     2    0.01                           net34 (net)
                  0.07    0.00    1.41 v _374_/A1 (sky130_fd_sc_hd__mux2_1)
                  0.05    0.30    1.71 v _374_/X (sky130_fd_sc_hd__mux2_1)
     1    0.00                           _181_ (net)
                  0.05    0.00    1.71 v hold9/A (sky130_fd_sc_hd__dlygate4sd3_1)
                  0.05    0.57    2.28 v hold9/X (sky130_fd_sc_hd__dlygate4sd3_1)
     1    0.00                           net35 (net)
                  0.05    0.00    2.28 v _375_/A (sky130_fd_sc_hd__clkbuf_1)
                  0.03    0.09    2.38 v _375_/X (sky130_fd_sc_hd__clkbuf_1)
     1    0.00                           _047_ (net)
                  0.03    0.00    2.38 v _467_/D (sky130_fd_sc_hd__dfrtp_1)
                                  2.38   data arrival time

                         25.00   25.00   clock clk (rise edge)
                          0.00   25.00   clock source latency
                  0.10    0.06   25.06 ^ clk (in)
     1    0.02                           clk (net)
                  0.10    0.00   25.06 ^ clkbuf_0_clk/A (sky130_fd_sc_hd__clkbuf_16)
                  0.10    0.18   25.24 ^ clkbuf_0_clk/X (sky130_fd_sc_hd__clkbuf_16)
     8    0.08                           clknet_0_clk (net)
                  0.10    0.00   25.25 ^ clkbuf_3_4__f_clk/A (sky130_fd_sc_hd__clkbuf_16)
                  0.04    0.14   25.38 ^ clkbuf_3_4__f_clk/X (sky130_fd_sc_hd__clkbuf_16)
     6    0.02                           clknet_3_4__leaf_clk (net)
                  0.04    0.00   25.38 ^ _467_/CLK (sky130_fd_sc_hd__dfrtp_1)
                         -0.25   25.13   clock uncertainty
                          0.03   25.16   clock reconvergence pessimism
                         -0.11   25.05   library setup time
                                 25.05   data required time
-----------------------------------------------------------------------------
                                 25.05   data required time
                                 -2.38   data arrival time
-----------------------------------------------------------------------------
                                 22.68   slack (MET)


Startpoint: _433_ (rising edge-triggered flip-flop clocked by clk)
Endpoint: _466_ (rising edge-triggered flip-flop clocked by clk)
Path Group: clk
Path Type: max

Fanout     Cap    Slew   Delay    Time   Description
-----------------------------------------------------------------------------
                          0.00    0.00   clock clk (rise edge)
                          0.00    0.00   clock source latency
                  0.10    0.07    0.07 ^ clk (in)
     1    0.02                           clk (net)
                  0.10    0.00    0.07 ^ clkbuf_0_clk/A (sky130_fd_sc_hd__clkbuf_16)
                  0.10    0.20    0.27 ^ clkbuf_0_clk/X (sky130_fd_sc_hd__clkbuf_16)
     8    0.08                           clknet_0_clk (net)
                  0.10    0.00    0.27 ^ clkbuf_3_1__f_clk/A (sky130_fd_sc_hd__clkbuf_16)
                  0.04    0.15    0.43 ^ clkbuf_3_1__f_clk/X (sky130_fd_sc_hd__clkbuf_16)
     7    0.02                           clknet_3_1__leaf_clk (net)
                  0.04    0.00    0.43 ^ _433_/CLK (sky130_fd_sc_hd__dfrtp_1)
                  0.04    0.36    0.79 v _433_/Q (sky130_fd_sc_hd__dfrtp_1)
     1    0.00                           u_am0.b_i[1] (net)
                  0.04    0.00    0.79 v hold11/A (sky130_fd_sc_hd__dlygate4sd3_1)
                  0.07    0.59    1.39 v hold11/X (sky130_fd_sc_hd__dlygate4sd3_1)
     2    0.01                           net37 (net)
                  0.07    0.00    1.39 v _372_/A1 (sky130_fd_sc_hd__mux2_1)
                  0.05    0.30    1.69 v _372_/X (sky130_fd_sc_hd__mux2_1)
     1    0.00                           _180_ (net)
                  0.05    0.00    1.69 v hold12/A (sky130_fd_sc_hd__dlygate4sd3_1)
                  0.05    0.58    2.27 v hold12/X (sky130_fd_sc_hd__dlygate4sd3_1)
     1    0.00                           net38 (net)
                  0.05    0.00    2.27 v _373_/A (sky130_fd_sc_hd__clkbuf_1)
                  0.03    0.10    2.37 v _373_/X (sky130_fd_sc_hd__clkbuf_1)
     1    0.00                           _046_ (net)
                  0.03    0.00    2.37 v _466_/D (sky130_fd_sc_hd__dfrtp_1)
                                  2.37   data arrival time

                         25.00   25.00   clock clk (rise edge)
                          0.00   25.00   clock source latency
                  0.10    0.06   25.06 ^ clk (in)
     1    0.02                           clk (net)
                  0.10    0.00   25.06 ^ clkbuf_0_clk/A (sky130_fd_sc_hd__clkbuf_16)
                  0.10    0.18   25.24 ^ clkbuf_0_clk/X (sky130_fd_sc_hd__clkbuf_16)
     8    0.08                           clknet_0_clk (net)
                  0.10    0.00   25.25 ^ clkbuf_3_4__f_clk/A (sky130_fd_sc_hd__clkbuf_16)
                  0.04    0.14   25.38 ^ clkbuf_3_4__f_clk/X (sky130_fd_sc_hd__clkbuf_16)
     6    0.02                           clknet_3_4__leaf_clk (net)
                  0.04    0.00   25.38 ^ _466_/CLK (sky130_fd_sc_hd__dfrtp_1)
                         -0.25   25.13   clock uncertainty
                          0.03   25.16   clock reconvergence pessimism
                         -0.11   25.05   library setup time
                                 25.05   data required time
-----------------------------------------------------------------------------
                                 25.05   data required time
                                 -2.37   data arrival time
-----------------------------------------------------------------------------
                                 22.69   slack (MET)


Startpoint: _475_ (rising edge-triggered flip-flop clocked by clk)
Endpoint: _481_ (rising edge-triggered flip-flop clocked by clk)
Path Group: clk
Path Type: max

Fanout     Cap    Slew   Delay    Time   Description
-----------------------------------------------------------------------------
                          0.00    0.00   clock clk (rise edge)
                          0.00    0.00   clock source latency
                  0.10    0.07    0.07 ^ clk (in)
     1    0.02                           clk (net)
                  0.10    0.00    0.07 ^ clkbuf_0_clk/A (sky130_fd_sc_hd__clkbuf_16)
                  0.10    0.20    0.27 ^ clkbuf_0_clk/X (sky130_fd_sc_hd__clkbuf_16)
     8    0.08                           clknet_0_clk (net)
                  0.10    0.00    0.27 ^ clkbuf_3_7__f_clk/A (sky130_fd_sc_hd__clkbuf_16)
                  0.04    0.15    0.42 ^ clkbuf_3_7__f_clk/X (sky130_fd_sc_hd__clkbuf_16)
     7    0.02                           clknet_3_7__leaf_clk (net)
                  0.04    0.00    0.42 ^ _475_/CLK (sky130_fd_sc_hd__dfrtp_4)
                  0.10    0.55    0.97 v _475_/Q (sky130_fd_sc_hd__dfrtp_4)
     7    0.03                           u_sort.bucket_counter[0] (net)
                  0.10    0.00    0.97 v _217_/A (sky130_fd_sc_hd__inv_2)
                  0.16    0.17    1.14 ^ _217_/Y (sky130_fd_sc_hd__inv_2)
     9    0.03                           _070_ (net)
                  0.16    0.00    1.14 ^ _240_/A1 (sky130_fd_sc_hd__o21ai_1)
                  0.05    0.10    1.24 v _240_/Y (sky130_fd_sc_hd__o21ai_1)
     1    0.00                           _093_ (net)
                  0.05    0.00    1.24 v _243_/B1 (sky130_fd_sc_hd__a2111o_2)
                  0.11    0.53    1.77 v _243_/X (sky130_fd_sc_hd__a2111o_2)
     7    0.02                           _096_ (net)
                  0.11    0.00    1.78 v _408_/A3 (sky130_fd_sc_hd__o31a_1)
                  0.05    0.27    2.04 v _408_/X (sky130_fd_sc_hd__o31a_1)
     1    0.00                           _203_ (net)
                  0.05    0.00    2.04 v _409_/B (sky130_fd_sc_hd__or2_1)
                  0.05    0.21    2.25 v _409_/X (sky130_fd_sc_hd__or2_1)
     1    0.00                           _204_ (net)
                  0.05    0.00    2.25 v _410_/A (sky130_fd_sc_hd__clkbuf_1)
                  0.02    0.09    2.34 v _410_/X (sky130_fd_sc_hd__clkbuf_1)
     1    0.00                           _059_ (net)
                  0.02    0.00    2.34 v _481_/D (sky130_fd_sc_hd__dfrtp_1)
                                  2.34   data arrival time

                         25.00   25.00   clock clk (rise edge)
                          0.00   25.00   clock source latency
                  0.10    0.06   25.06 ^ clk (in)
     1    0.02                           clk (net)
                  0.10    0.00   25.06 ^ clkbuf_0_clk/A (sky130_fd_sc_hd__clkbuf_16)
                  0.10    0.18   25.24 ^ clkbuf_0_clk/X (sky130_fd_sc_hd__clkbuf_16)
     8    0.08                           clknet_0_clk (net)
                  0.10    0.00   25.25 ^ clkbuf_3_4__f_clk/A (sky130_fd_sc_hd__clkbuf_16)
                  0.04    0.14   25.38 ^ clkbuf_3_4__f_clk/X (sky130_fd_sc_hd__clkbuf_16)
     6    0.02                           clknet_3_4__leaf_clk (net)
                  0.04    0.00   25.38 ^ _481_/CLK (sky130_fd_sc_hd__dfrtp_1)
                         -0.25   25.13   clock uncertainty
                          0.03   25.16   clock reconvergence pessimism
                         -0.11   25.05   library setup time
                                 25.05   data required time
-----------------------------------------------------------------------------
                                 25.05   data required time
                                 -2.34   data arrival time
-----------------------------------------------------------------------------
                                 22.71   slack (MET)


Startpoint: _476_ (rising edge-triggered flip-flop clocked by clk)
Endpoint: _480_ (rising edge-triggered flip-flop clocked by clk)
Path Group: clk
Path Type: max

Fanout     Cap    Slew   Delay    Time   Description
-----------------------------------------------------------------------------
                          0.00    0.00   clock clk (rise edge)
                          0.00    0.00   clock source latency
                  0.10    0.07    0.07 ^ clk (in)
     1    0.02                           clk (net)
                  0.10    0.00    0.07 ^ clkbuf_0_clk/A (sky130_fd_sc_hd__clkbuf_16)
                  0.10    0.20    0.27 ^ clkbuf_0_clk/X (sky130_fd_sc_hd__clkbuf_16)
     8    0.08                           clknet_0_clk (net)
                  0.10    0.00    0.27 ^ clkbuf_3_7__f_clk/A (sky130_fd_sc_hd__clkbuf_16)
                  0.04    0.15    0.42 ^ clkbuf_3_7__f_clk/X (sky130_fd_sc_hd__clkbuf_16)
     7    0.02                           clknet_3_7__leaf_clk (net)
                  0.04    0.00    0.42 ^ _476_/CLK (sky130_fd_sc_hd__dfrtp_1)
                  0.04    0.36    0.79 v _476_/Q (sky130_fd_sc_hd__dfrtp_1)
     1    0.00                           u_sort.bucket_counter[1] (net)
                  0.04    0.00    0.79 v _218_/A (sky130_fd_sc_hd__clkbuf_4)
                  0.10    0.20    0.99 v _218_/X (sky130_fd_sc_hd__clkbuf_4)
    10    0.04                           _071_ (net)
                  0.10    0.00    0.99 v _232_/B (sky130_fd_sc_hd__xnor2_1)
                  0.06    0.16    1.15 v _232_/Y (sky130_fd_sc_hd__xnor2_1)
     2    0.00                           _085_ (net)
                  0.06    0.00    1.15 v _234_/C (sky130_fd_sc_hd__and4_1)
                  0.07    0.24    1.39 v _234_/X (sky130_fd_sc_hd__and4_1)
     4    0.01                           _087_ (net)
                  0.07    0.00    1.39 v _255_/A_N (sky130_fd_sc_hd__nand3b_1)
                  0.12    0.21    1.60 v _255_/Y (sky130_fd_sc_hd__nand3b_1)
     3    0.01                           _107_ (net)
                  0.12    0.00    1.60 v _406_/A2 (sky130_fd_sc_hd__o21ai_1)
                  0.11    0.15    1.75 ^ _406_/Y (sky130_fd_sc_hd__o21ai_1)
     1    0.00                           _202_ (net)
                  0.11    0.00    1.75 ^ _407_/B (sky130_fd_sc_hd__nand2_1)
                  0.04    0.07    1.82 v _407_/Y (sky130_fd_sc_hd__nand2_1)
     1    0.00                           _058_ (net)
                  0.04    0.00    1.82 v _480_/D (sky130_fd_sc_hd__dfrtp_1)
                                  1.82   data arrival time

                         25.00   25.00   clock clk (rise edge)
                          0.00   25.00   clock source latency
                  0.10    0.06   25.06 ^ clk (in)
     1    0.02                           clk (net)
                  0.10    0.00   25.06 ^ clkbuf_0_clk/A (sky130_fd_sc_hd__clkbuf_16)
                  0.10    0.18   25.24 ^ clkbuf_0_clk/X (sky130_fd_sc_hd__clkbuf_16)
     8    0.08                           clknet_0_clk (net)
                  0.10    0.00   25.25 ^ clkbuf_3_5__f_clk/A (sky130_fd_sc_hd__clkbuf_16)
                  0.04    0.14   25.38 ^ clkbuf_3_5__f_clk/X (sky130_fd_sc_hd__clkbuf_16)
     7    0.02                           clknet_3_5__leaf_clk (net)
                  0.04    0.00   25.39 ^ _480_/CLK (sky130_fd_sc_hd__dfrtp_1)
                         -0.25   25.14   clock uncertainty
                          0.03   25.16   clock reconvergence pessimism
                         -0.11   25.05   library setup time
                                 25.05   data required time
-----------------------------------------------------------------------------
                                 25.05   data required time
                                 -1.82   data arrival time
-----------------------------------------------------------------------------
                                 23.23   slack (MET)


Startpoint: _450_ (rising edge-triggered flip-flop clocked by clk)
Endpoint: _456_ (rising edge-triggered flip-flop clocked by clk)
Path Group: clk
Path Type: max

Fanout     Cap    Slew   Delay    Time   Description
-----------------------------------------------------------------------------
                          0.00    0.00   clock clk (rise edge)
                          0.00    0.00   clock source latency
                  0.10    0.07    0.07 ^ clk (in)
     1    0.02                           clk (net)
                  0.10    0.00    0.07 ^ clkbuf_0_clk/A (sky130_fd_sc_hd__clkbuf_16)
                  0.10    0.20    0.27 ^ clkbuf_0_clk/X (sky130_fd_sc_hd__clkbuf_16)
     8    0.08                           clknet_0_clk (net)
                  0.10    0.00    0.27 ^ clkbuf_3_3__f_clk/A (sky130_fd_sc_hd__clkbuf_16)
                  0.05    0.16    0.43 ^ clkbuf_3_3__f_clk/X (sky130_fd_sc_hd__clkbuf_16)
    10    0.03                           clknet_3_3__leaf_clk (net)
                  0.05    0.00    0.44 ^ _450_/CLK (sky130_fd_sc_hd__dfrtp_1)
                  0.04    0.37    0.81 v _450_/Q (sky130_fd_sc_hd__dfrtp_1)
     1    0.00                           u_am3.b_i[0] (net)
                  0.04    0.00    0.81 v hold34/A (sky130_fd_sc_hd__dlygate4sd3_1)
                  0.07    0.60    1.41 v hold34/X (sky130_fd_sc_hd__dlygate4sd3_1)
     2    0.01                           net60 (net)
                  0.07    0.00    1.41 v _352_/A1 (sky130_fd_sc_hd__mux2_1)
                  0.06    0.32    1.73 v _352_/X (sky130_fd_sc_hd__mux2_1)
     1    0.00                           _170_ (net)
                  0.06    0.00    1.73 v _353_/A (sky130_fd_sc_hd__clkbuf_1)
                  0.02    0.09    1.82 v _353_/X (sky130_fd_sc_hd__clkbuf_1)
     1    0.00                           _036_ (net)
                  0.02    0.00    1.82 v _456_/D (sky130_fd_sc_hd__dfrtp_1)
                                  1.82   data arrival time

                         25.00   25.00   clock clk (rise edge)
                          0.00   25.00   clock source latency
                  0.10    0.06   25.06 ^ clk (in)
     1    0.02                           clk (net)
                  0.10    0.00   25.06 ^ clkbuf_0_clk/A (sky130_fd_sc_hd__clkbuf_16)
                  0.10    0.18   25.24 ^ clkbuf_0_clk/X (sky130_fd_sc_hd__clkbuf_16)
     8    0.08                           clknet_0_clk (net)
                  0.10    0.00   25.25 ^ clkbuf_3_6__f_clk/A (sky130_fd_sc_hd__clkbuf_16)
                  0.04    0.14   25.38 ^ clkbuf_3_6__f_clk/X (sky130_fd_sc_hd__clkbuf_16)
     6    0.02                           clknet_3_6__leaf_clk (net)
                  0.04    0.00   25.38 ^ _456_/CLK (sky130_fd_sc_hd__dfrtp_1)
                         -0.25   25.13   clock uncertainty
                          0.03   25.16   clock reconvergence pessimism
                         -0.11   25.05   library setup time
                                 25.05   data required time
-----------------------------------------------------------------------------
                                 25.05   data required time
                                 -1.82   data arrival time
-----------------------------------------------------------------------------
                                 23.23   slack (MET)


Startpoint: _423_ (rising edge-triggered flip-flop clocked by clk)
Endpoint: _453_ (rising edge-triggered flip-flop clocked by clk)
Path Group: clk
Path Type: max

Fanout     Cap    Slew   Delay    Time   Description
-----------------------------------------------------------------------------
                          0.00    0.00   clock clk (rise edge)
                          0.00    0.00   clock source latency
                  0.10    0.07    0.07 ^ clk (in)
     1    0.02                           clk (net)
                  0.10    0.00    0.07 ^ clkbuf_0_clk/A (sky130_fd_sc_hd__clkbuf_16)
                  0.10    0.20    0.27 ^ clkbuf_0_clk/X (sky130_fd_sc_hd__clkbuf_16)
     8    0.08                           clknet_0_clk (net)
                  0.10    0.00    0.27 ^ clkbuf_3_3__f_clk/A (sky130_fd_sc_hd__clkbuf_16)
                  0.05    0.16    0.43 ^ clkbuf_3_3__f_clk/X (sky130_fd_sc_hd__clkbuf_16)
    10    0.03                           clknet_3_3__leaf_clk (net)
                  0.05    0.00    0.44 ^ _423_/CLK (sky130_fd_sc_hd__dfrtp_1)
                  0.04    0.37    0.81 v _423_/Q (sky130_fd_sc_hd__dfrtp_1)
     1    0.00                           u_am4.b_i[0] (net)
                  0.04    0.00    0.81 v hold38/A (sky130_fd_sc_hd__dlygate4sd3_1)
                  0.07    0.60    1.42 v hold38/X (sky130_fd_sc_hd__dlygate4sd3_1)
     2    0.01                           net64 (net)
                  0.07    0.00    1.42 v _346_/A1 (sky130_fd_sc_hd__mux2_1)
                  0.05    0.31    1.73 v _346_/X (sky130_fd_sc_hd__mux2_1)
     1    0.00                           _167_ (net)
                  0.05    0.00    1.73 v _347_/A (sky130_fd_sc_hd__clkbuf_1)
                  0.02    0.09    1.82 v _347_/X (sky130_fd_sc_hd__clkbuf_1)
     1    0.00                           _033_ (net)
                  0.02    0.00    1.82 v _453_/D (sky130_fd_sc_hd__dfrtp_1)
                                  1.82   data arrival time

                         25.00   25.00   clock clk (rise edge)
                          0.00   25.00   clock source latency
                  0.10    0.06   25.06 ^ clk (in)
     1    0.02                           clk (net)
                  0.10    0.00   25.06 ^ clkbuf_0_clk/A (sky130_fd_sc_hd__clkbuf_16)
                  0.10    0.18   25.24 ^ clkbuf_0_clk/X (sky130_fd_sc_hd__clkbuf_16)
     8    0.08                           clknet_0_clk (net)
                  0.10    0.00   25.25 ^ clkbuf_3_6__f_clk/A (sky130_fd_sc_hd__clkbuf_16)
                  0.04    0.14   25.38 ^ clkbuf_3_6__f_clk/X (sky130_fd_sc_hd__clkbuf_16)
     6    0.02                           clknet_3_6__leaf_clk (net)
                  0.04    0.00   25.38 ^ _453_/CLK (sky130_fd_sc_hd__dfrtp_1)
                         -0.25   25.13   clock uncertainty
                          0.03   25.16   clock reconvergence pessimism
                         -0.11   25.06   library setup time
                                 25.06   data required time
-----------------------------------------------------------------------------
                                 25.06   data required time
                                 -1.82   data arrival time
-----------------------------------------------------------------------------
                                 23.24   slack (MET)


Startpoint: _444_ (rising edge-triggered flip-flop clocked by clk)
Endpoint: _459_ (rising edge-triggered flip-flop clocked by clk)
Path Group: clk
Path Type: max

Fanout     Cap    Slew   Delay    Time   Description
-----------------------------------------------------------------------------
                          0.00    0.00   clock clk (rise edge)
                          0.00    0.00   clock source latency
                  0.10    0.07    0.07 ^ clk (in)
     1    0.02                           clk (net)
                  0.10    0.00    0.07 ^ clkbuf_0_clk/A (sky130_fd_sc_hd__clkbuf_16)
                  0.10    0.20    0.27 ^ clkbuf_0_clk/X (sky130_fd_sc_hd__clkbuf_16)
     8    0.08                           clknet_0_clk (net)
                  0.10    0.00    0.27 ^ clkbuf_3_0__f_clk/A (sky130_fd_sc_hd__clkbuf_16)
                  0.06    0.17    0.44 ^ clkbuf_3_0__f_clk/X (sky130_fd_sc_hd__clkbuf_16)
    12    0.04                           clknet_3_0__leaf_clk (net)
                  0.06    0.00    0.44 ^ _444_/CLK (sky130_fd_sc_hd__dfrtp_1)
                  0.03    0.37    0.81 v _444_/Q (sky130_fd_sc_hd__dfrtp_1)
     1    0.00                           u_am2.b_i[0] (net)
                  0.03    0.00    0.81 v hold24/A (sky130_fd_sc_hd__dlygate4sd3_1)
                  0.07    0.59    1.40 v hold24/X (sky130_fd_sc_hd__dlygate4sd3_1)
     2    0.01                           net50 (net)
                  0.07    0.00    1.40 v _358_/A1 (sky130_fd_sc_hd__mux2_1)
                  0.05    0.30    1.71 v _358_/X (sky130_fd_sc_hd__mux2_1)
     1    0.00                           _173_ (net)
                  0.05    0.00    1.71 v _359_/A (sky130_fd_sc_hd__clkbuf_1)
                  0.03    0.09    1.80 v _359_/X (sky130_fd_sc_hd__clkbuf_1)
     1    0.00                           _039_ (net)
                  0.03    0.00    1.80 v _459_/D (sky130_fd_sc_hd__dfrtp_1)
                                  1.80   data arrival time

                         25.00   25.00   clock clk (rise edge)
                          0.00   25.00   clock source latency
                  0.10    0.06   25.06 ^ clk (in)
     1    0.02                           clk (net)
                  0.10    0.00   25.06 ^ clkbuf_0_clk/A (sky130_fd_sc_hd__clkbuf_16)
                  0.10    0.18   25.24 ^ clkbuf_0_clk/X (sky130_fd_sc_hd__clkbuf_16)
     8    0.08                           clknet_0_clk (net)
                  0.10    0.00   25.25 ^ clkbuf_3_1__f_clk/A (sky130_fd_sc_hd__clkbuf_16)
                  0.04    0.14   25.39 ^ clkbuf_3_1__f_clk/X (sky130_fd_sc_hd__clkbuf_16)
     7    0.02                           clknet_3_1__leaf_clk (net)
                  0.04    0.00   25.39 ^ _459_/CLK (sky130_fd_sc_hd__dfrtp_1)
                         -0.25   25.14   clock uncertainty
                          0.03   25.16   clock reconvergence pessimism
                         -0.11   25.06   library setup time
                                 25.06   data required time
-----------------------------------------------------------------------------
                                 25.06   data required time
                                 -1.80   data arrival time
-----------------------------------------------------------------------------
                                 23.26   slack (MET)


Startpoint: _439_ (rising edge-triggered flip-flop clocked by clk)
Endpoint: _463_ (rising edge-triggered flip-flop clocked by clk)
Path Group: clk
Path Type: max

Fanout     Cap    Slew   Delay    Time   Description
-----------------------------------------------------------------------------
                          0.00    0.00   clock clk (rise edge)
                          0.00    0.00   clock source latency
                  0.10    0.07    0.07 ^ clk (in)
     1    0.02                           clk (net)
                  0.10    0.00    0.07 ^ clkbuf_0_clk/A (sky130_fd_sc_hd__clkbuf_16)
                  0.10    0.20    0.27 ^ clkbuf_0_clk/X (sky130_fd_sc_hd__clkbuf_16)
     8    0.08                           clknet_0_clk (net)
                  0.10    0.00    0.27 ^ clkbuf_3_0__f_clk/A (sky130_fd_sc_hd__clkbuf_16)
                  0.06    0.17    0.44 ^ clkbuf_3_0__f_clk/X (sky130_fd_sc_hd__clkbuf_16)
    12    0.04                           clknet_3_0__leaf_clk (net)
                  0.06    0.00    0.44 ^ _439_/CLK (sky130_fd_sc_hd__dfrtp_1)
                  0.04    0.37    0.81 v _439_/Q (sky130_fd_sc_hd__dfrtp_1)
     1    0.00                           u_am1.b_i[1] (net)
                  0.04    0.00    0.81 v hold22/A (sky130_fd_sc_hd__dlygate4sd3_1)
                  0.06    0.59    1.40 v hold22/X (sky130_fd_sc_hd__dlygate4sd3_1)
     2    0.00                           net48 (net)
                  0.06    0.00    1.40 v _366_/A1 (sky130_fd_sc_hd__mux2_1)
                  0.05    0.30    1.70 v _366_/X (sky130_fd_sc_hd__mux2_1)
     1    0.00                           _177_ (net)
                  0.05    0.00    1.70 v _367_/A (sky130_fd_sc_hd__clkbuf_1)
                  0.02    0.09    1.80 v _367_/X (sky130_fd_sc_hd__clkbuf_1)
     1    0.00                           _043_ (net)
                  0.02    0.00    1.80 v _463_/D (sky130_fd_sc_hd__dfrtp_1)
                                  1.80   data arrival time

                         25.00   25.00   clock clk (rise edge)
                          0.00   25.00   clock source latency
                  0.10    0.06   25.06 ^ clk (in)
     1    0.02                           clk (net)
                  0.10    0.00   25.06 ^ clkbuf_0_clk/A (sky130_fd_sc_hd__clkbuf_16)
                  0.10    0.18   25.24 ^ clkbuf_0_clk/X (sky130_fd_sc_hd__clkbuf_16)
     8    0.08                           clknet_0_clk (net)
                  0.10    0.00   25.25 ^ clkbuf_3_1__f_clk/A (sky130_fd_sc_hd__clkbuf_16)
                  0.04    0.14   25.39 ^ clkbuf_3_1__f_clk/X (sky130_fd_sc_hd__clkbuf_16)
     7    0.02                           clknet_3_1__leaf_clk (net)
                  0.04    0.00   25.39 ^ _463_/CLK (sky130_fd_sc_hd__dfrtp_1)
                         -0.25   25.14   clock uncertainty
                          0.03   25.16   clock reconvergence pessimism
                         -0.11   25.06   library setup time
                                 25.06   data required time
-----------------------------------------------------------------------------
                                 25.06   data required time
                                 -1.80   data arrival time
-----------------------------------------------------------------------------
                                 23.26   slack (MET)


Startpoint: _451_ (rising edge-triggered flip-flop clocked by clk)
Endpoint: _457_ (rising edge-triggered flip-flop clocked by clk)
Path Group: clk
Path Type: max

Fanout     Cap    Slew   Delay    Time   Description
-----------------------------------------------------------------------------
                          0.00    0.00   clock clk (rise edge)
                          0.00    0.00   clock source latency
                  0.10    0.07    0.07 ^ clk (in)
     1    0.02                           clk (net)
                  0.10    0.00    0.07 ^ clkbuf_0_clk/A (sky130_fd_sc_hd__clkbuf_16)
                  0.10    0.20    0.27 ^ clkbuf_0_clk/X (sky130_fd_sc_hd__clkbuf_16)
     8    0.08                           clknet_0_clk (net)
                  0.10    0.00    0.27 ^ clkbuf_3_2__f_clk/A (sky130_fd_sc_hd__clkbuf_16)
                  0.05    0.16    0.43 ^ clkbuf_3_2__f_clk/X (sky130_fd_sc_hd__clkbuf_16)
    10    0.03                           clknet_3_2__leaf_clk (net)
                  0.05    0.00    0.43 ^ _451_/CLK (sky130_fd_sc_hd__dfrtp_1)
                  0.04    0.37    0.81 v _451_/Q (sky130_fd_sc_hd__dfrtp_1)
     1    0.00                           u_am3.b_i[1] (net)
                  0.04    0.00    0.81 v hold10/A (sky130_fd_sc_hd__dlygate4sd3_1)
                  0.07    0.59    1.40 v hold10/X (sky130_fd_sc_hd__dlygate4sd3_1)
     2    0.01                           net36 (net)
                  0.07    0.00    1.40 v _354_/A1 (sky130_fd_sc_hd__mux2_1)
                  0.05    0.31    1.71 v _354_/X (sky130_fd_sc_hd__mux2_1)
     1    0.00                           _171_ (net)
                  0.05    0.00    1.71 v _355_/A (sky130_fd_sc_hd__clkbuf_1)
                  0.03    0.09    1.80 v _355_/X (sky130_fd_sc_hd__clkbuf_1)
     1    0.00                           _037_ (net)
                  0.03    0.00    1.80 v _457_/D (sky130_fd_sc_hd__dfrtp_1)
                                  1.80   data arrival time

                         25.00   25.00   clock clk (rise edge)
                          0.00   25.00   clock source latency
                  0.10    0.06   25.06 ^ clk (in)
     1    0.02                           clk (net)
                  0.10    0.00   25.06 ^ clkbuf_0_clk/A (sky130_fd_sc_hd__clkbuf_16)
                  0.10    0.18   25.24 ^ clkbuf_0_clk/X (sky130_fd_sc_hd__clkbuf_16)
     8    0.08                           clknet_0_clk (net)
                  0.10    0.00   25.25 ^ clkbuf_3_3__f_clk/A (sky130_fd_sc_hd__clkbuf_16)
                  0.05    0.15   25.39 ^ clkbuf_3_3__f_clk/X (sky130_fd_sc_hd__clkbuf_16)
    10    0.03                           clknet_3_3__leaf_clk (net)
                  0.05    0.00   25.39 ^ _457_/CLK (sky130_fd_sc_hd__dfrtp_1)
                         -0.25   25.14   clock uncertainty
                          0.03   25.17   clock reconvergence pessimism
                         -0.10   25.07   library setup time
                                 25.07   data required time
-----------------------------------------------------------------------------
                                 25.07   data required time
                                 -1.80   data arrival time
-----------------------------------------------------------------------------
                                 23.26   slack (MET)


Startpoint: _438_ (rising edge-triggered flip-flop clocked by clk)
Endpoint: _462_ (rising edge-triggered flip-flop clocked by clk)
Path Group: clk
Path Type: max

Fanout     Cap    Slew   Delay    Time   Description
-----------------------------------------------------------------------------
                          0.00    0.00   clock clk (rise edge)
                          0.00    0.00   clock source latency
                  0.10    0.07    0.07 ^ clk (in)
     1    0.02                           clk (net)
                  0.10    0.00    0.07 ^ clkbuf_0_clk/A (sky130_fd_sc_hd__clkbuf_16)
                  0.10    0.20    0.27 ^ clkbuf_0_clk/X (sky130_fd_sc_hd__clkbuf_16)
     8    0.08                           clknet_0_clk (net)
                  0.10    0.00    0.27 ^ clkbuf_3_1__f_clk/A (sky130_fd_sc_hd__clkbuf_16)
                  0.04    0.15    0.43 ^ clkbuf_3_1__f_clk/X (sky130_fd_sc_hd__clkbuf_16)
     7    0.02                           clknet_3_1__leaf_clk (net)
                  0.04    0.00    0.43 ^ _438_/CLK (sky130_fd_sc_hd__dfrtp_1)
                  0.04    0.37    0.79 v _438_/Q (sky130_fd_sc_hd__dfrtp_1)
     1    0.00                           u_am1.b_i[0] (net)
                  0.04    0.00    0.79 v hold13/A (sky130_fd_sc_hd__dlygate4sd3_1)
                  0.07    0.59    1.39 v hold13/X (sky130_fd_sc_hd__dlygate4sd3_1)
     2    0.01                           net39 (net)
                  0.07    0.00    1.39 v _364_/A1 (sky130_fd_sc_hd__mux2_1)
                  0.05    0.31    1.69 v _364_/X (sky130_fd_sc_hd__mux2_1)
     1    0.00                           _176_ (net)
                  0.05    0.00    1.69 v _365_/A (sky130_fd_sc_hd__clkbuf_1)
                  0.02    0.09    1.79 v _365_/X (sky130_fd_sc_hd__clkbuf_1)
     1    0.00                           _042_ (net)
                  0.02    0.00    1.79 v _462_/D (sky130_fd_sc_hd__dfrtp_1)
                                  1.79   data arrival time

                         25.00   25.00   clock clk (rise edge)
                          0.00   25.00   clock source latency
                  0.10    0.06   25.06 ^ clk (in)
     1    0.02                           clk (net)
                  0.10    0.00   25.06 ^ clkbuf_0_clk/A (sky130_fd_sc_hd__clkbuf_16)
                  0.10    0.18   25.24 ^ clkbuf_0_clk/X (sky130_fd_sc_hd__clkbuf_16)
     8    0.08                           clknet_0_clk (net)
                  0.10    0.00   25.25 ^ clkbuf_3_4__f_clk/A (sky130_fd_sc_hd__clkbuf_16)
                  0.04    0.14   25.38 ^ clkbuf_3_4__f_clk/X (sky130_fd_sc_hd__clkbuf_16)
     6    0.02                           clknet_3_4__leaf_clk (net)
                  0.04    0.00   25.38 ^ _462_/CLK (sky130_fd_sc_hd__dfrtp_1)
                         -0.25   25.13   clock uncertainty
                          0.03   25.16   clock reconvergence pessimism
                         -0.11   25.05   library setup time
                                 25.05   data required time
-----------------------------------------------------------------------------
                                 25.05   data required time
                                 -1.79   data arrival time
-----------------------------------------------------------------------------
                                 23.27   slack (MET)


Startpoint: _445_ (rising edge-triggered flip-flop clocked by clk)
Endpoint: _460_ (rising edge-triggered flip-flop clocked by clk)
Path Group: clk
Path Type: max

Fanout     Cap    Slew   Delay    Time   Description
-----------------------------------------------------------------------------
                          0.00    0.00   clock clk (rise edge)
                          0.00    0.00   clock source latency
                  0.10    0.07    0.07 ^ clk (in)
     1    0.02                           clk (net)
                  0.10    0.00    0.07 ^ clkbuf_0_clk/A (sky130_fd_sc_hd__clkbuf_16)
                  0.10    0.20    0.27 ^ clkbuf_0_clk/X (sky130_fd_sc_hd__clkbuf_16)
     8    0.08                           clknet_0_clk (net)
                  0.10    0.00    0.27 ^ clkbuf_3_3__f_clk/A (sky130_fd_sc_hd__clkbuf_16)
                  0.05    0.16    0.43 ^ clkbuf_3_3__f_clk/X (sky130_fd_sc_hd__clkbuf_16)
    10    0.03                           clknet_3_3__leaf_clk (net)
                  0.05    0.00    0.43 ^ _445_/CLK (sky130_fd_sc_hd__dfrtp_1)
                  0.04    0.37    0.80 v _445_/Q (sky130_fd_sc_hd__dfrtp_1)
     1    0.00                           u_am2.b_i[1] (net)
                  0.04    0.00    0.80 v hold37/A (sky130_fd_sc_hd__dlygate4sd3_1)
                  0.07    0.60    1.40 v hold37/X (sky130_fd_sc_hd__dlygate4sd3_1)
     2    0.01                           net63 (net)
                  0.07    0.00    1.40 v _360_/A1 (sky130_fd_sc_hd__mux2_1)
                  0.06    0.32    1.71 v _360_/X (sky130_fd_sc_hd__mux2_1)
     1    0.00                           _174_ (net)
                  0.06    0.00    1.71 v _361_/A (sky130_fd_sc_hd__clkbuf_1)
                  0.02    0.10    1.81 v _361_/X (sky130_fd_sc_hd__clkbuf_1)
     1    0.00                           _040_ (net)
                  0.02    0.00    1.81 v _460_/D (sky130_fd_sc_hd__dfrtp_1)
                                  1.81   data arrival time

                         25.00   25.00   clock clk (rise edge)
                          0.00   25.00   clock source latency
                  0.10    0.06   25.06 ^ clk (in)
     1    0.02                           clk (net)
                  0.10    0.00   25.06 ^ clkbuf_0_clk/A (sky130_fd_sc_hd__clkbuf_16)
                  0.10    0.18   25.24 ^ clkbuf_0_clk/X (sky130_fd_sc_hd__clkbuf_16)
     8    0.08                           clknet_0_clk (net)
                  0.10    0.00   25.25 ^ clkbuf_3_3__f_clk/A (sky130_fd_sc_hd__clkbuf_16)
                  0.05    0.15   25.39 ^ clkbuf_3_3__f_clk/X (sky130_fd_sc_hd__clkbuf_16)
    10    0.03                           clknet_3_3__leaf_clk (net)
                  0.05    0.00   25.39 ^ _460_/CLK (sky130_fd_sc_hd__dfrtp_1)
                         -0.25   25.14   clock uncertainty
                          0.04   25.19   clock reconvergence pessimism
                         -0.10   25.08   library setup time
                                 25.08   data required time
-----------------------------------------------------------------------------
                                 25.08   data required time
                                 -1.81   data arrival time
-----------------------------------------------------------------------------
                                 23.27   slack (MET)


Startpoint: _461_ (rising edge-triggered flip-flop clocked by clk)
Endpoint: _461_ (rising edge-triggered flip-flop clocked by clk)
Path Group: clk
Path Type: max

Fanout     Cap    Slew   Delay    Time   Description
-----------------------------------------------------------------------------
                          0.00    0.00   clock clk (rise edge)
                          0.00    0.00   clock source latency
                  0.10    0.07    0.07 ^ clk (in)
     1    0.02                           clk (net)
                  0.10    0.00    0.07 ^ clkbuf_0_clk/A (sky130_fd_sc_hd__clkbuf_16)
                  0.10    0.20    0.27 ^ clkbuf_0_clk/X (sky130_fd_sc_hd__clkbuf_16)
     8    0.08                           clknet_0_clk (net)
                  0.10    0.00    0.27 ^ clkbuf_3_3__f_clk/A (sky130_fd_sc_hd__clkbuf_16)
                  0.05    0.16    0.43 ^ clkbuf_3_3__f_clk/X (sky130_fd_sc_hd__clkbuf_16)
    10    0.03                           clknet_3_3__leaf_clk (net)
                  0.05    0.00    0.44 ^ _461_/CLK (sky130_fd_sc_hd__dfrtp_1)
                  0.06    0.40    0.83 v _461_/Q (sky130_fd_sc_hd__dfrtp_1)
     2    0.01                           u_sort.bucket_reg[2][2] (net)
                  0.06    0.00    0.83 v hold25/A (sky130_fd_sc_hd__dlygate4sd3_1)
                  0.05    0.58    1.41 v hold25/X (sky130_fd_sc_hd__dlygate4sd3_1)
     1    0.00                           net51 (net)
                  0.05    0.00    1.41 v _362_/A0 (sky130_fd_sc_hd__mux2_1)
                  0.05    0.29    1.70 v _362_/X (sky130_fd_sc_hd__mux2_1)
     1    0.00                           _175_ (net)
                  0.05    0.00    1.70 v _363_/A (sky130_fd_sc_hd__clkbuf_1)
                  0.02    0.09    1.79 v _363_/X (sky130_fd_sc_hd__clkbuf_1)
     1    0.00                           _041_ (net)
                  0.02    0.00    1.79 v _461_/D (sky130_fd_sc_hd__dfrtp_1)
                                  1.79   data arrival time

                         25.00   25.00   clock clk (rise edge)
                          0.00   25.00   clock source latency
                  0.10    0.06   25.06 ^ clk (in)
     1    0.02                           clk (net)
                  0.10    0.00   25.06 ^ clkbuf_0_clk/A (sky130_fd_sc_hd__clkbuf_16)
                  0.10    0.18   25.24 ^ clkbuf_0_clk/X (sky130_fd_sc_hd__clkbuf_16)
     8    0.08                           clknet_0_clk (net)
                  0.10    0.00   25.25 ^ clkbuf_3_3__f_clk/A (sky130_fd_sc_hd__clkbuf_16)
                  0.05    0.15   25.39 ^ clkbuf_3_3__f_clk/X (sky130_fd_sc_hd__clkbuf_16)
    10    0.03                           clknet_3_3__leaf_clk (net)
                  0.05    0.00   25.39 ^ _461_/CLK (sky130_fd_sc_hd__dfrtp_1)
                         -0.25   25.14   clock uncertainty
                          0.04   25.19   clock reconvergence pessimism
                         -0.10   25.08   library setup time
                                 25.08   data required time
-----------------------------------------------------------------------------
                                 25.08   data required time
                                 -1.79   data arrival time
-----------------------------------------------------------------------------
                                 23.29   slack (MET)


Startpoint: _479_ (rising edge-triggered flip-flop clocked by clk)
Endpoint: _479_ (rising edge-triggered flip-flop clocked by clk)
Path Group: clk
Path Type: max

Fanout     Cap    Slew   Delay    Time   Description
-----------------------------------------------------------------------------
                          0.00    0.00   clock clk (rise edge)
                          0.00    0.00   clock source latency
                  0.10    0.07    0.07 ^ clk (in)
     1    0.02                           clk (net)
                  0.10    0.00    0.07 ^ clkbuf_0_clk/A (sky130_fd_sc_hd__clkbuf_16)
                  0.10    0.20    0.27 ^ clkbuf_0_clk/X (sky130_fd_sc_hd__clkbuf_16)
     8    0.08                           clknet_0_clk (net)
                  0.10    0.00    0.27 ^ clkbuf_3_5__f_clk/A (sky130_fd_sc_hd__clkbuf_16)
                  0.04    0.15    0.43 ^ clkbuf_3_5__f_clk/X (sky130_fd_sc_hd__clkbuf_16)
     7    0.02                           clknet_3_5__leaf_clk (net)
                  0.04    0.00    0.43 ^ _479_/CLK (sky130_fd_sc_hd__dfrtp_1)
                  0.06    0.39    0.82 v _479_/Q (sky130_fd_sc_hd__dfrtp_1)
     3    0.01                           u_sort.valid_reg[0] (net)
                  0.06    0.00    0.82 v hold6/A (sky130_fd_sc_hd__dlygate4sd3_1)
                  0.05    0.58    1.40 v hold6/X (sky130_fd_sc_hd__dlygate4sd3_1)
     1    0.00                           net32 (net)
                  0.05    0.00    1.40 v _404_/B1 (sky130_fd_sc_hd__o21ai_1)
                  0.10    0.07    1.47 ^ _404_/Y (sky130_fd_sc_hd__o21ai_1)
     1    0.00                           _201_ (net)
                  0.10    0.00    1.47 ^ _405_/B (sky130_fd_sc_hd__nand2_1)
                  0.04    0.07    1.54 v _405_/Y (sky130_fd_sc_hd__nand2_1)
     1    0.00                           _057_ (net)
                  0.04    0.00    1.54 v _479_/D (sky130_fd_sc_hd__dfrtp_1)
                                  1.54   data arrival time

                         25.00   25.00   clock clk (rise edge)
                          0.00   25.00   clock source latency
                  0.10    0.06   25.06 ^ clk (in)
     1    0.02                           clk (net)
                  0.10    0.00   25.06 ^ clkbuf_0_clk/A (sky130_fd_sc_hd__clkbuf_16)
                  0.10    0.18   25.24 ^ clkbuf_0_clk/X (sky130_fd_sc_hd__clkbuf_16)
     8    0.08                           clknet_0_clk (net)
                  0.10    0.00   25.25 ^ clkbuf_3_5__f_clk/A (sky130_fd_sc_hd__clkbuf_16)
                  0.04    0.14   25.38 ^ clkbuf_3_5__f_clk/X (sky130_fd_sc_hd__clkbuf_16)
     7    0.02                           clknet_3_5__leaf_clk (net)
                  0.04    0.00   25.39 ^ _479_/CLK (sky130_fd_sc_hd__dfrtp_1)
                         -0.25   25.14   clock uncertainty
                          0.04   25.18   clock reconvergence pessimism
                         -0.11   25.06   library setup time
                                 25.06   data required time
-----------------------------------------------------------------------------
                                 25.06   data required time
                                 -1.54   data arrival time
-----------------------------------------------------------------------------
                                 23.52   slack (MET)



max_report_end
checks_report

===========================================================================
report_checks -unconstrained
===========================================================================
======================= Typical Corner ===================================

Startpoint: rst_n (input port clocked by clk)
Endpoint: _475_ (recovery check against rising-edge clock clk)
Path Group: asynchronous
Path Type: max

Fanout     Cap    Slew   Delay    Time   Description
-----------------------------------------------------------------------------
                          0.00    0.00   clock clk (rise edge)
                          0.00    0.00   clock network delay (propagated)
                          5.00    5.00 ^ input external delay
                  0.05    0.04    5.04 ^ rst_n (in)
     1    0.01                           rst_n (net)
                  0.05    0.00    5.04 ^ input17/A (sky130_fd_sc_hd__buf_12)
                  0.36    0.32    5.36 ^ input17/X (sky130_fd_sc_hd__buf_12)
    65    0.32                           net17 (net)
                  0.37    0.05    5.41 ^ _475_/RESET_B (sky130_fd_sc_hd__dfrtp_4)
                                  5.41   data arrival time

                         25.00   25.00   clock clk (rise edge)
                          0.00   25.00   clock source latency
                  0.10    0.06   25.06 ^ clk (in)
     1    0.02                           clk (net)
                  0.10    0.00   25.06 ^ clkbuf_0_clk/A (sky130_fd_sc_hd__clkbuf_16)
                  0.10    0.18   25.24 ^ clkbuf_0_clk/X (sky130_fd_sc_hd__clkbuf_16)
     8    0.08                           clknet_0_clk (net)
                  0.10    0.00   25.25 ^ clkbuf_3_7__f_clk/A (sky130_fd_sc_hd__clkbuf_16)
                  0.04    0.14   25.38 ^ clkbuf_3_7__f_clk/X (sky130_fd_sc_hd__clkbuf_16)
     7    0.02                           clknet_3_7__leaf_clk (net)
                  0.04    0.00   25.38 ^ _475_/CLK (sky130_fd_sc_hd__dfrtp_4)
                         -0.25   25.13   clock uncertainty
                          0.00   25.13   clock reconvergence pessimism
                          0.11   25.24   library recovery time
                                 25.24   data required time
-----------------------------------------------------------------------------
                                 25.24   data required time
                                 -5.41   data arrival time
-----------------------------------------------------------------------------
                                 19.83   slack (MET)


Startpoint: _472_ (rising edge-triggered flip-flop clocked by clk)
Endpoint: o_index[0] (output port clocked by clk)
Path Group: clk
Path Type: max

Fanout     Cap    Slew   Delay    Time   Description
-----------------------------------------------------------------------------
                          0.00    0.00   clock clk (rise edge)
                          0.00    0.00   clock source latency
                  0.10    0.07    0.07 ^ clk (in)
     1    0.02                           clk (net)
                  0.10    0.00    0.07 ^ clkbuf_0_clk/A (sky130_fd_sc_hd__clkbuf_16)
                  0.10    0.20    0.27 ^ clkbuf_0_clk/X (sky130_fd_sc_hd__clkbuf_16)
     8    0.08                           clknet_0_clk (net)
                  0.10    0.00    0.27 ^ clkbuf_3_5__f_clk/A (sky130_fd_sc_hd__clkbuf_16)
                  0.04    0.15    0.43 ^ clkbuf_3_5__f_clk/X (sky130_fd_sc_hd__clkbuf_16)
     7    0.02                           clknet_3_5__leaf_clk (net)
                  0.04    0.00    0.43 ^ _472_/CLK (sky130_fd_sc_hd__dfrtp_1)
                  0.05    0.39    0.82 v _472_/Q (sky130_fd_sc_hd__dfrtp_1)
     2    0.01                           net21 (net)
                  0.05    0.00    0.82 v output21/A (sky130_fd_sc_hd__clkbuf_4)
                  0.08    0.20    1.01 v output21/X (sky130_fd_sc_hd__clkbuf_4)
     1    0.03                           o_index[0] (net)
                  0.08    0.00    1.01 v o_index[0] (out)
                                  1.01   data arrival time

                         25.00   25.00   clock clk (rise edge)
                          0.00   25.00   clock network delay (propagated)
                         -0.25   24.75   clock uncertainty
                          0.00   24.75   clock reconvergence pessimism
                         -5.00   19.75   output external delay
                                 19.75   data required time
-----------------------------------------------------------------------------
                                 19.75   data required time
                                 -1.01   data arrival time
-----------------------------------------------------------------------------
                                 18.74   slack (MET)




===========================================================================
report_checks --slack_max -0.01
============================================================================
======================= Typical Corner ===================================

No paths found.


===========================================================================
 report_check_types -max_slew -max_cap -max_fanout -violators
============================================================================
======================= Typical Corner ===================================



===========================================================================
report_parasitic_annotation -report_unannotated
============================================================================
Found 0 unannotated drivers.
Found 0 partially unannotated drivers.

===========================================================================
max slew violation count 0
max fanout violation count 0
max cap violation count 0
============================================================================

===========================================================================
check_setup -verbose -unconstrained_endpoints -multiple_clock -no_clock -no_input_delay -loops -generated_clocks
===========================================================================
checks_report_end
power_report

===========================================================================
 report_power
============================================================================
======================= Typical Corner ===================================

Group                  Internal  Switching    Leakage      Total
                          Power      Power      Power      Power (Watts)
----------------------------------------------------------------
Sequential             1.48e-04   2.94e-05   7.54e-10   1.77e-04  32.2%
Combinational          2.18e-04   1.54e-04   1.91e-09   3.73e-04  67.8%
Macro                  0.00e+00   0.00e+00   0.00e+00   0.00e+00   0.0%
Pad                    0.00e+00   0.00e+00   0.00e+00   0.00e+00   0.0%
----------------------------------------------------------------
Total                  3.66e-04   1.84e-04   2.67e-09   5.50e-04 100.0%
                          66.6%      33.4%       0.0%

power_report_end
skew_report

===========================================================================
report_clock_skew
============================================================================
Clock clk
Latency      CRPR       Skew
_422_/CLK ^
   0.44
_483_/CLK ^
   0.38     -0.03       0.03

skew_report_end
summary_report

===========================================================================
report_tns
============================================================================
tns 0.00

===========================================================================
report_wns
============================================================================
wns 0.00

===========================================================================
report_worst_slack -max (Setup)
============================================================================
worst slack 18.74

===========================================================================
report_worst_slack -min (Hold)
============================================================================
worst slack 0.31
summary_report_end
[WARNING] Did not save OpenROAD database!
Writing SDF to '/openlane/designs/Reformer/runs/MS3/results/routing/mca/process_corner_nom/top.sdf'…
Writing timing model to '/openlane/designs/Reformer/runs/MS3/results/routing/mca/process_corner_nom/top.lib'…
