
Circuit 1 cell sky130_fd_pr__nfet_01v8 and Circuit 2 cell sky130_fd_pr__nfet_01v8 are black boxes.
Warning: Equate pins:  cell sky130_fd_pr__nfet_01v8 is a placeholder, treated as a black box.
Warning: Equate pins:  cell sky130_fd_pr__nfet_01v8 is a placeholder, treated as a black box.

Subcircuit pins:
Circuit 1: sky130_fd_pr__nfet_01v8         |Circuit 2: sky130_fd_pr__nfet_01v8         
-------------------------------------------|-------------------------------------------
1                                          |1                                          
2                                          |2                                          
3                                          |3                                          
4                                          |4                                          
---------------------------------------------------------------------------------------
Cell pin lists are equivalent.
Device classes sky130_fd_pr__nfet_01v8 and sky130_fd_pr__nfet_01v8 are equivalent.

Circuit 1 cell sky130_fd_pr__special_nfet_01v8 and Circuit 2 cell sky130_fd_pr__special_nfet_01v8 are black boxes.
Warning: Equate pins:  cell sky130_fd_pr__special_nfet_01v8 is a placeholder, treated as a black box.
Warning: Equate pins:  cell sky130_fd_pr__special_nfet_01v8 is a placeholder, treated as a black box.

Subcircuit pins:
Circuit 1: sky130_fd_pr__special_nfet_01v8 |Circuit 2: sky130_fd_pr__special_nfet_01v8 
-------------------------------------------|-------------------------------------------
1                                          |1                                          
2                                          |2                                          
3                                          |3                                          
4                                          |4                                          
---------------------------------------------------------------------------------------
Cell pin lists are equivalent.
Device classes sky130_fd_pr__special_nfet_01v8 and sky130_fd_pr__special_nfet_01v8 are equivalent.

Circuit 1 cell sky130_fd_pr__pfet_01v8_hvt and Circuit 2 cell sky130_fd_pr__pfet_01v8_hvt are black boxes.
Warning: Equate pins:  cell sky130_fd_pr__pfet_01v8_hvt is a placeholder, treated as a black box.
Warning: Equate pins:  cell sky130_fd_pr__pfet_01v8_hvt is a placeholder, treated as a black box.

Subcircuit pins:
Circuit 1: sky130_fd_pr__pfet_01v8_hvt     |Circuit 2: sky130_fd_pr__pfet_01v8_hvt     
-------------------------------------------|-------------------------------------------
1                                          |1                                          
2                                          |2                                          
3                                          |3                                          
4                                          |4                                          
---------------------------------------------------------------------------------------
Cell pin lists are equivalent.
Device classes sky130_fd_pr__pfet_01v8_hvt and sky130_fd_pr__pfet_01v8_hvt are equivalent.

Subcircuit summary:
Circuit 1: sky130_fd_sc_hd__dfrtp_1        |Circuit 2: sky130_fd_sc_hd__dfrtp_1        
-------------------------------------------|-------------------------------------------
sky130_fd_pr__nfet_01v8 (10)               |sky130_fd_pr__nfet_01v8 (10)               
sky130_fd_pr__special_nfet_01v8 (4)        |sky130_fd_pr__special_nfet_01v8 (4)        
sky130_fd_pr__pfet_01v8_hvt (14)           |sky130_fd_pr__pfet_01v8_hvt (14)           
Number of devices: 28                      |Number of devices: 28                      
Number of nets: 21                         |Number of nets: 21                         
---------------------------------------------------------------------------------------
Netlists match uniquely.

Subcircuit pins:
Circuit 1: sky130_fd_sc_hd__dfrtp_1        |Circuit 2: sky130_fd_sc_hd__dfrtp_1        
-------------------------------------------|-------------------------------------------
VPWR                                       |VPWR                                       
RESET_B                                    |RESET_B                                    
VGND                                       |VGND                                       
VPB                                        |VPB                                        
VNB                                        |VNB                                        
D                                          |D                                          
Q                                          |Q                                          
CLK                                        |CLK                                        
---------------------------------------------------------------------------------------
Cell pin lists are equivalent.
Device classes sky130_fd_sc_hd__dfrtp_1 and sky130_fd_sc_hd__dfrtp_1 are equivalent.

Subcircuit summary:
Circuit 1: sky130_fd_sc_hd__a21o_1         |Circuit 2: sky130_fd_sc_hd__a21o_1         
-------------------------------------------|-------------------------------------------
sky130_fd_pr__nfet_01v8 (4)                |sky130_fd_pr__nfet_01v8 (4)                
sky130_fd_pr__pfet_01v8_hvt (4)            |sky130_fd_pr__pfet_01v8_hvt (4)            
Number of devices: 8                       |Number of devices: 8                       
Number of nets: 11                         |Number of nets: 11                         
---------------------------------------------------------------------------------------
Netlists match uniquely.

Subcircuit pins:
Circuit 1: sky130_fd_sc_hd__a21o_1         |Circuit 2: sky130_fd_sc_hd__a21o_1         
-------------------------------------------|-------------------------------------------
VNB                                        |VNB                                        
VPB                                        |VPB                                        
VGND                                       |VGND                                       
VPWR                                       |VPWR                                       
A2                                         |A2                                         
X                                          |X                                          
B1                                         |B1                                         
A1                                         |A1                                         
---------------------------------------------------------------------------------------
Cell pin lists are equivalent.
Device classes sky130_fd_sc_hd__a21o_1 and sky130_fd_sc_hd__a21o_1 are equivalent.

Subcircuit summary:
Circuit 1: sky130_fd_sc_hd__clkbuf_1       |Circuit 2: sky130_fd_sc_hd__clkbuf_1       
-------------------------------------------|-------------------------------------------
sky130_fd_pr__pfet_01v8_hvt (2)            |sky130_fd_pr__pfet_01v8_hvt (2)            
sky130_fd_pr__nfet_01v8 (2)                |sky130_fd_pr__nfet_01v8 (2)                
Number of devices: 4                       |Number of devices: 4                       
Number of nets: 7                          |Number of nets: 7                          
---------------------------------------------------------------------------------------
Netlists match uniquely.

Subcircuit pins:
Circuit 1: sky130_fd_sc_hd__clkbuf_1       |Circuit 2: sky130_fd_sc_hd__clkbuf_1       
-------------------------------------------|-------------------------------------------
VGND                                       |VGND                                       
A                                          |A                                          
VNB                                        |VNB                                        
X                                          |X                                          
VPWR                                       |VPWR                                       
VPB                                        |VPB                                        
---------------------------------------------------------------------------------------
Cell pin lists are equivalent.
Device classes sky130_fd_sc_hd__clkbuf_1 and sky130_fd_sc_hd__clkbuf_1 are equivalent.

Subcircuit summary:
Circuit 1: sky130_fd_sc_hd__decap_4        |Circuit 2: sky130_fd_sc_hd__decap_4        
-------------------------------------------|-------------------------------------------
sky130_fd_pr__pfet_01v8_hvt (1)            |sky130_fd_pr__pfet_01v8_hvt (1)            
sky130_fd_pr__nfet_01v8 (1)                |sky130_fd_pr__nfet_01v8 (1)                
Number of devices: 2                       |Number of devices: 2                       
Number of nets: 4                          |Number of nets: 4                          
---------------------------------------------------------------------------------------
Netlists match uniquely.

Subcircuit pins:
Circuit 1: sky130_fd_sc_hd__decap_4        |Circuit 2: sky130_fd_sc_hd__decap_4        
-------------------------------------------|-------------------------------------------
VPB                                        |VPB                                        
VNB                                        |VNB                                        
VPWR                                       |VPWR                                       
VGND                                       |VGND                                       
---------------------------------------------------------------------------------------
Cell pin lists are equivalent.
Device classes sky130_fd_sc_hd__decap_4 and sky130_fd_sc_hd__decap_4 are equivalent.

Subcircuit summary:
Circuit 1: sky130_fd_sc_hd__decap_8        |Circuit 2: sky130_fd_sc_hd__decap_8        
-------------------------------------------|-------------------------------------------
sky130_fd_pr__pfet_01v8_hvt (1)            |sky130_fd_pr__pfet_01v8_hvt (1)            
sky130_fd_pr__nfet_01v8 (1)                |sky130_fd_pr__nfet_01v8 (1)                
Number of devices: 2                       |Number of devices: 2                       
Number of nets: 4                          |Number of nets: 4                          
---------------------------------------------------------------------------------------
Netlists match uniquely.

Subcircuit pins:
Circuit 1: sky130_fd_sc_hd__decap_8        |Circuit 2: sky130_fd_sc_hd__decap_8        
-------------------------------------------|-------------------------------------------
VPB                                        |VPB                                        
VNB                                        |VNB                                        
VPWR                                       |VPWR                                       
VGND                                       |VGND                                       
---------------------------------------------------------------------------------------
Cell pin lists are equivalent.
Device classes sky130_fd_sc_hd__decap_8 and sky130_fd_sc_hd__decap_8 are equivalent.

Subcircuit summary:
Circuit 1: sky130_fd_sc_hd__or2_1          |Circuit 2: sky130_fd_sc_hd__or2_1          
-------------------------------------------|-------------------------------------------
sky130_fd_pr__nfet_01v8 (3)                |sky130_fd_pr__nfet_01v8 (3)                
sky130_fd_pr__pfet_01v8_hvt (3)            |sky130_fd_pr__pfet_01v8_hvt (3)            
Number of devices: 6                       |Number of devices: 6                       
Number of nets: 9                          |Number of nets: 9                          
---------------------------------------------------------------------------------------
Netlists match uniquely.

Subcircuit pins:
Circuit 1: sky130_fd_sc_hd__or2_1          |Circuit 2: sky130_fd_sc_hd__or2_1          
-------------------------------------------|-------------------------------------------
A                                          |A                                          
VPWR                                       |VPWR                                       
X                                          |X                                          
B                                          |B                                          
VPB                                        |VPB                                        
VGND                                       |VGND                                       
VNB                                        |VNB                                        
---------------------------------------------------------------------------------------
Cell pin lists are equivalent.
Device classes sky130_fd_sc_hd__or2_1 and sky130_fd_sc_hd__or2_1 are equivalent.

Subcircuit summary:
Circuit 1: sky130_fd_sc_hd__mux2_1         |Circuit 2: sky130_fd_sc_hd__mux2_1         
-------------------------------------------|-------------------------------------------
sky130_fd_pr__pfet_01v8_hvt (6)            |sky130_fd_pr__pfet_01v8_hvt (6)            
sky130_fd_pr__nfet_01v8 (6)                |sky130_fd_pr__nfet_01v8 (6)                
Number of devices: 12                      |Number of devices: 12                      
Number of nets: 14                         |Number of nets: 14                         
---------------------------------------------------------------------------------------
Netlists match uniquely.

Subcircuit pins:
Circuit 1: sky130_fd_sc_hd__mux2_1         |Circuit 2: sky130_fd_sc_hd__mux2_1         
-------------------------------------------|-------------------------------------------
VPB                                        |VPB                                        
VNB                                        |VNB                                        
A0                                         |A0                                         
A1                                         |A1                                         
X                                          |X                                          
VPWR                                       |VPWR                                       
S                                          |S                                          
VGND                                       |VGND                                       
---------------------------------------------------------------------------------------
Cell pin lists are equivalent.
Device classes sky130_fd_sc_hd__mux2_1 and sky130_fd_sc_hd__mux2_1 are equivalent.

Subcircuit summary:
Circuit 1: sky130_fd_sc_hd__a22o_1         |Circuit 2: sky130_fd_sc_hd__a22o_1         
-------------------------------------------|-------------------------------------------
sky130_fd_pr__pfet_01v8_hvt (5)            |sky130_fd_pr__pfet_01v8_hvt (5)            
sky130_fd_pr__nfet_01v8 (5)                |sky130_fd_pr__nfet_01v8 (5)                
Number of devices: 10                      |Number of devices: 10                      
Number of nets: 13                         |Number of nets: 13                         
---------------------------------------------------------------------------------------
Netlists match uniquely.

Subcircuit pins:
Circuit 1: sky130_fd_sc_hd__a22o_1         |Circuit 2: sky130_fd_sc_hd__a22o_1         
-------------------------------------------|-------------------------------------------
VPB                                        |VPB                                        
VNB                                        |VNB                                        
A2                                         |A2                                         
A1                                         |A1                                         
B1                                         |B1                                         
X                                          |X                                          
B2                                         |B2                                         
VPWR                                       |VPWR                                       
VGND                                       |VGND                                       
---------------------------------------------------------------------------------------
Cell pin lists are equivalent.
Device classes sky130_fd_sc_hd__a22o_1 and sky130_fd_sc_hd__a22o_1 are equivalent.

Circuit 2 cell sky130_ef_sc_hd__decap_12 is a black box; will not flatten Circuit 1
Warning: Equate pins:  cell sky130_ef_sc_hd__decap_12 is a placeholder, treated as a black box.

Subcircuit pins:
Circuit 1: sky130_ef_sc_hd__decap_12       |Circuit 2: sky130_ef_sc_hd__decap_12       
-------------------------------------------|-------------------------------------------
VGND                                       |VGND                                       
VPWR                                       |VPWR                                       
VPB                                        |VPB                                        
VNB                                        |VNB                                        
---------------------------------------------------------------------------------------
Cell pin lists are equivalent.
Device classes sky130_ef_sc_hd__decap_12 and sky130_ef_sc_hd__decap_12 are equivalent.

Subcircuit summary:
Circuit 1: sky130_fd_sc_hd__dlygate4sd3_1  |Circuit 2: sky130_fd_sc_hd__dlygate4sd3_1  
-------------------------------------------|-------------------------------------------
sky130_fd_pr__pfet_01v8_hvt (4)            |sky130_fd_pr__pfet_01v8_hvt (4)            
sky130_fd_pr__nfet_01v8 (4)                |sky130_fd_pr__nfet_01v8 (4)                
Number of devices: 8                       |Number of devices: 8                       
Number of nets: 9                          |Number of nets: 9                          
---------------------------------------------------------------------------------------
Netlists match uniquely.

Subcircuit pins:
Circuit 1: sky130_fd_sc_hd__dlygate4sd3_1  |Circuit 2: sky130_fd_sc_hd__dlygate4sd3_1  
-------------------------------------------|-------------------------------------------
A                                          |A                                          
X                                          |X                                          
VGND                                       |VGND                                       
VNB                                        |VNB                                        
VPWR                                       |VPWR                                       
VPB                                        |VPB                                        
---------------------------------------------------------------------------------------
Cell pin lists are equivalent.
Device classes sky130_fd_sc_hd__dlygate4sd3_1 and sky130_fd_sc_hd__dlygate4sd3_1 are equivalent.

Class sky130_fd_sc_hd__clkbuf_4 (0):  Merged 6 parallel devices.
Class sky130_fd_sc_hd__clkbuf_4 (1):  Merged 6 parallel devices.
Subcircuit summary:
Circuit 1: sky130_fd_sc_hd__clkbuf_4       |Circuit 2: sky130_fd_sc_hd__clkbuf_4       
-------------------------------------------|-------------------------------------------
sky130_fd_pr__pfet_01v8_hvt (5->2)         |sky130_fd_pr__pfet_01v8_hvt (5->2)         
sky130_fd_pr__nfet_01v8 (5->2)             |sky130_fd_pr__nfet_01v8 (5->2)             
Number of devices: 4                       |Number of devices: 4                       
Number of nets: 7                          |Number of nets: 7                          
---------------------------------------------------------------------------------------
Netlists match uniquely.

Subcircuit pins:
Circuit 1: sky130_fd_sc_hd__clkbuf_4       |Circuit 2: sky130_fd_sc_hd__clkbuf_4       
-------------------------------------------|-------------------------------------------
VPWR                                       |VPWR                                       
X                                          |X                                          
VPB                                        |VPB                                        
A                                          |A                                          
VGND                                       |VGND                                       
VNB                                        |VNB                                        
---------------------------------------------------------------------------------------
Cell pin lists are equivalent.
Device classes sky130_fd_sc_hd__clkbuf_4 and sky130_fd_sc_hd__clkbuf_4 are equivalent.

Class sky130_fd_sc_hd__clkbuf_16 (0):  Merged 36 parallel devices.
Class sky130_fd_sc_hd__clkbuf_16 (1):  Merged 36 parallel devices.
Subcircuit summary:
Circuit 1: sky130_fd_sc_hd__clkbuf_16      |Circuit 2: sky130_fd_sc_hd__clkbuf_16      
-------------------------------------------|-------------------------------------------
sky130_fd_pr__pfet_01v8_hvt (20->2)        |sky130_fd_pr__pfet_01v8_hvt (20->2)        
sky130_fd_pr__nfet_01v8 (20->2)            |sky130_fd_pr__nfet_01v8 (20->2)            
Number of devices: 4                       |Number of devices: 4                       
Number of nets: 7                          |Number of nets: 7                          
---------------------------------------------------------------------------------------
Netlists match uniquely.

Subcircuit pins:
Circuit 1: sky130_fd_sc_hd__clkbuf_16      |Circuit 2: sky130_fd_sc_hd__clkbuf_16      
-------------------------------------------|-------------------------------------------
VPWR                                       |VPWR                                       
X                                          |X                                          
VPB                                        |VPB                                        
VGND                                       |VGND                                       
VNB                                        |VNB                                        
A                                          |A                                          
---------------------------------------------------------------------------------------
Cell pin lists are equivalent.
Device classes sky130_fd_sc_hd__clkbuf_16 and sky130_fd_sc_hd__clkbuf_16 are equivalent.

Subcircuit summary:
Circuit 1: sky130_fd_sc_hd__o211a_1        |Circuit 2: sky130_fd_sc_hd__o211a_1        
-------------------------------------------|-------------------------------------------
sky130_fd_pr__nfet_01v8 (5)                |sky130_fd_pr__nfet_01v8 (5)                
sky130_fd_pr__pfet_01v8_hvt (5)            |sky130_fd_pr__pfet_01v8_hvt (5)            
Number of devices: 10                      |Number of devices: 10                      
Number of nets: 13                         |Number of nets: 13                         
---------------------------------------------------------------------------------------
Netlists match uniquely.

Subcircuit pins:
Circuit 1: sky130_fd_sc_hd__o211a_1        |Circuit 2: sky130_fd_sc_hd__o211a_1        
-------------------------------------------|-------------------------------------------
VPWR                                       |VPWR                                       
VPB                                        |VPB                                        
VNB                                        |VNB                                        
C1                                         |C1                                         
A1                                         |A1                                         
B1                                         |B1                                         
A2                                         |A2                                         
X                                          |X                                          
VGND                                       |VGND                                       
---------------------------------------------------------------------------------------
Cell pin lists are equivalent.
Device classes sky130_fd_sc_hd__o211a_1 and sky130_fd_sc_hd__o211a_1 are equivalent.

Subcircuit summary:
Circuit 1: sky130_fd_sc_hd__a21oi_1        |Circuit 2: sky130_fd_sc_hd__a21oi_1        
-------------------------------------------|-------------------------------------------
sky130_fd_pr__nfet_01v8 (3)                |sky130_fd_pr__nfet_01v8 (3)                
sky130_fd_pr__pfet_01v8_hvt (3)            |sky130_fd_pr__pfet_01v8_hvt (3)            
Number of devices: 6                       |Number of devices: 6                       
Number of nets: 10                         |Number of nets: 10                         
---------------------------------------------------------------------------------------
Netlists match uniquely.

Subcircuit pins:
Circuit 1: sky130_fd_sc_hd__a21oi_1        |Circuit 2: sky130_fd_sc_hd__a21oi_1        
-------------------------------------------|-------------------------------------------
VNB                                        |VNB                                        
VPB                                        |VPB                                        
Y                                          |Y                                          
A2                                         |A2                                         
VGND                                       |VGND                                       
A1                                         |A1                                         
VPWR                                       |VPWR                                       
B1                                         |B1                                         
---------------------------------------------------------------------------------------
Cell pin lists are equivalent.
Device classes sky130_fd_sc_hd__a21oi_1 and sky130_fd_sc_hd__a21oi_1 are equivalent.

Class sky130_fd_sc_hd__o2111a_2 (0):  Merged 2 parallel devices.
Class sky130_fd_sc_hd__o2111a_2 (1):  Merged 2 parallel devices.
Subcircuit summary:
Circuit 1: sky130_fd_sc_hd__o2111a_2       |Circuit 2: sky130_fd_sc_hd__o2111a_2       
-------------------------------------------|-------------------------------------------
sky130_fd_pr__pfet_01v8_hvt (7->6)         |sky130_fd_pr__pfet_01v8_hvt (7->6)         
sky130_fd_pr__nfet_01v8 (7->6)             |sky130_fd_pr__nfet_01v8 (7->6)             
Number of devices: 12                      |Number of devices: 12                      
Number of nets: 15                         |Number of nets: 15                         
---------------------------------------------------------------------------------------
Netlists match uniquely.

Subcircuit pins:
Circuit 1: sky130_fd_sc_hd__o2111a_2       |Circuit 2: sky130_fd_sc_hd__o2111a_2       
-------------------------------------------|-------------------------------------------
VGND                                       |VGND                                       
VNB                                        |VNB                                        
VPB                                        |VPB                                        
C1                                         |C1                                         
X                                          |X                                          
B1                                         |B1                                         
A2                                         |A2                                         
A1                                         |A1                                         
D1                                         |D1                                         
VPWR                                       |VPWR                                       
---------------------------------------------------------------------------------------
Cell pin lists are equivalent.
Device classes sky130_fd_sc_hd__o2111a_2 and sky130_fd_sc_hd__o2111a_2 are equivalent.

Subcircuit summary:
Circuit 1: sky130_fd_sc_hd__decap_6        |Circuit 2: sky130_fd_sc_hd__decap_6        
-------------------------------------------|-------------------------------------------
sky130_fd_pr__pfet_01v8_hvt (1)            |sky130_fd_pr__pfet_01v8_hvt (1)            
sky130_fd_pr__nfet_01v8 (1)                |sky130_fd_pr__nfet_01v8 (1)                
Number of devices: 2                       |Number of devices: 2                       
Number of nets: 4                          |Number of nets: 4                          
---------------------------------------------------------------------------------------
Netlists match uniquely.

Subcircuit pins:
Circuit 1: sky130_fd_sc_hd__decap_6        |Circuit 2: sky130_fd_sc_hd__decap_6        
-------------------------------------------|-------------------------------------------
VPB                                        |VPB                                        
VNB                                        |VNB                                        
VPWR                                       |VPWR                                       
VGND                                       |VGND                                       
---------------------------------------------------------------------------------------
Cell pin lists are equivalent.
Device classes sky130_fd_sc_hd__decap_6 and sky130_fd_sc_hd__decap_6 are equivalent.

Class sky130_fd_sc_hd__inv_2 (0):  Merged 2 parallel devices.
Class sky130_fd_sc_hd__inv_2 (1):  Merged 2 parallel devices.
Subcircuit summary:
Circuit 1: sky130_fd_sc_hd__inv_2          |Circuit 2: sky130_fd_sc_hd__inv_2          
-------------------------------------------|-------------------------------------------
sky130_fd_pr__pfet_01v8_hvt (2->1)         |sky130_fd_pr__pfet_01v8_hvt (2->1)         
sky130_fd_pr__nfet_01v8 (2->1)             |sky130_fd_pr__nfet_01v8 (2->1)             
Number of devices: 2                       |Number of devices: 2                       
Number of nets: 6                          |Number of nets: 6                          
---------------------------------------------------------------------------------------
Netlists match uniquely.

Subcircuit pins:
Circuit 1: sky130_fd_sc_hd__inv_2          |Circuit 2: sky130_fd_sc_hd__inv_2          
-------------------------------------------|-------------------------------------------
VGND                                       |VGND                                       
VNB                                        |VNB                                        
VPWR                                       |VPWR                                       
VPB                                        |VPB                                        
Y                                          |Y                                          
A                                          |A                                          
---------------------------------------------------------------------------------------
Cell pin lists are equivalent.
Device classes sky130_fd_sc_hd__inv_2 and sky130_fd_sc_hd__inv_2 are equivalent.

Subcircuit summary:
Circuit 1: sky130_fd_sc_hd__o21ai_1        |Circuit 2: sky130_fd_sc_hd__o21ai_1        
-------------------------------------------|-------------------------------------------
sky130_fd_pr__pfet_01v8_hvt (3)            |sky130_fd_pr__pfet_01v8_hvt (3)            
sky130_fd_pr__nfet_01v8 (3)                |sky130_fd_pr__nfet_01v8 (3)                
Number of devices: 6                       |Number of devices: 6                       
Number of nets: 10                         |Number of nets: 10                         
---------------------------------------------------------------------------------------
Netlists match uniquely.

Subcircuit pins:
Circuit 1: sky130_fd_sc_hd__o21ai_1        |Circuit 2: sky130_fd_sc_hd__o21ai_1        
-------------------------------------------|-------------------------------------------
A2                                         |A2                                         
B1                                         |B1                                         
VPWR                                       |VPWR                                       
A1                                         |A1                                         
VGND                                       |VGND                                       
Y                                          |Y                                          
VPB                                        |VPB                                        
VNB                                        |VNB                                        
---------------------------------------------------------------------------------------
Cell pin lists are equivalent.
Device classes sky130_fd_sc_hd__o21ai_1 and sky130_fd_sc_hd__o21ai_1 are equivalent.

Subcircuit summary:
Circuit 1: sky130_fd_sc_hd__decap_3        |Circuit 2: sky130_fd_sc_hd__decap_3        
-------------------------------------------|-------------------------------------------
sky130_fd_pr__pfet_01v8_hvt (1)            |sky130_fd_pr__pfet_01v8_hvt (1)            
sky130_fd_pr__nfet_01v8 (1)                |sky130_fd_pr__nfet_01v8 (1)                
Number of devices: 2                       |Number of devices: 2                       
Number of nets: 4                          |Number of nets: 4                          
---------------------------------------------------------------------------------------
Netlists match uniquely.

Subcircuit pins:
Circuit 1: sky130_fd_sc_hd__decap_3        |Circuit 2: sky130_fd_sc_hd__decap_3        
-------------------------------------------|-------------------------------------------
VPB                                        |VPB                                        
VNB                                        |VNB                                        
VPWR                                       |VPWR                                       
VGND                                       |VGND                                       
---------------------------------------------------------------------------------------
Cell pin lists are equivalent.
Device classes sky130_fd_sc_hd__decap_3 and sky130_fd_sc_hd__decap_3 are equivalent.

Class sky130_fd_sc_hd__buf_2 (0):  Merged 2 parallel devices.
Class sky130_fd_sc_hd__buf_2 (1):  Merged 2 parallel devices.
Subcircuit summary:
Circuit 1: sky130_fd_sc_hd__buf_2          |Circuit 2: sky130_fd_sc_hd__buf_2          
-------------------------------------------|-------------------------------------------
sky130_fd_pr__pfet_01v8_hvt (3->2)         |sky130_fd_pr__pfet_01v8_hvt (3->2)         
sky130_fd_pr__nfet_01v8 (3->2)             |sky130_fd_pr__nfet_01v8 (3->2)             
Number of devices: 4                       |Number of devices: 4                       
Number of nets: 7                          |Number of nets: 7                          
---------------------------------------------------------------------------------------
Netlists match uniquely.

Subcircuit pins:
Circuit 1: sky130_fd_sc_hd__buf_2          |Circuit 2: sky130_fd_sc_hd__buf_2          
-------------------------------------------|-------------------------------------------
X                                          |X                                          
VGND                                       |VGND                                       
VNB                                        |VNB                                        
A                                          |A                                          
VPWR                                       |VPWR                                       
VPB                                        |VPB                                        
---------------------------------------------------------------------------------------
Cell pin lists are equivalent.
Device classes sky130_fd_sc_hd__buf_2 and sky130_fd_sc_hd__buf_2 are equivalent.

Subcircuit summary:
Circuit 1: sky130_fd_sc_hd__o31a_1         |Circuit 2: sky130_fd_sc_hd__o31a_1         
-------------------------------------------|-------------------------------------------
sky130_fd_pr__nfet_01v8 (5)                |sky130_fd_pr__nfet_01v8 (5)                
sky130_fd_pr__pfet_01v8_hvt (5)            |sky130_fd_pr__pfet_01v8_hvt (5)            
Number of devices: 10                      |Number of devices: 10                      
Number of nets: 13                         |Number of nets: 13                         
---------------------------------------------------------------------------------------
Netlists match uniquely.

Subcircuit pins:
Circuit 1: sky130_fd_sc_hd__o31a_1         |Circuit 2: sky130_fd_sc_hd__o31a_1         
-------------------------------------------|-------------------------------------------
VPWR                                       |VPWR                                       
VGND                                       |VGND                                       
A2                                         |A2                                         
A1                                         |A1                                         
X                                          |X                                          
B1                                         |B1                                         
A3                                         |A3                                         
VNB                                        |VNB                                        
VPB                                        |VPB                                        
---------------------------------------------------------------------------------------
Cell pin lists are equivalent.
Device classes sky130_fd_sc_hd__o31a_1 and sky130_fd_sc_hd__o31a_1 are equivalent.

Subcircuit summary:
Circuit 1: sky130_fd_sc_hd__a22oi_1        |Circuit 2: sky130_fd_sc_hd__a22oi_1        
-------------------------------------------|-------------------------------------------
sky130_fd_pr__nfet_01v8 (4)                |sky130_fd_pr__nfet_01v8 (4)                
sky130_fd_pr__pfet_01v8_hvt (4)            |sky130_fd_pr__pfet_01v8_hvt (4)            
Number of devices: 8                       |Number of devices: 8                       
Number of nets: 12                         |Number of nets: 12                         
---------------------------------------------------------------------------------------
Netlists match uniquely.

Subcircuit pins:
Circuit 1: sky130_fd_sc_hd__a22oi_1        |Circuit 2: sky130_fd_sc_hd__a22oi_1        
-------------------------------------------|-------------------------------------------
B1                                         |B1                                         
A2                                         |A2                                         
VPWR                                       |VPWR                                       
A1                                         |A1                                         
VGND                                       |VGND                                       
B2                                         |B2                                         
Y                                          |Y                                          
VNB                                        |VNB                                        
VPB                                        |VPB                                        
---------------------------------------------------------------------------------------
Cell pin lists are equivalent.
Device classes sky130_fd_sc_hd__a22oi_1 and sky130_fd_sc_hd__a22oi_1 are equivalent.

Subcircuit summary:
Circuit 1: sky130_fd_sc_hd__a2111o_1       |Circuit 2: sky130_fd_sc_hd__a2111o_1       
-------------------------------------------|-------------------------------------------
sky130_fd_pr__nfet_01v8 (6)                |sky130_fd_pr__nfet_01v8 (6)                
sky130_fd_pr__pfet_01v8_hvt (6)            |sky130_fd_pr__pfet_01v8_hvt (6)            
Number of devices: 12                      |Number of devices: 12                      
Number of nets: 15                         |Number of nets: 15                         
---------------------------------------------------------------------------------------
Netlists match uniquely.

Subcircuit pins:
Circuit 1: sky130_fd_sc_hd__a2111o_1       |Circuit 2: sky130_fd_sc_hd__a2111o_1       
-------------------------------------------|-------------------------------------------
VPWR                                       |VPWR                                       
VNB                                        |VNB                                        
VPB                                        |VPB                                        
D1                                         |D1                                         
X                                          |X                                          
A1                                         |A1                                         
B1                                         |B1                                         
A2                                         |A2                                         
C1                                         |C1                                         
VGND                                       |VGND                                       
---------------------------------------------------------------------------------------
Cell pin lists are equivalent.
Device classes sky130_fd_sc_hd__a2111o_1 and sky130_fd_sc_hd__a2111o_1 are equivalent.

Subcircuit summary:
Circuit 1: sky130_fd_sc_hd__nand3b_1       |Circuit 2: sky130_fd_sc_hd__nand3b_1       
-------------------------------------------|-------------------------------------------
sky130_fd_pr__pfet_01v8_hvt (4)            |sky130_fd_pr__pfet_01v8_hvt (4)            
sky130_fd_pr__nfet_01v8 (4)                |sky130_fd_pr__nfet_01v8 (4)                
Number of devices: 8                       |Number of devices: 8                       
Number of nets: 11                         |Number of nets: 11                         
---------------------------------------------------------------------------------------
Netlists match uniquely.

Subcircuit pins:
Circuit 1: sky130_fd_sc_hd__nand3b_1       |Circuit 2: sky130_fd_sc_hd__nand3b_1       
-------------------------------------------|-------------------------------------------
A_N                                        |A_N                                        
VGND                                       |VGND                                       
B                                          |B                                          
C                                          |C                                          
VNB                                        |VNB                                        
VPWR                                       |VPWR                                       
VPB                                        |VPB                                        
Y                                          |Y                                          
---------------------------------------------------------------------------------------
Cell pin lists are equivalent.
Device classes sky130_fd_sc_hd__nand3b_1 and sky130_fd_sc_hd__nand3b_1 are equivalent.

Subcircuit summary:
Circuit 1: sky130_fd_sc_hd__xor2_1         |Circuit 2: sky130_fd_sc_hd__xor2_1         
-------------------------------------------|-------------------------------------------
sky130_fd_pr__pfet_01v8_hvt (5)            |sky130_fd_pr__pfet_01v8_hvt (5)            
sky130_fd_pr__nfet_01v8 (5)                |sky130_fd_pr__nfet_01v8 (5)                
Number of devices: 10                      |Number of devices: 10                      
Number of nets: 11                         |Number of nets: 11                         
---------------------------------------------------------------------------------------
Netlists match uniquely.

Subcircuit pins:
Circuit 1: sky130_fd_sc_hd__xor2_1         |Circuit 2: sky130_fd_sc_hd__xor2_1         
-------------------------------------------|-------------------------------------------
A                                          |A                                          
VGND                                       |VGND                                       
B                                          |B                                          
VNB                                        |VNB                                        
VPB                                        |VPB                                        
X                                          |X                                          
VPWR                                       |VPWR                                       
---------------------------------------------------------------------------------------
Cell pin lists are equivalent.
Device classes sky130_fd_sc_hd__xor2_1 and sky130_fd_sc_hd__xor2_1 are equivalent.

Class sky130_fd_sc_hd__dfrtp_4 (0):  Merged 6 parallel devices.
Class sky130_fd_sc_hd__dfrtp_4 (1):  Merged 6 parallel devices.
Subcircuit summary:
Circuit 1: sky130_fd_sc_hd__dfrtp_4        |Circuit 2: sky130_fd_sc_hd__dfrtp_4        
-------------------------------------------|-------------------------------------------
sky130_fd_pr__nfet_01v8 (13->10)           |sky130_fd_pr__nfet_01v8 (13->10)           
sky130_fd_pr__special_nfet_01v8 (4)        |sky130_fd_pr__special_nfet_01v8 (4)        
sky130_fd_pr__pfet_01v8_hvt (17->14)       |sky130_fd_pr__pfet_01v8_hvt (17->14)       
Number of devices: 28                      |Number of devices: 28                      
Number of nets: 21                         |Number of nets: 21                         
---------------------------------------------------------------------------------------
Netlists match uniquely.

Subcircuit pins:
Circuit 1: sky130_fd_sc_hd__dfrtp_4        |Circuit 2: sky130_fd_sc_hd__dfrtp_4        
-------------------------------------------|-------------------------------------------
VPWR                                       |VPWR                                       
RESET_B                                    |RESET_B                                    
VGND                                       |VGND                                       
VPB                                        |VPB                                        
VNB                                        |VNB                                        
D                                          |D                                          
Q                                          |Q                                          
CLK                                        |CLK                                        
---------------------------------------------------------------------------------------
Cell pin lists are equivalent.
Device classes sky130_fd_sc_hd__dfrtp_4 and sky130_fd_sc_hd__dfrtp_4 are equivalent.

Subcircuit summary:
Circuit 1: sky130_fd_sc_hd__nand3_1        |Circuit 2: sky130_fd_sc_hd__nand3_1        
-------------------------------------------|-------------------------------------------
sky130_fd_pr__pfet_01v8_hvt (3)            |sky130_fd_pr__pfet_01v8_hvt (3)            
sky130_fd_pr__nfet_01v8 (3)                |sky130_fd_pr__nfet_01v8 (3)                
Number of devices: 6                       |Number of devices: 6                       
Number of nets: 10                         |Number of nets: 10                         
---------------------------------------------------------------------------------------
Netlists match uniquely.

Subcircuit pins:
Circuit 1: sky130_fd_sc_hd__nand3_1        |Circuit 2: sky130_fd_sc_hd__nand3_1        
-------------------------------------------|-------------------------------------------
VGND                                       |VGND                                       
Y                                          |Y                                          
A                                          |A                                          
B                                          |B                                          
C                                          |C                                          
VPWR                                       |VPWR                                       
VPB                                        |VPB                                        
VNB                                        |VNB                                        
---------------------------------------------------------------------------------------
Cell pin lists are equivalent.
Device classes sky130_fd_sc_hd__nand3_1 and sky130_fd_sc_hd__nand3_1 are equivalent.

Class sky130_fd_sc_hd__o221a_2 (0):  Merged 2 parallel devices.
Class sky130_fd_sc_hd__o221a_2 (1):  Merged 2 parallel devices.
Subcircuit summary:
Circuit 1: sky130_fd_sc_hd__o221a_2        |Circuit 2: sky130_fd_sc_hd__o221a_2        
-------------------------------------------|-------------------------------------------
sky130_fd_pr__pfet_01v8_hvt (7->6)         |sky130_fd_pr__pfet_01v8_hvt (7->6)         
sky130_fd_pr__nfet_01v8 (7->6)             |sky130_fd_pr__nfet_01v8 (7->6)             
Number of devices: 12                      |Number of devices: 12                      
Number of nets: 15                         |Number of nets: 15                         
---------------------------------------------------------------------------------------
Netlists match uniquely.

Subcircuit pins:
Circuit 1: sky130_fd_sc_hd__o221a_2        |Circuit 2: sky130_fd_sc_hd__o221a_2        
-------------------------------------------|-------------------------------------------
VGND                                       |VGND                                       
X                                          |X                                          
C1                                         |C1                                         
A2                                         |A2                                         
B2                                         |B2                                         
B1                                         |B1                                         
A1                                         |A1                                         
VNB                                        |VNB                                        
VPB                                        |VPB                                        
VPWR                                       |VPWR                                       
---------------------------------------------------------------------------------------
Cell pin lists are equivalent.
Device classes sky130_fd_sc_hd__o221a_2 and sky130_fd_sc_hd__o221a_2 are equivalent.

Subcircuit summary:
Circuit 1: sky130_fd_sc_hd__a211o_1        |Circuit 2: sky130_fd_sc_hd__a211o_1        
-------------------------------------------|-------------------------------------------
sky130_fd_pr__pfet_01v8_hvt (5)            |sky130_fd_pr__pfet_01v8_hvt (5)            
sky130_fd_pr__nfet_01v8 (5)                |sky130_fd_pr__nfet_01v8 (5)                
Number of devices: 10                      |Number of devices: 10                      
Number of nets: 13                         |Number of nets: 13                         
---------------------------------------------------------------------------------------
Netlists match uniquely.

Subcircuit pins:
Circuit 1: sky130_fd_sc_hd__a211o_1        |Circuit 2: sky130_fd_sc_hd__a211o_1        
-------------------------------------------|-------------------------------------------
VGND                                       |VGND                                       
VNB                                        |VNB                                        
VPB                                        |VPB                                        
A2                                         |A2                                         
X                                          |X                                          
A1                                         |A1                                         
B1                                         |B1                                         
C1                                         |C1                                         
VPWR                                       |VPWR                                       
---------------------------------------------------------------------------------------
Cell pin lists are equivalent.
Device classes sky130_fd_sc_hd__a211o_1 and sky130_fd_sc_hd__a211o_1 are equivalent.

Subcircuit summary:
Circuit 1: sky130_fd_sc_hd__a31o_1         |Circuit 2: sky130_fd_sc_hd__a31o_1         
-------------------------------------------|-------------------------------------------
sky130_fd_pr__pfet_01v8_hvt (5)            |sky130_fd_pr__pfet_01v8_hvt (5)            
sky130_fd_pr__nfet_01v8 (5)                |sky130_fd_pr__nfet_01v8 (5)                
Number of devices: 10                      |Number of devices: 10                      
Number of nets: 13                         |Number of nets: 13                         
---------------------------------------------------------------------------------------
Netlists match uniquely.

Subcircuit pins:
Circuit 1: sky130_fd_sc_hd__a31o_1         |Circuit 2: sky130_fd_sc_hd__a31o_1         
-------------------------------------------|-------------------------------------------
VGND                                       |VGND                                       
B1                                         |B1                                         
X                                          |X                                          
A2                                         |A2                                         
A1                                         |A1                                         
A3                                         |A3                                         
VNB                                        |VNB                                        
VPB                                        |VPB                                        
VPWR                                       |VPWR                                       
---------------------------------------------------------------------------------------
Cell pin lists are equivalent.
Device classes sky130_fd_sc_hd__a31o_1 and sky130_fd_sc_hd__a31o_1 are equivalent.

Subcircuit summary:
Circuit 1: sky130_fd_sc_hd__nand2_1        |Circuit 2: sky130_fd_sc_hd__nand2_1        
-------------------------------------------|-------------------------------------------
sky130_fd_pr__pfet_01v8_hvt (2)            |sky130_fd_pr__pfet_01v8_hvt (2)            
sky130_fd_pr__nfet_01v8 (2)                |sky130_fd_pr__nfet_01v8 (2)                
Number of devices: 4                       |Number of devices: 4                       
Number of nets: 8                          |Number of nets: 8                          
---------------------------------------------------------------------------------------
Netlists match uniquely.

Subcircuit pins:
Circuit 1: sky130_fd_sc_hd__nand2_1        |Circuit 2: sky130_fd_sc_hd__nand2_1        
-------------------------------------------|-------------------------------------------
VGND                                       |VGND                                       
Y                                          |Y                                          
A                                          |A                                          
VPWR                                       |VPWR                                       
VPB                                        |VPB                                        
B                                          |B                                          
VNB                                        |VNB                                        
---------------------------------------------------------------------------------------
Cell pin lists are equivalent.
Device classes sky130_fd_sc_hd__nand2_1 and sky130_fd_sc_hd__nand2_1 are equivalent.

Subcircuit summary:
Circuit 1: sky130_fd_sc_hd__a2111oi_1      |Circuit 2: sky130_fd_sc_hd__a2111oi_1      
-------------------------------------------|-------------------------------------------
sky130_fd_pr__pfet_01v8_hvt (5)            |sky130_fd_pr__pfet_01v8_hvt (5)            
sky130_fd_pr__nfet_01v8 (5)                |sky130_fd_pr__nfet_01v8 (5)                
Number of devices: 10                      |Number of devices: 10                      
Number of nets: 14                         |Number of nets: 14                         
---------------------------------------------------------------------------------------
Netlists match uniquely.

Subcircuit pins:
Circuit 1: sky130_fd_sc_hd__a2111oi_1      |Circuit 2: sky130_fd_sc_hd__a2111oi_1      
-------------------------------------------|-------------------------------------------
VGND                                       |VGND                                       
Y                                          |Y                                          
VNB                                        |VNB                                        
VPB                                        |VPB                                        
C1                                         |C1                                         
B1                                         |B1                                         
A1                                         |A1                                         
D1                                         |D1                                         
VPWR                                       |VPWR                                       
A2                                         |A2                                         
---------------------------------------------------------------------------------------
Cell pin lists are equivalent.
Device classes sky130_fd_sc_hd__a2111oi_1 and sky130_fd_sc_hd__a2111oi_1 are equivalent.

Subcircuit summary:
Circuit 1: sky130_fd_sc_hd__and4_1         |Circuit 2: sky130_fd_sc_hd__and4_1         
-------------------------------------------|-------------------------------------------
sky130_fd_pr__pfet_01v8_hvt (5)            |sky130_fd_pr__pfet_01v8_hvt (5)            
sky130_fd_pr__nfet_01v8 (5)                |sky130_fd_pr__nfet_01v8 (5)                
Number of devices: 10                      |Number of devices: 10                      
Number of nets: 13                         |Number of nets: 13                         
---------------------------------------------------------------------------------------
Netlists match uniquely.

Subcircuit pins:
Circuit 1: sky130_fd_sc_hd__and4_1         |Circuit 2: sky130_fd_sc_hd__and4_1         
-------------------------------------------|-------------------------------------------
VNB                                        |VNB                                        
VPWR                                       |VPWR                                       
VPB                                        |VPB                                        
VGND                                       |VGND                                       
X                                          |X                                          
D                                          |D                                          
B                                          |B                                          
C                                          |C                                          
A                                          |A                                          
---------------------------------------------------------------------------------------
Cell pin lists are equivalent.
Device classes sky130_fd_sc_hd__and4_1 and sky130_fd_sc_hd__and4_1 are equivalent.

Subcircuit summary:
Circuit 1: sky130_fd_sc_hd__nor2_1         |Circuit 2: sky130_fd_sc_hd__nor2_1         
-------------------------------------------|-------------------------------------------
sky130_fd_pr__pfet_01v8_hvt (2)            |sky130_fd_pr__pfet_01v8_hvt (2)            
sky130_fd_pr__nfet_01v8 (2)                |sky130_fd_pr__nfet_01v8 (2)                
Number of devices: 4                       |Number of devices: 4                       
Number of nets: 8                          |Number of nets: 8                          
---------------------------------------------------------------------------------------
Netlists match uniquely.

Subcircuit pins:
Circuit 1: sky130_fd_sc_hd__nor2_1         |Circuit 2: sky130_fd_sc_hd__nor2_1         
-------------------------------------------|-------------------------------------------
Y                                          |Y                                          
A                                          |A                                          
VPB                                        |VPB                                        
VGND                                       |VGND                                       
VNB                                        |VNB                                        
B                                          |B                                          
VPWR                                       |VPWR                                       
---------------------------------------------------------------------------------------
Cell pin lists are equivalent.
Device classes sky130_fd_sc_hd__nor2_1 and sky130_fd_sc_hd__nor2_1 are equivalent.

Subcircuit summary:
Circuit 1: sky130_fd_sc_hd__and4b_1        |Circuit 2: sky130_fd_sc_hd__and4b_1        
-------------------------------------------|-------------------------------------------
sky130_fd_pr__nfet_01v8 (6)                |sky130_fd_pr__nfet_01v8 (6)                
sky130_fd_pr__pfet_01v8_hvt (6)            |sky130_fd_pr__pfet_01v8_hvt (6)            
Number of devices: 12                      |Number of devices: 12                      
Number of nets: 14                         |Number of nets: 14                         
---------------------------------------------------------------------------------------
Netlists match uniquely.

Subcircuit pins:
Circuit 1: sky130_fd_sc_hd__and4b_1        |Circuit 2: sky130_fd_sc_hd__and4b_1        
-------------------------------------------|-------------------------------------------
VGND                                       |VGND                                       
VPWR                                       |VPWR                                       
VPB                                        |VPB                                        
VNB                                        |VNB                                        
X                                          |X                                          
D                                          |D                                          
A_N                                        |A_N                                        
C                                          |C                                          
B                                          |B                                          
---------------------------------------------------------------------------------------
Cell pin lists are equivalent.
Device classes sky130_fd_sc_hd__and4b_1 and sky130_fd_sc_hd__and4b_1 are equivalent.

Subcircuit summary:
Circuit 1: sky130_fd_sc_hd__xnor2_1        |Circuit 2: sky130_fd_sc_hd__xnor2_1        
-------------------------------------------|-------------------------------------------
sky130_fd_pr__pfet_01v8_hvt (5)            |sky130_fd_pr__pfet_01v8_hvt (5)            
sky130_fd_pr__nfet_01v8 (5)                |sky130_fd_pr__nfet_01v8 (5)                
Number of devices: 10                      |Number of devices: 10                      
Number of nets: 11                         |Number of nets: 11                         
---------------------------------------------------------------------------------------
Netlists match uniquely.

Subcircuit pins:
Circuit 1: sky130_fd_sc_hd__xnor2_1        |Circuit 2: sky130_fd_sc_hd__xnor2_1        
-------------------------------------------|-------------------------------------------
Y                                          |Y                                          
VGND                                       |VGND                                       
VPB                                        |VPB                                        
VNB                                        |VNB                                        
VPWR                                       |VPWR                                       
A                                          |A                                          
B                                          |B                                          
---------------------------------------------------------------------------------------
Cell pin lists are equivalent.
Device classes sky130_fd_sc_hd__xnor2_1 and sky130_fd_sc_hd__xnor2_1 are equivalent.

Subcircuit summary:
Circuit 1: sky130_fd_sc_hd__and3_1         |Circuit 2: sky130_fd_sc_hd__and3_1         
-------------------------------------------|-------------------------------------------
sky130_fd_pr__pfet_01v8_hvt (4)            |sky130_fd_pr__pfet_01v8_hvt (4)            
sky130_fd_pr__nfet_01v8 (4)                |sky130_fd_pr__nfet_01v8 (4)                
Number of devices: 8                       |Number of devices: 8                       
Number of nets: 11                         |Number of nets: 11                         
---------------------------------------------------------------------------------------
Netlists match uniquely.

Subcircuit pins:
Circuit 1: sky130_fd_sc_hd__and3_1         |Circuit 2: sky130_fd_sc_hd__and3_1         
-------------------------------------------|-------------------------------------------
VGND                                       |VGND                                       
A                                          |A                                          
B                                          |B                                          
C                                          |C                                          
X                                          |X                                          
VNB                                        |VNB                                        
VPWR                                       |VPWR                                       
VPB                                        |VPB                                        
---------------------------------------------------------------------------------------
Cell pin lists are equivalent.
Device classes sky130_fd_sc_hd__and3_1 and sky130_fd_sc_hd__and3_1 are equivalent.

Subcircuit summary:
Circuit 1: sky130_fd_sc_hd__o2111a_1       |Circuit 2: sky130_fd_sc_hd__o2111a_1       
-------------------------------------------|-------------------------------------------
sky130_fd_pr__pfet_01v8_hvt (6)            |sky130_fd_pr__pfet_01v8_hvt (6)            
sky130_fd_pr__nfet_01v8 (6)                |sky130_fd_pr__nfet_01v8 (6)                
Number of devices: 12                      |Number of devices: 12                      
Number of nets: 15                         |Number of nets: 15                         
---------------------------------------------------------------------------------------
Netlists match uniquely.

Subcircuit pins:
Circuit 1: sky130_fd_sc_hd__o2111a_1       |Circuit 2: sky130_fd_sc_hd__o2111a_1       
-------------------------------------------|-------------------------------------------
VPWR                                       |VPWR                                       
VGND                                       |VGND                                       
VPB                                        |VPB                                        
VNB                                        |VNB                                        
D1                                         |D1                                         
C1                                         |C1                                         
A1                                         |A1                                         
A2                                         |A2                                         
B1                                         |B1                                         
X                                          |X                                          
---------------------------------------------------------------------------------------
Cell pin lists are equivalent.
Device classes sky130_fd_sc_hd__o2111a_1 and sky130_fd_sc_hd__o2111a_1 are equivalent.

Subcircuit summary:
Circuit 1: sky130_fd_sc_hd__and2_1         |Circuit 2: sky130_fd_sc_hd__and2_1         
-------------------------------------------|-------------------------------------------
sky130_fd_pr__pfet_01v8_hvt (3)            |sky130_fd_pr__pfet_01v8_hvt (3)            
sky130_fd_pr__nfet_01v8 (3)                |sky130_fd_pr__nfet_01v8 (3)                
Number of devices: 6                       |Number of devices: 6                       
Number of nets: 9                          |Number of nets: 9                          
---------------------------------------------------------------------------------------
Netlists match uniquely.

Subcircuit pins:
Circuit 1: sky130_fd_sc_hd__and2_1         |Circuit 2: sky130_fd_sc_hd__and2_1         
-------------------------------------------|-------------------------------------------
VGND                                       |VGND                                       
X                                          |X                                          
A                                          |A                                          
B                                          |B                                          
VNB                                        |VNB                                        
VPWR                                       |VPWR                                       
VPB                                        |VPB                                        
---------------------------------------------------------------------------------------
Cell pin lists are equivalent.
Device classes sky130_fd_sc_hd__and2_1 and sky130_fd_sc_hd__and2_1 are equivalent.

Subcircuit summary:
Circuit 1: sky130_fd_sc_hd__or3_1          |Circuit 2: sky130_fd_sc_hd__or3_1          
-------------------------------------------|-------------------------------------------
sky130_fd_pr__pfet_01v8_hvt (4)            |sky130_fd_pr__pfet_01v8_hvt (4)            
sky130_fd_pr__nfet_01v8 (4)                |sky130_fd_pr__nfet_01v8 (4)                
Number of devices: 8                       |Number of devices: 8                       
Number of nets: 11                         |Number of nets: 11                         
---------------------------------------------------------------------------------------
Netlists match uniquely.

Subcircuit pins:
Circuit 1: sky130_fd_sc_hd__or3_1          |Circuit 2: sky130_fd_sc_hd__or3_1          
-------------------------------------------|-------------------------------------------
VPB                                        |VPB                                        
VGND                                       |VGND                                       
VNB                                        |VNB                                        
VPWR                                       |VPWR                                       
X                                          |X                                          
C                                          |C                                          
A                                          |A                                          
B                                          |B                                          
---------------------------------------------------------------------------------------
Cell pin lists are equivalent.
Device classes sky130_fd_sc_hd__or3_1 and sky130_fd_sc_hd__or3_1 are equivalent.

Subcircuit summary:
Circuit 1: sky130_fd_sc_hd__buf_1          |Circuit 2: sky130_fd_sc_hd__buf_1          
-------------------------------------------|-------------------------------------------
sky130_fd_pr__pfet_01v8_hvt (2)            |sky130_fd_pr__pfet_01v8_hvt (2)            
sky130_fd_pr__nfet_01v8 (2)                |sky130_fd_pr__nfet_01v8 (2)                
Number of devices: 4                       |Number of devices: 4                       
Number of nets: 7                          |Number of nets: 7                          
---------------------------------------------------------------------------------------
Netlists match uniquely.

Subcircuit pins:
Circuit 1: sky130_fd_sc_hd__buf_1          |Circuit 2: sky130_fd_sc_hd__buf_1          
-------------------------------------------|-------------------------------------------
VGND                                       |VGND                                       
X                                          |X                                          
VNB                                        |VNB                                        
A                                          |A                                          
VPWR                                       |VPWR                                       
VPB                                        |VPB                                        
---------------------------------------------------------------------------------------
Cell pin lists are equivalent.
Device classes sky130_fd_sc_hd__buf_1 and sky130_fd_sc_hd__buf_1 are equivalent.

Class sky130_fd_sc_hd__nand2_2 (0):  Merged 4 parallel devices.
Class sky130_fd_sc_hd__nand2_2 (1):  Merged 4 parallel devices.
Subcircuit summary:
Circuit 1: sky130_fd_sc_hd__nand2_2        |Circuit 2: sky130_fd_sc_hd__nand2_2        
-------------------------------------------|-------------------------------------------
sky130_fd_pr__pfet_01v8_hvt (4->2)         |sky130_fd_pr__pfet_01v8_hvt (4->2)         
sky130_fd_pr__nfet_01v8 (4->2)             |sky130_fd_pr__nfet_01v8 (4->2)             
Number of devices: 4                       |Number of devices: 4                       
Number of nets: 8                          |Number of nets: 8                          
---------------------------------------------------------------------------------------
Netlists match uniquely.

Subcircuit pins:
Circuit 1: sky130_fd_sc_hd__nand2_2        |Circuit 2: sky130_fd_sc_hd__nand2_2        
-------------------------------------------|-------------------------------------------
VGND                                       |VGND                                       
Y                                          |Y                                          
A                                          |A                                          
VNB                                        |VNB                                        
B                                          |B                                          
VPWR                                       |VPWR                                       
VPB                                        |VPB                                        
---------------------------------------------------------------------------------------
Cell pin lists are equivalent.
Device classes sky130_fd_sc_hd__nand2_2 and sky130_fd_sc_hd__nand2_2 are equivalent.

Class sky130_fd_sc_hd__buf_4 (0):  Merged 6 parallel devices.
Class sky130_fd_sc_hd__buf_4 (1):  Merged 6 parallel devices.
Subcircuit summary:
Circuit 1: sky130_fd_sc_hd__buf_4          |Circuit 2: sky130_fd_sc_hd__buf_4          
-------------------------------------------|-------------------------------------------
sky130_fd_pr__pfet_01v8_hvt (5->2)         |sky130_fd_pr__pfet_01v8_hvt (5->2)         
sky130_fd_pr__nfet_01v8 (5->2)             |sky130_fd_pr__nfet_01v8 (5->2)             
Number of devices: 4                       |Number of devices: 4                       
Number of nets: 7                          |Number of nets: 7                          
---------------------------------------------------------------------------------------
Netlists match uniquely.

Subcircuit pins:
Circuit 1: sky130_fd_sc_hd__buf_4          |Circuit 2: sky130_fd_sc_hd__buf_4          
-------------------------------------------|-------------------------------------------
X                                          |X                                          
VGND                                       |VGND                                       
VNB                                        |VNB                                        
VPWR                                       |VPWR                                       
VPB                                        |VPB                                        
A                                          |A                                          
---------------------------------------------------------------------------------------
Cell pin lists are equivalent.
Device classes sky130_fd_sc_hd__buf_4 and sky130_fd_sc_hd__buf_4 are equivalent.

Subcircuit summary:
Circuit 1: sky130_fd_sc_hd__or4_1          |Circuit 2: sky130_fd_sc_hd__or4_1          
-------------------------------------------|-------------------------------------------
sky130_fd_pr__nfet_01v8 (5)                |sky130_fd_pr__nfet_01v8 (5)                
sky130_fd_pr__pfet_01v8_hvt (5)            |sky130_fd_pr__pfet_01v8_hvt (5)            
Number of devices: 10                      |Number of devices: 10                      
Number of nets: 13                         |Number of nets: 13                         
---------------------------------------------------------------------------------------
Netlists match uniquely.

Subcircuit pins:
Circuit 1: sky130_fd_sc_hd__or4_1          |Circuit 2: sky130_fd_sc_hd__or4_1          
-------------------------------------------|-------------------------------------------
VGND                                       |VGND                                       
VNB                                        |VNB                                        
VPB                                        |VPB                                        
D                                          |D                                          
X                                          |X                                          
C                                          |C                                          
A                                          |A                                          
B                                          |B                                          
VPWR                                       |VPWR                                       
---------------------------------------------------------------------------------------
Cell pin lists are equivalent.
Device classes sky130_fd_sc_hd__or4_1 and sky130_fd_sc_hd__or4_1 are equivalent.

Subcircuit summary:
Circuit 1: sky130_fd_sc_hd__and3b_1        |Circuit 2: sky130_fd_sc_hd__and3b_1        
-------------------------------------------|-------------------------------------------
sky130_fd_pr__nfet_01v8 (5)                |sky130_fd_pr__nfet_01v8 (5)                
sky130_fd_pr__pfet_01v8_hvt (5)            |sky130_fd_pr__pfet_01v8_hvt (5)            
Number of devices: 10                      |Number of devices: 10                      
Number of nets: 12                         |Number of nets: 12                         
---------------------------------------------------------------------------------------
Netlists match uniquely.

Subcircuit pins:
Circuit 1: sky130_fd_sc_hd__and3b_1        |Circuit 2: sky130_fd_sc_hd__and3b_1        
-------------------------------------------|-------------------------------------------
VNB                                        |VNB                                        
VPWR                                       |VPWR                                       
VPB                                        |VPB                                        
VGND                                       |VGND                                       
X                                          |X                                          
A_N                                        |A_N                                        
C                                          |C                                          
B                                          |B                                          
---------------------------------------------------------------------------------------
Cell pin lists are equivalent.
Device classes sky130_fd_sc_hd__and3b_1 and sky130_fd_sc_hd__and3b_1 are equivalent.

Subcircuit summary:
Circuit 1: sky130_fd_sc_hd__o31ai_1        |Circuit 2: sky130_fd_sc_hd__o31ai_1        
-------------------------------------------|-------------------------------------------
sky130_fd_pr__nfet_01v8 (4)                |sky130_fd_pr__nfet_01v8 (4)                
sky130_fd_pr__pfet_01v8_hvt (4)            |sky130_fd_pr__pfet_01v8_hvt (4)            
Number of devices: 8                       |Number of devices: 8                       
Number of nets: 12                         |Number of nets: 12                         
---------------------------------------------------------------------------------------
Netlists match uniquely.

Subcircuit pins:
Circuit 1: sky130_fd_sc_hd__o31ai_1        |Circuit 2: sky130_fd_sc_hd__o31ai_1        
-------------------------------------------|-------------------------------------------
VPB                                        |VPB                                        
VNB                                        |VNB                                        
A3                                         |A3                                         
B1                                         |B1                                         
VPWR                                       |VPWR                                       
A1                                         |A1                                         
A2                                         |A2                                         
Y                                          |Y                                          
VGND                                       |VGND                                       
---------------------------------------------------------------------------------------
Cell pin lists are equivalent.
Device classes sky130_fd_sc_hd__o31ai_1 and sky130_fd_sc_hd__o31ai_1 are equivalent.

Subcircuit summary:
Circuit 1: sky130_fd_sc_hd__or2b_1         |Circuit 2: sky130_fd_sc_hd__or2b_1         
-------------------------------------------|-------------------------------------------
sky130_fd_pr__nfet_01v8 (4)                |sky130_fd_pr__nfet_01v8 (4)                
sky130_fd_pr__pfet_01v8_hvt (4)            |sky130_fd_pr__pfet_01v8_hvt (4)            
Number of devices: 8                       |Number of devices: 8                       
Number of nets: 10                         |Number of nets: 10                         
---------------------------------------------------------------------------------------
Netlists match uniquely.

Subcircuit pins:
Circuit 1: sky130_fd_sc_hd__or2b_1         |Circuit 2: sky130_fd_sc_hd__or2b_1         
-------------------------------------------|-------------------------------------------
VPWR                                       |VPWR                                       
A                                          |A                                          
B_N                                        |B_N                                        
X                                          |X                                          
VGND                                       |VGND                                       
VNB                                        |VNB                                        
VPB                                        |VPB                                        
---------------------------------------------------------------------------------------
Cell pin lists are equivalent.
Device classes sky130_fd_sc_hd__or2b_1 and sky130_fd_sc_hd__or2b_1 are equivalent.

Class sky130_fd_sc_hd__buf_6 (0):  Merged 12 parallel devices.
Class sky130_fd_sc_hd__buf_6 (1):  Merged 12 parallel devices.
Subcircuit summary:
Circuit 1: sky130_fd_sc_hd__buf_6          |Circuit 2: sky130_fd_sc_hd__buf_6          
-------------------------------------------|-------------------------------------------
sky130_fd_pr__pfet_01v8_hvt (8->2)         |sky130_fd_pr__pfet_01v8_hvt (8->2)         
sky130_fd_pr__nfet_01v8 (8->2)             |sky130_fd_pr__nfet_01v8 (8->2)             
Number of devices: 4                       |Number of devices: 4                       
Number of nets: 7                          |Number of nets: 7                          
---------------------------------------------------------------------------------------
Netlists match uniquely.

Subcircuit pins:
Circuit 1: sky130_fd_sc_hd__buf_6          |Circuit 2: sky130_fd_sc_hd__buf_6          
-------------------------------------------|-------------------------------------------
VGND                                       |VGND                                       
X                                          |X                                          
VNB                                        |VNB                                        
A                                          |A                                          
VPWR                                       |VPWR                                       
VPB                                        |VPB                                        
---------------------------------------------------------------------------------------
Cell pin lists are equivalent.
Device classes sky130_fd_sc_hd__buf_6 and sky130_fd_sc_hd__buf_6 are equivalent.

Class sky130_fd_sc_hd__buf_12 (0):  Merged 28 parallel devices.
Class sky130_fd_sc_hd__buf_12 (1):  Merged 28 parallel devices.
Subcircuit summary:
Circuit 1: sky130_fd_sc_hd__buf_12         |Circuit 2: sky130_fd_sc_hd__buf_12         
-------------------------------------------|-------------------------------------------
sky130_fd_pr__nfet_01v8 (16->2)            |sky130_fd_pr__nfet_01v8 (16->2)            
sky130_fd_pr__pfet_01v8_hvt (16->2)        |sky130_fd_pr__pfet_01v8_hvt (16->2)        
Number of devices: 4                       |Number of devices: 4                       
Number of nets: 7                          |Number of nets: 7                          
---------------------------------------------------------------------------------------
Netlists match uniquely.

Subcircuit pins:
Circuit 1: sky130_fd_sc_hd__buf_12         |Circuit 2: sky130_fd_sc_hd__buf_12         
-------------------------------------------|-------------------------------------------
X                                          |X                                          
VPWR                                       |VPWR                                       
VPB                                        |VPB                                        
VGND                                       |VGND                                       
VNB                                        |VNB                                        
A                                          |A                                          
---------------------------------------------------------------------------------------
Cell pin lists are equivalent.
Device classes sky130_fd_sc_hd__buf_12 and sky130_fd_sc_hd__buf_12 are equivalent.

Class sky130_fd_sc_hd__a221oi_2 (0):  Merged 10 parallel devices.
Class sky130_fd_sc_hd__a221oi_2 (1):  Merged 10 parallel devices.
Subcircuit summary:
Circuit 1: sky130_fd_sc_hd__a221oi_2       |Circuit 2: sky130_fd_sc_hd__a221oi_2       
-------------------------------------------|-------------------------------------------
sky130_fd_pr__nfet_01v8 (10->5)            |sky130_fd_pr__nfet_01v8 (10->5)            
sky130_fd_pr__pfet_01v8_hvt (10->5)        |sky130_fd_pr__pfet_01v8_hvt (10->5)        
Number of devices: 10                      |Number of devices: 10                      
Number of nets: 14                         |Number of nets: 14                         
---------------------------------------------------------------------------------------
Netlists match uniquely.

Subcircuit pins:
Circuit 1: sky130_fd_sc_hd__a221oi_2       |Circuit 2: sky130_fd_sc_hd__a221oi_2       
-------------------------------------------|-------------------------------------------
VGND                                       |VGND                                       
VPB                                        |VPB                                        
VNB                                        |VNB                                        
VPWR                                       |VPWR                                       
A1                                         |A1                                         
B1                                         |B1                                         
A2                                         |A2                                         
C1                                         |C1                                         
B2                                         |B2                                         
Y                                          |Y                                          
---------------------------------------------------------------------------------------
Cell pin lists are equivalent.
Device classes sky130_fd_sc_hd__a221oi_2 and sky130_fd_sc_hd__a221oi_2 are equivalent.

Class sky130_fd_sc_hd__a2111o_2 (0):  Merged 2 parallel devices.
Class sky130_fd_sc_hd__a2111o_2 (1):  Merged 2 parallel devices.
Subcircuit summary:
Circuit 1: sky130_fd_sc_hd__a2111o_2       |Circuit 2: sky130_fd_sc_hd__a2111o_2       
-------------------------------------------|-------------------------------------------
sky130_fd_pr__pfet_01v8_hvt (7->6)         |sky130_fd_pr__pfet_01v8_hvt (7->6)         
sky130_fd_pr__nfet_01v8 (7->6)             |sky130_fd_pr__nfet_01v8 (7->6)             
Number of devices: 12                      |Number of devices: 12                      
Number of nets: 15                         |Number of nets: 15                         
---------------------------------------------------------------------------------------
Netlists match uniquely.

Subcircuit pins:
Circuit 1: sky130_fd_sc_hd__a2111o_2       |Circuit 2: sky130_fd_sc_hd__a2111o_2       
-------------------------------------------|-------------------------------------------
VGND                                       |VGND                                       
VNB                                        |VNB                                        
VPB                                        |VPB                                        
A1                                         |A1                                         
X                                          |X                                          
A2                                         |A2                                         
D1                                         |D1                                         
C1                                         |C1                                         
B1                                         |B1                                         
VPWR                                       |VPWR                                       
---------------------------------------------------------------------------------------
Cell pin lists are equivalent.
Device classes sky130_fd_sc_hd__a2111o_2 and sky130_fd_sc_hd__a2111o_2 are equivalent.

Subcircuit summary:
Circuit 1: sky130_fd_sc_hd__and2b_1        |Circuit 2: sky130_fd_sc_hd__and2b_1        
-------------------------------------------|-------------------------------------------
sky130_fd_pr__pfet_01v8_hvt (4)            |sky130_fd_pr__pfet_01v8_hvt (4)            
sky130_fd_pr__nfet_01v8 (4)                |sky130_fd_pr__nfet_01v8 (4)                
Number of devices: 8                       |Number of devices: 8                       
Number of nets: 10                         |Number of nets: 10                         
---------------------------------------------------------------------------------------
Netlists match uniquely.

Subcircuit pins:
Circuit 1: sky130_fd_sc_hd__and2b_1        |Circuit 2: sky130_fd_sc_hd__and2b_1        
-------------------------------------------|-------------------------------------------
VGND                                       |VGND                                       
B                                          |B                                          
X                                          |X                                          
A_N                                        |A_N                                        
VPWR                                       |VPWR                                       
VPB                                        |VPB                                        
VNB                                        |VNB                                        
---------------------------------------------------------------------------------------
Cell pin lists are equivalent.
Device classes sky130_fd_sc_hd__and2b_1 and sky130_fd_sc_hd__and2b_1 are equivalent.

Subcircuit summary:
Circuit 1: sky130_fd_sc_hd__a221o_1        |Circuit 2: sky130_fd_sc_hd__a221o_1        
-------------------------------------------|-------------------------------------------
sky130_fd_pr__nfet_01v8 (6)                |sky130_fd_pr__nfet_01v8 (6)                
sky130_fd_pr__pfet_01v8_hvt (6)            |sky130_fd_pr__pfet_01v8_hvt (6)            
Number of devices: 12                      |Number of devices: 12                      
Number of nets: 15                         |Number of nets: 15                         
---------------------------------------------------------------------------------------
Netlists match uniquely.

Subcircuit pins:
Circuit 1: sky130_fd_sc_hd__a221o_1        |Circuit 2: sky130_fd_sc_hd__a221o_1        
-------------------------------------------|-------------------------------------------
VGND                                       |VGND                                       
VPWR                                       |VPWR                                       
VPB                                        |VPB                                        
VNB                                        |VNB                                        
X                                          |X                                          
B1                                         |B1                                         
A1                                         |A1                                         
C1                                         |C1                                         
A2                                         |A2                                         
B2                                         |B2                                         
---------------------------------------------------------------------------------------
Cell pin lists are equivalent.
Device classes sky130_fd_sc_hd__a221o_1 and sky130_fd_sc_hd__a221o_1 are equivalent.

Class top (0):  Merged 412 parallel devices.
Class top (1):  Merged 412 parallel devices.
Subcircuit summary:
Circuit 1: top                             |Circuit 2: top                             
-------------------------------------------|-------------------------------------------
sky130_fd_sc_hd__dfrtp_1 (61)              |sky130_fd_sc_hd__dfrtp_1 (61)              
sky130_fd_sc_hd__a21o_1 (6)                |sky130_fd_sc_hd__a21o_1 (6)                
sky130_fd_sc_hd__clkbuf_1 (59)             |sky130_fd_sc_hd__clkbuf_1 (59)             
sky130_fd_sc_hd__decap_4 (49->1)           |sky130_fd_sc_hd__decap_4 (49->1)           
sky130_fd_sc_hd__decap_8 (58->1)           |sky130_fd_sc_hd__decap_8 (58->1)           
sky130_fd_sc_hd__or2_1 (5)                 |sky130_fd_sc_hd__or2_1 (5)                 
sky130_fd_sc_hd__mux2_1 (46)               |sky130_fd_sc_hd__mux2_1 (46)               
sky130_fd_sc_hd__a22o_1 (5)                |sky130_fd_sc_hd__a22o_1 (5)                
sky130_ef_sc_hd__decap_12 (145->1)         |sky130_ef_sc_hd__decap_12 (145->1)         
sky130_fd_sc_hd__dlygate4sd3_1 (47)        |sky130_fd_sc_hd__dlygate4sd3_1 (47)        
sky130_fd_sc_hd__clkbuf_4 (7)              |sky130_fd_sc_hd__clkbuf_4 (7)              
sky130_fd_sc_hd__clkbuf_16 (9)             |sky130_fd_sc_hd__clkbuf_16 (9)             
sky130_fd_sc_hd__o211a_1 (6)               |sky130_fd_sc_hd__o211a_1 (6)               
sky130_fd_sc_hd__a21oi_1 (5)               |sky130_fd_sc_hd__a21oi_1 (5)               
sky130_fd_sc_hd__o2111a_2 (1)              |sky130_fd_sc_hd__o2111a_2 (1)              
sky130_fd_sc_hd__decap_6 (54->1)           |sky130_fd_sc_hd__decap_6 (54->1)           
sky130_fd_sc_hd__inv_2 (22)                |sky130_fd_sc_hd__inv_2 (22)                
sky130_fd_sc_hd__o21ai_1 (8)               |sky130_fd_sc_hd__o21ai_1 (8)               
sky130_fd_sc_hd__decap_3 (111->1)          |sky130_fd_sc_hd__decap_3 (111->1)          
sky130_fd_sc_hd__buf_2 (3)                 |sky130_fd_sc_hd__buf_2 (3)                 
sky130_fd_sc_hd__o31a_1 (2)                |sky130_fd_sc_hd__o31a_1 (2)                
sky130_fd_sc_hd__a22oi_1 (1)               |sky130_fd_sc_hd__a22oi_1 (1)               
sky130_fd_sc_hd__a2111o_1 (1)              |sky130_fd_sc_hd__a2111o_1 (1)              
sky130_fd_sc_hd__nand3b_1 (1)              |sky130_fd_sc_hd__nand3b_1 (1)              
sky130_fd_sc_hd__xor2_1 (6)                |sky130_fd_sc_hd__xor2_1 (6)                
sky130_fd_sc_hd__dfrtp_4 (4)               |sky130_fd_sc_hd__dfrtp_4 (4)               
sky130_fd_sc_hd__nand3_1 (1)               |sky130_fd_sc_hd__nand3_1 (1)               
sky130_fd_sc_hd__o221a_2 (5)               |sky130_fd_sc_hd__o221a_2 (5)               
sky130_fd_sc_hd__a211o_1 (2)               |sky130_fd_sc_hd__a211o_1 (2)               
sky130_fd_sc_hd__a31o_1 (1)                |sky130_fd_sc_hd__a31o_1 (1)                
sky130_fd_sc_hd__nand2_1 (5)               |sky130_fd_sc_hd__nand2_1 (5)               
sky130_fd_sc_hd__a2111oi_1 (1)             |sky130_fd_sc_hd__a2111oi_1 (1)             
sky130_fd_sc_hd__and4_1 (2)                |sky130_fd_sc_hd__and4_1 (2)                
sky130_fd_sc_hd__nor2_1 (4)                |sky130_fd_sc_hd__nor2_1 (4)                
sky130_fd_sc_hd__and4b_1 (1)               |sky130_fd_sc_hd__and4b_1 (1)               
sky130_fd_sc_hd__xnor2_1 (3)               |sky130_fd_sc_hd__xnor2_1 (3)               
sky130_fd_sc_hd__and3_1 (2)                |sky130_fd_sc_hd__and3_1 (2)                
sky130_fd_sc_hd__o2111a_1 (1)              |sky130_fd_sc_hd__o2111a_1 (1)              
sky130_fd_sc_hd__and2_1 (1)                |sky130_fd_sc_hd__and2_1 (1)                
sky130_fd_sc_hd__or3_1 (1)                 |sky130_fd_sc_hd__or3_1 (1)                 
sky130_fd_sc_hd__buf_1 (10)                |sky130_fd_sc_hd__buf_1 (10)                
sky130_fd_sc_hd__nand2_2 (1)               |sky130_fd_sc_hd__nand2_2 (1)               
sky130_fd_sc_hd__buf_4 (1)                 |sky130_fd_sc_hd__buf_4 (1)                 
sky130_fd_sc_hd__or4_1 (1)                 |sky130_fd_sc_hd__or4_1 (1)                 
sky130_fd_sc_hd__and3b_1 (1)               |sky130_fd_sc_hd__and3b_1 (1)               
sky130_fd_sc_hd__o31ai_1 (1)               |sky130_fd_sc_hd__o31ai_1 (1)               
sky130_fd_sc_hd__or2b_1 (2)                |sky130_fd_sc_hd__or2b_1 (2)                
sky130_fd_sc_hd__buf_6 (1)                 |sky130_fd_sc_hd__buf_6 (1)                 
sky130_fd_sc_hd__buf_12 (1)                |sky130_fd_sc_hd__buf_12 (1)                
sky130_fd_sc_hd__a221oi_2 (1)              |sky130_fd_sc_hd__a221oi_2 (1)              
sky130_fd_sc_hd__a2111o_2 (1)              |sky130_fd_sc_hd__a2111o_2 (1)              
sky130_fd_sc_hd__and2b_1 (1)               |sky130_fd_sc_hd__and2b_1 (1)               
sky130_fd_sc_hd__a221o_1 (1)               |sky130_fd_sc_hd__a221o_1 (1)               
Number of devices: 363                     |Number of devices: 363                     
Number of nets: 378                        |Number of nets: 378                        
---------------------------------------------------------------------------------------
Netlists match uniquely.

Subcircuit pins:
Circuit 1: top                             |Circuit 2: top                             
-------------------------------------------|-------------------------------------------
clk                                        |clk                                        
i_valid                                    |i_valid                                    
rst_n                                      |rst_n                                      
i_value4[0]                                |i_value4[0]                                
i_value3[0]                                |i_value3[0]                                
i_value2[0]                                |i_value2[0]                                
i_value1[0]                                |i_value1[0]                                
i_value0[0]                                |i_value0[0]                                
i_value4[2]                                |i_value4[2]                                
i_value3[2]                                |i_value3[2]                                
i_value3[1]                                |i_value3[1]                                
i_value4[1]                                |i_value4[1]                                
i_value2[2]                                |i_value2[2]                                
i_value1[2]                                |i_value1[2]                                
i_value0[2]                                |i_value0[2]                                
i_value1[1]                                |i_value1[1]                                
i_value0[1]                                |i_value0[1]                                
i_value2[1]                                |i_value2[1]                                
o_bucket[1]                                |o_bucket[1]                                
o_index[1]                                 |o_index[1]                                 
o_bucket[0]                                |o_bucket[0]                                
o_bucket[2]                                |o_bucket[2]                                
o_index[0]                                 |o_index[0]                                 
o_index[2]                                 |o_index[2]                                 
o_valid                                    |o_valid                                    
VGND                                       |VGND                                       
VPWR                                       |VPWR                                       
---------------------------------------------------------------------------------------
Cell pin lists are equivalent.
Device classes top and top are equivalent.

Final result: Circuits match uniquely.
.
