
===========================================================================
report_checks -path_delay max (Setup)
============================================================================
======================= Typical Corner ===================================

Startpoint: _472_ (rising edge-triggered flip-flop clocked by clk)
Endpoint: o_index[0] (output port clocked by clk)
Path Group: clk
Path Type: max

Fanout     Cap    Slew   Delay    Time   Description
-----------------------------------------------------------------------------
                          0.00    0.00   clock clk (rise edge)
                          0.00    0.00   clock source latency
                  0.10    0.07    0.07 ^ clk (in)
     1    0.02                           clk (net)
                  0.10    0.00    0.07 ^ clkbuf_0_clk/A (sky130_fd_sc_hd__clkbuf_16)
                  0.10    0.20    0.27 ^ clkbuf_0_clk/X (sky130_fd_sc_hd__clkbuf_16)
     8    0.08                           clknet_0_clk (net)
                  0.10    0.00    0.27 ^ clkbuf_3_5__f_clk/A (sky130_fd_sc_hd__clkbuf_16)
                  0.04    0.15    0.43 ^ clkbuf_3_5__f_clk/X (sky130_fd_sc_hd__clkbuf_16)
     7    0.02                           clknet_3_5__leaf_clk (net)
                  0.04    0.00    0.43 ^ _472_/CLK (sky130_fd_sc_hd__dfrtp_1)
                  0.05    0.39    0.82 v _472_/Q (sky130_fd_sc_hd__dfrtp_1)
     2    0.01                           net21 (net)
                  0.05    0.00    0.82 v output21/A (sky130_fd_sc_hd__clkbuf_4)
                  0.08    0.20    1.01 v output21/X (sky130_fd_sc_hd__clkbuf_4)
     1    0.03                           o_index[0] (net)
                  0.08    0.00    1.01 v o_index[0] (out)
                                  1.01   data arrival time

                         25.00   25.00   clock clk (rise edge)
                          0.00   25.00   clock network delay (propagated)
                         -0.25   24.75   clock uncertainty
                          0.00   24.75   clock reconvergence pessimism
                         -5.00   19.75   output external delay
                                 19.75   data required time
-----------------------------------------------------------------------------
                                 19.75   data required time
                                 -1.01   data arrival time
-----------------------------------------------------------------------------
                                 18.74   slack (MET)


Startpoint: _474_ (rising edge-triggered flip-flop clocked by clk)
Endpoint: o_index[2] (output port clocked by clk)
Path Group: clk
Path Type: max

Fanout     Cap    Slew   Delay    Time   Description
-----------------------------------------------------------------------------
                          0.00    0.00   clock clk (rise edge)
                          0.00    0.00   clock source latency
                  0.10    0.07    0.07 ^ clk (in)
     1    0.02                           clk (net)
                  0.10    0.00    0.07 ^ clkbuf_0_clk/A (sky130_fd_sc_hd__clkbuf_16)
                  0.10    0.20    0.27 ^ clkbuf_0_clk/X (sky130_fd_sc_hd__clkbuf_16)
     8    0.08                           clknet_0_clk (net)
                  0.10    0.00    0.27 ^ clkbuf_3_5__f_clk/A (sky130_fd_sc_hd__clkbuf_16)
                  0.04    0.15    0.43 ^ clkbuf_3_5__f_clk/X (sky130_fd_sc_hd__clkbuf_16)
     7    0.02                           clknet_3_5__leaf_clk (net)
                  0.04    0.00    0.43 ^ _474_/CLK (sky130_fd_sc_hd__dfrtp_1)
                  0.05    0.38    0.81 v _474_/Q (sky130_fd_sc_hd__dfrtp_1)
     2    0.01                           net23 (net)
                  0.05    0.00    0.81 v output23/A (sky130_fd_sc_hd__clkbuf_4)
                  0.08    0.19    1.00 v output23/X (sky130_fd_sc_hd__clkbuf_4)
     1    0.03                           o_index[2] (net)
                  0.08    0.00    1.01 v o_index[2] (out)
                                  1.01   data arrival time

                         25.00   25.00   clock clk (rise edge)
                          0.00   25.00   clock network delay (propagated)
                         -0.25   24.75   clock uncertainty
                          0.00   24.75   clock reconvergence pessimism
                         -5.00   19.75   output external delay
                                 19.75   data required time
-----------------------------------------------------------------------------
                                 19.75   data required time
                                 -1.01   data arrival time
-----------------------------------------------------------------------------
                                 18.74   slack (MET)


Startpoint: _468_ (rising edge-triggered flip-flop clocked by clk)
Endpoint: o_bucket[0] (output port clocked by clk)
Path Group: clk
Path Type: max

Fanout     Cap    Slew   Delay    Time   Description
-----------------------------------------------------------------------------
                          0.00    0.00   clock clk (rise edge)
                          0.00    0.00   clock source latency
                  0.10    0.07    0.07 ^ clk (in)
     1    0.02                           clk (net)
                  0.10    0.00    0.07 ^ clkbuf_0_clk/A (sky130_fd_sc_hd__clkbuf_16)
                  0.10    0.20    0.27 ^ clkbuf_0_clk/X (sky130_fd_sc_hd__clkbuf_16)
     8    0.08                           clknet_0_clk (net)
                  0.10    0.00    0.27 ^ clkbuf_3_5__f_clk/A (sky130_fd_sc_hd__clkbuf_16)
                  0.04    0.15    0.43 ^ clkbuf_3_5__f_clk/X (sky130_fd_sc_hd__clkbuf_16)
     7    0.02                           clknet_3_5__leaf_clk (net)
                  0.04    0.00    0.43 ^ _468_/CLK (sky130_fd_sc_hd__dfrtp_1)
                  0.05    0.38    0.81 v _468_/Q (sky130_fd_sc_hd__dfrtp_1)
     2    0.00                           net18 (net)
                  0.05    0.00    0.81 v output18/A (sky130_fd_sc_hd__clkbuf_4)
                  0.08    0.19    1.00 v output18/X (sky130_fd_sc_hd__clkbuf_4)
     1    0.03                           o_bucket[0] (net)
                  0.08    0.00    1.00 v o_bucket[0] (out)
                                  1.00   data arrival time

                         25.00   25.00   clock clk (rise edge)
                          0.00   25.00   clock network delay (propagated)
                         -0.25   24.75   clock uncertainty
                          0.00   24.75   clock reconvergence pessimism
                         -5.00   19.75   output external delay
                                 19.75   data required time
-----------------------------------------------------------------------------
                                 19.75   data required time
                                 -1.00   data arrival time
-----------------------------------------------------------------------------
                                 18.75   slack (MET)


Startpoint: _473_ (rising edge-triggered flip-flop clocked by clk)
Endpoint: o_index[1] (output port clocked by clk)
Path Group: clk
Path Type: max

Fanout     Cap    Slew   Delay    Time   Description
-----------------------------------------------------------------------------
                          0.00    0.00   clock clk (rise edge)
                          0.00    0.00   clock source latency
                  0.10    0.07    0.07 ^ clk (in)
     1    0.02                           clk (net)
                  0.10    0.00    0.07 ^ clkbuf_0_clk/A (sky130_fd_sc_hd__clkbuf_16)
                  0.10    0.20    0.27 ^ clkbuf_0_clk/X (sky130_fd_sc_hd__clkbuf_16)
     8    0.08                           clknet_0_clk (net)
                  0.10    0.00    0.27 ^ clkbuf_3_5__f_clk/A (sky130_fd_sc_hd__clkbuf_16)
                  0.04    0.15    0.43 ^ clkbuf_3_5__f_clk/X (sky130_fd_sc_hd__clkbuf_16)
     7    0.02                           clknet_3_5__leaf_clk (net)
                  0.04    0.00    0.43 ^ _473_/CLK (sky130_fd_sc_hd__dfrtp_1)
                  0.05    0.38    0.81 v _473_/Q (sky130_fd_sc_hd__dfrtp_1)
     2    0.00                           net22 (net)
                  0.05    0.00    0.81 v output22/A (sky130_fd_sc_hd__buf_2)
                  0.09    0.19    1.00 v output22/X (sky130_fd_sc_hd__buf_2)
     1    0.03                           o_index[1] (net)
                  0.09    0.00    1.00 v o_index[1] (out)
                                  1.00   data arrival time

                         25.00   25.00   clock clk (rise edge)
                          0.00   25.00   clock network delay (propagated)
                         -0.25   24.75   clock uncertainty
                          0.00   24.75   clock reconvergence pessimism
                         -5.00   19.75   output external delay
                                 19.75   data required time
-----------------------------------------------------------------------------
                                 19.75   data required time
                                 -1.00   data arrival time
-----------------------------------------------------------------------------
                                 18.75   slack (MET)


Startpoint: _470_ (rising edge-triggered flip-flop clocked by clk)
Endpoint: o_bucket[2] (output port clocked by clk)
Path Group: clk
Path Type: max

Fanout     Cap    Slew   Delay    Time   Description
-----------------------------------------------------------------------------
                          0.00    0.00   clock clk (rise edge)
                          0.00    0.00   clock source latency
                  0.10    0.07    0.07 ^ clk (in)
     1    0.02                           clk (net)
                  0.10    0.00    0.07 ^ clkbuf_0_clk/A (sky130_fd_sc_hd__clkbuf_16)
                  0.10    0.20    0.27 ^ clkbuf_0_clk/X (sky130_fd_sc_hd__clkbuf_16)
     8    0.08                           clknet_0_clk (net)
                  0.10    0.00    0.27 ^ clkbuf_3_7__f_clk/A (sky130_fd_sc_hd__clkbuf_16)
                  0.04    0.15    0.42 ^ clkbuf_3_7__f_clk/X (sky130_fd_sc_hd__clkbuf_16)
     7    0.02                           clknet_3_7__leaf_clk (net)
                  0.04    0.00    0.42 ^ _470_/CLK (sky130_fd_sc_hd__dfrtp_1)
                  0.05    0.38    0.80 v _470_/Q (sky130_fd_sc_hd__dfrtp_1)
     2    0.00                           net20 (net)
                  0.05    0.00    0.80 v output20/A (sky130_fd_sc_hd__clkbuf_4)
                  0.08    0.19    1.00 v output20/X (sky130_fd_sc_hd__clkbuf_4)
     1    0.03                           o_bucket[2] (net)
                  0.08    0.00    1.00 v o_bucket[2] (out)
                                  1.00   data arrival time

                         25.00   25.00   clock clk (rise edge)
                          0.00   25.00   clock network delay (propagated)
                         -0.25   24.75   clock uncertainty
                          0.00   24.75   clock reconvergence pessimism
                         -5.00   19.75   output external delay
                                 19.75   data required time
-----------------------------------------------------------------------------
                                 19.75   data required time
                                 -1.00   data arrival time
-----------------------------------------------------------------------------
                                 18.75   slack (MET)


Startpoint: _469_ (rising edge-triggered flip-flop clocked by clk)
Endpoint: o_bucket[1] (output port clocked by clk)
Path Group: clk
Path Type: max

Fanout     Cap    Slew   Delay    Time   Description
-----------------------------------------------------------------------------
                          0.00    0.00   clock clk (rise edge)
                          0.00    0.00   clock source latency
                  0.10    0.07    0.07 ^ clk (in)
     1    0.02                           clk (net)
                  0.10    0.00    0.07 ^ clkbuf_0_clk/A (sky130_fd_sc_hd__clkbuf_16)
                  0.10    0.20    0.27 ^ clkbuf_0_clk/X (sky130_fd_sc_hd__clkbuf_16)
     8    0.08                           clknet_0_clk (net)
                  0.10    0.00    0.27 ^ clkbuf_3_7__f_clk/A (sky130_fd_sc_hd__clkbuf_16)
                  0.04    0.15    0.42 ^ clkbuf_3_7__f_clk/X (sky130_fd_sc_hd__clkbuf_16)
     7    0.02                           clknet_3_7__leaf_clk (net)
                  0.04    0.00    0.42 ^ _469_/CLK (sky130_fd_sc_hd__dfrtp_1)
                  0.05    0.38    0.80 v _469_/Q (sky130_fd_sc_hd__dfrtp_1)
     2    0.00                           net19 (net)
                  0.05    0.00    0.80 v output19/A (sky130_fd_sc_hd__buf_2)
                  0.09    0.19    0.99 v output19/X (sky130_fd_sc_hd__buf_2)
     1    0.03                           o_bucket[1] (net)
                  0.09    0.00    0.99 v o_bucket[1] (out)
                                  0.99   data arrival time

                         25.00   25.00   clock clk (rise edge)
                          0.00   25.00   clock network delay (propagated)
                         -0.25   24.75   clock uncertainty
                          0.00   24.75   clock reconvergence pessimism
                         -5.00   19.75   output external delay
                                 19.75   data required time
-----------------------------------------------------------------------------
                                 19.75   data required time
                                 -0.99   data arrival time
-----------------------------------------------------------------------------
                                 18.76   slack (MET)


Startpoint: _471_ (rising edge-triggered flip-flop clocked by clk)
Endpoint: o_valid (output port clocked by clk)
Path Group: clk
Path Type: max

Fanout     Cap    Slew   Delay    Time   Description
-----------------------------------------------------------------------------
                          0.00    0.00   clock clk (rise edge)
                          0.00    0.00   clock source latency
                  0.10    0.07    0.07 ^ clk (in)
     1    0.02                           clk (net)
                  0.10    0.00    0.07 ^ clkbuf_0_clk/A (sky130_fd_sc_hd__clkbuf_16)
                  0.10    0.20    0.27 ^ clkbuf_0_clk/X (sky130_fd_sc_hd__clkbuf_16)
     8    0.08                           clknet_0_clk (net)
                  0.10    0.00    0.27 ^ clkbuf_3_7__f_clk/A (sky130_fd_sc_hd__clkbuf_16)
                  0.04    0.15    0.42 ^ clkbuf_3_7__f_clk/X (sky130_fd_sc_hd__clkbuf_16)
     7    0.02                           clknet_3_7__leaf_clk (net)
                  0.04    0.00    0.42 ^ _471_/CLK (sky130_fd_sc_hd__dfrtp_1)
                  0.04    0.37    0.80 v _471_/Q (sky130_fd_sc_hd__dfrtp_1)
     1    0.00                           net24 (net)
                  0.04    0.00    0.80 v output24/A (sky130_fd_sc_hd__clkbuf_4)
                  0.08    0.19    0.99 v output24/X (sky130_fd_sc_hd__clkbuf_4)
     1    0.03                           o_valid (net)
                  0.08    0.00    0.99 v o_valid (out)
                                  0.99   data arrival time

                         25.00   25.00   clock clk (rise edge)
                          0.00   25.00   clock network delay (propagated)
                         -0.25   24.75   clock uncertainty
                          0.00   24.75   clock reconvergence pessimism
                         -5.00   19.75   output external delay
                                 19.75   data required time
-----------------------------------------------------------------------------
                                 19.75   data required time
                                 -0.99   data arrival time
-----------------------------------------------------------------------------
                                 18.76   slack (MET)


Startpoint: i_value1[2] (input port clocked by clk)
Endpoint: _440_ (rising edge-triggered flip-flop clocked by clk)
Path Group: clk
Path Type: max

Fanout     Cap    Slew   Delay    Time   Description
-----------------------------------------------------------------------------
                          0.00    0.00   clock clk (rise edge)
                          0.00    0.00   clock network delay (propagated)
                          5.00    5.00 v input external delay
                  0.01    0.00    5.00 v i_value1[2] (in)
     1    0.00                           i_value1[2] (net)
                  0.01    0.00    5.00 v input7/A (sky130_fd_sc_hd__buf_1)
                  0.08    0.12    5.12 v input7/X (sky130_fd_sc_hd__buf_1)
     3    0.01                           net7 (net)
                  0.08    0.00    5.12 v _288_/A2 (sky130_fd_sc_hd__a22o_1)
                  0.04    0.25    5.38 v _288_/X (sky130_fd_sc_hd__a22o_1)
     1    0.00                           _133_ (net)
                  0.04    0.00    5.38 v _289_/B2 (sky130_fd_sc_hd__o221a_2)
                  0.10    0.31    5.68 v _289_/X (sky130_fd_sc_hd__o221a_2)
     5    0.02                           _134_ (net)
                  0.10    0.00    5.68 v _316_/S (sky130_fd_sc_hd__mux2_1)
                  0.06    0.34    6.03 v _316_/X (sky130_fd_sc_hd__mux2_1)
     1    0.00                           _150_ (net)
                  0.06    0.00    6.03 v _317_/A (sky130_fd_sc_hd__clkbuf_1)
                  0.03    0.10    6.13 v _317_/X (sky130_fd_sc_hd__clkbuf_1)
     1    0.00                           _020_ (net)
                  0.03    0.00    6.13 v _440_/D (sky130_fd_sc_hd__dfrtp_1)
                                  6.13   data arrival time

                         25.00   25.00   clock clk (rise edge)
                          0.00   25.00   clock source latency
                  0.10    0.06   25.06 ^ clk (in)
     1    0.02                           clk (net)
                  0.10    0.00   25.06 ^ clkbuf_0_clk/A (sky130_fd_sc_hd__clkbuf_16)
                  0.10    0.18   25.24 ^ clkbuf_0_clk/X (sky130_fd_sc_hd__clkbuf_16)
     8    0.08                           clknet_0_clk (net)
                  0.10    0.00   25.25 ^ clkbuf_3_1__f_clk/A (sky130_fd_sc_hd__clkbuf_16)
                  0.04    0.14   25.39 ^ clkbuf_3_1__f_clk/X (sky130_fd_sc_hd__clkbuf_16)
     7    0.02                           clknet_3_1__leaf_clk (net)
                  0.04    0.00   25.39 ^ _440_/CLK (sky130_fd_sc_hd__dfrtp_1)
                         -0.25   25.14   clock uncertainty
                          0.00   25.14   clock reconvergence pessimism
                         -0.11   25.03   library setup time
                                 25.03   data required time
-----------------------------------------------------------------------------
                                 25.03   data required time
                                 -6.13   data arrival time
-----------------------------------------------------------------------------
                                 18.90   slack (MET)


Startpoint: i_value1[2] (input port clocked by clk)
Endpoint: _438_ (rising edge-triggered flip-flop clocked by clk)
Path Group: clk
Path Type: max

Fanout     Cap    Slew   Delay    Time   Description
-----------------------------------------------------------------------------
                          0.00    0.00   clock clk (rise edge)
                          0.00    0.00   clock network delay (propagated)
                          5.00    5.00 v input external delay
                  0.01    0.00    5.00 v i_value1[2] (in)
     1    0.00                           i_value1[2] (net)
                  0.01    0.00    5.00 v input7/A (sky130_fd_sc_hd__buf_1)
                  0.08    0.12    5.12 v input7/X (sky130_fd_sc_hd__buf_1)
     3    0.01                           net7 (net)
                  0.08    0.00    5.12 v _288_/A2 (sky130_fd_sc_hd__a22o_1)
                  0.04    0.25    5.38 v _288_/X (sky130_fd_sc_hd__a22o_1)
     1    0.00                           _133_ (net)
                  0.04    0.00    5.38 v _289_/B2 (sky130_fd_sc_hd__o221a_2)
                  0.10    0.31    5.68 v _289_/X (sky130_fd_sc_hd__o221a_2)
     5    0.02                           _134_ (net)
                  0.10    0.00    5.68 v _312_/S (sky130_fd_sc_hd__mux2_1)
                  0.06    0.34    6.03 v _312_/X (sky130_fd_sc_hd__mux2_1)
     1    0.00                           _148_ (net)
                  0.06    0.00    6.03 v _313_/A (sky130_fd_sc_hd__clkbuf_1)
                  0.03    0.10    6.12 v _313_/X (sky130_fd_sc_hd__clkbuf_1)
     1    0.00                           _018_ (net)
                  0.03    0.00    6.12 v _438_/D (sky130_fd_sc_hd__dfrtp_1)
                                  6.12   data arrival time

                         25.00   25.00   clock clk (rise edge)
                          0.00   25.00   clock source latency
                  0.10    0.06   25.06 ^ clk (in)
     1    0.02                           clk (net)
                  0.10    0.00   25.06 ^ clkbuf_0_clk/A (sky130_fd_sc_hd__clkbuf_16)
                  0.10    0.18   25.24 ^ clkbuf_0_clk/X (sky130_fd_sc_hd__clkbuf_16)
     8    0.08                           clknet_0_clk (net)
                  0.10    0.00   25.25 ^ clkbuf_3_1__f_clk/A (sky130_fd_sc_hd__clkbuf_16)
                  0.04    0.14   25.39 ^ clkbuf_3_1__f_clk/X (sky130_fd_sc_hd__clkbuf_16)
     7    0.02                           clknet_3_1__leaf_clk (net)
                  0.04    0.00   25.39 ^ _438_/CLK (sky130_fd_sc_hd__dfrtp_1)
                         -0.25   25.14   clock uncertainty
                          0.00   25.14   clock reconvergence pessimism
                         -0.11   25.03   library setup time
                                 25.03   data required time
-----------------------------------------------------------------------------
                                 25.03   data required time
                                 -6.12   data arrival time
-----------------------------------------------------------------------------
                                 18.91   slack (MET)


Startpoint: i_value4[1] (input port clocked by clk)
Endpoint: _424_ (rising edge-triggered flip-flop clocked by clk)
Path Group: clk
Path Type: max

Fanout     Cap    Slew   Delay    Time   Description
-----------------------------------------------------------------------------
                          0.00    0.00   clock clk (rise edge)
                          0.00    0.00   clock network delay (propagated)
                          5.00    5.00 v input external delay
                  0.01    0.00    5.00 v i_value4[1] (in)
     1    0.00                           i_value4[1] (net)
                  0.01    0.00    5.00 v input15/A (sky130_fd_sc_hd__buf_1)
                  0.07    0.11    5.12 v input15/X (sky130_fd_sc_hd__buf_1)
     3    0.01                           net15 (net)
                  0.07    0.00    5.12 v _264_/A1 (sky130_fd_sc_hd__o211a_1)
                  0.04    0.24    5.35 v _264_/X (sky130_fd_sc_hd__o211a_1)
     1    0.00                           _115_ (net)
                  0.04    0.00    5.35 v _266_/B1 (sky130_fd_sc_hd__o221a_2)
                  0.10    0.32    5.67 v _266_/X (sky130_fd_sc_hd__o221a_2)
     5    0.02                           _117_ (net)
                  0.10    0.00    5.68 v _269_/S (sky130_fd_sc_hd__mux2_1)
                  0.06    0.34    6.02 v _269_/X (sky130_fd_sc_hd__mux2_1)
     1    0.00                           _119_ (net)
                  0.06    0.00    6.02 v _270_/A (sky130_fd_sc_hd__clkbuf_1)
                  0.03    0.10    6.12 v _270_/X (sky130_fd_sc_hd__clkbuf_1)
     1    0.00                           _004_ (net)
                  0.03    0.00    6.12 v _424_/D (sky130_fd_sc_hd__dfrtp_1)
                                  6.12   data arrival time

                         25.00   25.00   clock clk (rise edge)
                          0.00   25.00   clock source latency
                  0.10    0.06   25.06 ^ clk (in)
     1    0.02                           clk (net)
                  0.10    0.00   25.06 ^ clkbuf_0_clk/A (sky130_fd_sc_hd__clkbuf_16)
                  0.10    0.18   25.24 ^ clkbuf_0_clk/X (sky130_fd_sc_hd__clkbuf_16)
     8    0.08                           clknet_0_clk (net)
                  0.10    0.00   25.25 ^ clkbuf_3_3__f_clk/A (sky130_fd_sc_hd__clkbuf_16)
                  0.05    0.15   25.39 ^ clkbuf_3_3__f_clk/X (sky130_fd_sc_hd__clkbuf_16)
    10    0.03                           clknet_3_3__leaf_clk (net)
                  0.05    0.00   25.39 ^ _424_/CLK (sky130_fd_sc_hd__dfrtp_1)
                         -0.25   25.14   clock uncertainty
                          0.00   25.14   clock reconvergence pessimism
                         -0.11   25.04   library setup time
                                 25.04   data required time
-----------------------------------------------------------------------------
                                 25.04   data required time
                                 -6.12   data arrival time
-----------------------------------------------------------------------------
                                 18.92   slack (MET)


Startpoint: i_value2[2] (input port clocked by clk)
Endpoint: _445_ (rising edge-triggered flip-flop clocked by clk)
Path Group: clk
Path Type: max

Fanout     Cap    Slew   Delay    Time   Description
-----------------------------------------------------------------------------
                          0.00    0.00   clock clk (rise edge)
                          0.00    0.00   clock network delay (propagated)
                          5.00    5.00 v input external delay
                  0.01    0.00    5.00 v i_value2[2] (in)
     1    0.00                           i_value2[2] (net)
                  0.01    0.00    5.00 v input10/A (sky130_fd_sc_hd__buf_1)
                  0.08    0.12    5.12 v input10/X (sky130_fd_sc_hd__buf_1)
     3    0.01                           net10 (net)
                  0.08    0.00    5.12 v _305_/A2 (sky130_fd_sc_hd__a22o_1)
                  0.04    0.25    5.37 v _305_/X (sky130_fd_sc_hd__a22o_1)
     1    0.00                           _144_ (net)
                  0.04    0.00    5.37 v _306_/B2 (sky130_fd_sc_hd__o221a_2)
                  0.10    0.30    5.67 v _306_/X (sky130_fd_sc_hd__o221a_2)
     5    0.02                           _145_ (net)
                  0.10    0.00    5.68 v _331_/S (sky130_fd_sc_hd__mux2_1)
                  0.06    0.34    6.02 v _331_/X (sky130_fd_sc_hd__mux2_1)
     1    0.00                           _160_ (net)
                  0.06    0.00    6.02 v _332_/A (sky130_fd_sc_hd__clkbuf_1)
                  0.02    0.09    6.11 v _332_/X (sky130_fd_sc_hd__clkbuf_1)
     1    0.00                           _025_ (net)
                  0.02    0.00    6.11 v _445_/D (sky130_fd_sc_hd__dfrtp_1)
                                  6.11   data arrival time

                         25.00   25.00   clock clk (rise edge)
                          0.00   25.00   clock source latency
                  0.10    0.06   25.06 ^ clk (in)
     1    0.02                           clk (net)
                  0.10    0.00   25.06 ^ clkbuf_0_clk/A (sky130_fd_sc_hd__clkbuf_16)
                  0.10    0.18   25.24 ^ clkbuf_0_clk/X (sky130_fd_sc_hd__clkbuf_16)
     8    0.08                           clknet_0_clk (net)
                  0.10    0.00   25.25 ^ clkbuf_3_3__f_clk/A (sky130_fd_sc_hd__clkbuf_16)
                  0.05    0.15   25.39 ^ clkbuf_3_3__f_clk/X (sky130_fd_sc_hd__clkbuf_16)
    10    0.03                           clknet_3_3__leaf_clk (net)
                  0.05    0.00   25.39 ^ _445_/CLK (sky130_fd_sc_hd__dfrtp_1)
                         -0.25   25.14   clock uncertainty
                          0.00   25.14   clock reconvergence pessimism
                         -0.10   25.04   library setup time
                                 25.04   data required time
-----------------------------------------------------------------------------
                                 25.04   data required time
                                 -6.11   data arrival time
-----------------------------------------------------------------------------
                                 18.93   slack (MET)


Startpoint: i_value4[1] (input port clocked by clk)
Endpoint: _425_ (rising edge-triggered flip-flop clocked by clk)
Path Group: clk
Path Type: max

Fanout     Cap    Slew   Delay    Time   Description
-----------------------------------------------------------------------------
                          0.00    0.00   clock clk (rise edge)
                          0.00    0.00   clock network delay (propagated)
                          5.00    5.00 v input external delay
                  0.01    0.00    5.00 v i_value4[1] (in)
     1    0.00                           i_value4[1] (net)
                  0.01    0.00    5.00 v input15/A (sky130_fd_sc_hd__buf_1)
                  0.07    0.11    5.12 v input15/X (sky130_fd_sc_hd__buf_1)
     3    0.01                           net15 (net)
                  0.07    0.00    5.12 v _264_/A1 (sky130_fd_sc_hd__o211a_1)
                  0.04    0.24    5.35 v _264_/X (sky130_fd_sc_hd__o211a_1)
     1    0.00                           _115_ (net)
                  0.04    0.00    5.35 v _266_/B1 (sky130_fd_sc_hd__o221a_2)
                  0.10    0.32    5.67 v _266_/X (sky130_fd_sc_hd__o221a_2)
     5    0.02                           _117_ (net)
                  0.10    0.00    5.68 v _271_/S (sky130_fd_sc_hd__mux2_1)
                  0.05    0.34    6.01 v _271_/X (sky130_fd_sc_hd__mux2_1)
     1    0.00                           _120_ (net)
                  0.05    0.00    6.01 v _272_/A (sky130_fd_sc_hd__clkbuf_1)
                  0.03    0.10    6.11 v _272_/X (sky130_fd_sc_hd__clkbuf_1)
     1    0.00                           _005_ (net)
                  0.03    0.00    6.11 v _425_/D (sky130_fd_sc_hd__dfrtp_1)
                                  6.11   data arrival time

                         25.00   25.00   clock clk (rise edge)
                          0.00   25.00   clock source latency
                  0.10    0.06   25.06 ^ clk (in)
     1    0.02                           clk (net)
                  0.10    0.00   25.06 ^ clkbuf_0_clk/A (sky130_fd_sc_hd__clkbuf_16)
                  0.10    0.18   25.24 ^ clkbuf_0_clk/X (sky130_fd_sc_hd__clkbuf_16)
     8    0.08                           clknet_0_clk (net)
                  0.10    0.00   25.25 ^ clkbuf_3_3__f_clk/A (sky130_fd_sc_hd__clkbuf_16)
                  0.05    0.15   25.39 ^ clkbuf_3_3__f_clk/X (sky130_fd_sc_hd__clkbuf_16)
    10    0.03                           clknet_3_3__leaf_clk (net)
                  0.05    0.00   25.39 ^ _425_/CLK (sky130_fd_sc_hd__dfrtp_1)
                         -0.25   25.14   clock uncertainty
                          0.00   25.14   clock reconvergence pessimism
                         -0.11   25.04   library setup time
                                 25.04   data required time
-----------------------------------------------------------------------------
                                 25.04   data required time
                                 -6.11   data arrival time
-----------------------------------------------------------------------------
                                 18.93   slack (MET)


Startpoint: i_value2[2] (input port clocked by clk)
Endpoint: _436_ (rising edge-triggered flip-flop clocked by clk)
Path Group: clk
Path Type: max

Fanout     Cap    Slew   Delay    Time   Description
-----------------------------------------------------------------------------
                          0.00    0.00   clock clk (rise edge)
                          0.00    0.00   clock network delay (propagated)
                          5.00    5.00 v input external delay
                  0.01    0.00    5.00 v i_value2[2] (in)
     1    0.00                           i_value2[2] (net)
                  0.01    0.00    5.00 v input10/A (sky130_fd_sc_hd__buf_1)
                  0.08    0.12    5.12 v input10/X (sky130_fd_sc_hd__buf_1)
     3    0.01                           net10 (net)
                  0.08    0.00    5.12 v _305_/A2 (sky130_fd_sc_hd__a22o_1)
                  0.04    0.25    5.37 v _305_/X (sky130_fd_sc_hd__a22o_1)
     1    0.00                           _144_ (net)
                  0.04    0.00    5.37 v _306_/B2 (sky130_fd_sc_hd__o221a_2)
                  0.10    0.30    5.67 v _306_/X (sky130_fd_sc_hd__o221a_2)
     5    0.02                           _145_ (net)
                  0.10    0.00    5.67 v _309_/S (sky130_fd_sc_hd__mux2_1)
                  0.06    0.34    6.02 v _309_/X (sky130_fd_sc_hd__mux2_1)
     1    0.00                           _147_ (net)
                  0.06    0.00    6.02 v _310_/A (sky130_fd_sc_hd__clkbuf_1)
                  0.02    0.09    6.11 v _310_/X (sky130_fd_sc_hd__clkbuf_1)
     1    0.00                           _016_ (net)
                  0.02    0.00    6.11 v _436_/D (sky130_fd_sc_hd__dfrtp_1)
                                  6.11   data arrival time

                         25.00   25.00   clock clk (rise edge)
                          0.00   25.00   clock source latency
                  0.10    0.06   25.06 ^ clk (in)
     1    0.02                           clk (net)
                  0.10    0.00   25.06 ^ clkbuf_0_clk/A (sky130_fd_sc_hd__clkbuf_16)
                  0.10    0.18   25.24 ^ clkbuf_0_clk/X (sky130_fd_sc_hd__clkbuf_16)
     8    0.08                           clknet_0_clk (net)
                  0.10    0.00   25.25 ^ clkbuf_3_2__f_clk/A (sky130_fd_sc_hd__clkbuf_16)
                  0.05    0.15   25.39 ^ clkbuf_3_2__f_clk/X (sky130_fd_sc_hd__clkbuf_16)
    10    0.03                           clknet_3_2__leaf_clk (net)
                  0.05    0.00   25.39 ^ _436_/CLK (sky130_fd_sc_hd__dfrtp_1)
                         -0.25   25.14   clock uncertainty
                          0.00   25.14   clock reconvergence pessimism
                         -0.10   25.04   library setup time
                                 25.04   data required time
-----------------------------------------------------------------------------
                                 25.04   data required time
                                 -6.11   data arrival time
-----------------------------------------------------------------------------
                                 18.93   slack (MET)


Startpoint: i_value4[1] (input port clocked by clk)
Endpoint: _447_ (rising edge-triggered flip-flop clocked by clk)
Path Group: clk
Path Type: max

Fanout     Cap    Slew   Delay    Time   Description
-----------------------------------------------------------------------------
                          0.00    0.00   clock clk (rise edge)
                          0.00    0.00   clock network delay (propagated)
                          5.00    5.00 v input external delay
                  0.01    0.00    5.00 v i_value4[1] (in)
     1    0.00                           i_value4[1] (net)
                  0.01    0.00    5.00 v input15/A (sky130_fd_sc_hd__buf_1)
                  0.07    0.11    5.12 v input15/X (sky130_fd_sc_hd__buf_1)
     3    0.01                           net15 (net)
                  0.07    0.00    5.12 v _264_/A1 (sky130_fd_sc_hd__o211a_1)
                  0.04    0.24    5.35 v _264_/X (sky130_fd_sc_hd__o211a_1)
     1    0.00                           _115_ (net)
                  0.04    0.00    5.35 v _266_/B1 (sky130_fd_sc_hd__o221a_2)
                  0.10    0.32    5.67 v _266_/X (sky130_fd_sc_hd__o221a_2)
     5    0.02                           _117_ (net)
                  0.10    0.00    5.68 v _335_/S (sky130_fd_sc_hd__mux2_1)
                  0.06    0.34    6.02 v _335_/X (sky130_fd_sc_hd__mux2_1)
     1    0.00                           _162_ (net)
                  0.06    0.00    6.02 v _336_/A (sky130_fd_sc_hd__clkbuf_1)
                  0.02    0.09    6.11 v _336_/X (sky130_fd_sc_hd__clkbuf_1)
     1    0.00                           _027_ (net)
                  0.02    0.00    6.11 v _447_/D (sky130_fd_sc_hd__dfrtp_1)
                                  6.11   data arrival time

                         25.00   25.00   clock clk (rise edge)
                          0.00   25.00   clock source latency
                  0.10    0.06   25.06 ^ clk (in)
     1    0.02                           clk (net)
                  0.10    0.00   25.06 ^ clkbuf_0_clk/A (sky130_fd_sc_hd__clkbuf_16)
                  0.10    0.18   25.24 ^ clkbuf_0_clk/X (sky130_fd_sc_hd__clkbuf_16)
     8    0.08                           clknet_0_clk (net)
                  0.10    0.00   25.25 ^ clkbuf_3_2__f_clk/A (sky130_fd_sc_hd__clkbuf_16)
                  0.05    0.15   25.39 ^ clkbuf_3_2__f_clk/X (sky130_fd_sc_hd__clkbuf_16)
    10    0.03                           clknet_3_2__leaf_clk (net)
                  0.05    0.00   25.39 ^ _447_/CLK (sky130_fd_sc_hd__dfrtp_1)
                         -0.25   25.14   clock uncertainty
                          0.00   25.14   clock reconvergence pessimism
                         -0.10   25.04   library setup time
                                 25.04   data required time
-----------------------------------------------------------------------------
                                 25.04   data required time
                                 -6.11   data arrival time
-----------------------------------------------------------------------------
                                 18.93   slack (MET)


Startpoint: i_value4[1] (input port clocked by clk)
Endpoint: _448_ (rising edge-triggered flip-flop clocked by clk)
Path Group: clk
Path Type: max

Fanout     Cap    Slew   Delay    Time   Description
-----------------------------------------------------------------------------
                          0.00    0.00   clock clk (rise edge)
                          0.00    0.00   clock network delay (propagated)
                          5.00    5.00 v input external delay
                  0.01    0.00    5.00 v i_value4[1] (in)
     1    0.00                           i_value4[1] (net)
                  0.01    0.00    5.00 v input15/A (sky130_fd_sc_hd__buf_1)
                  0.07    0.11    5.12 v input15/X (sky130_fd_sc_hd__buf_1)
     3    0.01                           net15 (net)
                  0.07    0.00    5.12 v _264_/A1 (sky130_fd_sc_hd__o211a_1)
                  0.04    0.24    5.35 v _264_/X (sky130_fd_sc_hd__o211a_1)
     1    0.00                           _115_ (net)
                  0.04    0.00    5.35 v _266_/B1 (sky130_fd_sc_hd__o221a_2)
                  0.10    0.32    5.67 v _266_/X (sky130_fd_sc_hd__o221a_2)
     5    0.02                           _117_ (net)
                  0.10    0.00    5.68 v _337_/S (sky130_fd_sc_hd__mux2_1)
                  0.05    0.34    6.01 v _337_/X (sky130_fd_sc_hd__mux2_1)
     1    0.00                           _163_ (net)
                  0.05    0.00    6.01 v _338_/A (sky130_fd_sc_hd__clkbuf_1)
                  0.03    0.10    6.11 v _338_/X (sky130_fd_sc_hd__clkbuf_1)
     1    0.00                           _028_ (net)
                  0.03    0.00    6.11 v _448_/D (sky130_fd_sc_hd__dfrtp_1)
                                  6.11   data arrival time

                         25.00   25.00   clock clk (rise edge)
                          0.00   25.00   clock source latency
                  0.10    0.06   25.06 ^ clk (in)
     1    0.02                           clk (net)
                  0.10    0.00   25.06 ^ clkbuf_0_clk/A (sky130_fd_sc_hd__clkbuf_16)
                  0.10    0.18   25.24 ^ clkbuf_0_clk/X (sky130_fd_sc_hd__clkbuf_16)
     8    0.08                           clknet_0_clk (net)
                  0.10    0.00   25.25 ^ clkbuf_3_2__f_clk/A (sky130_fd_sc_hd__clkbuf_16)
                  0.05    0.15   25.39 ^ clkbuf_3_2__f_clk/X (sky130_fd_sc_hd__clkbuf_16)
    10    0.03                           clknet_3_2__leaf_clk (net)
                  0.05    0.00   25.39 ^ _448_/CLK (sky130_fd_sc_hd__dfrtp_1)
                         -0.25   25.14   clock uncertainty
                          0.00   25.14   clock reconvergence pessimism
                         -0.10   25.04   library setup time
                                 25.04   data required time
-----------------------------------------------------------------------------
                                 25.04   data required time
                                 -6.11   data arrival time
-----------------------------------------------------------------------------
                                 18.93   slack (MET)


Startpoint: i_value1[2] (input port clocked by clk)
Endpoint: _429_ (rising edge-triggered flip-flop clocked by clk)
Path Group: clk
Path Type: max

Fanout     Cap    Slew   Delay    Time   Description
-----------------------------------------------------------------------------
                          0.00    0.00   clock clk (rise edge)
                          0.00    0.00   clock network delay (propagated)
                          5.00    5.00 v input external delay
                  0.01    0.00    5.00 v i_value1[2] (in)
     1    0.00                           i_value1[2] (net)
                  0.01    0.00    5.00 v input7/A (sky130_fd_sc_hd__buf_1)
                  0.08    0.12    5.12 v input7/X (sky130_fd_sc_hd__buf_1)
     3    0.01                           net7 (net)
                  0.08    0.00    5.12 v _288_/A2 (sky130_fd_sc_hd__a22o_1)
                  0.04    0.25    5.38 v _288_/X (sky130_fd_sc_hd__a22o_1)
     1    0.00                           _133_ (net)
                  0.04    0.00    5.38 v _289_/B2 (sky130_fd_sc_hd__o221a_2)
                  0.10    0.31    5.68 v _289_/X (sky130_fd_sc_hd__o221a_2)
     5    0.02                           _134_ (net)
                  0.10    0.00    5.68 v _290_/S (sky130_fd_sc_hd__mux2_1)
                  0.05    0.34    6.02 v _290_/X (sky130_fd_sc_hd__mux2_1)
     1    0.00                           _135_ (net)
                  0.05    0.00    6.02 v _291_/A (sky130_fd_sc_hd__clkbuf_1)
                  0.02    0.09    6.12 v _291_/X (sky130_fd_sc_hd__clkbuf_1)
     1    0.00                           _009_ (net)
                  0.02    0.00    6.12 v _429_/D (sky130_fd_sc_hd__dfrtp_1)
                                  6.12   data arrival time

                         25.00   25.00   clock clk (rise edge)
                          0.00   25.00   clock source latency
                  0.10    0.06   25.06 ^ clk (in)
     1    0.02                           clk (net)
                  0.10    0.00   25.06 ^ clkbuf_0_clk/A (sky130_fd_sc_hd__clkbuf_16)
                  0.10    0.18   25.24 ^ clkbuf_0_clk/X (sky130_fd_sc_hd__clkbuf_16)
     8    0.08                           clknet_0_clk (net)
                  0.10    0.00   25.25 ^ clkbuf_3_0__f_clk/A (sky130_fd_sc_hd__clkbuf_16)
                  0.06    0.15   25.40 ^ clkbuf_3_0__f_clk/X (sky130_fd_sc_hd__clkbuf_16)
    12    0.04                           clknet_3_0__leaf_clk (net)
                  0.06    0.00   25.40 ^ _429_/CLK (sky130_fd_sc_hd__dfrtp_1)
                         -0.25   25.15   clock uncertainty
                          0.00   25.15   clock reconvergence pessimism
                         -0.10   25.05   library setup time
                                 25.05   data required time
-----------------------------------------------------------------------------
                                 25.05   data required time
                                 -6.12   data arrival time
-----------------------------------------------------------------------------
                                 18.93   slack (MET)


Startpoint: i_value2[2] (input port clocked by clk)
Endpoint: _446_ (rising edge-triggered flip-flop clocked by clk)
Path Group: clk
Path Type: max

Fanout     Cap    Slew   Delay    Time   Description
-----------------------------------------------------------------------------
                          0.00    0.00   clock clk (rise edge)
                          0.00    0.00   clock network delay (propagated)
                          5.00    5.00 v input external delay
                  0.01    0.00    5.00 v i_value2[2] (in)
     1    0.00                           i_value2[2] (net)
                  0.01    0.00    5.00 v input10/A (sky130_fd_sc_hd__buf_1)
                  0.08    0.12    5.12 v input10/X (sky130_fd_sc_hd__buf_1)
     3    0.01                           net10 (net)
                  0.08    0.00    5.12 v _305_/A2 (sky130_fd_sc_hd__a22o_1)
                  0.04    0.25    5.37 v _305_/X (sky130_fd_sc_hd__a22o_1)
     1    0.00                           _144_ (net)
                  0.04    0.00    5.37 v _306_/B2 (sky130_fd_sc_hd__o221a_2)
                  0.10    0.30    5.67 v _306_/X (sky130_fd_sc_hd__o221a_2)
     5    0.02                           _145_ (net)
                  0.10    0.00    5.67 v _333_/S (sky130_fd_sc_hd__mux2_1)
                  0.05    0.34    6.01 v _333_/X (sky130_fd_sc_hd__mux2_1)
     1    0.00                           _161_ (net)
                  0.05    0.00    6.01 v _334_/A (sky130_fd_sc_hd__clkbuf_1)
                  0.02    0.09    6.11 v _334_/X (sky130_fd_sc_hd__clkbuf_1)
     1    0.00                           _026_ (net)
                  0.02    0.00    6.11 v _446_/D (sky130_fd_sc_hd__dfrtp_1)
                                  6.11   data arrival time

                         25.00   25.00   clock clk (rise edge)
                          0.00   25.00   clock source latency
                  0.10    0.06   25.06 ^ clk (in)
     1    0.02                           clk (net)
                  0.10    0.00   25.06 ^ clkbuf_0_clk/A (sky130_fd_sc_hd__clkbuf_16)
                  0.10    0.18   25.24 ^ clkbuf_0_clk/X (sky130_fd_sc_hd__clkbuf_16)
     8    0.08                           clknet_0_clk (net)
                  0.10    0.00   25.25 ^ clkbuf_3_3__f_clk/A (sky130_fd_sc_hd__clkbuf_16)
                  0.05    0.15   25.39 ^ clkbuf_3_3__f_clk/X (sky130_fd_sc_hd__clkbuf_16)
    10    0.03                           clknet_3_3__leaf_clk (net)
                  0.05    0.00   25.39 ^ _446_/CLK (sky130_fd_sc_hd__dfrtp_1)
                         -0.25   25.14   clock uncertainty
                          0.00   25.14   clock reconvergence pessimism
                         -0.10   25.04   library setup time
                                 25.04   data required time
-----------------------------------------------------------------------------
                                 25.04   data required time
                                 -6.11   data arrival time
-----------------------------------------------------------------------------
                                 18.93   slack (MET)


Startpoint: i_value2[2] (input port clocked by clk)
Endpoint: _435_ (rising edge-triggered flip-flop clocked by clk)
Path Group: clk
Path Type: max

Fanout     Cap    Slew   Delay    Time   Description
-----------------------------------------------------------------------------
                          0.00    0.00   clock clk (rise edge)
                          0.00    0.00   clock network delay (propagated)
                          5.00    5.00 v input external delay
                  0.01    0.00    5.00 v i_value2[2] (in)
     1    0.00                           i_value2[2] (net)
                  0.01    0.00    5.00 v input10/A (sky130_fd_sc_hd__buf_1)
                  0.08    0.12    5.12 v input10/X (sky130_fd_sc_hd__buf_1)
     3    0.01                           net10 (net)
                  0.08    0.00    5.12 v _305_/A2 (sky130_fd_sc_hd__a22o_1)
                  0.04    0.25    5.37 v _305_/X (sky130_fd_sc_hd__a22o_1)
     1    0.00                           _144_ (net)
                  0.04    0.00    5.37 v _306_/B2 (sky130_fd_sc_hd__o221a_2)
                  0.10    0.30    5.67 v _306_/X (sky130_fd_sc_hd__o221a_2)
     5    0.02                           _145_ (net)
                  0.10    0.00    5.67 v _307_/S (sky130_fd_sc_hd__mux2_1)
                  0.05    0.34    6.01 v _307_/X (sky130_fd_sc_hd__mux2_1)
     1    0.00                           _146_ (net)
                  0.05    0.00    6.01 v _308_/A (sky130_fd_sc_hd__clkbuf_1)
                  0.02    0.09    6.11 v _308_/X (sky130_fd_sc_hd__clkbuf_1)
     1    0.00                           _015_ (net)
                  0.02    0.00    6.11 v _435_/D (sky130_fd_sc_hd__dfrtp_1)
                                  6.11   data arrival time

                         25.00   25.00   clock clk (rise edge)
                          0.00   25.00   clock source latency
                  0.10    0.06   25.06 ^ clk (in)
     1    0.02                           clk (net)
                  0.10    0.00   25.06 ^ clkbuf_0_clk/A (sky130_fd_sc_hd__clkbuf_16)
                  0.10    0.18   25.24 ^ clkbuf_0_clk/X (sky130_fd_sc_hd__clkbuf_16)
     8    0.08                           clknet_0_clk (net)
                  0.10    0.00   25.25 ^ clkbuf_3_2__f_clk/A (sky130_fd_sc_hd__clkbuf_16)
                  0.05    0.15   25.39 ^ clkbuf_3_2__f_clk/X (sky130_fd_sc_hd__clkbuf_16)
    10    0.03                           clknet_3_2__leaf_clk (net)
                  0.05    0.00   25.39 ^ _435_/CLK (sky130_fd_sc_hd__dfrtp_1)
                         -0.25   25.14   clock uncertainty
                          0.00   25.14   clock reconvergence pessimism
                         -0.10   25.04   library setup time
                                 25.04   data required time
-----------------------------------------------------------------------------
                                 25.04   data required time
                                 -6.11   data arrival time
-----------------------------------------------------------------------------
                                 18.93   slack (MET)


Startpoint: i_value1[2] (input port clocked by clk)
Endpoint: _439_ (rising edge-triggered flip-flop clocked by clk)
Path Group: clk
Path Type: max

Fanout     Cap    Slew   Delay    Time   Description
-----------------------------------------------------------------------------
                          0.00    0.00   clock clk (rise edge)
                          0.00    0.00   clock network delay (propagated)
                          5.00    5.00 v input external delay
                  0.01    0.00    5.00 v i_value1[2] (in)
     1    0.00                           i_value1[2] (net)
                  0.01    0.00    5.00 v input7/A (sky130_fd_sc_hd__buf_1)
                  0.08    0.12    5.12 v input7/X (sky130_fd_sc_hd__buf_1)
     3    0.01                           net7 (net)
                  0.08    0.00    5.12 v _288_/A2 (sky130_fd_sc_hd__a22o_1)
                  0.04    0.25    5.38 v _288_/X (sky130_fd_sc_hd__a22o_1)
     1    0.00                           _133_ (net)
                  0.04    0.00    5.38 v _289_/B2 (sky130_fd_sc_hd__o221a_2)
                  0.10    0.31    5.68 v _289_/X (sky130_fd_sc_hd__o221a_2)
     5    0.02                           _134_ (net)
                  0.10    0.00    5.68 v _314_/S (sky130_fd_sc_hd__mux2_1)
                  0.05    0.34    6.02 v _314_/X (sky130_fd_sc_hd__mux2_1)
     1    0.00                           _149_ (net)
                  0.05    0.00    6.02 v _315_/A (sky130_fd_sc_hd__clkbuf_1)
                  0.02    0.09    6.11 v _315_/X (sky130_fd_sc_hd__clkbuf_1)
     1    0.00                           _019_ (net)
                  0.02    0.00    6.11 v _439_/D (sky130_fd_sc_hd__dfrtp_1)
                                  6.11   data arrival time

                         25.00   25.00   clock clk (rise edge)
                          0.00   25.00   clock source latency
                  0.10    0.06   25.06 ^ clk (in)
     1    0.02                           clk (net)
                  0.10    0.00   25.06 ^ clkbuf_0_clk/A (sky130_fd_sc_hd__clkbuf_16)
                  0.10    0.18   25.24 ^ clkbuf_0_clk/X (sky130_fd_sc_hd__clkbuf_16)
     8    0.08                           clknet_0_clk (net)
                  0.10    0.00   25.25 ^ clkbuf_3_0__f_clk/A (sky130_fd_sc_hd__clkbuf_16)
                  0.06    0.15   25.40 ^ clkbuf_3_0__f_clk/X (sky130_fd_sc_hd__clkbuf_16)
    12    0.04                           clknet_3_0__leaf_clk (net)
                  0.06    0.00   25.40 ^ _439_/CLK (sky130_fd_sc_hd__dfrtp_1)
                         -0.25   25.15   clock uncertainty
                          0.00   25.15   clock reconvergence pessimism
                         -0.10   25.05   library setup time
                                 25.05   data required time
-----------------------------------------------------------------------------
                                 25.05   data required time
                                 -6.11   data arrival time
-----------------------------------------------------------------------------
                                 18.94   slack (MET)


Startpoint: i_value1[2] (input port clocked by clk)
Endpoint: _430_ (rising edge-triggered flip-flop clocked by clk)
Path Group: clk
Path Type: max

Fanout     Cap    Slew   Delay    Time   Description
-----------------------------------------------------------------------------
                          0.00    0.00   clock clk (rise edge)
                          0.00    0.00   clock network delay (propagated)
                          5.00    5.00 v input external delay
                  0.01    0.00    5.00 v i_value1[2] (in)
     1    0.00                           i_value1[2] (net)
                  0.01    0.00    5.00 v input7/A (sky130_fd_sc_hd__buf_1)
                  0.08    0.12    5.12 v input7/X (sky130_fd_sc_hd__buf_1)
     3    0.01                           net7 (net)
                  0.08    0.00    5.12 v _288_/A2 (sky130_fd_sc_hd__a22o_1)
                  0.04    0.25    5.38 v _288_/X (sky130_fd_sc_hd__a22o_1)
     1    0.00                           _133_ (net)
                  0.04    0.00    5.38 v _289_/B2 (sky130_fd_sc_hd__o221a_2)
                  0.10    0.31    5.68 v _289_/X (sky130_fd_sc_hd__o221a_2)
     5    0.02                           _134_ (net)
                  0.10    0.00    5.68 v _292_/S (sky130_fd_sc_hd__mux2_1)
                  0.05    0.33    6.02 v _292_/X (sky130_fd_sc_hd__mux2_1)
     1    0.00                           _136_ (net)
                  0.05    0.00    6.02 v _293_/A (sky130_fd_sc_hd__clkbuf_1)
                  0.02    0.09    6.11 v _293_/X (sky130_fd_sc_hd__clkbuf_1)
     1    0.00                           _010_ (net)
                  0.02    0.00    6.11 v _430_/D (sky130_fd_sc_hd__dfrtp_1)
                                  6.11   data arrival time

                         25.00   25.00   clock clk (rise edge)
                          0.00   25.00   clock source latency
                  0.10    0.06   25.06 ^ clk (in)
     1    0.02                           clk (net)
                  0.10    0.00   25.06 ^ clkbuf_0_clk/A (sky130_fd_sc_hd__clkbuf_16)
                  0.10    0.18   25.24 ^ clkbuf_0_clk/X (sky130_fd_sc_hd__clkbuf_16)
     8    0.08                           clknet_0_clk (net)
                  0.10    0.00   25.25 ^ clkbuf_3_0__f_clk/A (sky130_fd_sc_hd__clkbuf_16)
                  0.06    0.15   25.40 ^ clkbuf_3_0__f_clk/X (sky130_fd_sc_hd__clkbuf_16)
    12    0.04                           clknet_3_0__leaf_clk (net)
                  0.06    0.00   25.40 ^ _430_/CLK (sky130_fd_sc_hd__dfrtp_1)
                         -0.25   25.15   clock uncertainty
                          0.00   25.15   clock reconvergence pessimism
                         -0.10   25.05   library setup time
                                 25.05   data required time
-----------------------------------------------------------------------------
                                 25.05   data required time
                                 -6.11   data arrival time
-----------------------------------------------------------------------------
                                 18.94   slack (MET)


Startpoint: i_value3[2] (input port clocked by clk)
Endpoint: _451_ (rising edge-triggered flip-flop clocked by clk)
Path Group: clk
Path Type: max

Fanout     Cap    Slew   Delay    Time   Description
-----------------------------------------------------------------------------
                          0.00    0.00   clock clk (rise edge)
                          0.00    0.00   clock network delay (propagated)
                          5.00    5.00 v input external delay
                  0.01    0.00    5.00 v i_value3[2] (in)
     1    0.00                           i_value3[2] (net)
                  0.01    0.00    5.00 v input13/A (sky130_fd_sc_hd__buf_1)
                  0.07    0.11    5.12 v input13/X (sky130_fd_sc_hd__buf_1)
     3    0.01                           net13 (net)
                  0.07    0.00    5.12 v _322_/A2 (sky130_fd_sc_hd__a22o_1)
                  0.04    0.25    5.36 v _322_/X (sky130_fd_sc_hd__a22o_1)
     1    0.00                           _155_ (net)
                  0.04    0.00    5.36 v _323_/B2 (sky130_fd_sc_hd__o221a_2)
                  0.09    0.30    5.67 v _323_/X (sky130_fd_sc_hd__o221a_2)
     5    0.02                           _156_ (net)
                  0.09    0.00    5.67 v _342_/S (sky130_fd_sc_hd__mux2_1)
                  0.06    0.34    6.00 v _342_/X (sky130_fd_sc_hd__mux2_1)
     1    0.00                           _165_ (net)
                  0.06    0.00    6.00 v _343_/A (sky130_fd_sc_hd__clkbuf_1)
                  0.03    0.10    6.10 v _343_/X (sky130_fd_sc_hd__clkbuf_1)
     1    0.00                           _031_ (net)
                  0.03    0.00    6.10 v _451_/D (sky130_fd_sc_hd__dfrtp_1)
                                  6.10   data arrival time

                         25.00   25.00   clock clk (rise edge)
                          0.00   25.00   clock source latency
                  0.10    0.06   25.06 ^ clk (in)
     1    0.02                           clk (net)
                  0.10    0.00   25.06 ^ clkbuf_0_clk/A (sky130_fd_sc_hd__clkbuf_16)
                  0.10    0.18   25.24 ^ clkbuf_0_clk/X (sky130_fd_sc_hd__clkbuf_16)
     8    0.08                           clknet_0_clk (net)
                  0.10    0.00   25.25 ^ clkbuf_3_2__f_clk/A (sky130_fd_sc_hd__clkbuf_16)
                  0.05    0.15   25.39 ^ clkbuf_3_2__f_clk/X (sky130_fd_sc_hd__clkbuf_16)
    10    0.03                           clknet_3_2__leaf_clk (net)
                  0.05    0.00   25.39 ^ _451_/CLK (sky130_fd_sc_hd__dfrtp_1)
                         -0.25   25.14   clock uncertainty
                          0.00   25.14   clock reconvergence pessimism
                         -0.10   25.04   library setup time
                                 25.04   data required time
-----------------------------------------------------------------------------
                                 25.04   data required time
                                 -6.10   data arrival time
-----------------------------------------------------------------------------
                                 18.94   slack (MET)


Startpoint: i_value4[1] (input port clocked by clk)
Endpoint: _423_ (rising edge-triggered flip-flop clocked by clk)
Path Group: clk
Path Type: max

Fanout     Cap    Slew   Delay    Time   Description
-----------------------------------------------------------------------------
                          0.00    0.00   clock clk (rise edge)
                          0.00    0.00   clock network delay (propagated)
                          5.00    5.00 v input external delay
                  0.01    0.00    5.00 v i_value4[1] (in)
     1    0.00                           i_value4[1] (net)
                  0.01    0.00    5.00 v input15/A (sky130_fd_sc_hd__buf_1)
                  0.07    0.11    5.12 v input15/X (sky130_fd_sc_hd__buf_1)
     3    0.01                           net15 (net)
                  0.07    0.00    5.12 v _264_/A1 (sky130_fd_sc_hd__o211a_1)
                  0.04    0.24    5.35 v _264_/X (sky130_fd_sc_hd__o211a_1)
     1    0.00                           _115_ (net)
                  0.04    0.00    5.35 v _266_/B1 (sky130_fd_sc_hd__o221a_2)
                  0.10    0.32    5.67 v _266_/X (sky130_fd_sc_hd__o221a_2)
     5    0.02                           _117_ (net)
                  0.10    0.00    5.68 v _267_/S (sky130_fd_sc_hd__mux2_1)
                  0.05    0.33    6.01 v _267_/X (sky130_fd_sc_hd__mux2_1)
     1    0.00                           _118_ (net)
                  0.05    0.00    6.01 v _268_/A (sky130_fd_sc_hd__clkbuf_1)
                  0.02    0.09    6.10 v _268_/X (sky130_fd_sc_hd__clkbuf_1)
     1    0.00                           _003_ (net)
                  0.02    0.00    6.10 v _423_/D (sky130_fd_sc_hd__dfrtp_1)
                                  6.10   data arrival time

                         25.00   25.00   clock clk (rise edge)
                          0.00   25.00   clock source latency
                  0.10    0.06   25.06 ^ clk (in)
     1    0.02                           clk (net)
                  0.10    0.00   25.06 ^ clkbuf_0_clk/A (sky130_fd_sc_hd__clkbuf_16)
                  0.10    0.18   25.24 ^ clkbuf_0_clk/X (sky130_fd_sc_hd__clkbuf_16)
     8    0.08                           clknet_0_clk (net)
                  0.10    0.00   25.25 ^ clkbuf_3_3__f_clk/A (sky130_fd_sc_hd__clkbuf_16)
                  0.05    0.15   25.39 ^ clkbuf_3_3__f_clk/X (sky130_fd_sc_hd__clkbuf_16)
    10    0.03                           clknet_3_3__leaf_clk (net)
                  0.05    0.00   25.39 ^ _423_/CLK (sky130_fd_sc_hd__dfrtp_1)
                         -0.25   25.14   clock uncertainty
                          0.00   25.14   clock reconvergence pessimism
                         -0.10   25.04   library setup time
                                 25.04   data required time
-----------------------------------------------------------------------------
                                 25.04   data required time
                                 -6.10   data arrival time
-----------------------------------------------------------------------------
                                 18.94   slack (MET)


Startpoint: i_value3[2] (input port clocked by clk)
Endpoint: _450_ (rising edge-triggered flip-flop clocked by clk)
Path Group: clk
Path Type: max

Fanout     Cap    Slew   Delay    Time   Description
-----------------------------------------------------------------------------
                          0.00    0.00   clock clk (rise edge)
                          0.00    0.00   clock network delay (propagated)
                          5.00    5.00 v input external delay
                  0.01    0.00    5.00 v i_value3[2] (in)
     1    0.00                           i_value3[2] (net)
                  0.01    0.00    5.00 v input13/A (sky130_fd_sc_hd__buf_1)
                  0.07    0.11    5.12 v input13/X (sky130_fd_sc_hd__buf_1)
     3    0.01                           net13 (net)
                  0.07    0.00    5.12 v _322_/A2 (sky130_fd_sc_hd__a22o_1)
                  0.04    0.25    5.36 v _322_/X (sky130_fd_sc_hd__a22o_1)
     1    0.00                           _155_ (net)
                  0.04    0.00    5.36 v _323_/B2 (sky130_fd_sc_hd__o221a_2)
                  0.09    0.30    5.67 v _323_/X (sky130_fd_sc_hd__o221a_2)
     5    0.02                           _156_ (net)
                  0.09    0.00    5.67 v _340_/S (sky130_fd_sc_hd__mux2_1)
                  0.06    0.34    6.01 v _340_/X (sky130_fd_sc_hd__mux2_1)
     1    0.00                           _164_ (net)
                  0.06    0.00    6.01 v _341_/A (sky130_fd_sc_hd__clkbuf_1)
                  0.02    0.09    6.10 v _341_/X (sky130_fd_sc_hd__clkbuf_1)
     1    0.00                           _030_ (net)
                  0.02    0.00    6.10 v _450_/D (sky130_fd_sc_hd__dfrtp_1)
                                  6.10   data arrival time

                         25.00   25.00   clock clk (rise edge)
                          0.00   25.00   clock source latency
                  0.10    0.06   25.06 ^ clk (in)
     1    0.02                           clk (net)
                  0.10    0.00   25.06 ^ clkbuf_0_clk/A (sky130_fd_sc_hd__clkbuf_16)
                  0.10    0.18   25.24 ^ clkbuf_0_clk/X (sky130_fd_sc_hd__clkbuf_16)
     8    0.08                           clknet_0_clk (net)
                  0.10    0.00   25.25 ^ clkbuf_3_3__f_clk/A (sky130_fd_sc_hd__clkbuf_16)
                  0.05    0.15   25.39 ^ clkbuf_3_3__f_clk/X (sky130_fd_sc_hd__clkbuf_16)
    10    0.03                           clknet_3_3__leaf_clk (net)
                  0.05    0.00   25.39 ^ _450_/CLK (sky130_fd_sc_hd__dfrtp_1)
                         -0.25   25.14   clock uncertainty
                          0.00   25.14   clock reconvergence pessimism
                         -0.10   25.04   library setup time
                                 25.04   data required time
-----------------------------------------------------------------------------
                                 25.04   data required time
                                 -6.10   data arrival time
-----------------------------------------------------------------------------
                                 18.94   slack (MET)


Startpoint: i_value2[2] (input port clocked by clk)
Endpoint: _444_ (rising edge-triggered flip-flop clocked by clk)
Path Group: clk
Path Type: max

Fanout     Cap    Slew   Delay    Time   Description
-----------------------------------------------------------------------------
                          0.00    0.00   clock clk (rise edge)
                          0.00    0.00   clock network delay (propagated)
                          5.00    5.00 v input external delay
                  0.01    0.00    5.00 v i_value2[2] (in)
     1    0.00                           i_value2[2] (net)
                  0.01    0.00    5.00 v input10/A (sky130_fd_sc_hd__buf_1)
                  0.08    0.12    5.12 v input10/X (sky130_fd_sc_hd__buf_1)
     3    0.01                           net10 (net)
                  0.08    0.00    5.12 v _305_/A2 (sky130_fd_sc_hd__a22o_1)
                  0.04    0.25    5.37 v _305_/X (sky130_fd_sc_hd__a22o_1)
     1    0.00                           _144_ (net)
                  0.04    0.00    5.37 v _306_/B2 (sky130_fd_sc_hd__o221a_2)
                  0.10    0.30    5.67 v _306_/X (sky130_fd_sc_hd__o221a_2)
     5    0.02                           _145_ (net)
                  0.10    0.00    5.68 v _329_/S (sky130_fd_sc_hd__mux2_1)
                  0.05    0.33    6.01 v _329_/X (sky130_fd_sc_hd__mux2_1)
     1    0.00                           _159_ (net)
                  0.05    0.00    6.01 v _330_/A (sky130_fd_sc_hd__clkbuf_1)
                  0.03    0.09    6.10 v _330_/X (sky130_fd_sc_hd__clkbuf_1)
     1    0.00                           _024_ (net)
                  0.03    0.00    6.10 v _444_/D (sky130_fd_sc_hd__dfrtp_1)
                                  6.10   data arrival time

                         25.00   25.00   clock clk (rise edge)
                          0.00   25.00   clock source latency
                  0.10    0.06   25.06 ^ clk (in)
     1    0.02                           clk (net)
                  0.10    0.00   25.06 ^ clkbuf_0_clk/A (sky130_fd_sc_hd__clkbuf_16)
                  0.10    0.18   25.24 ^ clkbuf_0_clk/X (sky130_fd_sc_hd__clkbuf_16)
     8    0.08                           clknet_0_clk (net)
                  0.10    0.00   25.25 ^ clkbuf_3_0__f_clk/A (sky130_fd_sc_hd__clkbuf_16)
                  0.06    0.15   25.40 ^ clkbuf_3_0__f_clk/X (sky130_fd_sc_hd__clkbuf_16)
    12    0.04                           clknet_3_0__leaf_clk (net)
                  0.06    0.00   25.40 ^ _444_/CLK (sky130_fd_sc_hd__dfrtp_1)
                         -0.25   25.15   clock uncertainty
                          0.00   25.15   clock reconvergence pessimism
                         -0.10   25.05   library setup time
                                 25.05   data required time
-----------------------------------------------------------------------------
                                 25.05   data required time
                                 -6.10   data arrival time
-----------------------------------------------------------------------------
                                 18.94   slack (MET)


Startpoint: i_value3[2] (input port clocked by clk)
Endpoint: _442_ (rising edge-triggered flip-flop clocked by clk)
Path Group: clk
Path Type: max

Fanout     Cap    Slew   Delay    Time   Description
-----------------------------------------------------------------------------
                          0.00    0.00   clock clk (rise edge)
                          0.00    0.00   clock network delay (propagated)
                          5.00    5.00 v input external delay
                  0.01    0.00    5.00 v i_value3[2] (in)
     1    0.00                           i_value3[2] (net)
                  0.01    0.00    5.00 v input13/A (sky130_fd_sc_hd__buf_1)
                  0.07    0.11    5.12 v input13/X (sky130_fd_sc_hd__buf_1)
     3    0.01                           net13 (net)
                  0.07    0.00    5.12 v _322_/A2 (sky130_fd_sc_hd__a22o_1)
                  0.04    0.25    5.36 v _322_/X (sky130_fd_sc_hd__a22o_1)
     1    0.00                           _155_ (net)
                  0.04    0.00    5.36 v _323_/B2 (sky130_fd_sc_hd__o221a_2)
                  0.09    0.30    5.67 v _323_/X (sky130_fd_sc_hd__o221a_2)
     5    0.02                           _156_ (net)
                  0.09    0.00    5.67 v _326_/S (sky130_fd_sc_hd__mux2_1)
                  0.05    0.34    6.00 v _326_/X (sky130_fd_sc_hd__mux2_1)
     1    0.00                           _158_ (net)
                  0.05    0.00    6.00 v _327_/A (sky130_fd_sc_hd__clkbuf_1)
                  0.02    0.09    6.10 v _327_/X (sky130_fd_sc_hd__clkbuf_1)
     1    0.00                           _022_ (net)
                  0.02    0.00    6.10 v _442_/D (sky130_fd_sc_hd__dfrtp_1)
                                  6.10   data arrival time

                         25.00   25.00   clock clk (rise edge)
                          0.00   25.00   clock source latency
                  0.10    0.06   25.06 ^ clk (in)
     1    0.02                           clk (net)
                  0.10    0.00   25.06 ^ clkbuf_0_clk/A (sky130_fd_sc_hd__clkbuf_16)
                  0.10    0.18   25.24 ^ clkbuf_0_clk/X (sky130_fd_sc_hd__clkbuf_16)
     8    0.08                           clknet_0_clk (net)
                  0.10    0.00   25.25 ^ clkbuf_3_2__f_clk/A (sky130_fd_sc_hd__clkbuf_16)
                  0.05    0.15   25.39 ^ clkbuf_3_2__f_clk/X (sky130_fd_sc_hd__clkbuf_16)
    10    0.03                           clknet_3_2__leaf_clk (net)
                  0.05    0.00   25.39 ^ _442_/CLK (sky130_fd_sc_hd__dfrtp_1)
                         -0.25   25.14   clock uncertainty
                          0.00   25.14   clock reconvergence pessimism
                         -0.10   25.04   library setup time
                                 25.04   data required time
-----------------------------------------------------------------------------
                                 25.04   data required time
                                 -6.10   data arrival time
-----------------------------------------------------------------------------
                                 18.95   slack (MET)


Startpoint: i_value3[2] (input port clocked by clk)
Endpoint: _441_ (rising edge-triggered flip-flop clocked by clk)
Path Group: clk
Path Type: max

Fanout     Cap    Slew   Delay    Time   Description
-----------------------------------------------------------------------------
                          0.00    0.00   clock clk (rise edge)
                          0.00    0.00   clock network delay (propagated)
                          5.00    5.00 v input external delay
                  0.01    0.00    5.00 v i_value3[2] (in)
     1    0.00                           i_value3[2] (net)
                  0.01    0.00    5.00 v input13/A (sky130_fd_sc_hd__buf_1)
                  0.07    0.11    5.12 v input13/X (sky130_fd_sc_hd__buf_1)
     3    0.01                           net13 (net)
                  0.07    0.00    5.12 v _322_/A2 (sky130_fd_sc_hd__a22o_1)
                  0.04    0.25    5.36 v _322_/X (sky130_fd_sc_hd__a22o_1)
     1    0.00                           _155_ (net)
                  0.04    0.00    5.36 v _323_/B2 (sky130_fd_sc_hd__o221a_2)
                  0.09    0.30    5.67 v _323_/X (sky130_fd_sc_hd__o221a_2)
     5    0.02                           _156_ (net)
                  0.09    0.00    5.67 v _324_/S (sky130_fd_sc_hd__mux2_1)
                  0.05    0.34    6.00 v _324_/X (sky130_fd_sc_hd__mux2_1)
     1    0.00                           _157_ (net)
                  0.05    0.00    6.00 v _325_/A (sky130_fd_sc_hd__clkbuf_1)
                  0.02    0.09    6.09 v _325_/X (sky130_fd_sc_hd__clkbuf_1)
     1    0.00                           _021_ (net)
                  0.02    0.00    6.09 v _441_/D (sky130_fd_sc_hd__dfrtp_1)
                                  6.09   data arrival time

                         25.00   25.00   clock clk (rise edge)
                          0.00   25.00   clock source latency
                  0.10    0.06   25.06 ^ clk (in)
     1    0.02                           clk (net)
                  0.10    0.00   25.06 ^ clkbuf_0_clk/A (sky130_fd_sc_hd__clkbuf_16)
                  0.10    0.18   25.24 ^ clkbuf_0_clk/X (sky130_fd_sc_hd__clkbuf_16)
     8    0.08                           clknet_0_clk (net)
                  0.10    0.00   25.25 ^ clkbuf_3_2__f_clk/A (sky130_fd_sc_hd__clkbuf_16)
                  0.05    0.15   25.39 ^ clkbuf_3_2__f_clk/X (sky130_fd_sc_hd__clkbuf_16)
    10    0.03                           clknet_3_2__leaf_clk (net)
                  0.05    0.00   25.39 ^ _441_/CLK (sky130_fd_sc_hd__dfrtp_1)
                         -0.25   25.14   clock uncertainty
                          0.00   25.14   clock reconvergence pessimism
                         -0.10   25.04   library setup time
                                 25.04   data required time
-----------------------------------------------------------------------------
                                 25.04   data required time
                                 -6.09   data arrival time
-----------------------------------------------------------------------------
                                 18.95   slack (MET)


Startpoint: i_value3[2] (input port clocked by clk)
Endpoint: _452_ (rising edge-triggered flip-flop clocked by clk)
Path Group: clk
Path Type: max

Fanout     Cap    Slew   Delay    Time   Description
-----------------------------------------------------------------------------
                          0.00    0.00   clock clk (rise edge)
                          0.00    0.00   clock network delay (propagated)
                          5.00    5.00 v input external delay
                  0.01    0.00    5.00 v i_value3[2] (in)
     1    0.00                           i_value3[2] (net)
                  0.01    0.00    5.00 v input13/A (sky130_fd_sc_hd__buf_1)
                  0.07    0.11    5.12 v input13/X (sky130_fd_sc_hd__buf_1)
     3    0.01                           net13 (net)
                  0.07    0.00    5.12 v _322_/A2 (sky130_fd_sc_hd__a22o_1)
                  0.04    0.25    5.36 v _322_/X (sky130_fd_sc_hd__a22o_1)
     1    0.00                           _155_ (net)
                  0.04    0.00    5.36 v _323_/B2 (sky130_fd_sc_hd__o221a_2)
                  0.09    0.30    5.67 v _323_/X (sky130_fd_sc_hd__o221a_2)
     5    0.02                           _156_ (net)
                  0.09    0.00    5.67 v _344_/S (sky130_fd_sc_hd__mux2_1)
                  0.05    0.33    6.00 v _344_/X (sky130_fd_sc_hd__mux2_1)
     1    0.00                           _166_ (net)
                  0.05    0.00    6.00 v _345_/A (sky130_fd_sc_hd__clkbuf_1)
                  0.02    0.09    6.09 v _345_/X (sky130_fd_sc_hd__clkbuf_1)
     1    0.00                           _032_ (net)
                  0.02    0.00    6.09 v _452_/D (sky130_fd_sc_hd__dfrtp_1)
                                  6.09   data arrival time

                         25.00   25.00   clock clk (rise edge)
                          0.00   25.00   clock source latency
                  0.10    0.06   25.06 ^ clk (in)
     1    0.02                           clk (net)
                  0.10    0.00   25.06 ^ clkbuf_0_clk/A (sky130_fd_sc_hd__clkbuf_16)
                  0.10    0.18   25.24 ^ clkbuf_0_clk/X (sky130_fd_sc_hd__clkbuf_16)
     8    0.08                           clknet_0_clk (net)
                  0.10    0.00   25.25 ^ clkbuf_3_3__f_clk/A (sky130_fd_sc_hd__clkbuf_16)
                  0.05    0.15   25.39 ^ clkbuf_3_3__f_clk/X (sky130_fd_sc_hd__clkbuf_16)
    10    0.03                           clknet_3_3__leaf_clk (net)
                  0.05    0.00   25.39 ^ _452_/CLK (sky130_fd_sc_hd__dfrtp_1)
                         -0.25   25.14   clock uncertainty
                          0.00   25.14   clock reconvergence pessimism
                         -0.10   25.04   library setup time
                                 25.04   data required time
-----------------------------------------------------------------------------
                                 25.04   data required time
                                 -6.09   data arrival time
-----------------------------------------------------------------------------
                                 18.95   slack (MET)


Startpoint: i_value0[2] (input port clocked by clk)
Endpoint: _433_ (rising edge-triggered flip-flop clocked by clk)
Path Group: clk
Path Type: max

Fanout     Cap    Slew   Delay    Time   Description
-----------------------------------------------------------------------------
                          0.00    0.00   clock clk (rise edge)
                          0.00    0.00   clock network delay (propagated)
                          5.00    5.00 v input external delay
                  0.01    0.00    5.00 v i_value0[2] (in)
     1    0.00                           i_value0[2] (net)
                  0.01    0.00    5.00 v input4/A (sky130_fd_sc_hd__buf_1)
                  0.06    0.11    5.11 v input4/X (sky130_fd_sc_hd__buf_1)
     3    0.01                           net4 (net)
                  0.06    0.00    5.11 v _277_/A2 (sky130_fd_sc_hd__a22o_1)
                  0.04    0.24    5.35 v _277_/X (sky130_fd_sc_hd__a22o_1)
     1    0.00                           _125_ (net)
                  0.04    0.00    5.35 v _278_/B2 (sky130_fd_sc_hd__o221a_2)
                  0.09    0.30    5.65 v _278_/X (sky130_fd_sc_hd__o221a_2)
     5    0.02                           _126_ (net)
                  0.09    0.00    5.65 v _297_/S (sky130_fd_sc_hd__mux2_1)
                  0.05    0.33    5.98 v _297_/X (sky130_fd_sc_hd__mux2_1)
     1    0.00                           _138_ (net)
                  0.05    0.00    5.98 v _298_/A (sky130_fd_sc_hd__clkbuf_1)
                  0.03    0.09    6.08 v _298_/X (sky130_fd_sc_hd__clkbuf_1)
     1    0.00                           _013_ (net)
                  0.03    0.00    6.08 v _433_/D (sky130_fd_sc_hd__dfrtp_1)
                                  6.08   data arrival time

                         25.00   25.00   clock clk (rise edge)
                          0.00   25.00   clock source latency
                  0.10    0.06   25.06 ^ clk (in)
     1    0.02                           clk (net)
                  0.10    0.00   25.06 ^ clkbuf_0_clk/A (sky130_fd_sc_hd__clkbuf_16)
                  0.10    0.18   25.24 ^ clkbuf_0_clk/X (sky130_fd_sc_hd__clkbuf_16)
     8    0.08                           clknet_0_clk (net)
                  0.10    0.00   25.25 ^ clkbuf_3_1__f_clk/A (sky130_fd_sc_hd__clkbuf_16)
                  0.04    0.14   25.39 ^ clkbuf_3_1__f_clk/X (sky130_fd_sc_hd__clkbuf_16)
     7    0.02                           clknet_3_1__leaf_clk (net)
                  0.04    0.00   25.39 ^ _433_/CLK (sky130_fd_sc_hd__dfrtp_1)
                         -0.25   25.14   clock uncertainty
                          0.00   25.14   clock reconvergence pessimism
                         -0.11   25.03   library setup time
                                 25.03   data required time
-----------------------------------------------------------------------------
                                 25.03   data required time
                                 -6.08   data arrival time
-----------------------------------------------------------------------------
                                 18.95   slack (MET)


Startpoint: i_value0[2] (input port clocked by clk)
Endpoint: _434_ (rising edge-triggered flip-flop clocked by clk)
Path Group: clk
Path Type: max

Fanout     Cap    Slew   Delay    Time   Description
-----------------------------------------------------------------------------
                          0.00    0.00   clock clk (rise edge)
                          0.00    0.00   clock network delay (propagated)
                          5.00    5.00 v input external delay
                  0.01    0.00    5.00 v i_value0[2] (in)
     1    0.00                           i_value0[2] (net)
                  0.01    0.00    5.00 v input4/A (sky130_fd_sc_hd__buf_1)
                  0.06    0.11    5.11 v input4/X (sky130_fd_sc_hd__buf_1)
     3    0.01                           net4 (net)
                  0.06    0.00    5.11 v _277_/A2 (sky130_fd_sc_hd__a22o_1)
                  0.04    0.24    5.35 v _277_/X (sky130_fd_sc_hd__a22o_1)
     1    0.00                           _125_ (net)
                  0.04    0.00    5.35 v _278_/B2 (sky130_fd_sc_hd__o221a_2)
                  0.09    0.30    5.65 v _278_/X (sky130_fd_sc_hd__o221a_2)
     5    0.02                           _126_ (net)
                  0.09    0.00    5.65 v _299_/S (sky130_fd_sc_hd__mux2_1)
                  0.05    0.33    5.98 v _299_/X (sky130_fd_sc_hd__mux2_1)
     1    0.00                           _139_ (net)
                  0.05    0.00    5.98 v _300_/A (sky130_fd_sc_hd__clkbuf_1)
                  0.02    0.09    6.07 v _300_/X (sky130_fd_sc_hd__clkbuf_1)
     1    0.00                           _014_ (net)
                  0.02    0.00    6.07 v _434_/D (sky130_fd_sc_hd__dfrtp_1)
                                  6.07   data arrival time

                         25.00   25.00   clock clk (rise edge)
                          0.00   25.00   clock source latency
                  0.10    0.06   25.06 ^ clk (in)
     1    0.02                           clk (net)
                  0.10    0.00   25.06 ^ clkbuf_0_clk/A (sky130_fd_sc_hd__clkbuf_16)
                  0.10    0.18   25.24 ^ clkbuf_0_clk/X (sky130_fd_sc_hd__clkbuf_16)
     8    0.08                           clknet_0_clk (net)
                  0.10    0.00   25.25 ^ clkbuf_3_1__f_clk/A (sky130_fd_sc_hd__clkbuf_16)
                  0.04    0.14   25.39 ^ clkbuf_3_1__f_clk/X (sky130_fd_sc_hd__clkbuf_16)
     7    0.02                           clknet_3_1__leaf_clk (net)
                  0.04    0.00   25.39 ^ _434_/CLK (sky130_fd_sc_hd__dfrtp_1)
                         -0.25   25.14   clock uncertainty
                          0.00   25.14   clock reconvergence pessimism
                         -0.11   25.03   library setup time
                                 25.03   data required time
-----------------------------------------------------------------------------
                                 25.03   data required time
                                 -6.07   data arrival time
-----------------------------------------------------------------------------
                                 18.96   slack (MET)


Startpoint: i_value0[2] (input port clocked by clk)
Endpoint: _432_ (rising edge-triggered flip-flop clocked by clk)
Path Group: clk
Path Type: max

Fanout     Cap    Slew   Delay    Time   Description
-----------------------------------------------------------------------------
                          0.00    0.00   clock clk (rise edge)
                          0.00    0.00   clock network delay (propagated)
                          5.00    5.00 v input external delay
                  0.01    0.00    5.00 v i_value0[2] (in)
     1    0.00                           i_value0[2] (net)
                  0.01    0.00    5.00 v input4/A (sky130_fd_sc_hd__buf_1)
                  0.06    0.11    5.11 v input4/X (sky130_fd_sc_hd__buf_1)
     3    0.01                           net4 (net)
                  0.06    0.00    5.11 v _277_/A2 (sky130_fd_sc_hd__a22o_1)
                  0.04    0.24    5.35 v _277_/X (sky130_fd_sc_hd__a22o_1)
     1    0.00                           _125_ (net)
                  0.04    0.00    5.35 v _278_/B2 (sky130_fd_sc_hd__o221a_2)
                  0.09    0.30    5.65 v _278_/X (sky130_fd_sc_hd__o221a_2)
     5    0.02                           _126_ (net)
                  0.09    0.00    5.65 v _295_/S (sky130_fd_sc_hd__mux2_1)
                  0.05    0.33    5.98 v _295_/X (sky130_fd_sc_hd__mux2_1)
     1    0.00                           _137_ (net)
                  0.05    0.00    5.98 v _296_/A (sky130_fd_sc_hd__clkbuf_1)
                  0.02    0.09    6.07 v _296_/X (sky130_fd_sc_hd__clkbuf_1)
     1    0.00                           _012_ (net)
                  0.02    0.00    6.07 v _432_/D (sky130_fd_sc_hd__dfrtp_1)
                                  6.07   data arrival time

                         25.00   25.00   clock clk (rise edge)
                          0.00   25.00   clock source latency
                  0.10    0.06   25.06 ^ clk (in)
     1    0.02                           clk (net)
                  0.10    0.00   25.06 ^ clkbuf_0_clk/A (sky130_fd_sc_hd__clkbuf_16)
                  0.10    0.18   25.24 ^ clkbuf_0_clk/X (sky130_fd_sc_hd__clkbuf_16)
     8    0.08                           clknet_0_clk (net)
                  0.10    0.00   25.25 ^ clkbuf_3_1__f_clk/A (sky130_fd_sc_hd__clkbuf_16)
                  0.04    0.14   25.39 ^ clkbuf_3_1__f_clk/X (sky130_fd_sc_hd__clkbuf_16)
     7    0.02                           clknet_3_1__leaf_clk (net)
                  0.04    0.00   25.39 ^ _432_/CLK (sky130_fd_sc_hd__dfrtp_1)
                         -0.25   25.14   clock uncertainty
                          0.00   25.14   clock reconvergence pessimism
                         -0.11   25.03   library setup time
                                 25.03   data required time
-----------------------------------------------------------------------------
                                 25.03   data required time
                                 -6.07   data arrival time
-----------------------------------------------------------------------------
                                 18.96   slack (MET)


Startpoint: i_value0[2] (input port clocked by clk)
Endpoint: _427_ (rising edge-triggered flip-flop clocked by clk)
Path Group: clk
Path Type: max

Fanout     Cap    Slew   Delay    Time   Description
-----------------------------------------------------------------------------
                          0.00    0.00   clock clk (rise edge)
                          0.00    0.00   clock network delay (propagated)
                          5.00    5.00 v input external delay
                  0.01    0.00    5.00 v i_value0[2] (in)
     1    0.00                           i_value0[2] (net)
                  0.01    0.00    5.00 v input4/A (sky130_fd_sc_hd__buf_1)
                  0.06    0.11    5.11 v input4/X (sky130_fd_sc_hd__buf_1)
     3    0.01                           net4 (net)
                  0.06    0.00    5.11 v _277_/A2 (sky130_fd_sc_hd__a22o_1)
                  0.04    0.24    5.35 v _277_/X (sky130_fd_sc_hd__a22o_1)
     1    0.00                           _125_ (net)
                  0.04    0.00    5.35 v _278_/B2 (sky130_fd_sc_hd__o221a_2)
                  0.09    0.30    5.65 v _278_/X (sky130_fd_sc_hd__o221a_2)
     5    0.02                           _126_ (net)
                  0.09    0.00    5.65 v _281_/S (sky130_fd_sc_hd__mux2_1)
                  0.06    0.34    5.99 v _281_/X (sky130_fd_sc_hd__mux2_1)
     1    0.00                           _128_ (net)
                  0.06    0.00    5.99 v _282_/A (sky130_fd_sc_hd__clkbuf_1)
                  0.02    0.10    6.09 v _282_/X (sky130_fd_sc_hd__clkbuf_1)
     1    0.00                           _007_ (net)
                  0.02    0.00    6.09 v _427_/D (sky130_fd_sc_hd__dfrtp_1)
                                  6.09   data arrival time

                         25.00   25.00   clock clk (rise edge)
                          0.00   25.00   clock source latency
                  0.10    0.06   25.06 ^ clk (in)
     1    0.02                           clk (net)
                  0.10    0.00   25.06 ^ clkbuf_0_clk/A (sky130_fd_sc_hd__clkbuf_16)
                  0.10    0.18   25.24 ^ clkbuf_0_clk/X (sky130_fd_sc_hd__clkbuf_16)
     8    0.08                           clknet_0_clk (net)
                  0.10    0.00   25.25 ^ clkbuf_3_0__f_clk/A (sky130_fd_sc_hd__clkbuf_16)
                  0.06    0.15   25.40 ^ clkbuf_3_0__f_clk/X (sky130_fd_sc_hd__clkbuf_16)
    12    0.04                           clknet_3_0__leaf_clk (net)
                  0.06    0.00   25.40 ^ _427_/CLK (sky130_fd_sc_hd__dfrtp_1)
                         -0.25   25.15   clock uncertainty
                          0.00   25.15   clock reconvergence pessimism
                         -0.10   25.05   library setup time
                                 25.05   data required time
-----------------------------------------------------------------------------
                                 25.05   data required time
                                 -6.09   data arrival time
-----------------------------------------------------------------------------
                                 18.96   slack (MET)


Startpoint: i_value0[2] (input port clocked by clk)
Endpoint: _426_ (rising edge-triggered flip-flop clocked by clk)
Path Group: clk
Path Type: max

Fanout     Cap    Slew   Delay    Time   Description
-----------------------------------------------------------------------------
                          0.00    0.00   clock clk (rise edge)
                          0.00    0.00   clock network delay (propagated)
                          5.00    5.00 v input external delay
                  0.01    0.00    5.00 v i_value0[2] (in)
     1    0.00                           i_value0[2] (net)
                  0.01    0.00    5.00 v input4/A (sky130_fd_sc_hd__buf_1)
                  0.06    0.11    5.11 v input4/X (sky130_fd_sc_hd__buf_1)
     3    0.01                           net4 (net)
                  0.06    0.00    5.11 v _277_/A2 (sky130_fd_sc_hd__a22o_1)
                  0.04    0.24    5.35 v _277_/X (sky130_fd_sc_hd__a22o_1)
     1    0.00                           _125_ (net)
                  0.04    0.00    5.35 v _278_/B2 (sky130_fd_sc_hd__o221a_2)
                  0.09    0.30    5.65 v _278_/X (sky130_fd_sc_hd__o221a_2)
     5    0.02                           _126_ (net)
                  0.09    0.00    5.65 v _279_/S (sky130_fd_sc_hd__mux2_1)
                  0.05    0.33    5.98 v _279_/X (sky130_fd_sc_hd__mux2_1)
     1    0.00                           _127_ (net)
                  0.05    0.00    5.98 v _280_/A (sky130_fd_sc_hd__clkbuf_1)
                  0.03    0.09    6.08 v _280_/X (sky130_fd_sc_hd__clkbuf_1)
     1    0.00                           _006_ (net)
                  0.03    0.00    6.08 v _426_/D (sky130_fd_sc_hd__dfrtp_1)
                                  6.08   data arrival time

                         25.00   25.00   clock clk (rise edge)
                          0.00   25.00   clock source latency
                  0.10    0.06   25.06 ^ clk (in)
     1    0.02                           clk (net)
                  0.10    0.00   25.06 ^ clkbuf_0_clk/A (sky130_fd_sc_hd__clkbuf_16)
                  0.10    0.18   25.24 ^ clkbuf_0_clk/X (sky130_fd_sc_hd__clkbuf_16)
     8    0.08                           clknet_0_clk (net)
                  0.10    0.00   25.25 ^ clkbuf_3_0__f_clk/A (sky130_fd_sc_hd__clkbuf_16)
                  0.06    0.15   25.40 ^ clkbuf_3_0__f_clk/X (sky130_fd_sc_hd__clkbuf_16)
    12    0.04                           clknet_3_0__leaf_clk (net)
                  0.06    0.00   25.40 ^ _426_/CLK (sky130_fd_sc_hd__dfrtp_1)
                         -0.25   25.15   clock uncertainty
                          0.00   25.15   clock reconvergence pessimism
                         -0.10   25.05   library setup time
                                 25.05   data required time
-----------------------------------------------------------------------------
                                 25.05   data required time
                                 -6.08   data arrival time
-----------------------------------------------------------------------------
                                 18.97   slack (MET)


Startpoint: i_valid (input port clocked by clk)
Endpoint: _486_ (rising edge-triggered flip-flop clocked by clk)
Path Group: clk
Path Type: max

Fanout     Cap    Slew   Delay    Time   Description
-----------------------------------------------------------------------------
                          0.00    0.00   clock clk (rise edge)
                          0.00    0.00   clock network delay (propagated)
                          5.00    5.00 ^ input external delay
                  0.02    0.01    5.01 ^ i_valid (in)
     1    0.00                           i_valid (net)
                  0.02    0.00    5.01 ^ input1/A (sky130_fd_sc_hd__clkbuf_1)
                  0.04    0.08    5.09 ^ input1/X (sky130_fd_sc_hd__clkbuf_1)
     1    0.00                           net1 (net)
                  0.04    0.00    5.09 ^ _211_/A (sky130_fd_sc_hd__buf_4)
                  0.15    0.20    5.29 ^ _211_/X (sky130_fd_sc_hd__buf_4)
    13    0.05                           _065_ (net)
                  0.15    0.00    5.29 ^ _212_/A (sky130_fd_sc_hd__and3_1)
                  0.10    0.22    5.51 ^ _212_/X (sky130_fd_sc_hd__and3_1)
     3    0.01                           _066_ (net)
                  0.10    0.00    5.51 ^ _213_/B (sky130_fd_sc_hd__and2_1)
                  0.04    0.13    5.64 ^ _213_/X (sky130_fd_sc_hd__and2_1)
     1    0.00                           _067_ (net)
                  0.04    0.00    5.64 ^ _214_/A (sky130_fd_sc_hd__clkbuf_1)
                  0.08    0.11    5.76 ^ _214_/X (sky130_fd_sc_hd__clkbuf_1)
     2    0.01                           _000_ (net)
                  0.08    0.00    5.76 ^ _421_/A (sky130_fd_sc_hd__nor2_1)
                  0.03    0.06    5.81 v _421_/Y (sky130_fd_sc_hd__nor2_1)
     1    0.00                           _064_ (net)
                  0.03    0.00    5.81 v _486_/D (sky130_fd_sc_hd__dfrtp_4)
                                  5.81   data arrival time

                         25.00   25.00   clock clk (rise edge)
                          0.00   25.00   clock source latency
                  0.10    0.06   25.06 ^ clk (in)
     1    0.02                           clk (net)
                  0.10    0.00   25.06 ^ clkbuf_0_clk/A (sky130_fd_sc_hd__clkbuf_16)
                  0.10    0.18   25.24 ^ clkbuf_0_clk/X (sky130_fd_sc_hd__clkbuf_16)
     8    0.08                           clknet_0_clk (net)
                  0.10    0.00   25.25 ^ clkbuf_3_0__f_clk/A (sky130_fd_sc_hd__clkbuf_16)
                  0.06    0.15   25.40 ^ clkbuf_3_0__f_clk/X (sky130_fd_sc_hd__clkbuf_16)
    12    0.04                           clknet_3_0__leaf_clk (net)
                  0.06    0.00   25.40 ^ _486_/CLK (sky130_fd_sc_hd__dfrtp_4)
                         -0.25   25.15   clock uncertainty
                          0.00   25.15   clock reconvergence pessimism
                         -0.11   25.04   library setup time
                                 25.04   data required time
-----------------------------------------------------------------------------
                                 25.04   data required time
                                 -5.81   data arrival time
-----------------------------------------------------------------------------
                                 19.23   slack (MET)


Startpoint: i_valid (input port clocked by clk)
Endpoint: _422_ (rising edge-triggered flip-flop clocked by clk)
Path Group: clk
Path Type: max

Fanout     Cap    Slew   Delay    Time   Description
-----------------------------------------------------------------------------
                          0.00    0.00   clock clk (rise edge)
                          0.00    0.00   clock network delay (propagated)
                          5.00    5.00 v input external delay
                  0.01    0.00    5.00 v i_valid (in)
     1    0.00                           i_valid (net)
                  0.01    0.00    5.00 v input1/A (sky130_fd_sc_hd__clkbuf_1)
                  0.03    0.07    5.08 v input1/X (sky130_fd_sc_hd__clkbuf_1)
     1    0.00                           net1 (net)
                  0.03    0.00    5.08 v _211_/A (sky130_fd_sc_hd__buf_4)
                  0.08    0.19    5.27 v _211_/X (sky130_fd_sc_hd__buf_4)
    13    0.05                           _065_ (net)
                  0.08    0.00    5.27 v _212_/A (sky130_fd_sc_hd__and3_1)
                  0.06    0.19    5.45 v _212_/X (sky130_fd_sc_hd__and3_1)
     3    0.01                           _066_ (net)
                  0.06    0.00    5.45 v _213_/B (sky130_fd_sc_hd__and2_1)
                  0.03    0.16    5.62 v _213_/X (sky130_fd_sc_hd__and2_1)
     1    0.00                           _067_ (net)
                  0.03    0.00    5.62 v _214_/A (sky130_fd_sc_hd__clkbuf_1)
                  0.04    0.10    5.72 v _214_/X (sky130_fd_sc_hd__clkbuf_1)
     2    0.01                           _000_ (net)
                  0.04    0.00    5.72 v _422_/D (sky130_fd_sc_hd__dfrtp_1)
                                  5.72   data arrival time

                         25.00   25.00   clock clk (rise edge)
                          0.00   25.00   clock source latency
                  0.10    0.06   25.06 ^ clk (in)
     1    0.02                           clk (net)
                  0.10    0.00   25.06 ^ clkbuf_0_clk/A (sky130_fd_sc_hd__clkbuf_16)
                  0.10    0.18   25.24 ^ clkbuf_0_clk/X (sky130_fd_sc_hd__clkbuf_16)
     8    0.08                           clknet_0_clk (net)
                  0.10    0.00   25.25 ^ clkbuf_3_0__f_clk/A (sky130_fd_sc_hd__clkbuf_16)
                  0.06    0.15   25.40 ^ clkbuf_3_0__f_clk/X (sky130_fd_sc_hd__clkbuf_16)
    12    0.04                           clknet_3_0__leaf_clk (net)
                  0.06    0.00   25.40 ^ _422_/CLK (sky130_fd_sc_hd__dfrtp_1)
                         -0.25   25.15   clock uncertainty
                          0.00   25.15   clock reconvergence pessimism
                         -0.11   25.04   library setup time
                                 25.04   data required time
-----------------------------------------------------------------------------
                                 25.04   data required time
                                 -5.72   data arrival time
-----------------------------------------------------------------------------
                                 19.32   slack (MET)


Startpoint: i_valid (input port clocked by clk)
Endpoint: _485_ (rising edge-triggered flip-flop clocked by clk)
Path Group: clk
Path Type: max

Fanout     Cap    Slew   Delay    Time   Description
-----------------------------------------------------------------------------
                          0.00    0.00   clock clk (rise edge)
                          0.00    0.00   clock network delay (propagated)
                          5.00    5.00 ^ input external delay
                  0.02    0.01    5.01 ^ i_valid (in)
     1    0.00                           i_valid (net)
                  0.02    0.00    5.01 ^ input1/A (sky130_fd_sc_hd__clkbuf_1)
                  0.04    0.08    5.09 ^ input1/X (sky130_fd_sc_hd__clkbuf_1)
     1    0.00                           net1 (net)
                  0.04    0.00    5.09 ^ _211_/A (sky130_fd_sc_hd__buf_4)
                  0.15    0.20    5.29 ^ _211_/X (sky130_fd_sc_hd__buf_4)
    13    0.05                           _065_ (net)
                  0.15    0.00    5.29 ^ _212_/A (sky130_fd_sc_hd__and3_1)
                  0.10    0.22    5.51 ^ _212_/X (sky130_fd_sc_hd__and3_1)
     3    0.01                           _066_ (net)
                  0.10    0.00    5.51 ^ _419_/A (sky130_fd_sc_hd__nor2_1)
                  0.03    0.06    5.57 v _419_/Y (sky130_fd_sc_hd__nor2_1)
     1    0.00                           _063_ (net)
                  0.03    0.00    5.57 v _485_/D (sky130_fd_sc_hd__dfrtp_4)
                                  5.57   data arrival time

                         25.00   25.00   clock clk (rise edge)
                          0.00   25.00   clock source latency
                  0.10    0.06   25.06 ^ clk (in)
     1    0.02                           clk (net)
                  0.10    0.00   25.06 ^ clkbuf_0_clk/A (sky130_fd_sc_hd__clkbuf_16)
                  0.10    0.18   25.24 ^ clkbuf_0_clk/X (sky130_fd_sc_hd__clkbuf_16)
     8    0.08                           clknet_0_clk (net)
                  0.10    0.00   25.25 ^ clkbuf_3_0__f_clk/A (sky130_fd_sc_hd__clkbuf_16)
                  0.06    0.15   25.40 ^ clkbuf_3_0__f_clk/X (sky130_fd_sc_hd__clkbuf_16)
    12    0.04                           clknet_3_0__leaf_clk (net)
                  0.06    0.00   25.40 ^ _485_/CLK (sky130_fd_sc_hd__dfrtp_4)
                         -0.25   25.15   clock uncertainty
                          0.00   25.15   clock reconvergence pessimism
                         -0.11   25.04   library setup time
                                 25.04   data required time
-----------------------------------------------------------------------------
                                 25.04   data required time
                                 -5.57   data arrival time
-----------------------------------------------------------------------------
                                 19.48   slack (MET)


Startpoint: i_valid (input port clocked by clk)
Endpoint: _449_ (rising edge-triggered flip-flop clocked by clk)
Path Group: clk
Path Type: max

Fanout     Cap    Slew   Delay    Time   Description
-----------------------------------------------------------------------------
                          0.00    0.00   clock clk (rise edge)
                          0.00    0.00   clock network delay (propagated)
                          5.00    5.00 v input external delay
                  0.01    0.00    5.00 v i_valid (in)
     1    0.00                           i_valid (net)
                  0.01    0.00    5.00 v input1/A (sky130_fd_sc_hd__clkbuf_1)
                  0.03    0.07    5.08 v input1/X (sky130_fd_sc_hd__clkbuf_1)
     1    0.00                           net1 (net)
                  0.03    0.00    5.08 v _211_/A (sky130_fd_sc_hd__buf_4)
                  0.08    0.19    5.27 v _211_/X (sky130_fd_sc_hd__buf_4)
    13    0.05                           _065_ (net)
                  0.08    0.00    5.27 v _339_/A2 (sky130_fd_sc_hd__a21o_1)
                  0.03    0.19    5.46 v _339_/X (sky130_fd_sc_hd__a21o_1)
     1    0.00                           _029_ (net)
                  0.03    0.00    5.46 v _449_/D (sky130_fd_sc_hd__dfrtp_1)
                                  5.46   data arrival time

                         25.00   25.00   clock clk (rise edge)
                          0.00   25.00   clock source latency
                  0.10    0.06   25.06 ^ clk (in)
     1    0.02                           clk (net)
                  0.10    0.00   25.06 ^ clkbuf_0_clk/A (sky130_fd_sc_hd__clkbuf_16)
                  0.10    0.18   25.24 ^ clkbuf_0_clk/X (sky130_fd_sc_hd__clkbuf_16)
     8    0.08                           clknet_0_clk (net)
                  0.10    0.00   25.25 ^ clkbuf_3_2__f_clk/A (sky130_fd_sc_hd__clkbuf_16)
                  0.05    0.15   25.39 ^ clkbuf_3_2__f_clk/X (sky130_fd_sc_hd__clkbuf_16)
    10    0.03                           clknet_3_2__leaf_clk (net)
                  0.05    0.00   25.39 ^ _449_/CLK (sky130_fd_sc_hd__dfrtp_1)
                         -0.25   25.14   clock uncertainty
                          0.00   25.14   clock reconvergence pessimism
                         -0.11   25.04   library setup time
                                 25.04   data required time
-----------------------------------------------------------------------------
                                 25.04   data required time
                                 -5.46   data arrival time
-----------------------------------------------------------------------------
                                 19.58   slack (MET)


Startpoint: i_valid (input port clocked by clk)
Endpoint: _484_ (rising edge-triggered flip-flop clocked by clk)
Path Group: clk
Path Type: max

Fanout     Cap    Slew   Delay    Time   Description
-----------------------------------------------------------------------------
                          0.00    0.00   clock clk (rise edge)
                          0.00    0.00   clock network delay (propagated)
                          5.00    5.00 v input external delay
                  0.01    0.00    5.00 v i_valid (in)
     1    0.00                           i_valid (net)
                  0.01    0.00    5.00 v input1/A (sky130_fd_sc_hd__clkbuf_1)
                  0.03    0.07    5.08 v input1/X (sky130_fd_sc_hd__clkbuf_1)
     1    0.00                           net1 (net)
                  0.03    0.00    5.08 v _211_/A (sky130_fd_sc_hd__buf_4)
                  0.08    0.19    5.27 v _211_/X (sky130_fd_sc_hd__buf_4)
    13    0.05                           _065_ (net)
                  0.08    0.00    5.27 v _417_/A (sky130_fd_sc_hd__xor2_1)
                  0.05    0.18    5.44 v _417_/X (sky130_fd_sc_hd__xor2_1)
     1    0.00                           _062_ (net)
                  0.05    0.00    5.44 v _484_/D (sky130_fd_sc_hd__dfrtp_4)
                                  5.44   data arrival time

                         25.00   25.00   clock clk (rise edge)
                          0.00   25.00   clock source latency
                  0.10    0.06   25.06 ^ clk (in)
     1    0.02                           clk (net)
                  0.10    0.00   25.06 ^ clkbuf_0_clk/A (sky130_fd_sc_hd__clkbuf_16)
                  0.10    0.18   25.24 ^ clkbuf_0_clk/X (sky130_fd_sc_hd__clkbuf_16)
     8    0.08                           clknet_0_clk (net)
                  0.10    0.00   25.25 ^ clkbuf_3_0__f_clk/A (sky130_fd_sc_hd__clkbuf_16)
                  0.06    0.15   25.40 ^ clkbuf_3_0__f_clk/X (sky130_fd_sc_hd__clkbuf_16)
    12    0.04                           clknet_3_0__leaf_clk (net)
                  0.06    0.00   25.40 ^ _484_/CLK (sky130_fd_sc_hd__dfrtp_4)
                         -0.25   25.15   clock uncertainty
                          0.00   25.15   clock reconvergence pessimism
                         -0.11   25.04   library setup time
                                 25.04   data required time
-----------------------------------------------------------------------------
                                 25.04   data required time
                                 -5.44   data arrival time
-----------------------------------------------------------------------------
                                 19.59   slack (MET)


Startpoint: i_valid (input port clocked by clk)
Endpoint: _443_ (rising edge-triggered flip-flop clocked by clk)
Path Group: clk
Path Type: max

Fanout     Cap    Slew   Delay    Time   Description
-----------------------------------------------------------------------------
                          0.00    0.00   clock clk (rise edge)
                          0.00    0.00   clock network delay (propagated)
                          5.00    5.00 v input external delay
                  0.01    0.00    5.00 v i_valid (in)
     1    0.00                           i_valid (net)
                  0.01    0.00    5.00 v input1/A (sky130_fd_sc_hd__clkbuf_1)
                  0.03    0.07    5.08 v input1/X (sky130_fd_sc_hd__clkbuf_1)
     1    0.00                           net1 (net)
                  0.03    0.00    5.08 v _211_/A (sky130_fd_sc_hd__buf_4)
                  0.08    0.19    5.27 v _211_/X (sky130_fd_sc_hd__buf_4)
    13    0.05                           _065_ (net)
                  0.08    0.00    5.27 v _328_/A1 (sky130_fd_sc_hd__a21o_1)
                  0.03    0.17    5.44 v _328_/X (sky130_fd_sc_hd__a21o_1)
     1    0.00                           _023_ (net)
                  0.03    0.00    5.44 v _443_/D (sky130_fd_sc_hd__dfrtp_1)
                                  5.44   data arrival time

                         25.00   25.00   clock clk (rise edge)
                          0.00   25.00   clock source latency
                  0.10    0.06   25.06 ^ clk (in)
     1    0.02                           clk (net)
                  0.10    0.00   25.06 ^ clkbuf_0_clk/A (sky130_fd_sc_hd__clkbuf_16)
                  0.10    0.18   25.24 ^ clkbuf_0_clk/X (sky130_fd_sc_hd__clkbuf_16)
     8    0.08                           clknet_0_clk (net)
                  0.10    0.00   25.25 ^ clkbuf_3_2__f_clk/A (sky130_fd_sc_hd__clkbuf_16)
                  0.05    0.15   25.39 ^ clkbuf_3_2__f_clk/X (sky130_fd_sc_hd__clkbuf_16)
    10    0.03                           clknet_3_2__leaf_clk (net)
                  0.05    0.00   25.39 ^ _443_/CLK (sky130_fd_sc_hd__dfrtp_1)
                         -0.25   25.14   clock uncertainty
                          0.00   25.14   clock reconvergence pessimism
                         -0.11   25.04   library setup time
                                 25.04   data required time
-----------------------------------------------------------------------------
                                 25.04   data required time
                                 -5.44   data arrival time
-----------------------------------------------------------------------------
                                 19.60   slack (MET)


Startpoint: i_valid (input port clocked by clk)
Endpoint: _437_ (rising edge-triggered flip-flop clocked by clk)
Path Group: clk
Path Type: max

Fanout     Cap    Slew   Delay    Time   Description
-----------------------------------------------------------------------------
                          0.00    0.00   clock clk (rise edge)
                          0.00    0.00   clock network delay (propagated)
                          5.00    5.00 v input external delay
                  0.01    0.00    5.00 v i_valid (in)
     1    0.00                           i_valid (net)
                  0.01    0.00    5.00 v input1/A (sky130_fd_sc_hd__clkbuf_1)
                  0.03    0.07    5.08 v input1/X (sky130_fd_sc_hd__clkbuf_1)
     1    0.00                           net1 (net)
                  0.03    0.00    5.08 v _211_/A (sky130_fd_sc_hd__buf_4)
                  0.08    0.19    5.27 v _211_/X (sky130_fd_sc_hd__buf_4)
    13    0.05                           _065_ (net)
                  0.08    0.00    5.27 v _311_/A1 (sky130_fd_sc_hd__a21o_1)
                  0.03    0.17    5.44 v _311_/X (sky130_fd_sc_hd__a21o_1)
     1    0.00                           _017_ (net)
                  0.03    0.00    5.44 v _437_/D (sky130_fd_sc_hd__dfrtp_1)
                                  5.44   data arrival time

                         25.00   25.00   clock clk (rise edge)
                          0.00   25.00   clock source latency
                  0.10    0.06   25.06 ^ clk (in)
     1    0.02                           clk (net)
                  0.10    0.00   25.06 ^ clkbuf_0_clk/A (sky130_fd_sc_hd__clkbuf_16)
                  0.10    0.18   25.24 ^ clkbuf_0_clk/X (sky130_fd_sc_hd__clkbuf_16)
     8    0.08                           clknet_0_clk (net)
                  0.10    0.00   25.25 ^ clkbuf_3_2__f_clk/A (sky130_fd_sc_hd__clkbuf_16)
                  0.05    0.15   25.39 ^ clkbuf_3_2__f_clk/X (sky130_fd_sc_hd__clkbuf_16)
    10    0.03                           clknet_3_2__leaf_clk (net)
                  0.05    0.00   25.39 ^ _437_/CLK (sky130_fd_sc_hd__dfrtp_1)
                         -0.25   25.14   clock uncertainty
                          0.00   25.14   clock reconvergence pessimism
                         -0.11   25.04   library setup time
                                 25.04   data required time
-----------------------------------------------------------------------------
                                 25.04   data required time
                                 -5.44   data arrival time
-----------------------------------------------------------------------------
                                 19.60   slack (MET)


Startpoint: i_valid (input port clocked by clk)
Endpoint: _431_ (rising edge-triggered flip-flop clocked by clk)
Path Group: clk
Path Type: max

Fanout     Cap    Slew   Delay    Time   Description
-----------------------------------------------------------------------------
                          0.00    0.00   clock clk (rise edge)
                          0.00    0.00   clock network delay (propagated)
                          5.00    5.00 v input external delay
                  0.01    0.00    5.00 v i_valid (in)
     1    0.00                           i_valid (net)
                  0.01    0.00    5.00 v input1/A (sky130_fd_sc_hd__clkbuf_1)
                  0.03    0.07    5.08 v input1/X (sky130_fd_sc_hd__clkbuf_1)
     1    0.00                           net1 (net)
                  0.03    0.00    5.08 v _211_/A (sky130_fd_sc_hd__buf_4)
                  0.08    0.19    5.27 v _211_/X (sky130_fd_sc_hd__buf_4)
    13    0.05                           _065_ (net)
                  0.08    0.00    5.27 v _294_/A1 (sky130_fd_sc_hd__a21o_1)
                  0.03    0.17    5.44 v _294_/X (sky130_fd_sc_hd__a21o_1)
     1    0.00                           _011_ (net)
                  0.03    0.00    5.44 v _431_/D (sky130_fd_sc_hd__dfrtp_1)
                                  5.44   data arrival time

                         25.00   25.00   clock clk (rise edge)
                          0.00   25.00   clock source latency
                  0.10    0.06   25.06 ^ clk (in)
     1    0.02                           clk (net)
                  0.10    0.00   25.06 ^ clkbuf_0_clk/A (sky130_fd_sc_hd__clkbuf_16)
                  0.10    0.18   25.24 ^ clkbuf_0_clk/X (sky130_fd_sc_hd__clkbuf_16)
     8    0.08                           clknet_0_clk (net)
                  0.10    0.00   25.25 ^ clkbuf_3_0__f_clk/A (sky130_fd_sc_hd__clkbuf_16)
                  0.06    0.15   25.40 ^ clkbuf_3_0__f_clk/X (sky130_fd_sc_hd__clkbuf_16)
    12    0.04                           clknet_3_0__leaf_clk (net)
                  0.06    0.00   25.40 ^ _431_/CLK (sky130_fd_sc_hd__dfrtp_1)
                         -0.25   25.15   clock uncertainty
                          0.00   25.15   clock reconvergence pessimism
                         -0.10   25.05   library setup time
                                 25.05   data required time
-----------------------------------------------------------------------------
                                 25.05   data required time
                                 -5.44   data arrival time
-----------------------------------------------------------------------------
                                 19.61   slack (MET)


Startpoint: i_valid (input port clocked by clk)
Endpoint: _428_ (rising edge-triggered flip-flop clocked by clk)
Path Group: clk
Path Type: max

Fanout     Cap    Slew   Delay    Time   Description
-----------------------------------------------------------------------------
                          0.00    0.00   clock clk (rise edge)
                          0.00    0.00   clock network delay (propagated)
                          5.00    5.00 v input external delay
                  0.01    0.00    5.00 v i_valid (in)
     1    0.00                           i_valid (net)
                  0.01    0.00    5.00 v input1/A (sky130_fd_sc_hd__clkbuf_1)
                  0.03    0.07    5.08 v input1/X (sky130_fd_sc_hd__clkbuf_1)
     1    0.00                           net1 (net)
                  0.03    0.00    5.08 v _211_/A (sky130_fd_sc_hd__buf_4)
                  0.08    0.19    5.27 v _211_/X (sky130_fd_sc_hd__buf_4)
    13    0.05                           _065_ (net)
                  0.08    0.00    5.27 v _283_/A1 (sky130_fd_sc_hd__a21o_1)
                  0.03    0.17    5.44 v _283_/X (sky130_fd_sc_hd__a21o_1)
     1    0.00                           _008_ (net)
                  0.03    0.00    5.44 v _428_/D (sky130_fd_sc_hd__dfrtp_1)
                                  5.44   data arrival time

                         25.00   25.00   clock clk (rise edge)
                          0.00   25.00   clock source latency
                  0.10    0.06   25.06 ^ clk (in)
     1    0.02                           clk (net)
                  0.10    0.00   25.06 ^ clkbuf_0_clk/A (sky130_fd_sc_hd__clkbuf_16)
                  0.10    0.18   25.24 ^ clkbuf_0_clk/X (sky130_fd_sc_hd__clkbuf_16)
     8    0.08                           clknet_0_clk (net)
                  0.10    0.00   25.25 ^ clkbuf_3_0__f_clk/A (sky130_fd_sc_hd__clkbuf_16)
                  0.06    0.15   25.40 ^ clkbuf_3_0__f_clk/X (sky130_fd_sc_hd__clkbuf_16)
    12    0.04                           clknet_3_0__leaf_clk (net)
                  0.06    0.00   25.40 ^ _428_/CLK (sky130_fd_sc_hd__dfrtp_1)
                         -0.25   25.15   clock uncertainty
                          0.00   25.15   clock reconvergence pessimism
                         -0.10   25.04   library setup time
                                 25.04   data required time
-----------------------------------------------------------------------------
                                 25.04   data required time
                                 -5.44   data arrival time
-----------------------------------------------------------------------------
                                 19.61   slack (MET)


Startpoint: rst_n (input port clocked by clk)
Endpoint: _475_ (recovery check against rising-edge clock clk)
Path Group: asynchronous
Path Type: max

Fanout     Cap    Slew   Delay    Time   Description
-----------------------------------------------------------------------------
                          0.00    0.00   clock clk (rise edge)
                          0.00    0.00   clock network delay (propagated)
                          5.00    5.00 ^ input external delay
                  0.05    0.04    5.04 ^ rst_n (in)
     1    0.01                           rst_n (net)
                  0.05    0.00    5.04 ^ input17/A (sky130_fd_sc_hd__buf_12)
                  0.36    0.32    5.36 ^ input17/X (sky130_fd_sc_hd__buf_12)
    65    0.32                           net17 (net)
                  0.37    0.05    5.41 ^ _475_/RESET_B (sky130_fd_sc_hd__dfrtp_4)
                                  5.41   data arrival time

                         25.00   25.00   clock clk (rise edge)
                          0.00   25.00   clock source latency
                  0.10    0.06   25.06 ^ clk (in)
     1    0.02                           clk (net)
                  0.10    0.00   25.06 ^ clkbuf_0_clk/A (sky130_fd_sc_hd__clkbuf_16)
                  0.10    0.18   25.24 ^ clkbuf_0_clk/X (sky130_fd_sc_hd__clkbuf_16)
     8    0.08                           clknet_0_clk (net)
                  0.10    0.00   25.25 ^ clkbuf_3_7__f_clk/A (sky130_fd_sc_hd__clkbuf_16)
                  0.04    0.14   25.38 ^ clkbuf_3_7__f_clk/X (sky130_fd_sc_hd__clkbuf_16)
     7    0.02                           clknet_3_7__leaf_clk (net)
                  0.04    0.00   25.38 ^ _475_/CLK (sky130_fd_sc_hd__dfrtp_4)
                         -0.25   25.13   clock uncertainty
                          0.00   25.13   clock reconvergence pessimism
                          0.11   25.24   library recovery time
                                 25.24   data required time
-----------------------------------------------------------------------------
                                 25.24   data required time
                                 -5.41   data arrival time
-----------------------------------------------------------------------------
                                 19.83   slack (MET)


Startpoint: rst_n (input port clocked by clk)
Endpoint: _483_ (recovery check against rising-edge clock clk)
Path Group: asynchronous
Path Type: max

Fanout     Cap    Slew   Delay    Time   Description
-----------------------------------------------------------------------------
                          0.00    0.00   clock clk (rise edge)
                          0.00    0.00   clock network delay (propagated)
                          5.00    5.00 ^ input external delay
                  0.05    0.04    5.04 ^ rst_n (in)
     1    0.01                           rst_n (net)
                  0.05    0.00    5.04 ^ input17/A (sky130_fd_sc_hd__buf_12)
                  0.36    0.32    5.36 ^ input17/X (sky130_fd_sc_hd__buf_12)
    65    0.32                           net17 (net)
                  0.37    0.05    5.41 ^ _483_/RESET_B (sky130_fd_sc_hd__dfrtp_1)
                                  5.41   data arrival time

                         25.00   25.00   clock clk (rise edge)
                          0.00   25.00   clock source latency
                  0.10    0.06   25.06 ^ clk (in)
     1    0.02                           clk (net)
                  0.10    0.00   25.06 ^ clkbuf_0_clk/A (sky130_fd_sc_hd__clkbuf_16)
                  0.10    0.18   25.24 ^ clkbuf_0_clk/X (sky130_fd_sc_hd__clkbuf_16)
     8    0.08                           clknet_0_clk (net)
                  0.10    0.00   25.25 ^ clkbuf_3_7__f_clk/A (sky130_fd_sc_hd__clkbuf_16)
                  0.04    0.14   25.38 ^ clkbuf_3_7__f_clk/X (sky130_fd_sc_hd__clkbuf_16)
     7    0.02                           clknet_3_7__leaf_clk (net)
                  0.04    0.00   25.38 ^ _483_/CLK (sky130_fd_sc_hd__dfrtp_1)
                         -0.25   25.13   clock uncertainty
                          0.00   25.13   clock reconvergence pessimism
                          0.14   25.28   library recovery time
                                 25.28   data required time
-----------------------------------------------------------------------------
                                 25.28   data required time
                                 -5.41   data arrival time
-----------------------------------------------------------------------------
                                 19.86   slack (MET)


Startpoint: rst_n (input port clocked by clk)
Endpoint: _469_ (recovery check against rising-edge clock clk)
Path Group: asynchronous
Path Type: max

Fanout     Cap    Slew   Delay    Time   Description
-----------------------------------------------------------------------------
                          0.00    0.00   clock clk (rise edge)
                          0.00    0.00   clock network delay (propagated)
                          5.00    5.00 ^ input external delay
                  0.05    0.04    5.04 ^ rst_n (in)
     1    0.01                           rst_n (net)
                  0.05    0.00    5.04 ^ input17/A (sky130_fd_sc_hd__buf_12)
                  0.36    0.32    5.36 ^ input17/X (sky130_fd_sc_hd__buf_12)
    65    0.32                           net17 (net)
                  0.37    0.05    5.41 ^ _469_/RESET_B (sky130_fd_sc_hd__dfrtp_1)
                                  5.41   data arrival time

                         25.00   25.00   clock clk (rise edge)
                          0.00   25.00   clock source latency
                  0.10    0.06   25.06 ^ clk (in)
     1    0.02                           clk (net)
                  0.10    0.00   25.06 ^ clkbuf_0_clk/A (sky130_fd_sc_hd__clkbuf_16)
                  0.10    0.18   25.24 ^ clkbuf_0_clk/X (sky130_fd_sc_hd__clkbuf_16)
     8    0.08                           clknet_0_clk (net)
                  0.10    0.00   25.25 ^ clkbuf_3_7__f_clk/A (sky130_fd_sc_hd__clkbuf_16)
                  0.04    0.14   25.38 ^ clkbuf_3_7__f_clk/X (sky130_fd_sc_hd__clkbuf_16)
     7    0.02                           clknet_3_7__leaf_clk (net)
                  0.04    0.00   25.38 ^ _469_/CLK (sky130_fd_sc_hd__dfrtp_1)
                         -0.25   25.13   clock uncertainty
                          0.00   25.13   clock reconvergence pessimism
                          0.14   25.28   library recovery time
                                 25.28   data required time
-----------------------------------------------------------------------------
                                 25.28   data required time
                                 -5.41   data arrival time
-----------------------------------------------------------------------------
                                 19.86   slack (MET)


Startpoint: rst_n (input port clocked by clk)
Endpoint: _470_ (recovery check against rising-edge clock clk)
Path Group: asynchronous
Path Type: max

Fanout     Cap    Slew   Delay    Time   Description
-----------------------------------------------------------------------------
                          0.00    0.00   clock clk (rise edge)
                          0.00    0.00   clock network delay (propagated)
                          5.00    5.00 ^ input external delay
                  0.05    0.04    5.04 ^ rst_n (in)
     1    0.01                           rst_n (net)
                  0.05    0.00    5.04 ^ input17/A (sky130_fd_sc_hd__buf_12)
                  0.36    0.32    5.36 ^ input17/X (sky130_fd_sc_hd__buf_12)
    65    0.32                           net17 (net)
                  0.37    0.05    5.41 ^ _470_/RESET_B (sky130_fd_sc_hd__dfrtp_1)
                                  5.41   data arrival time

                         25.00   25.00   clock clk (rise edge)
                          0.00   25.00   clock source latency
                  0.10    0.06   25.06 ^ clk (in)
     1    0.02                           clk (net)
                  0.10    0.00   25.06 ^ clkbuf_0_clk/A (sky130_fd_sc_hd__clkbuf_16)
                  0.10    0.18   25.24 ^ clkbuf_0_clk/X (sky130_fd_sc_hd__clkbuf_16)
     8    0.08                           clknet_0_clk (net)
                  0.10    0.00   25.25 ^ clkbuf_3_7__f_clk/A (sky130_fd_sc_hd__clkbuf_16)
                  0.04    0.14   25.38 ^ clkbuf_3_7__f_clk/X (sky130_fd_sc_hd__clkbuf_16)
     7    0.02                           clknet_3_7__leaf_clk (net)
                  0.04    0.00   25.38 ^ _470_/CLK (sky130_fd_sc_hd__dfrtp_1)
                         -0.25   25.13   clock uncertainty
                          0.00   25.13   clock reconvergence pessimism
                          0.14   25.28   library recovery time
                                 25.28   data required time
-----------------------------------------------------------------------------
                                 25.28   data required time
                                 -5.41   data arrival time
-----------------------------------------------------------------------------
                                 19.86   slack (MET)


Startpoint: rst_n (input port clocked by clk)
Endpoint: _471_ (recovery check against rising-edge clock clk)
Path Group: asynchronous
Path Type: max

Fanout     Cap    Slew   Delay    Time   Description
-----------------------------------------------------------------------------
                          0.00    0.00   clock clk (rise edge)
                          0.00    0.00   clock network delay (propagated)
                          5.00    5.00 ^ input external delay
                  0.05    0.04    5.04 ^ rst_n (in)
     1    0.01                           rst_n (net)
                  0.05    0.00    5.04 ^ input17/A (sky130_fd_sc_hd__buf_12)
                  0.36    0.32    5.36 ^ input17/X (sky130_fd_sc_hd__buf_12)
    65    0.32                           net17 (net)
                  0.37    0.05    5.41 ^ _471_/RESET_B (sky130_fd_sc_hd__dfrtp_1)
                                  5.41   data arrival time

                         25.00   25.00   clock clk (rise edge)
                          0.00   25.00   clock source latency
                  0.10    0.06   25.06 ^ clk (in)
     1    0.02                           clk (net)
                  0.10    0.00   25.06 ^ clkbuf_0_clk/A (sky130_fd_sc_hd__clkbuf_16)
                  0.10    0.18   25.24 ^ clkbuf_0_clk/X (sky130_fd_sc_hd__clkbuf_16)
     8    0.08                           clknet_0_clk (net)
                  0.10    0.00   25.25 ^ clkbuf_3_7__f_clk/A (sky130_fd_sc_hd__clkbuf_16)
                  0.04    0.14   25.38 ^ clkbuf_3_7__f_clk/X (sky130_fd_sc_hd__clkbuf_16)
     7    0.02                           clknet_3_7__leaf_clk (net)
                  0.04    0.00   25.38 ^ _471_/CLK (sky130_fd_sc_hd__dfrtp_1)
                         -0.25   25.13   clock uncertainty
                          0.00   25.13   clock reconvergence pessimism
                          0.14   25.28   library recovery time
                                 25.28   data required time
-----------------------------------------------------------------------------
                                 25.28   data required time
                                 -5.41   data arrival time
-----------------------------------------------------------------------------
                                 19.86   slack (MET)


Startpoint: rst_n (input port clocked by clk)
Endpoint: _476_ (recovery check against rising-edge clock clk)
Path Group: asynchronous
Path Type: max

Fanout     Cap    Slew   Delay    Time   Description
-----------------------------------------------------------------------------
                          0.00    0.00   clock clk (rise edge)
                          0.00    0.00   clock network delay (propagated)
                          5.00    5.00 ^ input external delay
                  0.05    0.04    5.04 ^ rst_n (in)
     1    0.01                           rst_n (net)
                  0.05    0.00    5.04 ^ input17/A (sky130_fd_sc_hd__buf_12)
                  0.36    0.32    5.36 ^ input17/X (sky130_fd_sc_hd__buf_12)
    65    0.32                           net17 (net)
                  0.37    0.05    5.41 ^ _476_/RESET_B (sky130_fd_sc_hd__dfrtp_1)
                                  5.41   data arrival time

                         25.00   25.00   clock clk (rise edge)
                          0.00   25.00   clock source latency
                  0.10    0.06   25.06 ^ clk (in)
     1    0.02                           clk (net)
                  0.10    0.00   25.06 ^ clkbuf_0_clk/A (sky130_fd_sc_hd__clkbuf_16)
                  0.10    0.18   25.24 ^ clkbuf_0_clk/X (sky130_fd_sc_hd__clkbuf_16)
     8    0.08                           clknet_0_clk (net)
                  0.10    0.00   25.25 ^ clkbuf_3_7__f_clk/A (sky130_fd_sc_hd__clkbuf_16)
                  0.04    0.14   25.38 ^ clkbuf_3_7__f_clk/X (sky130_fd_sc_hd__clkbuf_16)
     7    0.02                           clknet_3_7__leaf_clk (net)
                  0.04    0.00   25.38 ^ _476_/CLK (sky130_fd_sc_hd__dfrtp_1)
                         -0.25   25.13   clock uncertainty
                          0.00   25.13   clock reconvergence pessimism
                          0.14   25.28   library recovery time
                                 25.28   data required time
-----------------------------------------------------------------------------
                                 25.28   data required time
                                 -5.41   data arrival time
-----------------------------------------------------------------------------
                                 19.87   slack (MET)


Startpoint: rst_n (input port clocked by clk)
Endpoint: _477_ (recovery check against rising-edge clock clk)
Path Group: asynchronous
Path Type: max

Fanout     Cap    Slew   Delay    Time   Description
-----------------------------------------------------------------------------
                          0.00    0.00   clock clk (rise edge)
                          0.00    0.00   clock network delay (propagated)
                          5.00    5.00 ^ input external delay
                  0.05    0.04    5.04 ^ rst_n (in)
     1    0.01                           rst_n (net)
                  0.05    0.00    5.04 ^ input17/A (sky130_fd_sc_hd__buf_12)
                  0.36    0.32    5.36 ^ input17/X (sky130_fd_sc_hd__buf_12)
    65    0.32                           net17 (net)
                  0.37    0.05    5.41 ^ _477_/RESET_B (sky130_fd_sc_hd__dfrtp_1)
                                  5.41   data arrival time

                         25.00   25.00   clock clk (rise edge)
                          0.00   25.00   clock source latency
                  0.10    0.06   25.06 ^ clk (in)
     1    0.02                           clk (net)
                  0.10    0.00   25.06 ^ clkbuf_0_clk/A (sky130_fd_sc_hd__clkbuf_16)
                  0.10    0.18   25.24 ^ clkbuf_0_clk/X (sky130_fd_sc_hd__clkbuf_16)
     8    0.08                           clknet_0_clk (net)
                  0.10    0.00   25.25 ^ clkbuf_3_7__f_clk/A (sky130_fd_sc_hd__clkbuf_16)
                  0.04    0.14   25.38 ^ clkbuf_3_7__f_clk/X (sky130_fd_sc_hd__clkbuf_16)
     7    0.02                           clknet_3_7__leaf_clk (net)
                  0.04    0.00   25.38 ^ _477_/CLK (sky130_fd_sc_hd__dfrtp_1)
                         -0.25   25.13   clock uncertainty
                          0.00   25.13   clock reconvergence pessimism
                          0.14   25.28   library recovery time
                                 25.28   data required time
-----------------------------------------------------------------------------
                                 25.28   data required time
                                 -5.41   data arrival time
-----------------------------------------------------------------------------
                                 19.87   slack (MET)


Startpoint: rst_n (input port clocked by clk)
Endpoint: _472_ (recovery check against rising-edge clock clk)
Path Group: asynchronous
Path Type: max

Fanout     Cap    Slew   Delay    Time   Description
-----------------------------------------------------------------------------
                          0.00    0.00   clock clk (rise edge)
                          0.00    0.00   clock network delay (propagated)
                          5.00    5.00 ^ input external delay
                  0.05    0.04    5.04 ^ rst_n (in)
     1    0.01                           rst_n (net)
                  0.05    0.00    5.04 ^ input17/A (sky130_fd_sc_hd__buf_12)
                  0.36    0.32    5.36 ^ input17/X (sky130_fd_sc_hd__buf_12)
    65    0.32                           net17 (net)
                  0.37    0.05    5.41 ^ _472_/RESET_B (sky130_fd_sc_hd__dfrtp_1)
                                  5.41   data arrival time

                         25.00   25.00   clock clk (rise edge)
                          0.00   25.00   clock source latency
                  0.10    0.06   25.06 ^ clk (in)
     1    0.02                           clk (net)
                  0.10    0.00   25.06 ^ clkbuf_0_clk/A (sky130_fd_sc_hd__clkbuf_16)
                  0.10    0.18   25.24 ^ clkbuf_0_clk/X (sky130_fd_sc_hd__clkbuf_16)
     8    0.08                           clknet_0_clk (net)
                  0.10    0.00   25.25 ^ clkbuf_3_5__f_clk/A (sky130_fd_sc_hd__clkbuf_16)
                  0.04    0.14   25.38 ^ clkbuf_3_5__f_clk/X (sky130_fd_sc_hd__clkbuf_16)
     7    0.02                           clknet_3_5__leaf_clk (net)
                  0.04    0.00   25.39 ^ _472_/CLK (sky130_fd_sc_hd__dfrtp_1)
                         -0.25   25.14   clock uncertainty
                          0.00   25.14   clock reconvergence pessimism
                          0.14   25.28   library recovery time
                                 25.28   data required time
-----------------------------------------------------------------------------
                                 25.28   data required time
                                 -5.41   data arrival time
-----------------------------------------------------------------------------
                                 19.87   slack (MET)


Startpoint: rst_n (input port clocked by clk)
Endpoint: _473_ (recovery check against rising-edge clock clk)
Path Group: asynchronous
Path Type: max

Fanout     Cap    Slew   Delay    Time   Description
-----------------------------------------------------------------------------
                          0.00    0.00   clock clk (rise edge)
                          0.00    0.00   clock network delay (propagated)
                          5.00    5.00 ^ input external delay
                  0.05    0.04    5.04 ^ rst_n (in)
     1    0.01                           rst_n (net)
                  0.05    0.00    5.04 ^ input17/A (sky130_fd_sc_hd__buf_12)
                  0.36    0.32    5.36 ^ input17/X (sky130_fd_sc_hd__buf_12)
    65    0.32                           net17 (net)
                  0.37    0.05    5.41 ^ _473_/RESET_B (sky130_fd_sc_hd__dfrtp_1)
                                  5.41   data arrival time

                         25.00   25.00   clock clk (rise edge)
                          0.00   25.00   clock source latency
                  0.10    0.06   25.06 ^ clk (in)
     1    0.02                           clk (net)
                  0.10    0.00   25.06 ^ clkbuf_0_clk/A (sky130_fd_sc_hd__clkbuf_16)
                  0.10    0.18   25.24 ^ clkbuf_0_clk/X (sky130_fd_sc_hd__clkbuf_16)
     8    0.08                           clknet_0_clk (net)
                  0.10    0.00   25.25 ^ clkbuf_3_5__f_clk/A (sky130_fd_sc_hd__clkbuf_16)
                  0.04    0.14   25.38 ^ clkbuf_3_5__f_clk/X (sky130_fd_sc_hd__clkbuf_16)
     7    0.02                           clknet_3_5__leaf_clk (net)
                  0.04    0.00   25.39 ^ _473_/CLK (sky130_fd_sc_hd__dfrtp_1)
                         -0.25   25.14   clock uncertainty
                          0.00   25.14   clock reconvergence pessimism
                          0.14   25.28   library recovery time
                                 25.28   data required time
-----------------------------------------------------------------------------
                                 25.28   data required time
                                 -5.41   data arrival time
-----------------------------------------------------------------------------
                                 19.87   slack (MET)


Startpoint: rst_n (input port clocked by clk)
Endpoint: _474_ (recovery check against rising-edge clock clk)
Path Group: asynchronous
Path Type: max

Fanout     Cap    Slew   Delay    Time   Description
-----------------------------------------------------------------------------
                          0.00    0.00   clock clk (rise edge)
                          0.00    0.00   clock network delay (propagated)
                          5.00    5.00 ^ input external delay
                  0.05    0.04    5.04 ^ rst_n (in)
     1    0.01                           rst_n (net)
                  0.05    0.00    5.04 ^ input17/A (sky130_fd_sc_hd__buf_12)
                  0.36    0.32    5.36 ^ input17/X (sky130_fd_sc_hd__buf_12)
    65    0.32                           net17 (net)
                  0.37    0.05    5.41 ^ _474_/RESET_B (sky130_fd_sc_hd__dfrtp_1)
                                  5.41   data arrival time

                         25.00   25.00   clock clk (rise edge)
                          0.00   25.00   clock source latency
                  0.10    0.06   25.06 ^ clk (in)
     1    0.02                           clk (net)
                  0.10    0.00   25.06 ^ clkbuf_0_clk/A (sky130_fd_sc_hd__clkbuf_16)
                  0.10    0.18   25.24 ^ clkbuf_0_clk/X (sky130_fd_sc_hd__clkbuf_16)
     8    0.08                           clknet_0_clk (net)
                  0.10    0.00   25.25 ^ clkbuf_3_5__f_clk/A (sky130_fd_sc_hd__clkbuf_16)
                  0.04    0.14   25.38 ^ clkbuf_3_5__f_clk/X (sky130_fd_sc_hd__clkbuf_16)
     7    0.02                           clknet_3_5__leaf_clk (net)
                  0.04    0.00   25.39 ^ _474_/CLK (sky130_fd_sc_hd__dfrtp_1)
                         -0.25   25.14   clock uncertainty
                          0.00   25.14   clock reconvergence pessimism
                          0.14   25.28   library recovery time
                                 25.28   data required time
-----------------------------------------------------------------------------
                                 25.28   data required time
                                 -5.41   data arrival time
-----------------------------------------------------------------------------
                                 19.87   slack (MET)


Startpoint: rst_n (input port clocked by clk)
Endpoint: _468_ (recovery check against rising-edge clock clk)
Path Group: asynchronous
Path Type: max

Fanout     Cap    Slew   Delay    Time   Description
-----------------------------------------------------------------------------
                          0.00    0.00   clock clk (rise edge)
                          0.00    0.00   clock network delay (propagated)
                          5.00    5.00 ^ input external delay
                  0.05    0.04    5.04 ^ rst_n (in)
     1    0.01                           rst_n (net)
                  0.05    0.00    5.04 ^ input17/A (sky130_fd_sc_hd__buf_12)
                  0.36    0.32    5.36 ^ input17/X (sky130_fd_sc_hd__buf_12)
    65    0.32                           net17 (net)
                  0.37    0.05    5.41 ^ _468_/RESET_B (sky130_fd_sc_hd__dfrtp_1)
                                  5.41   data arrival time

                         25.00   25.00   clock clk (rise edge)
                          0.00   25.00   clock source latency
                  0.10    0.06   25.06 ^ clk (in)
     1    0.02                           clk (net)
                  0.10    0.00   25.06 ^ clkbuf_0_clk/A (sky130_fd_sc_hd__clkbuf_16)
                  0.10    0.18   25.24 ^ clkbuf_0_clk/X (sky130_fd_sc_hd__clkbuf_16)
     8    0.08                           clknet_0_clk (net)
                  0.10    0.00   25.25 ^ clkbuf_3_5__f_clk/A (sky130_fd_sc_hd__clkbuf_16)
                  0.04    0.14   25.38 ^ clkbuf_3_5__f_clk/X (sky130_fd_sc_hd__clkbuf_16)
     7    0.02                           clknet_3_5__leaf_clk (net)
                  0.04    0.00   25.39 ^ _468_/CLK (sky130_fd_sc_hd__dfrtp_1)
                         -0.25   25.14   clock uncertainty
                          0.00   25.14   clock reconvergence pessimism
                          0.14   25.28   library recovery time
                                 25.28   data required time
-----------------------------------------------------------------------------
                                 25.28   data required time
                                 -5.41   data arrival time
-----------------------------------------------------------------------------
                                 19.87   slack (MET)


Startpoint: rst_n (input port clocked by clk)
Endpoint: _453_ (recovery check against rising-edge clock clk)
Path Group: asynchronous
Path Type: max

Fanout     Cap    Slew   Delay    Time   Description
-----------------------------------------------------------------------------
                          0.00    0.00   clock clk (rise edge)
                          0.00    0.00   clock network delay (propagated)
                          5.00    5.00 ^ input external delay
                  0.05    0.04    5.04 ^ rst_n (in)
     1    0.01                           rst_n (net)
                  0.05    0.00    5.04 ^ input17/A (sky130_fd_sc_hd__buf_12)
                  0.36    0.32    5.36 ^ input17/X (sky130_fd_sc_hd__buf_12)
    65    0.32                           net17 (net)
                  0.37    0.05    5.41 ^ _453_/RESET_B (sky130_fd_sc_hd__dfrtp_1)
                                  5.41   data arrival time

                         25.00   25.00   clock clk (rise edge)
                          0.00   25.00   clock source latency
                  0.10    0.06   25.06 ^ clk (in)
     1    0.02                           clk (net)
                  0.10    0.00   25.06 ^ clkbuf_0_clk/A (sky130_fd_sc_hd__clkbuf_16)
                  0.10    0.18   25.24 ^ clkbuf_0_clk/X (sky130_fd_sc_hd__clkbuf_16)
     8    0.08                           clknet_0_clk (net)
                  0.10    0.00   25.25 ^ clkbuf_3_6__f_clk/A (sky130_fd_sc_hd__clkbuf_16)
                  0.04    0.14   25.38 ^ clkbuf_3_6__f_clk/X (sky130_fd_sc_hd__clkbuf_16)
     6    0.02                           clknet_3_6__leaf_clk (net)
                  0.04    0.00   25.38 ^ _453_/CLK (sky130_fd_sc_hd__dfrtp_1)
                         -0.25   25.13   clock uncertainty
                          0.00   25.13   clock reconvergence pessimism
                          0.14   25.28   library recovery time
                                 25.28   data required time
-----------------------------------------------------------------------------
                                 25.28   data required time
                                 -5.41   data arrival time
-----------------------------------------------------------------------------
                                 19.87   slack (MET)


Startpoint: rst_n (input port clocked by clk)
Endpoint: _454_ (recovery check against rising-edge clock clk)
Path Group: asynchronous
Path Type: max

Fanout     Cap    Slew   Delay    Time   Description
-----------------------------------------------------------------------------
                          0.00    0.00   clock clk (rise edge)
                          0.00    0.00   clock network delay (propagated)
                          5.00    5.00 ^ input external delay
                  0.05    0.04    5.04 ^ rst_n (in)
     1    0.01                           rst_n (net)
                  0.05    0.00    5.04 ^ input17/A (sky130_fd_sc_hd__buf_12)
                  0.36    0.32    5.36 ^ input17/X (sky130_fd_sc_hd__buf_12)
    65    0.32                           net17 (net)
                  0.37    0.05    5.41 ^ _454_/RESET_B (sky130_fd_sc_hd__dfrtp_1)
                                  5.41   data arrival time

                         25.00   25.00   clock clk (rise edge)
                          0.00   25.00   clock source latency
                  0.10    0.06   25.06 ^ clk (in)
     1    0.02                           clk (net)
                  0.10    0.00   25.06 ^ clkbuf_0_clk/A (sky130_fd_sc_hd__clkbuf_16)
                  0.10    0.18   25.24 ^ clkbuf_0_clk/X (sky130_fd_sc_hd__clkbuf_16)
     8    0.08                           clknet_0_clk (net)
                  0.10    0.00   25.25 ^ clkbuf_3_6__f_clk/A (sky130_fd_sc_hd__clkbuf_16)
                  0.04    0.14   25.38 ^ clkbuf_3_6__f_clk/X (sky130_fd_sc_hd__clkbuf_16)
     6    0.02                           clknet_3_6__leaf_clk (net)
                  0.04    0.00   25.38 ^ _454_/CLK (sky130_fd_sc_hd__dfrtp_1)
                         -0.25   25.13   clock uncertainty
                          0.00   25.13   clock reconvergence pessimism
                          0.14   25.28   library recovery time
                                 25.28   data required time
-----------------------------------------------------------------------------
                                 25.28   data required time
                                 -5.41   data arrival time
-----------------------------------------------------------------------------
                                 19.87   slack (MET)


Startpoint: rst_n (input port clocked by clk)
Endpoint: _455_ (recovery check against rising-edge clock clk)
Path Group: asynchronous
Path Type: max

Fanout     Cap    Slew   Delay    Time   Description
-----------------------------------------------------------------------------
                          0.00    0.00   clock clk (rise edge)
                          0.00    0.00   clock network delay (propagated)
                          5.00    5.00 ^ input external delay
                  0.05    0.04    5.04 ^ rst_n (in)
     1    0.01                           rst_n (net)
                  0.05    0.00    5.04 ^ input17/A (sky130_fd_sc_hd__buf_12)
                  0.36    0.32    5.36 ^ input17/X (sky130_fd_sc_hd__buf_12)
    65    0.32                           net17 (net)
                  0.37    0.05    5.41 ^ _455_/RESET_B (sky130_fd_sc_hd__dfrtp_1)
                                  5.41   data arrival time

                         25.00   25.00   clock clk (rise edge)
                          0.00   25.00   clock source latency
                  0.10    0.06   25.06 ^ clk (in)
     1    0.02                           clk (net)
                  0.10    0.00   25.06 ^ clkbuf_0_clk/A (sky130_fd_sc_hd__clkbuf_16)
                  0.10    0.18   25.24 ^ clkbuf_0_clk/X (sky130_fd_sc_hd__clkbuf_16)
     8    0.08                           clknet_0_clk (net)
                  0.10    0.00   25.25 ^ clkbuf_3_6__f_clk/A (sky130_fd_sc_hd__clkbuf_16)
                  0.04    0.14   25.38 ^ clkbuf_3_6__f_clk/X (sky130_fd_sc_hd__clkbuf_16)
     6    0.02                           clknet_3_6__leaf_clk (net)
                  0.04    0.00   25.38 ^ _455_/CLK (sky130_fd_sc_hd__dfrtp_1)
                         -0.25   25.13   clock uncertainty
                          0.00   25.13   clock reconvergence pessimism
                          0.14   25.28   library recovery time
                                 25.28   data required time
-----------------------------------------------------------------------------
                                 25.28   data required time
                                 -5.41   data arrival time
-----------------------------------------------------------------------------
                                 19.87   slack (MET)


Startpoint: rst_n (input port clocked by clk)
Endpoint: _458_ (recovery check against rising-edge clock clk)
Path Group: asynchronous
Path Type: max

Fanout     Cap    Slew   Delay    Time   Description
-----------------------------------------------------------------------------
                          0.00    0.00   clock clk (rise edge)
                          0.00    0.00   clock network delay (propagated)
                          5.00    5.00 ^ input external delay
                  0.05    0.04    5.04 ^ rst_n (in)
     1    0.01                           rst_n (net)
                  0.05    0.00    5.04 ^ input17/A (sky130_fd_sc_hd__buf_12)
                  0.36    0.32    5.36 ^ input17/X (sky130_fd_sc_hd__buf_12)
    65    0.32                           net17 (net)
                  0.37    0.05    5.41 ^ _458_/RESET_B (sky130_fd_sc_hd__dfrtp_1)
                                  5.41   data arrival time

                         25.00   25.00   clock clk (rise edge)
                          0.00   25.00   clock source latency
                  0.10    0.06   25.06 ^ clk (in)
     1    0.02                           clk (net)
                  0.10    0.00   25.06 ^ clkbuf_0_clk/A (sky130_fd_sc_hd__clkbuf_16)
                  0.10    0.18   25.24 ^ clkbuf_0_clk/X (sky130_fd_sc_hd__clkbuf_16)
     8    0.08                           clknet_0_clk (net)
                  0.10    0.00   25.25 ^ clkbuf_3_6__f_clk/A (sky130_fd_sc_hd__clkbuf_16)
                  0.04    0.14   25.38 ^ clkbuf_3_6__f_clk/X (sky130_fd_sc_hd__clkbuf_16)
     6    0.02                           clknet_3_6__leaf_clk (net)
                  0.04    0.00   25.38 ^ _458_/CLK (sky130_fd_sc_hd__dfrtp_1)
                         -0.25   25.13   clock uncertainty
                          0.00   25.13   clock reconvergence pessimism
                          0.14   25.28   library recovery time
                                 25.28   data required time
-----------------------------------------------------------------------------
                                 25.28   data required time
                                 -5.41   data arrival time
-----------------------------------------------------------------------------
                                 19.87   slack (MET)


Startpoint: rst_n (input port clocked by clk)
Endpoint: _456_ (recovery check against rising-edge clock clk)
Path Group: asynchronous
Path Type: max

Fanout     Cap    Slew   Delay    Time   Description
-----------------------------------------------------------------------------
                          0.00    0.00   clock clk (rise edge)
                          0.00    0.00   clock network delay (propagated)
                          5.00    5.00 ^ input external delay
                  0.05    0.04    5.04 ^ rst_n (in)
     1    0.01                           rst_n (net)
                  0.05    0.00    5.04 ^ input17/A (sky130_fd_sc_hd__buf_12)
                  0.36    0.32    5.36 ^ input17/X (sky130_fd_sc_hd__buf_12)
    65    0.32                           net17 (net)
                  0.37    0.05    5.41 ^ _456_/RESET_B (sky130_fd_sc_hd__dfrtp_1)
                                  5.41   data arrival time

                         25.00   25.00   clock clk (rise edge)
                          0.00   25.00   clock source latency
                  0.10    0.06   25.06 ^ clk (in)
     1    0.02                           clk (net)
                  0.10    0.00   25.06 ^ clkbuf_0_clk/A (sky130_fd_sc_hd__clkbuf_16)
                  0.10    0.18   25.24 ^ clkbuf_0_clk/X (sky130_fd_sc_hd__clkbuf_16)
     8    0.08                           clknet_0_clk (net)
                  0.10    0.00   25.25 ^ clkbuf_3_6__f_clk/A (sky130_fd_sc_hd__clkbuf_16)
                  0.04    0.14   25.38 ^ clkbuf_3_6__f_clk/X (sky130_fd_sc_hd__clkbuf_16)
     6    0.02                           clknet_3_6__leaf_clk (net)
                  0.04    0.00   25.38 ^ _456_/CLK (sky130_fd_sc_hd__dfrtp_1)
                         -0.25   25.13   clock uncertainty
                          0.00   25.13   clock reconvergence pessimism
                          0.14   25.28   library recovery time
                                 25.28   data required time
-----------------------------------------------------------------------------
                                 25.28   data required time
                                 -5.41   data arrival time
-----------------------------------------------------------------------------
                                 19.87   slack (MET)


Startpoint: rst_n (input port clocked by clk)
Endpoint: _481_ (recovery check against rising-edge clock clk)
Path Group: asynchronous
Path Type: max

Fanout     Cap    Slew   Delay    Time   Description
-----------------------------------------------------------------------------
                          0.00    0.00   clock clk (rise edge)
                          0.00    0.00   clock network delay (propagated)
                          5.00    5.00 ^ input external delay
                  0.05    0.04    5.04 ^ rst_n (in)
     1    0.01                           rst_n (net)
                  0.05    0.00    5.04 ^ input17/A (sky130_fd_sc_hd__buf_12)
                  0.36    0.32    5.36 ^ input17/X (sky130_fd_sc_hd__buf_12)
    65    0.32                           net17 (net)
                  0.37    0.05    5.41 ^ _481_/RESET_B (sky130_fd_sc_hd__dfrtp_1)
                                  5.41   data arrival time

                         25.00   25.00   clock clk (rise edge)
                          0.00   25.00   clock source latency
                  0.10    0.06   25.06 ^ clk (in)
     1    0.02                           clk (net)
                  0.10    0.00   25.06 ^ clkbuf_0_clk/A (sky130_fd_sc_hd__clkbuf_16)
                  0.10    0.18   25.24 ^ clkbuf_0_clk/X (sky130_fd_sc_hd__clkbuf_16)
     8    0.08                           clknet_0_clk (net)
                  0.10    0.00   25.25 ^ clkbuf_3_4__f_clk/A (sky130_fd_sc_hd__clkbuf_16)
                  0.04    0.14   25.38 ^ clkbuf_3_4__f_clk/X (sky130_fd_sc_hd__clkbuf_16)
     6    0.02                           clknet_3_4__leaf_clk (net)
                  0.04    0.00   25.38 ^ _481_/CLK (sky130_fd_sc_hd__dfrtp_1)
                         -0.25   25.13   clock uncertainty
                          0.00   25.13   clock reconvergence pessimism
                          0.15   25.28   library recovery time
                                 25.28   data required time
-----------------------------------------------------------------------------
                                 25.28   data required time
                                 -5.41   data arrival time
-----------------------------------------------------------------------------
                                 19.87   slack (MET)


Startpoint: rst_n (input port clocked by clk)
Endpoint: _482_ (recovery check against rising-edge clock clk)
Path Group: asynchronous
Path Type: max

Fanout     Cap    Slew   Delay    Time   Description
-----------------------------------------------------------------------------
                          0.00    0.00   clock clk (rise edge)
                          0.00    0.00   clock network delay (propagated)
                          5.00    5.00 ^ input external delay
                  0.05    0.04    5.04 ^ rst_n (in)
     1    0.01                           rst_n (net)
                  0.05    0.00    5.04 ^ input17/A (sky130_fd_sc_hd__buf_12)
                  0.36    0.32    5.36 ^ input17/X (sky130_fd_sc_hd__buf_12)
    65    0.32                           net17 (net)
                  0.37    0.05    5.41 ^ _482_/RESET_B (sky130_fd_sc_hd__dfrtp_1)
                                  5.41   data arrival time

                         25.00   25.00   clock clk (rise edge)
                          0.00   25.00   clock source latency
                  0.10    0.06   25.06 ^ clk (in)
     1    0.02                           clk (net)
                  0.10    0.00   25.06 ^ clkbuf_0_clk/A (sky130_fd_sc_hd__clkbuf_16)
                  0.10    0.18   25.24 ^ clkbuf_0_clk/X (sky130_fd_sc_hd__clkbuf_16)
     8    0.08                           clknet_0_clk (net)
                  0.10    0.00   25.25 ^ clkbuf_3_6__f_clk/A (sky130_fd_sc_hd__clkbuf_16)
                  0.04    0.14   25.38 ^ clkbuf_3_6__f_clk/X (sky130_fd_sc_hd__clkbuf_16)
     6    0.02                           clknet_3_6__leaf_clk (net)
                  0.04    0.00   25.38 ^ _482_/CLK (sky130_fd_sc_hd__dfrtp_1)
                         -0.25   25.13   clock uncertainty
                          0.00   25.13   clock reconvergence pessimism
                          0.15   25.28   library recovery time
                                 25.28   data required time
-----------------------------------------------------------------------------
                                 25.28   data required time
                                 -5.41   data arrival time
-----------------------------------------------------------------------------
                                 19.87   slack (MET)


Startpoint: rst_n (input port clocked by clk)
Endpoint: _479_ (recovery check against rising-edge clock clk)
Path Group: asynchronous
Path Type: max

Fanout     Cap    Slew   Delay    Time   Description
-----------------------------------------------------------------------------
                          0.00    0.00   clock clk (rise edge)
                          0.00    0.00   clock network delay (propagated)
                          5.00    5.00 ^ input external delay
                  0.05    0.04    5.04 ^ rst_n (in)
     1    0.01                           rst_n (net)
                  0.05    0.00    5.04 ^ input17/A (sky130_fd_sc_hd__buf_12)
                  0.36    0.32    5.36 ^ input17/X (sky130_fd_sc_hd__buf_12)
    65    0.32                           net17 (net)
                  0.37    0.05    5.41 ^ _479_/RESET_B (sky130_fd_sc_hd__dfrtp_1)
                                  5.41   data arrival time

                         25.00   25.00   clock clk (rise edge)
                          0.00   25.00   clock source latency
                  0.10    0.06   25.06 ^ clk (in)
     1    0.02                           clk (net)
                  0.10    0.00   25.06 ^ clkbuf_0_clk/A (sky130_fd_sc_hd__clkbuf_16)
                  0.10    0.18   25.24 ^ clkbuf_0_clk/X (sky130_fd_sc_hd__clkbuf_16)
     8    0.08                           clknet_0_clk (net)
                  0.10    0.00   25.25 ^ clkbuf_3_5__f_clk/A (sky130_fd_sc_hd__clkbuf_16)
                  0.04    0.14   25.38 ^ clkbuf_3_5__f_clk/X (sky130_fd_sc_hd__clkbuf_16)
     7    0.02                           clknet_3_5__leaf_clk (net)
                  0.04    0.00   25.39 ^ _479_/CLK (sky130_fd_sc_hd__dfrtp_1)
                         -0.25   25.14   clock uncertainty
                          0.00   25.14   clock reconvergence pessimism
                          0.15   25.28   library recovery time
                                 25.28   data required time
-----------------------------------------------------------------------------
                                 25.28   data required time
                                 -5.41   data arrival time
-----------------------------------------------------------------------------
                                 19.87   slack (MET)


Startpoint: rst_n (input port clocked by clk)
Endpoint: _480_ (recovery check against rising-edge clock clk)
Path Group: asynchronous
Path Type: max

Fanout     Cap    Slew   Delay    Time   Description
-----------------------------------------------------------------------------
                          0.00    0.00   clock clk (rise edge)
                          0.00    0.00   clock network delay (propagated)
                          5.00    5.00 ^ input external delay
                  0.05    0.04    5.04 ^ rst_n (in)
     1    0.01                           rst_n (net)
                  0.05    0.00    5.04 ^ input17/A (sky130_fd_sc_hd__buf_12)
                  0.36    0.32    5.36 ^ input17/X (sky130_fd_sc_hd__buf_12)
    65    0.32                           net17 (net)
                  0.37    0.05    5.41 ^ _480_/RESET_B (sky130_fd_sc_hd__dfrtp_1)
                                  5.41   data arrival time

                         25.00   25.00   clock clk (rise edge)
                          0.00   25.00   clock source latency
                  0.10    0.06   25.06 ^ clk (in)
     1    0.02                           clk (net)
                  0.10    0.00   25.06 ^ clkbuf_0_clk/A (sky130_fd_sc_hd__clkbuf_16)
                  0.10    0.18   25.24 ^ clkbuf_0_clk/X (sky130_fd_sc_hd__clkbuf_16)
     8    0.08                           clknet_0_clk (net)
                  0.10    0.00   25.25 ^ clkbuf_3_5__f_clk/A (sky130_fd_sc_hd__clkbuf_16)
                  0.04    0.14   25.38 ^ clkbuf_3_5__f_clk/X (sky130_fd_sc_hd__clkbuf_16)
     7    0.02                           clknet_3_5__leaf_clk (net)
                  0.04    0.00   25.39 ^ _480_/CLK (sky130_fd_sc_hd__dfrtp_1)
                         -0.25   25.14   clock uncertainty
                          0.00   25.14   clock reconvergence pessimism
                          0.15   25.28   library recovery time
                                 25.28   data required time
-----------------------------------------------------------------------------
                                 25.28   data required time
                                 -5.41   data arrival time
-----------------------------------------------------------------------------
                                 19.87   slack (MET)


Startpoint: rst_n (input port clocked by clk)
Endpoint: _478_ (recovery check against rising-edge clock clk)
Path Group: asynchronous
Path Type: max

Fanout     Cap    Slew   Delay    Time   Description
-----------------------------------------------------------------------------
                          0.00    0.00   clock clk (rise edge)
                          0.00    0.00   clock network delay (propagated)
                          5.00    5.00 ^ input external delay
                  0.05    0.04    5.04 ^ rst_n (in)
     1    0.01                           rst_n (net)
                  0.05    0.00    5.04 ^ input17/A (sky130_fd_sc_hd__buf_12)
                  0.36    0.32    5.36 ^ input17/X (sky130_fd_sc_hd__buf_12)
    65    0.32                           net17 (net)
                  0.37    0.05    5.41 ^ _478_/RESET_B (sky130_fd_sc_hd__dfrtp_1)
                                  5.41   data arrival time

                         25.00   25.00   clock clk (rise edge)
                          0.00   25.00   clock source latency
                  0.10    0.06   25.06 ^ clk (in)
     1    0.02                           clk (net)
                  0.10    0.00   25.06 ^ clkbuf_0_clk/A (sky130_fd_sc_hd__clkbuf_16)
                  0.10    0.18   25.24 ^ clkbuf_0_clk/X (sky130_fd_sc_hd__clkbuf_16)
     8    0.08                           clknet_0_clk (net)
                  0.10    0.00   25.25 ^ clkbuf_3_5__f_clk/A (sky130_fd_sc_hd__clkbuf_16)
                  0.04    0.14   25.38 ^ clkbuf_3_5__f_clk/X (sky130_fd_sc_hd__clkbuf_16)
     7    0.02                           clknet_3_5__leaf_clk (net)
                  0.04    0.00   25.39 ^ _478_/CLK (sky130_fd_sc_hd__dfrtp_1)
                         -0.25   25.14   clock uncertainty
                          0.00   25.14   clock reconvergence pessimism
                          0.15   25.28   library recovery time
                                 25.28   data required time
-----------------------------------------------------------------------------
                                 25.28   data required time
                                 -5.41   data arrival time
-----------------------------------------------------------------------------
                                 19.87   slack (MET)


Startpoint: rst_n (input port clocked by clk)
Endpoint: _438_ (recovery check against rising-edge clock clk)
Path Group: asynchronous
Path Type: max

Fanout     Cap    Slew   Delay    Time   Description
-----------------------------------------------------------------------------
                          0.00    0.00   clock clk (rise edge)
                          0.00    0.00   clock network delay (propagated)
                          5.00    5.00 ^ input external delay
                  0.05    0.04    5.04 ^ rst_n (in)
     1    0.01                           rst_n (net)
                  0.05    0.00    5.04 ^ input17/A (sky130_fd_sc_hd__buf_12)
                  0.36    0.32    5.36 ^ input17/X (sky130_fd_sc_hd__buf_12)
    65    0.32                           net17 (net)
                  0.37    0.04    5.40 ^ _438_/RESET_B (sky130_fd_sc_hd__dfrtp_1)
                                  5.40   data arrival time

                         25.00   25.00   clock clk (rise edge)
                          0.00   25.00   clock source latency
                  0.10    0.06   25.06 ^ clk (in)
     1    0.02                           clk (net)
                  0.10    0.00   25.06 ^ clkbuf_0_clk/A (sky130_fd_sc_hd__clkbuf_16)
                  0.10    0.18   25.24 ^ clkbuf_0_clk/X (sky130_fd_sc_hd__clkbuf_16)
     8    0.08                           clknet_0_clk (net)
                  0.10    0.00   25.25 ^ clkbuf_3_1__f_clk/A (sky130_fd_sc_hd__clkbuf_16)
                  0.04    0.14   25.39 ^ clkbuf_3_1__f_clk/X (sky130_fd_sc_hd__clkbuf_16)
     7    0.02                           clknet_3_1__leaf_clk (net)
                  0.04    0.00   25.39 ^ _438_/CLK (sky130_fd_sc_hd__dfrtp_1)
                         -0.25   25.14   clock uncertainty
                          0.00   25.14   clock reconvergence pessimism
                          0.15   25.28   library recovery time
                                 25.28   data required time
-----------------------------------------------------------------------------
                                 25.28   data required time
                                 -5.40   data arrival time
-----------------------------------------------------------------------------
                                 19.88   slack (MET)


Startpoint: rst_n (input port clocked by clk)
Endpoint: _459_ (recovery check against rising-edge clock clk)
Path Group: asynchronous
Path Type: max

Fanout     Cap    Slew   Delay    Time   Description
-----------------------------------------------------------------------------
                          0.00    0.00   clock clk (rise edge)
                          0.00    0.00   clock network delay (propagated)
                          5.00    5.00 ^ input external delay
                  0.05    0.04    5.04 ^ rst_n (in)
     1    0.01                           rst_n (net)
                  0.05    0.00    5.04 ^ input17/A (sky130_fd_sc_hd__buf_12)
                  0.36    0.32    5.36 ^ input17/X (sky130_fd_sc_hd__buf_12)
    65    0.32                           net17 (net)
                  0.37    0.04    5.40 ^ _459_/RESET_B (sky130_fd_sc_hd__dfrtp_1)
                                  5.40   data arrival time

                         25.00   25.00   clock clk (rise edge)
                          0.00   25.00   clock source latency
                  0.10    0.06   25.06 ^ clk (in)
     1    0.02                           clk (net)
                  0.10    0.00   25.06 ^ clkbuf_0_clk/A (sky130_fd_sc_hd__clkbuf_16)
                  0.10    0.18   25.24 ^ clkbuf_0_clk/X (sky130_fd_sc_hd__clkbuf_16)
     8    0.08                           clknet_0_clk (net)
                  0.10    0.00   25.25 ^ clkbuf_3_1__f_clk/A (sky130_fd_sc_hd__clkbuf_16)
                  0.04    0.14   25.39 ^ clkbuf_3_1__f_clk/X (sky130_fd_sc_hd__clkbuf_16)
     7    0.02                           clknet_3_1__leaf_clk (net)
                  0.04    0.00   25.39 ^ _459_/CLK (sky130_fd_sc_hd__dfrtp_1)
                         -0.25   25.14   clock uncertainty
                          0.00   25.14   clock reconvergence pessimism
                          0.15   25.28   library recovery time
                                 25.28   data required time
-----------------------------------------------------------------------------
                                 25.28   data required time
                                 -5.40   data arrival time
-----------------------------------------------------------------------------
                                 19.88   slack (MET)


Startpoint: rst_n (input port clocked by clk)
Endpoint: _424_ (recovery check against rising-edge clock clk)
Path Group: asynchronous
Path Type: max

Fanout     Cap    Slew   Delay    Time   Description
-----------------------------------------------------------------------------
                          0.00    0.00   clock clk (rise edge)
                          0.00    0.00   clock network delay (propagated)
                          5.00    5.00 ^ input external delay
                  0.05    0.04    5.04 ^ rst_n (in)
     1    0.01                           rst_n (net)
                  0.05    0.00    5.04 ^ input17/A (sky130_fd_sc_hd__buf_12)
                  0.36    0.32    5.36 ^ input17/X (sky130_fd_sc_hd__buf_12)
    65    0.32                           net17 (net)
                  0.37    0.05    5.41 ^ _424_/RESET_B (sky130_fd_sc_hd__dfrtp_1)
                                  5.41   data arrival time

                         25.00   25.00   clock clk (rise edge)
                          0.00   25.00   clock source latency
                  0.10    0.06   25.06 ^ clk (in)
     1    0.02                           clk (net)
                  0.10    0.00   25.06 ^ clkbuf_0_clk/A (sky130_fd_sc_hd__clkbuf_16)
                  0.10    0.18   25.24 ^ clkbuf_0_clk/X (sky130_fd_sc_hd__clkbuf_16)
     8    0.08                           clknet_0_clk (net)
                  0.10    0.00   25.25 ^ clkbuf_3_3__f_clk/A (sky130_fd_sc_hd__clkbuf_16)
                  0.05    0.15   25.39 ^ clkbuf_3_3__f_clk/X (sky130_fd_sc_hd__clkbuf_16)
    10    0.03                           clknet_3_3__leaf_clk (net)
                  0.05    0.00   25.39 ^ _424_/CLK (sky130_fd_sc_hd__dfrtp_1)
                         -0.25   25.14   clock uncertainty
                          0.00   25.14   clock reconvergence pessimism
                          0.15   25.29   library recovery time
                                 25.29   data required time
-----------------------------------------------------------------------------
                                 25.29   data required time
                                 -5.41   data arrival time
-----------------------------------------------------------------------------
                                 19.88   slack (MET)


Startpoint: rst_n (input port clocked by clk)
Endpoint: _457_ (recovery check against rising-edge clock clk)
Path Group: asynchronous
Path Type: max

Fanout     Cap    Slew   Delay    Time   Description
-----------------------------------------------------------------------------
                          0.00    0.00   clock clk (rise edge)
                          0.00    0.00   clock network delay (propagated)
                          5.00    5.00 ^ input external delay
                  0.05    0.04    5.04 ^ rst_n (in)
     1    0.01                           rst_n (net)
                  0.05    0.00    5.04 ^ input17/A (sky130_fd_sc_hd__buf_12)
                  0.36    0.32    5.36 ^ input17/X (sky130_fd_sc_hd__buf_12)
    65    0.32                           net17 (net)
                  0.37    0.05    5.41 ^ _457_/RESET_B (sky130_fd_sc_hd__dfrtp_1)
                                  5.41   data arrival time

                         25.00   25.00   clock clk (rise edge)
                          0.00   25.00   clock source latency
                  0.10    0.06   25.06 ^ clk (in)
     1    0.02                           clk (net)
                  0.10    0.00   25.06 ^ clkbuf_0_clk/A (sky130_fd_sc_hd__clkbuf_16)
                  0.10    0.18   25.24 ^ clkbuf_0_clk/X (sky130_fd_sc_hd__clkbuf_16)
     8    0.08                           clknet_0_clk (net)
                  0.10    0.00   25.25 ^ clkbuf_3_3__f_clk/A (sky130_fd_sc_hd__clkbuf_16)
                  0.05    0.15   25.39 ^ clkbuf_3_3__f_clk/X (sky130_fd_sc_hd__clkbuf_16)
    10    0.03                           clknet_3_3__leaf_clk (net)
                  0.05    0.00   25.39 ^ _457_/CLK (sky130_fd_sc_hd__dfrtp_1)
                         -0.25   25.14   clock uncertainty
                          0.00   25.14   clock reconvergence pessimism
                          0.15   25.29   library recovery time
                                 25.29   data required time
-----------------------------------------------------------------------------
                                 25.29   data required time
                                 -5.41   data arrival time
-----------------------------------------------------------------------------
                                 19.88   slack (MET)


Startpoint: rst_n (input port clocked by clk)
Endpoint: _461_ (recovery check against rising-edge clock clk)
Path Group: asynchronous
Path Type: max

Fanout     Cap    Slew   Delay    Time   Description
-----------------------------------------------------------------------------
                          0.00    0.00   clock clk (rise edge)
                          0.00    0.00   clock network delay (propagated)
                          5.00    5.00 ^ input external delay
                  0.05    0.04    5.04 ^ rst_n (in)
     1    0.01                           rst_n (net)
                  0.05    0.00    5.04 ^ input17/A (sky130_fd_sc_hd__buf_12)
                  0.36    0.32    5.36 ^ input17/X (sky130_fd_sc_hd__buf_12)
    65    0.32                           net17 (net)
                  0.37    0.05    5.41 ^ _461_/RESET_B (sky130_fd_sc_hd__dfrtp_1)
                                  5.41   data arrival time

                         25.00   25.00   clock clk (rise edge)
                          0.00   25.00   clock source latency
                  0.10    0.06   25.06 ^ clk (in)
     1    0.02                           clk (net)
                  0.10    0.00   25.06 ^ clkbuf_0_clk/A (sky130_fd_sc_hd__clkbuf_16)
                  0.10    0.18   25.24 ^ clkbuf_0_clk/X (sky130_fd_sc_hd__clkbuf_16)
     8    0.08                           clknet_0_clk (net)
                  0.10    0.00   25.25 ^ clkbuf_3_3__f_clk/A (sky130_fd_sc_hd__clkbuf_16)
                  0.05    0.15   25.39 ^ clkbuf_3_3__f_clk/X (sky130_fd_sc_hd__clkbuf_16)
    10    0.03                           clknet_3_3__leaf_clk (net)
                  0.05    0.00   25.39 ^ _461_/CLK (sky130_fd_sc_hd__dfrtp_1)
                         -0.25   25.14   clock uncertainty
                          0.00   25.14   clock reconvergence pessimism
                          0.15   25.29   library recovery time
                                 25.29   data required time
-----------------------------------------------------------------------------
                                 25.29   data required time
                                 -5.41   data arrival time
-----------------------------------------------------------------------------
                                 19.89   slack (MET)


Startpoint: rst_n (input port clocked by clk)
Endpoint: _484_ (recovery check against rising-edge clock clk)
Path Group: asynchronous
Path Type: max

Fanout     Cap    Slew   Delay    Time   Description
-----------------------------------------------------------------------------
                          0.00    0.00   clock clk (rise edge)
                          0.00    0.00   clock network delay (propagated)
                          5.00    5.00 ^ input external delay
                  0.05    0.04    5.04 ^ rst_n (in)
     1    0.01                           rst_n (net)
                  0.05    0.00    5.04 ^ input17/A (sky130_fd_sc_hd__buf_12)
                  0.36    0.32    5.36 ^ input17/X (sky130_fd_sc_hd__buf_12)
    65    0.32                           net17 (net)
                  0.36    0.02    5.38 ^ _484_/RESET_B (sky130_fd_sc_hd__dfrtp_4)
                                  5.38   data arrival time

                         25.00   25.00   clock clk (rise edge)
                          0.00   25.00   clock source latency
                  0.10    0.06   25.06 ^ clk (in)
     1    0.02                           clk (net)
                  0.10    0.00   25.06 ^ clkbuf_0_clk/A (sky130_fd_sc_hd__clkbuf_16)
                  0.10    0.18   25.24 ^ clkbuf_0_clk/X (sky130_fd_sc_hd__clkbuf_16)
     8    0.08                           clknet_0_clk (net)
                  0.10    0.00   25.25 ^ clkbuf_3_0__f_clk/A (sky130_fd_sc_hd__clkbuf_16)
                  0.06    0.15   25.40 ^ clkbuf_3_0__f_clk/X (sky130_fd_sc_hd__clkbuf_16)
    12    0.04                           clknet_3_0__leaf_clk (net)
                  0.06    0.00   25.40 ^ _484_/CLK (sky130_fd_sc_hd__dfrtp_4)
                         -0.25   25.15   clock uncertainty
                          0.00   25.15   clock reconvergence pessimism
                          0.12   25.27   library recovery time
                                 25.27   data required time
-----------------------------------------------------------------------------
                                 25.27   data required time
                                 -5.38   data arrival time
-----------------------------------------------------------------------------
                                 19.89   slack (MET)


Startpoint: rst_n (input port clocked by clk)
Endpoint: _485_ (recovery check against rising-edge clock clk)
Path Group: asynchronous
Path Type: max

Fanout     Cap    Slew   Delay    Time   Description
-----------------------------------------------------------------------------
                          0.00    0.00   clock clk (rise edge)
                          0.00    0.00   clock network delay (propagated)
                          5.00    5.00 ^ input external delay
                  0.05    0.04    5.04 ^ rst_n (in)
     1    0.01                           rst_n (net)
                  0.05    0.00    5.04 ^ input17/A (sky130_fd_sc_hd__buf_12)
                  0.36    0.32    5.36 ^ input17/X (sky130_fd_sc_hd__buf_12)
    65    0.32                           net17 (net)
                  0.36    0.02    5.38 ^ _485_/RESET_B (sky130_fd_sc_hd__dfrtp_4)
                                  5.38   data arrival time

                         25.00   25.00   clock clk (rise edge)
                          0.00   25.00   clock source latency
                  0.10    0.06   25.06 ^ clk (in)
     1    0.02                           clk (net)
                  0.10    0.00   25.06 ^ clkbuf_0_clk/A (sky130_fd_sc_hd__clkbuf_16)
                  0.10    0.18   25.24 ^ clkbuf_0_clk/X (sky130_fd_sc_hd__clkbuf_16)
     8    0.08                           clknet_0_clk (net)
                  0.10    0.00   25.25 ^ clkbuf_3_0__f_clk/A (sky130_fd_sc_hd__clkbuf_16)
                  0.06    0.15   25.40 ^ clkbuf_3_0__f_clk/X (sky130_fd_sc_hd__clkbuf_16)
    12    0.04                           clknet_3_0__leaf_clk (net)
                  0.06    0.00   25.40 ^ _485_/CLK (sky130_fd_sc_hd__dfrtp_4)
                         -0.25   25.15   clock uncertainty
                          0.00   25.15   clock reconvergence pessimism
                          0.12   25.27   library recovery time
                                 25.27   data required time
-----------------------------------------------------------------------------
                                 25.27   data required time
                                 -5.38   data arrival time
-----------------------------------------------------------------------------
                                 19.89   slack (MET)


Startpoint: rst_n (input port clocked by clk)
Endpoint: _460_ (recovery check against rising-edge clock clk)
Path Group: asynchronous
Path Type: max

Fanout     Cap    Slew   Delay    Time   Description
-----------------------------------------------------------------------------
                          0.00    0.00   clock clk (rise edge)
                          0.00    0.00   clock network delay (propagated)
                          5.00    5.00 ^ input external delay
                  0.05    0.04    5.04 ^ rst_n (in)
     1    0.01                           rst_n (net)
                  0.05    0.00    5.04 ^ input17/A (sky130_fd_sc_hd__buf_12)
                  0.36    0.32    5.36 ^ input17/X (sky130_fd_sc_hd__buf_12)
    65    0.32                           net17 (net)
                  0.37    0.05    5.41 ^ _460_/RESET_B (sky130_fd_sc_hd__dfrtp_1)
                                  5.41   data arrival time

                         25.00   25.00   clock clk (rise edge)
                          0.00   25.00   clock source latency
                  0.10    0.06   25.06 ^ clk (in)
     1    0.02                           clk (net)
                  0.10    0.00   25.06 ^ clkbuf_0_clk/A (sky130_fd_sc_hd__clkbuf_16)
                  0.10    0.18   25.24 ^ clkbuf_0_clk/X (sky130_fd_sc_hd__clkbuf_16)
     8    0.08                           clknet_0_clk (net)
                  0.10    0.00   25.25 ^ clkbuf_3_3__f_clk/A (sky130_fd_sc_hd__clkbuf_16)
                  0.05    0.15   25.39 ^ clkbuf_3_3__f_clk/X (sky130_fd_sc_hd__clkbuf_16)
    10    0.03                           clknet_3_3__leaf_clk (net)
                  0.05    0.00   25.39 ^ _460_/CLK (sky130_fd_sc_hd__dfrtp_1)
                         -0.25   25.14   clock uncertainty
                          0.00   25.14   clock reconvergence pessimism
                          0.15   25.29   library recovery time
                                 25.29   data required time
-----------------------------------------------------------------------------
                                 25.29   data required time
                                 -5.41   data arrival time
-----------------------------------------------------------------------------
                                 19.89   slack (MET)


Startpoint: rst_n (input port clocked by clk)
Endpoint: _445_ (recovery check against rising-edge clock clk)
Path Group: asynchronous
Path Type: max

Fanout     Cap    Slew   Delay    Time   Description
-----------------------------------------------------------------------------
                          0.00    0.00   clock clk (rise edge)
                          0.00    0.00   clock network delay (propagated)
                          5.00    5.00 ^ input external delay
                  0.05    0.04    5.04 ^ rst_n (in)
     1    0.01                           rst_n (net)
                  0.05    0.00    5.04 ^ input17/A (sky130_fd_sc_hd__buf_12)
                  0.36    0.32    5.36 ^ input17/X (sky130_fd_sc_hd__buf_12)
    65    0.32                           net17 (net)
                  0.37    0.04    5.40 ^ _445_/RESET_B (sky130_fd_sc_hd__dfrtp_1)
                                  5.40   data arrival time

                         25.00   25.00   clock clk (rise edge)
                          0.00   25.00   clock source latency
                  0.10    0.06   25.06 ^ clk (in)
     1    0.02                           clk (net)
                  0.10    0.00   25.06 ^ clkbuf_0_clk/A (sky130_fd_sc_hd__clkbuf_16)
                  0.10    0.18   25.24 ^ clkbuf_0_clk/X (sky130_fd_sc_hd__clkbuf_16)
     8    0.08                           clknet_0_clk (net)
                  0.10    0.00   25.25 ^ clkbuf_3_3__f_clk/A (sky130_fd_sc_hd__clkbuf_16)
                  0.05    0.15   25.39 ^ clkbuf_3_3__f_clk/X (sky130_fd_sc_hd__clkbuf_16)
    10    0.03                           clknet_3_3__leaf_clk (net)
                  0.05    0.00   25.39 ^ _445_/CLK (sky130_fd_sc_hd__dfrtp_1)
                         -0.25   25.14   clock uncertainty
                          0.00   25.14   clock reconvergence pessimism
                          0.15   25.29   library recovery time
                                 25.29   data required time
-----------------------------------------------------------------------------
                                 25.29   data required time
                                 -5.40   data arrival time
-----------------------------------------------------------------------------
                                 19.89   slack (MET)


Startpoint: rst_n (input port clocked by clk)
Endpoint: _486_ (recovery check against rising-edge clock clk)
Path Group: asynchronous
Path Type: max

Fanout     Cap    Slew   Delay    Time   Description
-----------------------------------------------------------------------------
                          0.00    0.00   clock clk (rise edge)
                          0.00    0.00   clock network delay (propagated)
                          5.00    5.00 ^ input external delay
                  0.05    0.04    5.04 ^ rst_n (in)
     1    0.01                           rst_n (net)
                  0.05    0.00    5.04 ^ input17/A (sky130_fd_sc_hd__buf_12)
                  0.36    0.32    5.36 ^ input17/X (sky130_fd_sc_hd__buf_12)
    65    0.32                           net17 (net)
                  0.36    0.02    5.38 ^ _486_/RESET_B (sky130_fd_sc_hd__dfrtp_4)
                                  5.38   data arrival time

                         25.00   25.00   clock clk (rise edge)
                          0.00   25.00   clock source latency
                  0.10    0.06   25.06 ^ clk (in)
     1    0.02                           clk (net)
                  0.10    0.00   25.06 ^ clkbuf_0_clk/A (sky130_fd_sc_hd__clkbuf_16)
                  0.10    0.18   25.24 ^ clkbuf_0_clk/X (sky130_fd_sc_hd__clkbuf_16)
     8    0.08                           clknet_0_clk (net)
                  0.10    0.00   25.25 ^ clkbuf_3_0__f_clk/A (sky130_fd_sc_hd__clkbuf_16)
                  0.06    0.15   25.40 ^ clkbuf_3_0__f_clk/X (sky130_fd_sc_hd__clkbuf_16)
    12    0.04                           clknet_3_0__leaf_clk (net)
                  0.06    0.00   25.40 ^ _486_/CLK (sky130_fd_sc_hd__dfrtp_4)
                         -0.25   25.15   clock uncertainty
                          0.00   25.15   clock reconvergence pessimism
                          0.12   25.27   library recovery time
                                 25.27   data required time
-----------------------------------------------------------------------------
                                 25.27   data required time
                                 -5.38   data arrival time
-----------------------------------------------------------------------------
                                 19.89   slack (MET)


Startpoint: rst_n (input port clocked by clk)
Endpoint: _446_ (recovery check against rising-edge clock clk)
Path Group: asynchronous
Path Type: max

Fanout     Cap    Slew   Delay    Time   Description
-----------------------------------------------------------------------------
                          0.00    0.00   clock clk (rise edge)
                          0.00    0.00   clock network delay (propagated)
                          5.00    5.00 ^ input external delay
                  0.05    0.04    5.04 ^ rst_n (in)
     1    0.01                           rst_n (net)
                  0.05    0.00    5.04 ^ input17/A (sky130_fd_sc_hd__buf_12)
                  0.36    0.32    5.36 ^ input17/X (sky130_fd_sc_hd__buf_12)
    65    0.32                           net17 (net)
                  0.37    0.04    5.40 ^ _446_/RESET_B (sky130_fd_sc_hd__dfrtp_1)
                                  5.40   data arrival time

                         25.00   25.00   clock clk (rise edge)
                          0.00   25.00   clock source latency
                  0.10    0.06   25.06 ^ clk (in)
     1    0.02                           clk (net)
                  0.10    0.00   25.06 ^ clkbuf_0_clk/A (sky130_fd_sc_hd__clkbuf_16)
                  0.10    0.18   25.24 ^ clkbuf_0_clk/X (sky130_fd_sc_hd__clkbuf_16)
     8    0.08                           clknet_0_clk (net)
                  0.10    0.00   25.25 ^ clkbuf_3_3__f_clk/A (sky130_fd_sc_hd__clkbuf_16)
                  0.05    0.15   25.39 ^ clkbuf_3_3__f_clk/X (sky130_fd_sc_hd__clkbuf_16)
    10    0.03                           clknet_3_3__leaf_clk (net)
                  0.05    0.00   25.39 ^ _446_/CLK (sky130_fd_sc_hd__dfrtp_1)
                         -0.25   25.14   clock uncertainty
                          0.00   25.14   clock reconvergence pessimism
                          0.15   25.29   library recovery time
                                 25.29   data required time
-----------------------------------------------------------------------------
                                 25.29   data required time
                                 -5.40   data arrival time
-----------------------------------------------------------------------------
                                 19.89   slack (MET)


Startpoint: rst_n (input port clocked by clk)
Endpoint: _447_ (recovery check against rising-edge clock clk)
Path Group: asynchronous
Path Type: max

Fanout     Cap    Slew   Delay    Time   Description
-----------------------------------------------------------------------------
                          0.00    0.00   clock clk (rise edge)
                          0.00    0.00   clock network delay (propagated)
                          5.00    5.00 ^ input external delay
                  0.05    0.04    5.04 ^ rst_n (in)
     1    0.01                           rst_n (net)
                  0.05    0.00    5.04 ^ input17/A (sky130_fd_sc_hd__buf_12)
                  0.36    0.32    5.36 ^ input17/X (sky130_fd_sc_hd__buf_12)
    65    0.32                           net17 (net)
                  0.37    0.04    5.40 ^ _447_/RESET_B (sky130_fd_sc_hd__dfrtp_1)
                                  5.40   data arrival time

                         25.00   25.00   clock clk (rise edge)
                          0.00   25.00   clock source latency
                  0.10    0.06   25.06 ^ clk (in)
     1    0.02                           clk (net)
                  0.10    0.00   25.06 ^ clkbuf_0_clk/A (sky130_fd_sc_hd__clkbuf_16)
                  0.10    0.18   25.24 ^ clkbuf_0_clk/X (sky130_fd_sc_hd__clkbuf_16)
     8    0.08                           clknet_0_clk (net)
                  0.10    0.00   25.25 ^ clkbuf_3_2__f_clk/A (sky130_fd_sc_hd__clkbuf_16)
                  0.05    0.15   25.39 ^ clkbuf_3_2__f_clk/X (sky130_fd_sc_hd__clkbuf_16)
    10    0.03                           clknet_3_2__leaf_clk (net)
                  0.05    0.00   25.39 ^ _447_/CLK (sky130_fd_sc_hd__dfrtp_1)
                         -0.25   25.14   clock uncertainty
                          0.00   25.14   clock reconvergence pessimism
                          0.15   25.29   library recovery time
                                 25.29   data required time
-----------------------------------------------------------------------------
                                 25.29   data required time
                                 -5.40   data arrival time
-----------------------------------------------------------------------------
                                 19.89   slack (MET)


Startpoint: rst_n (input port clocked by clk)
Endpoint: _450_ (recovery check against rising-edge clock clk)
Path Group: asynchronous
Path Type: max

Fanout     Cap    Slew   Delay    Time   Description
-----------------------------------------------------------------------------
                          0.00    0.00   clock clk (rise edge)
                          0.00    0.00   clock network delay (propagated)
                          5.00    5.00 ^ input external delay
                  0.05    0.04    5.04 ^ rst_n (in)
     1    0.01                           rst_n (net)
                  0.05    0.00    5.04 ^ input17/A (sky130_fd_sc_hd__buf_12)
                  0.36    0.32    5.36 ^ input17/X (sky130_fd_sc_hd__buf_12)
    65    0.32                           net17 (net)
                  0.37    0.04    5.40 ^ _450_/RESET_B (sky130_fd_sc_hd__dfrtp_1)
                                  5.40   data arrival time

                         25.00   25.00   clock clk (rise edge)
                          0.00   25.00   clock source latency
                  0.10    0.06   25.06 ^ clk (in)
     1    0.02                           clk (net)
                  0.10    0.00   25.06 ^ clkbuf_0_clk/A (sky130_fd_sc_hd__clkbuf_16)
                  0.10    0.18   25.24 ^ clkbuf_0_clk/X (sky130_fd_sc_hd__clkbuf_16)
     8    0.08                           clknet_0_clk (net)
                  0.10    0.00   25.25 ^ clkbuf_3_3__f_clk/A (sky130_fd_sc_hd__clkbuf_16)
                  0.05    0.15   25.39 ^ clkbuf_3_3__f_clk/X (sky130_fd_sc_hd__clkbuf_16)
    10    0.03                           clknet_3_3__leaf_clk (net)
                  0.05    0.00   25.39 ^ _450_/CLK (sky130_fd_sc_hd__dfrtp_1)
                         -0.25   25.14   clock uncertainty
                          0.00   25.14   clock reconvergence pessimism
                          0.15   25.29   library recovery time
                                 25.29   data required time
-----------------------------------------------------------------------------
                                 25.29   data required time
                                 -5.40   data arrival time
-----------------------------------------------------------------------------
                                 19.89   slack (MET)


Startpoint: rst_n (input port clocked by clk)
Endpoint: _425_ (recovery check against rising-edge clock clk)
Path Group: asynchronous
Path Type: max

Fanout     Cap    Slew   Delay    Time   Description
-----------------------------------------------------------------------------
                          0.00    0.00   clock clk (rise edge)
                          0.00    0.00   clock network delay (propagated)
                          5.00    5.00 ^ input external delay
                  0.05    0.04    5.04 ^ rst_n (in)
     1    0.01                           rst_n (net)
                  0.05    0.00    5.04 ^ input17/A (sky130_fd_sc_hd__buf_12)
                  0.36    0.32    5.36 ^ input17/X (sky130_fd_sc_hd__buf_12)
    65    0.32                           net17 (net)
                  0.37    0.04    5.40 ^ _425_/RESET_B (sky130_fd_sc_hd__dfrtp_1)
                                  5.40   data arrival time

                         25.00   25.00   clock clk (rise edge)
                          0.00   25.00   clock source latency
                  0.10    0.06   25.06 ^ clk (in)
     1    0.02                           clk (net)
                  0.10    0.00   25.06 ^ clkbuf_0_clk/A (sky130_fd_sc_hd__clkbuf_16)
                  0.10    0.18   25.24 ^ clkbuf_0_clk/X (sky130_fd_sc_hd__clkbuf_16)
     8    0.08                           clknet_0_clk (net)
                  0.10    0.00   25.25 ^ clkbuf_3_3__f_clk/A (sky130_fd_sc_hd__clkbuf_16)
                  0.05    0.15   25.39 ^ clkbuf_3_3__f_clk/X (sky130_fd_sc_hd__clkbuf_16)
    10    0.03                           clknet_3_3__leaf_clk (net)
                  0.05    0.00   25.39 ^ _425_/CLK (sky130_fd_sc_hd__dfrtp_1)
                         -0.25   25.14   clock uncertainty
                          0.00   25.14   clock reconvergence pessimism
                          0.15   25.29   library recovery time
                                 25.29   data required time
-----------------------------------------------------------------------------
                                 25.29   data required time
                                 -5.40   data arrival time
-----------------------------------------------------------------------------
                                 19.89   slack (MET)


Startpoint: rst_n (input port clocked by clk)
Endpoint: _452_ (recovery check against rising-edge clock clk)
Path Group: asynchronous
Path Type: max

Fanout     Cap    Slew   Delay    Time   Description
-----------------------------------------------------------------------------
                          0.00    0.00   clock clk (rise edge)
                          0.00    0.00   clock network delay (propagated)
                          5.00    5.00 ^ input external delay
                  0.05    0.04    5.04 ^ rst_n (in)
     1    0.01                           rst_n (net)
                  0.05    0.00    5.04 ^ input17/A (sky130_fd_sc_hd__buf_12)
                  0.36    0.32    5.36 ^ input17/X (sky130_fd_sc_hd__buf_12)
    65    0.32                           net17 (net)
                  0.37    0.04    5.40 ^ _452_/RESET_B (sky130_fd_sc_hd__dfrtp_1)
                                  5.40   data arrival time

                         25.00   25.00   clock clk (rise edge)
                          0.00   25.00   clock source latency
                  0.10    0.06   25.06 ^ clk (in)
     1    0.02                           clk (net)
                  0.10    0.00   25.06 ^ clkbuf_0_clk/A (sky130_fd_sc_hd__clkbuf_16)
                  0.10    0.18   25.24 ^ clkbuf_0_clk/X (sky130_fd_sc_hd__clkbuf_16)
     8    0.08                           clknet_0_clk (net)
                  0.10    0.00   25.25 ^ clkbuf_3_3__f_clk/A (sky130_fd_sc_hd__clkbuf_16)
                  0.05    0.15   25.39 ^ clkbuf_3_3__f_clk/X (sky130_fd_sc_hd__clkbuf_16)
    10    0.03                           clknet_3_3__leaf_clk (net)
                  0.05    0.00   25.39 ^ _452_/CLK (sky130_fd_sc_hd__dfrtp_1)
                         -0.25   25.14   clock uncertainty
                          0.00   25.14   clock reconvergence pessimism
                          0.15   25.29   library recovery time
                                 25.29   data required time
-----------------------------------------------------------------------------
                                 25.29   data required time
                                 -5.40   data arrival time
-----------------------------------------------------------------------------
                                 19.89   slack (MET)


Startpoint: rst_n (input port clocked by clk)
Endpoint: _423_ (recovery check against rising-edge clock clk)
Path Group: asynchronous
Path Type: max

Fanout     Cap    Slew   Delay    Time   Description
-----------------------------------------------------------------------------
                          0.00    0.00   clock clk (rise edge)
                          0.00    0.00   clock network delay (propagated)
                          5.00    5.00 ^ input external delay
                  0.05    0.04    5.04 ^ rst_n (in)
     1    0.01                           rst_n (net)
                  0.05    0.00    5.04 ^ input17/A (sky130_fd_sc_hd__buf_12)
                  0.36    0.32    5.36 ^ input17/X (sky130_fd_sc_hd__buf_12)
    65    0.32                           net17 (net)
                  0.37    0.04    5.40 ^ _423_/RESET_B (sky130_fd_sc_hd__dfrtp_1)
                                  5.40   data arrival time

                         25.00   25.00   clock clk (rise edge)
                          0.00   25.00   clock source latency
                  0.10    0.06   25.06 ^ clk (in)
     1    0.02                           clk (net)
                  0.10    0.00   25.06 ^ clkbuf_0_clk/A (sky130_fd_sc_hd__clkbuf_16)
                  0.10    0.18   25.24 ^ clkbuf_0_clk/X (sky130_fd_sc_hd__clkbuf_16)
     8    0.08                           clknet_0_clk (net)
                  0.10    0.00   25.25 ^ clkbuf_3_3__f_clk/A (sky130_fd_sc_hd__clkbuf_16)
                  0.05    0.15   25.39 ^ clkbuf_3_3__f_clk/X (sky130_fd_sc_hd__clkbuf_16)
    10    0.03                           clknet_3_3__leaf_clk (net)
                  0.05    0.00   25.39 ^ _423_/CLK (sky130_fd_sc_hd__dfrtp_1)
                         -0.25   25.14   clock uncertainty
                          0.00   25.14   clock reconvergence pessimism
                          0.15   25.29   library recovery time
                                 25.29   data required time
-----------------------------------------------------------------------------
                                 25.29   data required time
                                 -5.40   data arrival time
-----------------------------------------------------------------------------
                                 19.89   slack (MET)


Startpoint: rst_n (input port clocked by clk)
Endpoint: _451_ (recovery check against rising-edge clock clk)
Path Group: asynchronous
Path Type: max

Fanout     Cap    Slew   Delay    Time   Description
-----------------------------------------------------------------------------
                          0.00    0.00   clock clk (rise edge)
                          0.00    0.00   clock network delay (propagated)
                          5.00    5.00 ^ input external delay
                  0.05    0.04    5.04 ^ rst_n (in)
     1    0.01                           rst_n (net)
                  0.05    0.00    5.04 ^ input17/A (sky130_fd_sc_hd__buf_12)
                  0.36    0.32    5.36 ^ input17/X (sky130_fd_sc_hd__buf_12)
    65    0.32                           net17 (net)
                  0.37    0.04    5.40 ^ _451_/RESET_B (sky130_fd_sc_hd__dfrtp_1)
                                  5.40   data arrival time

                         25.00   25.00   clock clk (rise edge)
                          0.00   25.00   clock source latency
                  0.10    0.06   25.06 ^ clk (in)
     1    0.02                           clk (net)
                  0.10    0.00   25.06 ^ clkbuf_0_clk/A (sky130_fd_sc_hd__clkbuf_16)
                  0.10    0.18   25.24 ^ clkbuf_0_clk/X (sky130_fd_sc_hd__clkbuf_16)
     8    0.08                           clknet_0_clk (net)
                  0.10    0.00   25.25 ^ clkbuf_3_2__f_clk/A (sky130_fd_sc_hd__clkbuf_16)
                  0.05    0.15   25.39 ^ clkbuf_3_2__f_clk/X (sky130_fd_sc_hd__clkbuf_16)
    10    0.03                           clknet_3_2__leaf_clk (net)
                  0.05    0.00   25.39 ^ _451_/CLK (sky130_fd_sc_hd__dfrtp_1)
                         -0.25   25.14   clock uncertainty
                          0.00   25.14   clock reconvergence pessimism
                          0.15   25.29   library recovery time
                                 25.29   data required time
-----------------------------------------------------------------------------
                                 25.29   data required time
                                 -5.40   data arrival time
-----------------------------------------------------------------------------
                                 19.90   slack (MET)


Startpoint: rst_n (input port clocked by clk)
Endpoint: _448_ (recovery check against rising-edge clock clk)
Path Group: asynchronous
Path Type: max

Fanout     Cap    Slew   Delay    Time   Description
-----------------------------------------------------------------------------
                          0.00    0.00   clock clk (rise edge)
                          0.00    0.00   clock network delay (propagated)
                          5.00    5.00 ^ input external delay
                  0.05    0.04    5.04 ^ rst_n (in)
     1    0.01                           rst_n (net)
                  0.05    0.00    5.04 ^ input17/A (sky130_fd_sc_hd__buf_12)
                  0.36    0.32    5.36 ^ input17/X (sky130_fd_sc_hd__buf_12)
    65    0.32                           net17 (net)
                  0.37    0.04    5.40 ^ _448_/RESET_B (sky130_fd_sc_hd__dfrtp_1)
                                  5.40   data arrival time

                         25.00   25.00   clock clk (rise edge)
                          0.00   25.00   clock source latency
                  0.10    0.06   25.06 ^ clk (in)
     1    0.02                           clk (net)
                  0.10    0.00   25.06 ^ clkbuf_0_clk/A (sky130_fd_sc_hd__clkbuf_16)
                  0.10    0.18   25.24 ^ clkbuf_0_clk/X (sky130_fd_sc_hd__clkbuf_16)
     8    0.08                           clknet_0_clk (net)
                  0.10    0.00   25.25 ^ clkbuf_3_2__f_clk/A (sky130_fd_sc_hd__clkbuf_16)
                  0.05    0.15   25.39 ^ clkbuf_3_2__f_clk/X (sky130_fd_sc_hd__clkbuf_16)
    10    0.03                           clknet_3_2__leaf_clk (net)
                  0.05    0.00   25.39 ^ _448_/CLK (sky130_fd_sc_hd__dfrtp_1)
                         -0.25   25.14   clock uncertainty
                          0.00   25.14   clock reconvergence pessimism
                          0.15   25.29   library recovery time
                                 25.29   data required time
-----------------------------------------------------------------------------
                                 25.29   data required time
                                 -5.40   data arrival time
-----------------------------------------------------------------------------
                                 19.90   slack (MET)


Startpoint: rst_n (input port clocked by clk)
Endpoint: _449_ (recovery check against rising-edge clock clk)
Path Group: asynchronous
Path Type: max

Fanout     Cap    Slew   Delay    Time   Description
-----------------------------------------------------------------------------
                          0.00    0.00   clock clk (rise edge)
                          0.00    0.00   clock network delay (propagated)
                          5.00    5.00 ^ input external delay
                  0.05    0.04    5.04 ^ rst_n (in)
     1    0.01                           rst_n (net)
                  0.05    0.00    5.04 ^ input17/A (sky130_fd_sc_hd__buf_12)
                  0.36    0.32    5.36 ^ input17/X (sky130_fd_sc_hd__buf_12)
    65    0.32                           net17 (net)
                  0.37    0.04    5.40 ^ _449_/RESET_B (sky130_fd_sc_hd__dfrtp_1)
                                  5.40   data arrival time

                         25.00   25.00   clock clk (rise edge)
                          0.00   25.00   clock source latency
                  0.10    0.06   25.06 ^ clk (in)
     1    0.02                           clk (net)
                  0.10    0.00   25.06 ^ clkbuf_0_clk/A (sky130_fd_sc_hd__clkbuf_16)
                  0.10    0.18   25.24 ^ clkbuf_0_clk/X (sky130_fd_sc_hd__clkbuf_16)
     8    0.08                           clknet_0_clk (net)
                  0.10    0.00   25.25 ^ clkbuf_3_2__f_clk/A (sky130_fd_sc_hd__clkbuf_16)
                  0.05    0.15   25.39 ^ clkbuf_3_2__f_clk/X (sky130_fd_sc_hd__clkbuf_16)
    10    0.03                           clknet_3_2__leaf_clk (net)
                  0.05    0.00   25.39 ^ _449_/CLK (sky130_fd_sc_hd__dfrtp_1)
                         -0.25   25.14   clock uncertainty
                          0.00   25.14   clock reconvergence pessimism
                          0.15   25.29   library recovery time
                                 25.29   data required time
-----------------------------------------------------------------------------
                                 25.29   data required time
                                 -5.40   data arrival time
-----------------------------------------------------------------------------
                                 19.90   slack (MET)


Startpoint: rst_n (input port clocked by clk)
Endpoint: _442_ (recovery check against rising-edge clock clk)
Path Group: asynchronous
Path Type: max

Fanout     Cap    Slew   Delay    Time   Description
-----------------------------------------------------------------------------
                          0.00    0.00   clock clk (rise edge)
                          0.00    0.00   clock network delay (propagated)
                          5.00    5.00 ^ input external delay
                  0.05    0.04    5.04 ^ rst_n (in)
     1    0.01                           rst_n (net)
                  0.05    0.00    5.04 ^ input17/A (sky130_fd_sc_hd__buf_12)
                  0.36    0.32    5.36 ^ input17/X (sky130_fd_sc_hd__buf_12)
    65    0.32                           net17 (net)
                  0.37    0.04    5.40 ^ _442_/RESET_B (sky130_fd_sc_hd__dfrtp_1)
                                  5.40   data arrival time

                         25.00   25.00   clock clk (rise edge)
                          0.00   25.00   clock source latency
                  0.10    0.06   25.06 ^ clk (in)
     1    0.02                           clk (net)
                  0.10    0.00   25.06 ^ clkbuf_0_clk/A (sky130_fd_sc_hd__clkbuf_16)
                  0.10    0.18   25.24 ^ clkbuf_0_clk/X (sky130_fd_sc_hd__clkbuf_16)
     8    0.08                           clknet_0_clk (net)
                  0.10    0.00   25.25 ^ clkbuf_3_2__f_clk/A (sky130_fd_sc_hd__clkbuf_16)
                  0.05    0.15   25.39 ^ clkbuf_3_2__f_clk/X (sky130_fd_sc_hd__clkbuf_16)
    10    0.03                           clknet_3_2__leaf_clk (net)
                  0.05    0.00   25.39 ^ _442_/CLK (sky130_fd_sc_hd__dfrtp_1)
                         -0.25   25.14   clock uncertainty
                          0.00   25.14   clock reconvergence pessimism
                          0.15   25.29   library recovery time
                                 25.29   data required time
-----------------------------------------------------------------------------
                                 25.29   data required time
                                 -5.40   data arrival time
-----------------------------------------------------------------------------
                                 19.90   slack (MET)


Startpoint: rst_n (input port clocked by clk)
Endpoint: _443_ (recovery check against rising-edge clock clk)
Path Group: asynchronous
Path Type: max

Fanout     Cap    Slew   Delay    Time   Description
-----------------------------------------------------------------------------
                          0.00    0.00   clock clk (rise edge)
                          0.00    0.00   clock network delay (propagated)
                          5.00    5.00 ^ input external delay
                  0.05    0.04    5.04 ^ rst_n (in)
     1    0.01                           rst_n (net)
                  0.05    0.00    5.04 ^ input17/A (sky130_fd_sc_hd__buf_12)
                  0.36    0.32    5.36 ^ input17/X (sky130_fd_sc_hd__buf_12)
    65    0.32                           net17 (net)
                  0.37    0.04    5.40 ^ _443_/RESET_B (sky130_fd_sc_hd__dfrtp_1)
                                  5.40   data arrival time

                         25.00   25.00   clock clk (rise edge)
                          0.00   25.00   clock source latency
                  0.10    0.06   25.06 ^ clk (in)
     1    0.02                           clk (net)
                  0.10    0.00   25.06 ^ clkbuf_0_clk/A (sky130_fd_sc_hd__clkbuf_16)
                  0.10    0.18   25.24 ^ clkbuf_0_clk/X (sky130_fd_sc_hd__clkbuf_16)
     8    0.08                           clknet_0_clk (net)
                  0.10    0.00   25.25 ^ clkbuf_3_2__f_clk/A (sky130_fd_sc_hd__clkbuf_16)
                  0.05    0.15   25.39 ^ clkbuf_3_2__f_clk/X (sky130_fd_sc_hd__clkbuf_16)
    10    0.03                           clknet_3_2__leaf_clk (net)
                  0.05    0.00   25.39 ^ _443_/CLK (sky130_fd_sc_hd__dfrtp_1)
                         -0.25   25.14   clock uncertainty
                          0.00   25.14   clock reconvergence pessimism
                          0.15   25.29   library recovery time
                                 25.29   data required time
-----------------------------------------------------------------------------
                                 25.29   data required time
                                 -5.40   data arrival time
-----------------------------------------------------------------------------
                                 19.90   slack (MET)


Startpoint: rst_n (input port clocked by clk)
Endpoint: _465_ (recovery check against rising-edge clock clk)
Path Group: asynchronous
Path Type: max

Fanout     Cap    Slew   Delay    Time   Description
-----------------------------------------------------------------------------
                          0.00    0.00   clock clk (rise edge)
                          0.00    0.00   clock network delay (propagated)
                          5.00    5.00 ^ input external delay
                  0.05    0.04    5.04 ^ rst_n (in)
     1    0.01                           rst_n (net)
                  0.05    0.00    5.04 ^ input17/A (sky130_fd_sc_hd__buf_12)
                  0.36    0.32    5.36 ^ input17/X (sky130_fd_sc_hd__buf_12)
    65    0.32                           net17 (net)
                  0.37    0.02    5.38 ^ _465_/RESET_B (sky130_fd_sc_hd__dfrtp_1)
                                  5.38   data arrival time

                         25.00   25.00   clock clk (rise edge)
                          0.00   25.00   clock source latency
                  0.10    0.06   25.06 ^ clk (in)
     1    0.02                           clk (net)
                  0.10    0.00   25.06 ^ clkbuf_0_clk/A (sky130_fd_sc_hd__clkbuf_16)
                  0.10    0.18   25.24 ^ clkbuf_0_clk/X (sky130_fd_sc_hd__clkbuf_16)
     8    0.08                           clknet_0_clk (net)
                  0.10    0.00   25.25 ^ clkbuf_3_4__f_clk/A (sky130_fd_sc_hd__clkbuf_16)
                  0.04    0.14   25.38 ^ clkbuf_3_4__f_clk/X (sky130_fd_sc_hd__clkbuf_16)
     6    0.02                           clknet_3_4__leaf_clk (net)
                  0.04    0.00   25.38 ^ _465_/CLK (sky130_fd_sc_hd__dfrtp_1)
                         -0.25   25.13   clock uncertainty
                          0.00   25.13   clock reconvergence pessimism
                          0.15   25.28   library recovery time
                                 25.28   data required time
-----------------------------------------------------------------------------
                                 25.28   data required time
                                 -5.38   data arrival time
-----------------------------------------------------------------------------
                                 19.90   slack (MET)


Startpoint: rst_n (input port clocked by clk)
Endpoint: _466_ (recovery check against rising-edge clock clk)
Path Group: asynchronous
Path Type: max

Fanout     Cap    Slew   Delay    Time   Description
-----------------------------------------------------------------------------
                          0.00    0.00   clock clk (rise edge)
                          0.00    0.00   clock network delay (propagated)
                          5.00    5.00 ^ input external delay
                  0.05    0.04    5.04 ^ rst_n (in)
     1    0.01                           rst_n (net)
                  0.05    0.00    5.04 ^ input17/A (sky130_fd_sc_hd__buf_12)
                  0.36    0.32    5.36 ^ input17/X (sky130_fd_sc_hd__buf_12)
    65    0.32                           net17 (net)
                  0.37    0.02    5.38 ^ _466_/RESET_B (sky130_fd_sc_hd__dfrtp_1)
                                  5.38   data arrival time

                         25.00   25.00   clock clk (rise edge)
                          0.00   25.00   clock source latency
                  0.10    0.06   25.06 ^ clk (in)
     1    0.02                           clk (net)
                  0.10    0.00   25.06 ^ clkbuf_0_clk/A (sky130_fd_sc_hd__clkbuf_16)
                  0.10    0.18   25.24 ^ clkbuf_0_clk/X (sky130_fd_sc_hd__clkbuf_16)
     8    0.08                           clknet_0_clk (net)
                  0.10    0.00   25.25 ^ clkbuf_3_4__f_clk/A (sky130_fd_sc_hd__clkbuf_16)
                  0.04    0.14   25.38 ^ clkbuf_3_4__f_clk/X (sky130_fd_sc_hd__clkbuf_16)
     6    0.02                           clknet_3_4__leaf_clk (net)
                  0.04    0.00   25.38 ^ _466_/CLK (sky130_fd_sc_hd__dfrtp_1)
                         -0.25   25.13   clock uncertainty
                          0.00   25.13   clock reconvergence pessimism
                          0.15   25.28   library recovery time
                                 25.28   data required time
-----------------------------------------------------------------------------
                                 25.28   data required time
                                 -5.38   data arrival time
-----------------------------------------------------------------------------
                                 19.90   slack (MET)


Startpoint: rst_n (input port clocked by clk)
Endpoint: _444_ (recovery check against rising-edge clock clk)
Path Group: asynchronous
Path Type: max

Fanout     Cap    Slew   Delay    Time   Description
-----------------------------------------------------------------------------
                          0.00    0.00   clock clk (rise edge)
                          0.00    0.00   clock network delay (propagated)
                          5.00    5.00 ^ input external delay
                  0.05    0.04    5.04 ^ rst_n (in)
     1    0.01                           rst_n (net)
                  0.05    0.00    5.04 ^ input17/A (sky130_fd_sc_hd__buf_12)
                  0.36    0.32    5.36 ^ input17/X (sky130_fd_sc_hd__buf_12)
    65    0.32                           net17 (net)
                  0.37    0.04    5.40 ^ _444_/RESET_B (sky130_fd_sc_hd__dfrtp_1)
                                  5.40   data arrival time

                         25.00   25.00   clock clk (rise edge)
                          0.00   25.00   clock source latency
                  0.10    0.06   25.06 ^ clk (in)
     1    0.02                           clk (net)
                  0.10    0.00   25.06 ^ clkbuf_0_clk/A (sky130_fd_sc_hd__clkbuf_16)
                  0.10    0.18   25.24 ^ clkbuf_0_clk/X (sky130_fd_sc_hd__clkbuf_16)
     8    0.08                           clknet_0_clk (net)
                  0.10    0.00   25.25 ^ clkbuf_3_0__f_clk/A (sky130_fd_sc_hd__clkbuf_16)
                  0.06    0.15   25.40 ^ clkbuf_3_0__f_clk/X (sky130_fd_sc_hd__clkbuf_16)
    12    0.04                           clknet_3_0__leaf_clk (net)
                  0.06    0.00   25.40 ^ _444_/CLK (sky130_fd_sc_hd__dfrtp_1)
                         -0.25   25.15   clock uncertainty
                          0.00   25.15   clock reconvergence pessimism
                          0.15   25.30   library recovery time
                                 25.30   data required time
-----------------------------------------------------------------------------
                                 25.30   data required time
                                 -5.40   data arrival time
-----------------------------------------------------------------------------
                                 19.90   slack (MET)


Startpoint: rst_n (input port clocked by clk)
Endpoint: _462_ (recovery check against rising-edge clock clk)
Path Group: asynchronous
Path Type: max

Fanout     Cap    Slew   Delay    Time   Description
-----------------------------------------------------------------------------
                          0.00    0.00   clock clk (rise edge)
                          0.00    0.00   clock network delay (propagated)
                          5.00    5.00 ^ input external delay
                  0.05    0.04    5.04 ^ rst_n (in)
     1    0.01                           rst_n (net)
                  0.05    0.00    5.04 ^ input17/A (sky130_fd_sc_hd__buf_12)
                  0.36    0.32    5.36 ^ input17/X (sky130_fd_sc_hd__buf_12)
    65    0.32                           net17 (net)
                  0.36    0.02    5.38 ^ _462_/RESET_B (sky130_fd_sc_hd__dfrtp_1)
                                  5.38   data arrival time

                         25.00   25.00   clock clk (rise edge)
                          0.00   25.00   clock source latency
                  0.10    0.06   25.06 ^ clk (in)
     1    0.02                           clk (net)
                  0.10    0.00   25.06 ^ clkbuf_0_clk/A (sky130_fd_sc_hd__clkbuf_16)
                  0.10    0.18   25.24 ^ clkbuf_0_clk/X (sky130_fd_sc_hd__clkbuf_16)
     8    0.08                           clknet_0_clk (net)
                  0.10    0.00   25.25 ^ clkbuf_3_4__f_clk/A (sky130_fd_sc_hd__clkbuf_16)
                  0.04    0.14   25.38 ^ clkbuf_3_4__f_clk/X (sky130_fd_sc_hd__clkbuf_16)
     6    0.02                           clknet_3_4__leaf_clk (net)
                  0.04    0.00   25.38 ^ _462_/CLK (sky130_fd_sc_hd__dfrtp_1)
                         -0.25   25.13   clock uncertainty
                          0.00   25.13   clock reconvergence pessimism
                          0.15   25.28   library recovery time
                                 25.28   data required time
-----------------------------------------------------------------------------
                                 25.28   data required time
                                 -5.38   data arrival time
-----------------------------------------------------------------------------
                                 19.90   slack (MET)


Startpoint: rst_n (input port clocked by clk)
Endpoint: _467_ (recovery check against rising-edge clock clk)
Path Group: asynchronous
Path Type: max

Fanout     Cap    Slew   Delay    Time   Description
-----------------------------------------------------------------------------
                          0.00    0.00   clock clk (rise edge)
                          0.00    0.00   clock network delay (propagated)
                          5.00    5.00 ^ input external delay
                  0.05    0.04    5.04 ^ rst_n (in)
     1    0.01                           rst_n (net)
                  0.05    0.00    5.04 ^ input17/A (sky130_fd_sc_hd__buf_12)
                  0.36    0.32    5.36 ^ input17/X (sky130_fd_sc_hd__buf_12)
    65    0.32                           net17 (net)
                  0.36    0.02    5.38 ^ _467_/RESET_B (sky130_fd_sc_hd__dfrtp_1)
                                  5.38   data arrival time

                         25.00   25.00   clock clk (rise edge)
                          0.00   25.00   clock source latency
                  0.10    0.06   25.06 ^ clk (in)
     1    0.02                           clk (net)
                  0.10    0.00   25.06 ^ clkbuf_0_clk/A (sky130_fd_sc_hd__clkbuf_16)
                  0.10    0.18   25.24 ^ clkbuf_0_clk/X (sky130_fd_sc_hd__clkbuf_16)
     8    0.08                           clknet_0_clk (net)
                  0.10    0.00   25.25 ^ clkbuf_3_4__f_clk/A (sky130_fd_sc_hd__clkbuf_16)
                  0.04    0.14   25.38 ^ clkbuf_3_4__f_clk/X (sky130_fd_sc_hd__clkbuf_16)
     6    0.02                           clknet_3_4__leaf_clk (net)
                  0.04    0.00   25.38 ^ _467_/CLK (sky130_fd_sc_hd__dfrtp_1)
                         -0.25   25.13   clock uncertainty
                          0.00   25.13   clock reconvergence pessimism
                          0.15   25.28   library recovery time
                                 25.28   data required time
-----------------------------------------------------------------------------
                                 25.28   data required time
                                 -5.38   data arrival time
-----------------------------------------------------------------------------
                                 19.90   slack (MET)


Startpoint: rst_n (input port clocked by clk)
Endpoint: _464_ (recovery check against rising-edge clock clk)
Path Group: asynchronous
Path Type: max

Fanout     Cap    Slew   Delay    Time   Description
-----------------------------------------------------------------------------
                          0.00    0.00   clock clk (rise edge)
                          0.00    0.00   clock network delay (propagated)
                          5.00    5.00 ^ input external delay
                  0.05    0.04    5.04 ^ rst_n (in)
     1    0.01                           rst_n (net)
                  0.05    0.00    5.04 ^ input17/A (sky130_fd_sc_hd__buf_12)
                  0.36    0.32    5.36 ^ input17/X (sky130_fd_sc_hd__buf_12)
    65    0.32                           net17 (net)
                  0.36    0.02    5.38 ^ _464_/RESET_B (sky130_fd_sc_hd__dfrtp_1)
                                  5.38   data arrival time

                         25.00   25.00   clock clk (rise edge)
                          0.00   25.00   clock source latency
                  0.10    0.06   25.06 ^ clk (in)
     1    0.02                           clk (net)
                  0.10    0.00   25.06 ^ clkbuf_0_clk/A (sky130_fd_sc_hd__clkbuf_16)
                  0.10    0.18   25.24 ^ clkbuf_0_clk/X (sky130_fd_sc_hd__clkbuf_16)
     8    0.08                           clknet_0_clk (net)
                  0.10    0.00   25.25 ^ clkbuf_3_4__f_clk/A (sky130_fd_sc_hd__clkbuf_16)
                  0.04    0.14   25.38 ^ clkbuf_3_4__f_clk/X (sky130_fd_sc_hd__clkbuf_16)
     6    0.02                           clknet_3_4__leaf_clk (net)
                  0.04    0.00   25.38 ^ _464_/CLK (sky130_fd_sc_hd__dfrtp_1)
                         -0.25   25.13   clock uncertainty
                          0.00   25.13   clock reconvergence pessimism
                          0.15   25.28   library recovery time
                                 25.28   data required time
-----------------------------------------------------------------------------
                                 25.28   data required time
                                 -5.38   data arrival time
-----------------------------------------------------------------------------
                                 19.90   slack (MET)


Startpoint: rst_n (input port clocked by clk)
Endpoint: _437_ (recovery check against rising-edge clock clk)
Path Group: asynchronous
Path Type: max

Fanout     Cap    Slew   Delay    Time   Description
-----------------------------------------------------------------------------
                          0.00    0.00   clock clk (rise edge)
                          0.00    0.00   clock network delay (propagated)
                          5.00    5.00 ^ input external delay
                  0.05    0.04    5.04 ^ rst_n (in)
     1    0.01                           rst_n (net)
                  0.05    0.00    5.04 ^ input17/A (sky130_fd_sc_hd__buf_12)
                  0.36    0.32    5.36 ^ input17/X (sky130_fd_sc_hd__buf_12)
    65    0.32                           net17 (net)
                  0.37    0.03    5.39 ^ _437_/RESET_B (sky130_fd_sc_hd__dfrtp_1)
                                  5.39   data arrival time

                         25.00   25.00   clock clk (rise edge)
                          0.00   25.00   clock source latency
                  0.10    0.06   25.06 ^ clk (in)
     1    0.02                           clk (net)
                  0.10    0.00   25.06 ^ clkbuf_0_clk/A (sky130_fd_sc_hd__clkbuf_16)
                  0.10    0.18   25.24 ^ clkbuf_0_clk/X (sky130_fd_sc_hd__clkbuf_16)
     8    0.08                           clknet_0_clk (net)
                  0.10    0.00   25.25 ^ clkbuf_3_2__f_clk/A (sky130_fd_sc_hd__clkbuf_16)
                  0.05    0.15   25.39 ^ clkbuf_3_2__f_clk/X (sky130_fd_sc_hd__clkbuf_16)
    10    0.03                           clknet_3_2__leaf_clk (net)
                  0.05    0.00   25.39 ^ _437_/CLK (sky130_fd_sc_hd__dfrtp_1)
                         -0.25   25.14   clock uncertainty
                          0.00   25.14   clock reconvergence pessimism
                          0.15   25.29   library recovery time
                                 25.29   data required time
-----------------------------------------------------------------------------
                                 25.29   data required time
                                 -5.39   data arrival time
-----------------------------------------------------------------------------
                                 19.90   slack (MET)


Startpoint: rst_n (input port clocked by clk)
Endpoint: _433_ (recovery check against rising-edge clock clk)
Path Group: asynchronous
Path Type: max

Fanout     Cap    Slew   Delay    Time   Description
-----------------------------------------------------------------------------
                          0.00    0.00   clock clk (rise edge)
                          0.00    0.00   clock network delay (propagated)
                          5.00    5.00 ^ input external delay
                  0.05    0.04    5.04 ^ rst_n (in)
     1    0.01                           rst_n (net)
                  0.05    0.00    5.04 ^ input17/A (sky130_fd_sc_hd__buf_12)
                  0.36    0.32    5.36 ^ input17/X (sky130_fd_sc_hd__buf_12)
    65    0.32                           net17 (net)
                  0.37    0.02    5.38 ^ _433_/RESET_B (sky130_fd_sc_hd__dfrtp_1)
                                  5.38   data arrival time

                         25.00   25.00   clock clk (rise edge)
                          0.00   25.00   clock source latency
                  0.10    0.06   25.06 ^ clk (in)
     1    0.02                           clk (net)
                  0.10    0.00   25.06 ^ clkbuf_0_clk/A (sky130_fd_sc_hd__clkbuf_16)
                  0.10    0.18   25.24 ^ clkbuf_0_clk/X (sky130_fd_sc_hd__clkbuf_16)
     8    0.08                           clknet_0_clk (net)
                  0.10    0.00   25.25 ^ clkbuf_3_1__f_clk/A (sky130_fd_sc_hd__clkbuf_16)
                  0.04    0.14   25.39 ^ clkbuf_3_1__f_clk/X (sky130_fd_sc_hd__clkbuf_16)
     7    0.02                           clknet_3_1__leaf_clk (net)
                  0.04    0.00   25.39 ^ _433_/CLK (sky130_fd_sc_hd__dfrtp_1)
                         -0.25   25.14   clock uncertainty
                          0.00   25.14   clock reconvergence pessimism
                          0.15   25.28   library recovery time
                                 25.28   data required time
-----------------------------------------------------------------------------
                                 25.28   data required time
                                 -5.38   data arrival time
-----------------------------------------------------------------------------
                                 19.90   slack (MET)


Startpoint: rst_n (input port clocked by clk)
Endpoint: _440_ (recovery check against rising-edge clock clk)
Path Group: asynchronous
Path Type: max

Fanout     Cap    Slew   Delay    Time   Description
-----------------------------------------------------------------------------
                          0.00    0.00   clock clk (rise edge)
                          0.00    0.00   clock network delay (propagated)
                          5.00    5.00 ^ input external delay
                  0.05    0.04    5.04 ^ rst_n (in)
     1    0.01                           rst_n (net)
                  0.05    0.00    5.04 ^ input17/A (sky130_fd_sc_hd__buf_12)
                  0.36    0.32    5.36 ^ input17/X (sky130_fd_sc_hd__buf_12)
    65    0.32                           net17 (net)
                  0.36    0.02    5.38 ^ _440_/RESET_B (sky130_fd_sc_hd__dfrtp_1)
                                  5.38   data arrival time

                         25.00   25.00   clock clk (rise edge)
                          0.00   25.00   clock source latency
                  0.10    0.06   25.06 ^ clk (in)
     1    0.02                           clk (net)
                  0.10    0.00   25.06 ^ clkbuf_0_clk/A (sky130_fd_sc_hd__clkbuf_16)
                  0.10    0.18   25.24 ^ clkbuf_0_clk/X (sky130_fd_sc_hd__clkbuf_16)
     8    0.08                           clknet_0_clk (net)
                  0.10    0.00   25.25 ^ clkbuf_3_1__f_clk/A (sky130_fd_sc_hd__clkbuf_16)
                  0.04    0.14   25.39 ^ clkbuf_3_1__f_clk/X (sky130_fd_sc_hd__clkbuf_16)
     7    0.02                           clknet_3_1__leaf_clk (net)
                  0.04    0.00   25.39 ^ _440_/CLK (sky130_fd_sc_hd__dfrtp_1)
                         -0.25   25.14   clock uncertainty
                          0.00   25.14   clock reconvergence pessimism
                          0.15   25.28   library recovery time
                                 25.28   data required time
-----------------------------------------------------------------------------
                                 25.28   data required time
                                 -5.38   data arrival time
-----------------------------------------------------------------------------
                                 19.90   slack (MET)


Startpoint: rst_n (input port clocked by clk)
Endpoint: _432_ (recovery check against rising-edge clock clk)
Path Group: asynchronous
Path Type: max

Fanout     Cap    Slew   Delay    Time   Description
-----------------------------------------------------------------------------
                          0.00    0.00   clock clk (rise edge)
                          0.00    0.00   clock network delay (propagated)
                          5.00    5.00 ^ input external delay
                  0.05    0.04    5.04 ^ rst_n (in)
     1    0.01                           rst_n (net)
                  0.05    0.00    5.04 ^ input17/A (sky130_fd_sc_hd__buf_12)
                  0.36    0.32    5.36 ^ input17/X (sky130_fd_sc_hd__buf_12)
    65    0.32                           net17 (net)
                  0.36    0.02    5.38 ^ _432_/RESET_B (sky130_fd_sc_hd__dfrtp_1)
                                  5.38   data arrival time

                         25.00   25.00   clock clk (rise edge)
                          0.00   25.00   clock source latency
                  0.10    0.06   25.06 ^ clk (in)
     1    0.02                           clk (net)
                  0.10    0.00   25.06 ^ clkbuf_0_clk/A (sky130_fd_sc_hd__clkbuf_16)
                  0.10    0.18   25.24 ^ clkbuf_0_clk/X (sky130_fd_sc_hd__clkbuf_16)
     8    0.08                           clknet_0_clk (net)
                  0.10    0.00   25.25 ^ clkbuf_3_1__f_clk/A (sky130_fd_sc_hd__clkbuf_16)
                  0.04    0.14   25.39 ^ clkbuf_3_1__f_clk/X (sky130_fd_sc_hd__clkbuf_16)
     7    0.02                           clknet_3_1__leaf_clk (net)
                  0.04    0.00   25.39 ^ _432_/CLK (sky130_fd_sc_hd__dfrtp_1)
                         -0.25   25.14   clock uncertainty
                          0.00   25.14   clock reconvergence pessimism
                          0.15   25.28   library recovery time
                                 25.28   data required time
-----------------------------------------------------------------------------
                                 25.28   data required time
                                 -5.38   data arrival time
-----------------------------------------------------------------------------
                                 19.90   slack (MET)


Startpoint: rst_n (input port clocked by clk)
Endpoint: _463_ (recovery check against rising-edge clock clk)
Path Group: asynchronous
Path Type: max

Fanout     Cap    Slew   Delay    Time   Description
-----------------------------------------------------------------------------
                          0.00    0.00   clock clk (rise edge)
                          0.00    0.00   clock network delay (propagated)
                          5.00    5.00 ^ input external delay
                  0.05    0.04    5.04 ^ rst_n (in)
     1    0.01                           rst_n (net)
                  0.05    0.00    5.04 ^ input17/A (sky130_fd_sc_hd__buf_12)
                  0.36    0.32    5.36 ^ input17/X (sky130_fd_sc_hd__buf_12)
    65    0.32                           net17 (net)
                  0.36    0.02    5.38 ^ _463_/RESET_B (sky130_fd_sc_hd__dfrtp_1)
                                  5.38   data arrival time

                         25.00   25.00   clock clk (rise edge)
                          0.00   25.00   clock source latency
                  0.10    0.06   25.06 ^ clk (in)
     1    0.02                           clk (net)
                  0.10    0.00   25.06 ^ clkbuf_0_clk/A (sky130_fd_sc_hd__clkbuf_16)
                  0.10    0.18   25.24 ^ clkbuf_0_clk/X (sky130_fd_sc_hd__clkbuf_16)
     8    0.08                           clknet_0_clk (net)
                  0.10    0.00   25.25 ^ clkbuf_3_1__f_clk/A (sky130_fd_sc_hd__clkbuf_16)
                  0.04    0.14   25.39 ^ clkbuf_3_1__f_clk/X (sky130_fd_sc_hd__clkbuf_16)
     7    0.02                           clknet_3_1__leaf_clk (net)
                  0.04    0.00   25.39 ^ _463_/CLK (sky130_fd_sc_hd__dfrtp_1)
                         -0.25   25.14   clock uncertainty
                          0.00   25.14   clock reconvergence pessimism
                          0.15   25.28   library recovery time
                                 25.28   data required time
-----------------------------------------------------------------------------
                                 25.28   data required time
                                 -5.38   data arrival time
-----------------------------------------------------------------------------
                                 19.90   slack (MET)


Startpoint: rst_n (input port clocked by clk)
Endpoint: _434_ (recovery check against rising-edge clock clk)
Path Group: asynchronous
Path Type: max

Fanout     Cap    Slew   Delay    Time   Description
-----------------------------------------------------------------------------
                          0.00    0.00   clock clk (rise edge)
                          0.00    0.00   clock network delay (propagated)
                          5.00    5.00 ^ input external delay
                  0.05    0.04    5.04 ^ rst_n (in)
     1    0.01                           rst_n (net)
                  0.05    0.00    5.04 ^ input17/A (sky130_fd_sc_hd__buf_12)
                  0.36    0.32    5.36 ^ input17/X (sky130_fd_sc_hd__buf_12)
    65    0.32                           net17 (net)
                  0.36    0.02    5.38 ^ _434_/RESET_B (sky130_fd_sc_hd__dfrtp_1)
                                  5.38   data arrival time

                         25.00   25.00   clock clk (rise edge)
                          0.00   25.00   clock source latency
                  0.10    0.06   25.06 ^ clk (in)
     1    0.02                           clk (net)
                  0.10    0.00   25.06 ^ clkbuf_0_clk/A (sky130_fd_sc_hd__clkbuf_16)
                  0.10    0.18   25.24 ^ clkbuf_0_clk/X (sky130_fd_sc_hd__clkbuf_16)
     8    0.08                           clknet_0_clk (net)
                  0.10    0.00   25.25 ^ clkbuf_3_1__f_clk/A (sky130_fd_sc_hd__clkbuf_16)
                  0.04    0.14   25.39 ^ clkbuf_3_1__f_clk/X (sky130_fd_sc_hd__clkbuf_16)
     7    0.02                           clknet_3_1__leaf_clk (net)
                  0.04    0.00   25.39 ^ _434_/CLK (sky130_fd_sc_hd__dfrtp_1)
                         -0.25   25.14   clock uncertainty
                          0.00   25.14   clock reconvergence pessimism
                          0.15   25.28   library recovery time
                                 25.28   data required time
-----------------------------------------------------------------------------
                                 25.28   data required time
                                 -5.38   data arrival time
-----------------------------------------------------------------------------
                                 19.90   slack (MET)


Startpoint: rst_n (input port clocked by clk)
Endpoint: _441_ (recovery check against rising-edge clock clk)
Path Group: asynchronous
Path Type: max

Fanout     Cap    Slew   Delay    Time   Description
-----------------------------------------------------------------------------
                          0.00    0.00   clock clk (rise edge)
                          0.00    0.00   clock network delay (propagated)
                          5.00    5.00 ^ input external delay
                  0.05    0.04    5.04 ^ rst_n (in)
     1    0.01                           rst_n (net)
                  0.05    0.00    5.04 ^ input17/A (sky130_fd_sc_hd__buf_12)
                  0.36    0.32    5.36 ^ input17/X (sky130_fd_sc_hd__buf_12)
    65    0.32                           net17 (net)
                  0.37    0.03    5.39 ^ _441_/RESET_B (sky130_fd_sc_hd__dfrtp_1)
                                  5.39   data arrival time

                         25.00   25.00   clock clk (rise edge)
                          0.00   25.00   clock source latency
                  0.10    0.06   25.06 ^ clk (in)
     1    0.02                           clk (net)
                  0.10    0.00   25.06 ^ clkbuf_0_clk/A (sky130_fd_sc_hd__clkbuf_16)
                  0.10    0.18   25.24 ^ clkbuf_0_clk/X (sky130_fd_sc_hd__clkbuf_16)
     8    0.08                           clknet_0_clk (net)
                  0.10    0.00   25.25 ^ clkbuf_3_2__f_clk/A (sky130_fd_sc_hd__clkbuf_16)
                  0.05    0.15   25.39 ^ clkbuf_3_2__f_clk/X (sky130_fd_sc_hd__clkbuf_16)
    10    0.03                           clknet_3_2__leaf_clk (net)
                  0.05    0.00   25.39 ^ _441_/CLK (sky130_fd_sc_hd__dfrtp_1)
                         -0.25   25.14   clock uncertainty
                          0.00   25.14   clock reconvergence pessimism
                          0.15   25.29   library recovery time
                                 25.29   data required time
-----------------------------------------------------------------------------
                                 25.29   data required time
                                 -5.39   data arrival time
-----------------------------------------------------------------------------
                                 19.90   slack (MET)


Startpoint: rst_n (input port clocked by clk)
Endpoint: _435_ (recovery check against rising-edge clock clk)
Path Group: asynchronous
Path Type: max

Fanout     Cap    Slew   Delay    Time   Description
-----------------------------------------------------------------------------
                          0.00    0.00   clock clk (rise edge)
                          0.00    0.00   clock network delay (propagated)
                          5.00    5.00 ^ input external delay
                  0.05    0.04    5.04 ^ rst_n (in)
     1    0.01                           rst_n (net)
                  0.05    0.00    5.04 ^ input17/A (sky130_fd_sc_hd__buf_12)
                  0.36    0.32    5.36 ^ input17/X (sky130_fd_sc_hd__buf_12)
    65    0.32                           net17 (net)
                  0.37    0.03    5.39 ^ _435_/RESET_B (sky130_fd_sc_hd__dfrtp_1)
                                  5.39   data arrival time

                         25.00   25.00   clock clk (rise edge)
                          0.00   25.00   clock source latency
                  0.10    0.06   25.06 ^ clk (in)
     1    0.02                           clk (net)
                  0.10    0.00   25.06 ^ clkbuf_0_clk/A (sky130_fd_sc_hd__clkbuf_16)
                  0.10    0.18   25.24 ^ clkbuf_0_clk/X (sky130_fd_sc_hd__clkbuf_16)
     8    0.08                           clknet_0_clk (net)
                  0.10    0.00   25.25 ^ clkbuf_3_2__f_clk/A (sky130_fd_sc_hd__clkbuf_16)
                  0.05    0.15   25.39 ^ clkbuf_3_2__f_clk/X (sky130_fd_sc_hd__clkbuf_16)
    10    0.03                           clknet_3_2__leaf_clk (net)
                  0.05    0.00   25.39 ^ _435_/CLK (sky130_fd_sc_hd__dfrtp_1)
                         -0.25   25.14   clock uncertainty
                          0.00   25.14   clock reconvergence pessimism
                          0.15   25.29   library recovery time
                                 25.29   data required time
-----------------------------------------------------------------------------
                                 25.29   data required time
                                 -5.39   data arrival time
-----------------------------------------------------------------------------
                                 19.90   slack (MET)


Startpoint: rst_n (input port clocked by clk)
Endpoint: _436_ (recovery check against rising-edge clock clk)
Path Group: asynchronous
Path Type: max

Fanout     Cap    Slew   Delay    Time   Description
-----------------------------------------------------------------------------
                          0.00    0.00   clock clk (rise edge)
                          0.00    0.00   clock network delay (propagated)
                          5.00    5.00 ^ input external delay
                  0.05    0.04    5.04 ^ rst_n (in)
     1    0.01                           rst_n (net)
                  0.05    0.00    5.04 ^ input17/A (sky130_fd_sc_hd__buf_12)
                  0.36    0.32    5.36 ^ input17/X (sky130_fd_sc_hd__buf_12)
    65    0.32                           net17 (net)
                  0.37    0.03    5.39 ^ _436_/RESET_B (sky130_fd_sc_hd__dfrtp_1)
                                  5.39   data arrival time

                         25.00   25.00   clock clk (rise edge)
                          0.00   25.00   clock source latency
                  0.10    0.06   25.06 ^ clk (in)
     1    0.02                           clk (net)
                  0.10    0.00   25.06 ^ clkbuf_0_clk/A (sky130_fd_sc_hd__clkbuf_16)
                  0.10    0.18   25.24 ^ clkbuf_0_clk/X (sky130_fd_sc_hd__clkbuf_16)
     8    0.08                           clknet_0_clk (net)
                  0.10    0.00   25.25 ^ clkbuf_3_2__f_clk/A (sky130_fd_sc_hd__clkbuf_16)
                  0.05    0.15   25.39 ^ clkbuf_3_2__f_clk/X (sky130_fd_sc_hd__clkbuf_16)
    10    0.03                           clknet_3_2__leaf_clk (net)
                  0.05    0.00   25.39 ^ _436_/CLK (sky130_fd_sc_hd__dfrtp_1)
                         -0.25   25.14   clock uncertainty
                          0.00   25.14   clock reconvergence pessimism
                          0.15   25.29   library recovery time
                                 25.29   data required time
-----------------------------------------------------------------------------
                                 25.29   data required time
                                 -5.39   data arrival time
-----------------------------------------------------------------------------
                                 19.91   slack (MET)


Startpoint: rst_n (input port clocked by clk)
Endpoint: _430_ (recovery check against rising-edge clock clk)
Path Group: asynchronous
Path Type: max

Fanout     Cap    Slew   Delay    Time   Description
-----------------------------------------------------------------------------
                          0.00    0.00   clock clk (rise edge)
                          0.00    0.00   clock network delay (propagated)
                          5.00    5.00 ^ input external delay
                  0.05    0.04    5.04 ^ rst_n (in)
     1    0.01                           rst_n (net)
                  0.05    0.00    5.04 ^ input17/A (sky130_fd_sc_hd__buf_12)
                  0.36    0.32    5.36 ^ input17/X (sky130_fd_sc_hd__buf_12)
    65    0.32                           net17 (net)
                  0.37    0.02    5.38 ^ _430_/RESET_B (sky130_fd_sc_hd__dfrtp_1)
                                  5.38   data arrival time

                         25.00   25.00   clock clk (rise edge)
                          0.00   25.00   clock source latency
                  0.10    0.06   25.06 ^ clk (in)
     1    0.02                           clk (net)
                  0.10    0.00   25.06 ^ clkbuf_0_clk/A (sky130_fd_sc_hd__clkbuf_16)
                  0.10    0.18   25.24 ^ clkbuf_0_clk/X (sky130_fd_sc_hd__clkbuf_16)
     8    0.08                           clknet_0_clk (net)
                  0.10    0.00   25.25 ^ clkbuf_3_0__f_clk/A (sky130_fd_sc_hd__clkbuf_16)
                  0.06    0.15   25.40 ^ clkbuf_3_0__f_clk/X (sky130_fd_sc_hd__clkbuf_16)
    12    0.04                           clknet_3_0__leaf_clk (net)
                  0.06    0.00   25.40 ^ _430_/CLK (sky130_fd_sc_hd__dfrtp_1)
                         -0.25   25.15   clock uncertainty
                          0.00   25.15   clock reconvergence pessimism
                          0.15   25.30   library recovery time
                                 25.30   data required time
-----------------------------------------------------------------------------
                                 25.30   data required time
                                 -5.38   data arrival time
-----------------------------------------------------------------------------
                                 19.92   slack (MET)


Startpoint: rst_n (input port clocked by clk)
Endpoint: _422_ (recovery check against rising-edge clock clk)
Path Group: asynchronous
Path Type: max

Fanout     Cap    Slew   Delay    Time   Description
-----------------------------------------------------------------------------
                          0.00    0.00   clock clk (rise edge)
                          0.00    0.00   clock network delay (propagated)
                          5.00    5.00 ^ input external delay
                  0.05    0.04    5.04 ^ rst_n (in)
     1    0.01                           rst_n (net)
                  0.05    0.00    5.04 ^ input17/A (sky130_fd_sc_hd__buf_12)
                  0.36    0.32    5.36 ^ input17/X (sky130_fd_sc_hd__buf_12)
    65    0.32                           net17 (net)
                  0.36    0.02    5.38 ^ _422_/RESET_B (sky130_fd_sc_hd__dfrtp_1)
                                  5.38   data arrival time

                         25.00   25.00   clock clk (rise edge)
                          0.00   25.00   clock source latency
                  0.10    0.06   25.06 ^ clk (in)
     1    0.02                           clk (net)
                  0.10    0.00   25.06 ^ clkbuf_0_clk/A (sky130_fd_sc_hd__clkbuf_16)
                  0.10    0.18   25.24 ^ clkbuf_0_clk/X (sky130_fd_sc_hd__clkbuf_16)
     8    0.08                           clknet_0_clk (net)
                  0.10    0.00   25.25 ^ clkbuf_3_0__f_clk/A (sky130_fd_sc_hd__clkbuf_16)
                  0.06    0.15   25.40 ^ clkbuf_3_0__f_clk/X (sky130_fd_sc_hd__clkbuf_16)
    12    0.04                           clknet_3_0__leaf_clk (net)
                  0.06    0.00   25.40 ^ _422_/CLK (sky130_fd_sc_hd__dfrtp_1)
                         -0.25   25.15   clock uncertainty
                          0.00   25.15   clock reconvergence pessimism
                          0.15   25.30   library recovery time
                                 25.30   data required time
-----------------------------------------------------------------------------
                                 25.30   data required time
                                 -5.38   data arrival time
-----------------------------------------------------------------------------
                                 19.92   slack (MET)


Startpoint: rst_n (input port clocked by clk)
Endpoint: _431_ (recovery check against rising-edge clock clk)
Path Group: asynchronous
Path Type: max

Fanout     Cap    Slew   Delay    Time   Description
-----------------------------------------------------------------------------
                          0.00    0.00   clock clk (rise edge)
                          0.00    0.00   clock network delay (propagated)
                          5.00    5.00 ^ input external delay
                  0.05    0.04    5.04 ^ rst_n (in)
     1    0.01                           rst_n (net)
                  0.05    0.00    5.04 ^ input17/A (sky130_fd_sc_hd__buf_12)
                  0.36    0.32    5.36 ^ input17/X (sky130_fd_sc_hd__buf_12)
    65    0.32                           net17 (net)
                  0.36    0.02    5.38 ^ _431_/RESET_B (sky130_fd_sc_hd__dfrtp_1)
                                  5.38   data arrival time

                         25.00   25.00   clock clk (rise edge)
                          0.00   25.00   clock source latency
                  0.10    0.06   25.06 ^ clk (in)
     1    0.02                           clk (net)
                  0.10    0.00   25.06 ^ clkbuf_0_clk/A (sky130_fd_sc_hd__clkbuf_16)
                  0.10    0.18   25.24 ^ clkbuf_0_clk/X (sky130_fd_sc_hd__clkbuf_16)
     8    0.08                           clknet_0_clk (net)
                  0.10    0.00   25.25 ^ clkbuf_3_0__f_clk/A (sky130_fd_sc_hd__clkbuf_16)
                  0.06    0.15   25.40 ^ clkbuf_3_0__f_clk/X (sky130_fd_sc_hd__clkbuf_16)
    12    0.04                           clknet_3_0__leaf_clk (net)
                  0.06    0.00   25.40 ^ _431_/CLK (sky130_fd_sc_hd__dfrtp_1)
                         -0.25   25.15   clock uncertainty
                          0.00   25.15   clock reconvergence pessimism
                          0.15   25.30   library recovery time
                                 25.30   data required time
-----------------------------------------------------------------------------
                                 25.30   data required time
                                 -5.38   data arrival time
-----------------------------------------------------------------------------
                                 19.92   slack (MET)


Startpoint: rst_n (input port clocked by clk)
Endpoint: _439_ (recovery check against rising-edge clock clk)
Path Group: asynchronous
Path Type: max

Fanout     Cap    Slew   Delay    Time   Description
-----------------------------------------------------------------------------
                          0.00    0.00   clock clk (rise edge)
                          0.00    0.00   clock network delay (propagated)
                          5.00    5.00 ^ input external delay
                  0.05    0.04    5.04 ^ rst_n (in)
     1    0.01                           rst_n (net)
                  0.05    0.00    5.04 ^ input17/A (sky130_fd_sc_hd__buf_12)
                  0.36    0.32    5.36 ^ input17/X (sky130_fd_sc_hd__buf_12)
    65    0.32                           net17 (net)
                  0.36    0.02    5.38 ^ _439_/RESET_B (sky130_fd_sc_hd__dfrtp_1)
                                  5.38   data arrival time

                         25.00   25.00   clock clk (rise edge)
                          0.00   25.00   clock source latency
                  0.10    0.06   25.06 ^ clk (in)
     1    0.02                           clk (net)
                  0.10    0.00   25.06 ^ clkbuf_0_clk/A (sky130_fd_sc_hd__clkbuf_16)
                  0.10    0.18   25.24 ^ clkbuf_0_clk/X (sky130_fd_sc_hd__clkbuf_16)
     8    0.08                           clknet_0_clk (net)
                  0.10    0.00   25.25 ^ clkbuf_3_0__f_clk/A (sky130_fd_sc_hd__clkbuf_16)
                  0.06    0.15   25.40 ^ clkbuf_3_0__f_clk/X (sky130_fd_sc_hd__clkbuf_16)
    12    0.04                           clknet_3_0__leaf_clk (net)
                  0.06    0.00   25.40 ^ _439_/CLK (sky130_fd_sc_hd__dfrtp_1)
                         -0.25   25.15   clock uncertainty
                          0.00   25.15   clock reconvergence pessimism
                          0.15   25.30   library recovery time
                                 25.30   data required time
-----------------------------------------------------------------------------
                                 25.30   data required time
                                 -5.38   data arrival time
-----------------------------------------------------------------------------
                                 19.92   slack (MET)


Startpoint: rst_n (input port clocked by clk)
Endpoint: _429_ (recovery check against rising-edge clock clk)
Path Group: asynchronous
Path Type: max

Fanout     Cap    Slew   Delay    Time   Description
-----------------------------------------------------------------------------
                          0.00    0.00   clock clk (rise edge)
                          0.00    0.00   clock network delay (propagated)
                          5.00    5.00 ^ input external delay
                  0.05    0.04    5.04 ^ rst_n (in)
     1    0.01                           rst_n (net)
                  0.05    0.00    5.04 ^ input17/A (sky130_fd_sc_hd__buf_12)
                  0.36    0.32    5.36 ^ input17/X (sky130_fd_sc_hd__buf_12)
    65    0.32                           net17 (net)
                  0.36    0.02    5.38 ^ _429_/RESET_B (sky130_fd_sc_hd__dfrtp_1)
                                  5.38   data arrival time

                         25.00   25.00   clock clk (rise edge)
                          0.00   25.00   clock source latency
                  0.10    0.06   25.06 ^ clk (in)
     1    0.02                           clk (net)
                  0.10    0.00   25.06 ^ clkbuf_0_clk/A (sky130_fd_sc_hd__clkbuf_16)
                  0.10    0.18   25.24 ^ clkbuf_0_clk/X (sky130_fd_sc_hd__clkbuf_16)
     8    0.08                           clknet_0_clk (net)
                  0.10    0.00   25.25 ^ clkbuf_3_0__f_clk/A (sky130_fd_sc_hd__clkbuf_16)
                  0.06    0.15   25.40 ^ clkbuf_3_0__f_clk/X (sky130_fd_sc_hd__clkbuf_16)
    12    0.04                           clknet_3_0__leaf_clk (net)
                  0.06    0.00   25.40 ^ _429_/CLK (sky130_fd_sc_hd__dfrtp_1)
                         -0.25   25.15   clock uncertainty
                          0.00   25.15   clock reconvergence pessimism
                          0.15   25.30   library recovery time
                                 25.30   data required time
-----------------------------------------------------------------------------
                                 25.30   data required time
                                 -5.38   data arrival time
-----------------------------------------------------------------------------
                                 19.93   slack (MET)


Startpoint: rst_n (input port clocked by clk)
Endpoint: _428_ (recovery check against rising-edge clock clk)
Path Group: asynchronous
Path Type: max

Fanout     Cap    Slew   Delay    Time   Description
-----------------------------------------------------------------------------
                          0.00    0.00   clock clk (rise edge)
                          0.00    0.00   clock network delay (propagated)
                          5.00    5.00 ^ input external delay
                  0.05    0.04    5.04 ^ rst_n (in)
     1    0.01                           rst_n (net)
                  0.05    0.00    5.04 ^ input17/A (sky130_fd_sc_hd__buf_12)
                  0.36    0.32    5.36 ^ input17/X (sky130_fd_sc_hd__buf_12)
    65    0.32                           net17 (net)
                  0.36    0.01    5.37 ^ _428_/RESET_B (sky130_fd_sc_hd__dfrtp_1)
                                  5.37   data arrival time

                         25.00   25.00   clock clk (rise edge)
                          0.00   25.00   clock source latency
                  0.10    0.06   25.06 ^ clk (in)
     1    0.02                           clk (net)
                  0.10    0.00   25.06 ^ clkbuf_0_clk/A (sky130_fd_sc_hd__clkbuf_16)
                  0.10    0.18   25.24 ^ clkbuf_0_clk/X (sky130_fd_sc_hd__clkbuf_16)
     8    0.08                           clknet_0_clk (net)
                  0.10    0.00   25.25 ^ clkbuf_3_0__f_clk/A (sky130_fd_sc_hd__clkbuf_16)
                  0.06    0.15   25.40 ^ clkbuf_3_0__f_clk/X (sky130_fd_sc_hd__clkbuf_16)
    12    0.04                           clknet_3_0__leaf_clk (net)
                  0.06    0.00   25.40 ^ _428_/CLK (sky130_fd_sc_hd__dfrtp_1)
                         -0.25   25.15   clock uncertainty
                          0.00   25.15   clock reconvergence pessimism
                          0.15   25.30   library recovery time
                                 25.30   data required time
-----------------------------------------------------------------------------
                                 25.30   data required time
                                 -5.37   data arrival time
-----------------------------------------------------------------------------
                                 19.93   slack (MET)


Startpoint: rst_n (input port clocked by clk)
Endpoint: _427_ (recovery check against rising-edge clock clk)
Path Group: asynchronous
Path Type: max

Fanout     Cap    Slew   Delay    Time   Description
-----------------------------------------------------------------------------
                          0.00    0.00   clock clk (rise edge)
                          0.00    0.00   clock network delay (propagated)
                          5.00    5.00 ^ input external delay
                  0.05    0.04    5.04 ^ rst_n (in)
     1    0.01                           rst_n (net)
                  0.05    0.00    5.04 ^ input17/A (sky130_fd_sc_hd__buf_12)
                  0.36    0.32    5.36 ^ input17/X (sky130_fd_sc_hd__buf_12)
    65    0.32                           net17 (net)
                  0.36    0.01    5.37 ^ _427_/RESET_B (sky130_fd_sc_hd__dfrtp_1)
                                  5.37   data arrival time

                         25.00   25.00   clock clk (rise edge)
                          0.00   25.00   clock source latency
                  0.10    0.06   25.06 ^ clk (in)
     1    0.02                           clk (net)
                  0.10    0.00   25.06 ^ clkbuf_0_clk/A (sky130_fd_sc_hd__clkbuf_16)
                  0.10    0.18   25.24 ^ clkbuf_0_clk/X (sky130_fd_sc_hd__clkbuf_16)
     8    0.08                           clknet_0_clk (net)
                  0.10    0.00   25.25 ^ clkbuf_3_0__f_clk/A (sky130_fd_sc_hd__clkbuf_16)
                  0.06    0.15   25.40 ^ clkbuf_3_0__f_clk/X (sky130_fd_sc_hd__clkbuf_16)
    12    0.04                           clknet_3_0__leaf_clk (net)
                  0.06    0.00   25.40 ^ _427_/CLK (sky130_fd_sc_hd__dfrtp_1)
                         -0.25   25.15   clock uncertainty
                          0.00   25.15   clock reconvergence pessimism
                          0.15   25.30   library recovery time
                                 25.30   data required time
-----------------------------------------------------------------------------
                                 25.30   data required time
                                 -5.37   data arrival time
-----------------------------------------------------------------------------
                                 19.93   slack (MET)


Startpoint: rst_n (input port clocked by clk)
Endpoint: _426_ (recovery check against rising-edge clock clk)
Path Group: asynchronous
Path Type: max

Fanout     Cap    Slew   Delay    Time   Description
-----------------------------------------------------------------------------
                          0.00    0.00   clock clk (rise edge)
                          0.00    0.00   clock network delay (propagated)
                          5.00    5.00 ^ input external delay
                  0.05    0.04    5.04 ^ rst_n (in)
     1    0.01                           rst_n (net)
                  0.05    0.00    5.04 ^ input17/A (sky130_fd_sc_hd__buf_12)
                  0.36    0.32    5.36 ^ input17/X (sky130_fd_sc_hd__buf_12)
    65    0.32                           net17 (net)
                  0.36    0.01    5.36 ^ _426_/RESET_B (sky130_fd_sc_hd__dfrtp_1)
                                  5.36   data arrival time

                         25.00   25.00   clock clk (rise edge)
                          0.00   25.00   clock source latency
                  0.10    0.06   25.06 ^ clk (in)
     1    0.02                           clk (net)
                  0.10    0.00   25.06 ^ clkbuf_0_clk/A (sky130_fd_sc_hd__clkbuf_16)
                  0.10    0.18   25.24 ^ clkbuf_0_clk/X (sky130_fd_sc_hd__clkbuf_16)
     8    0.08                           clknet_0_clk (net)
                  0.10    0.00   25.25 ^ clkbuf_3_0__f_clk/A (sky130_fd_sc_hd__clkbuf_16)
                  0.06    0.15   25.40 ^ clkbuf_3_0__f_clk/X (sky130_fd_sc_hd__clkbuf_16)
    12    0.04                           clknet_3_0__leaf_clk (net)
                  0.06    0.00   25.40 ^ _426_/CLK (sky130_fd_sc_hd__dfrtp_1)
                         -0.25   25.15   clock uncertainty
                          0.00   25.15   clock reconvergence pessimism
                          0.15   25.30   library recovery time
                                 25.30   data required time
-----------------------------------------------------------------------------
                                 25.30   data required time
                                 -5.36   data arrival time
-----------------------------------------------------------------------------
                                 19.94   slack (MET)


Startpoint: _475_ (rising edge-triggered flip-flop clocked by clk)
Endpoint: _477_ (rising edge-triggered flip-flop clocked by clk)
Path Group: clk
Path Type: max

Fanout     Cap    Slew   Delay    Time   Description
-----------------------------------------------------------------------------
                          0.00    0.00   clock clk (rise edge)
                          0.00    0.00   clock source latency
                  0.10    0.07    0.07 ^ clk (in)
     1    0.02                           clk (net)
                  0.10    0.00    0.07 ^ clkbuf_0_clk/A (sky130_fd_sc_hd__clkbuf_16)
                  0.10    0.20    0.27 ^ clkbuf_0_clk/X (sky130_fd_sc_hd__clkbuf_16)
     8    0.08                           clknet_0_clk (net)
                  0.10    0.00    0.27 ^ clkbuf_3_7__f_clk/A (sky130_fd_sc_hd__clkbuf_16)
                  0.04    0.15    0.42 ^ clkbuf_3_7__f_clk/X (sky130_fd_sc_hd__clkbuf_16)
     7    0.02                           clknet_3_7__leaf_clk (net)
                  0.04    0.00    0.42 ^ _475_/CLK (sky130_fd_sc_hd__dfrtp_4)
                  0.10    0.55    0.97 v _475_/Q (sky130_fd_sc_hd__dfrtp_4)
     7    0.03                           u_sort.bucket_counter[0] (net)
                  0.10    0.00    0.97 v _217_/A (sky130_fd_sc_hd__inv_2)
                  0.16    0.17    1.14 ^ _217_/Y (sky130_fd_sc_hd__inv_2)
     9    0.03                           _070_ (net)
                  0.16    0.00    1.14 ^ _240_/A1 (sky130_fd_sc_hd__o21ai_1)
                  0.05    0.10    1.24 v _240_/Y (sky130_fd_sc_hd__o21ai_1)
     1    0.00                           _093_ (net)
                  0.05    0.00    1.24 v _243_/B1 (sky130_fd_sc_hd__a2111o_2)
                  0.11    0.53    1.77 v _243_/X (sky130_fd_sc_hd__a2111o_2)
     7    0.02                           _096_ (net)
                  0.11    0.00    1.78 v _250_/D (sky130_fd_sc_hd__and4b_1)
                  0.08    0.28    2.06 v _250_/X (sky130_fd_sc_hd__and4b_1)
     3    0.01                           _102_ (net)
                  0.08    0.00    2.06 v _259_/A2 (sky130_fd_sc_hd__o2111a_2)
                  0.08    0.32    2.38 v _259_/X (sky130_fd_sc_hd__o2111a_2)
     7    0.02                           _111_ (net)
                  0.08    0.00    2.38 v _402_/B (sky130_fd_sc_hd__or4_1)
                  0.09    0.53    2.91 v _402_/X (sky130_fd_sc_hd__or4_1)
     1    0.00                           _200_ (net)
                  0.09    0.00    2.91 v _403_/A2 (sky130_fd_sc_hd__a21oi_1)
                  0.10    0.15    3.06 ^ _403_/Y (sky130_fd_sc_hd__a21oi_1)
     1    0.00                           _056_ (net)
                  0.10    0.00    3.06 ^ _477_/D (sky130_fd_sc_hd__dfrtp_1)
                                  3.06   data arrival time

                         25.00   25.00   clock clk (rise edge)
                          0.00   25.00   clock source latency
                  0.10    0.06   25.06 ^ clk (in)
     1    0.02                           clk (net)
                  0.10    0.00   25.06 ^ clkbuf_0_clk/A (sky130_fd_sc_hd__clkbuf_16)
                  0.10    0.18   25.24 ^ clkbuf_0_clk/X (sky130_fd_sc_hd__clkbuf_16)
     8    0.08                           clknet_0_clk (net)
                  0.10    0.00   25.25 ^ clkbuf_3_7__f_clk/A (sky130_fd_sc_hd__clkbuf_16)
                  0.04    0.14   25.38 ^ clkbuf_3_7__f_clk/X (sky130_fd_sc_hd__clkbuf_16)
     7    0.02                           clknet_3_7__leaf_clk (net)
                  0.04    0.00   25.38 ^ _477_/CLK (sky130_fd_sc_hd__dfrtp_1)
                         -0.25   25.13   clock uncertainty
                          0.04   25.17   clock reconvergence pessimism
                         -0.07   25.10   library setup time
                                 25.10   data required time
-----------------------------------------------------------------------------
                                 25.10   data required time
                                 -3.06   data arrival time
-----------------------------------------------------------------------------
                                 22.04   slack (MET)


Startpoint: _475_ (rising edge-triggered flip-flop clocked by clk)
Endpoint: _475_ (rising edge-triggered flip-flop clocked by clk)
Path Group: clk
Path Type: max

Fanout     Cap    Slew   Delay    Time   Description
-----------------------------------------------------------------------------
                          0.00    0.00   clock clk (rise edge)
                          0.00    0.00   clock source latency
                  0.10    0.07    0.07 ^ clk (in)
     1    0.02                           clk (net)
                  0.10    0.00    0.07 ^ clkbuf_0_clk/A (sky130_fd_sc_hd__clkbuf_16)
                  0.10    0.20    0.27 ^ clkbuf_0_clk/X (sky130_fd_sc_hd__clkbuf_16)
     8    0.08                           clknet_0_clk (net)
                  0.10    0.00    0.27 ^ clkbuf_3_7__f_clk/A (sky130_fd_sc_hd__clkbuf_16)
                  0.04    0.15    0.42 ^ clkbuf_3_7__f_clk/X (sky130_fd_sc_hd__clkbuf_16)
     7    0.02                           clknet_3_7__leaf_clk (net)
                  0.04    0.00    0.42 ^ _475_/CLK (sky130_fd_sc_hd__dfrtp_4)
                  0.10    0.55    0.97 v _475_/Q (sky130_fd_sc_hd__dfrtp_4)
     7    0.03                           u_sort.bucket_counter[0] (net)
                  0.10    0.00    0.97 v _217_/A (sky130_fd_sc_hd__inv_2)
                  0.16    0.17    1.14 ^ _217_/Y (sky130_fd_sc_hd__inv_2)
     9    0.03                           _070_ (net)
                  0.16    0.00    1.14 ^ _240_/A1 (sky130_fd_sc_hd__o21ai_1)
                  0.05    0.10    1.24 v _240_/Y (sky130_fd_sc_hd__o21ai_1)
     1    0.00                           _093_ (net)
                  0.05    0.00    1.24 v _243_/B1 (sky130_fd_sc_hd__a2111o_2)
                  0.11    0.53    1.77 v _243_/X (sky130_fd_sc_hd__a2111o_2)
     7    0.02                           _096_ (net)
                  0.11    0.00    1.78 v _250_/D (sky130_fd_sc_hd__and4b_1)
                  0.08    0.28    2.06 v _250_/X (sky130_fd_sc_hd__and4b_1)
     3    0.01                           _102_ (net)
                  0.08    0.00    2.06 v _259_/A2 (sky130_fd_sc_hd__o2111a_2)
                  0.08    0.32    2.38 v _259_/X (sky130_fd_sc_hd__o2111a_2)
     7    0.02                           _111_ (net)
                  0.08    0.00    2.38 v _392_/B (sky130_fd_sc_hd__or3_1)
                  0.06    0.35    2.73 v _392_/X (sky130_fd_sc_hd__or3_1)
     1    0.00                           _192_ (net)
                  0.06    0.00    2.73 v _394_/B (sky130_fd_sc_hd__and3_1)
                  0.03    0.17    2.90 v _394_/X (sky130_fd_sc_hd__and3_1)
     1    0.00                           _194_ (net)
                  0.03    0.00    2.90 v _395_/A (sky130_fd_sc_hd__clkbuf_1)
                  0.02    0.08    2.98 v _395_/X (sky130_fd_sc_hd__clkbuf_1)
     1    0.00                           _054_ (net)
                  0.02    0.00    2.98 v _475_/D (sky130_fd_sc_hd__dfrtp_4)
                                  2.98   data arrival time

                         25.00   25.00   clock clk (rise edge)
                          0.00   25.00   clock source latency
                  0.10    0.06   25.06 ^ clk (in)
     1    0.02                           clk (net)
                  0.10    0.00   25.06 ^ clkbuf_0_clk/A (sky130_fd_sc_hd__clkbuf_16)
                  0.10    0.18   25.24 ^ clkbuf_0_clk/X (sky130_fd_sc_hd__clkbuf_16)
     8    0.08                           clknet_0_clk (net)
                  0.10    0.00   25.25 ^ clkbuf_3_7__f_clk/A (sky130_fd_sc_hd__clkbuf_16)
                  0.04    0.14   25.38 ^ clkbuf_3_7__f_clk/X (sky130_fd_sc_hd__clkbuf_16)
     7    0.02                           clknet_3_7__leaf_clk (net)
                  0.04    0.00   25.38 ^ _475_/CLK (sky130_fd_sc_hd__dfrtp_4)
                         -0.25   25.13   clock uncertainty
                          0.04   25.17   clock reconvergence pessimism
                         -0.11   25.07   library setup time
                                 25.07   data required time
-----------------------------------------------------------------------------
                                 25.07   data required time
                                 -2.98   data arrival time
-----------------------------------------------------------------------------
                                 22.08   slack (MET)


Startpoint: _475_ (rising edge-triggered flip-flop clocked by clk)
Endpoint: _473_ (rising edge-triggered flip-flop clocked by clk)
Path Group: clk
Path Type: max

Fanout     Cap    Slew   Delay    Time   Description
-----------------------------------------------------------------------------
                          0.00    0.00   clock clk (rise edge)
                          0.00    0.00   clock source latency
                  0.10    0.07    0.07 ^ clk (in)
     1    0.02                           clk (net)
                  0.10    0.00    0.07 ^ clkbuf_0_clk/A (sky130_fd_sc_hd__clkbuf_16)
                  0.10    0.20    0.27 ^ clkbuf_0_clk/X (sky130_fd_sc_hd__clkbuf_16)
     8    0.08                           clknet_0_clk (net)
                  0.10    0.00    0.27 ^ clkbuf_3_7__f_clk/A (sky130_fd_sc_hd__clkbuf_16)
                  0.04    0.15    0.42 ^ clkbuf_3_7__f_clk/X (sky130_fd_sc_hd__clkbuf_16)
     7    0.02                           clknet_3_7__leaf_clk (net)
                  0.04    0.00    0.42 ^ _475_/CLK (sky130_fd_sc_hd__dfrtp_4)
                  0.10    0.55    0.97 v _475_/Q (sky130_fd_sc_hd__dfrtp_4)
     7    0.03                           u_sort.bucket_counter[0] (net)
                  0.10    0.00    0.97 v _217_/A (sky130_fd_sc_hd__inv_2)
                  0.16    0.17    1.14 ^ _217_/Y (sky130_fd_sc_hd__inv_2)
     9    0.03                           _070_ (net)
                  0.16    0.00    1.14 ^ _240_/A1 (sky130_fd_sc_hd__o21ai_1)
                  0.05    0.10    1.24 v _240_/Y (sky130_fd_sc_hd__o21ai_1)
     1    0.00                           _093_ (net)
                  0.05    0.00    1.24 v _243_/B1 (sky130_fd_sc_hd__a2111o_2)
                  0.11    0.53    1.77 v _243_/X (sky130_fd_sc_hd__a2111o_2)
     7    0.02                           _096_ (net)
                  0.11    0.00    1.78 v _244_/D (sky130_fd_sc_hd__and4_1)
                  0.06    0.26    2.03 v _244_/X (sky130_fd_sc_hd__and4_1)
     2    0.01                           _097_ (net)
                  0.06    0.00    2.03 v _247_/A_N (sky130_fd_sc_hd__and3b_1)
                  0.05    0.21    2.24 ^ _247_/X (sky130_fd_sc_hd__and3b_1)
     1    0.00                           _100_ (net)
                  0.05    0.00    2.24 ^ _248_/A (sky130_fd_sc_hd__buf_2)
                  0.16    0.20    2.45 ^ _248_/X (sky130_fd_sc_hd__buf_2)
     7    0.03                           _002_ (net)
                  0.16    0.00    2.45 ^ _387_/S (sky130_fd_sc_hd__mux2_1)
                  0.05    0.35    2.80 v _387_/X (sky130_fd_sc_hd__mux2_1)
     1    0.00                           _189_ (net)
                  0.05    0.00    2.80 v _388_/A (sky130_fd_sc_hd__clkbuf_1)
                  0.02    0.09    2.89 v _388_/X (sky130_fd_sc_hd__clkbuf_1)
     1    0.00                           _052_ (net)
                  0.02    0.00    2.89 v _473_/D (sky130_fd_sc_hd__dfrtp_1)
                                  2.89   data arrival time

                         25.00   25.00   clock clk (rise edge)
                          0.00   25.00   clock source latency
                  0.10    0.06   25.06 ^ clk (in)
     1    0.02                           clk (net)
                  0.10    0.00   25.06 ^ clkbuf_0_clk/A (sky130_fd_sc_hd__clkbuf_16)
                  0.10    0.18   25.24 ^ clkbuf_0_clk/X (sky130_fd_sc_hd__clkbuf_16)
     8    0.08                           clknet_0_clk (net)
                  0.10    0.00   25.25 ^ clkbuf_3_5__f_clk/A (sky130_fd_sc_hd__clkbuf_16)
                  0.04    0.14   25.38 ^ clkbuf_3_5__f_clk/X (sky130_fd_sc_hd__clkbuf_16)
     7    0.02                           clknet_3_5__leaf_clk (net)
                  0.04    0.00   25.39 ^ _473_/CLK (sky130_fd_sc_hd__dfrtp_1)
                         -0.25   25.14   clock uncertainty
                          0.03   25.16   clock reconvergence pessimism
                         -0.11   25.06   library setup time
                                 25.06   data required time
-----------------------------------------------------------------------------
                                 25.06   data required time
                                 -2.89   data arrival time
-----------------------------------------------------------------------------
                                 22.16   slack (MET)


Startpoint: _475_ (rising edge-triggered flip-flop clocked by clk)
Endpoint: _468_ (rising edge-triggered flip-flop clocked by clk)
Path Group: clk
Path Type: max

Fanout     Cap    Slew   Delay    Time   Description
-----------------------------------------------------------------------------
                          0.00    0.00   clock clk (rise edge)
                          0.00    0.00   clock source latency
                  0.10    0.07    0.07 ^ clk (in)
     1    0.02                           clk (net)
                  0.10    0.00    0.07 ^ clkbuf_0_clk/A (sky130_fd_sc_hd__clkbuf_16)
                  0.10    0.20    0.27 ^ clkbuf_0_clk/X (sky130_fd_sc_hd__clkbuf_16)
     8    0.08                           clknet_0_clk (net)
                  0.10    0.00    0.27 ^ clkbuf_3_7__f_clk/A (sky130_fd_sc_hd__clkbuf_16)
                  0.04    0.15    0.42 ^ clkbuf_3_7__f_clk/X (sky130_fd_sc_hd__clkbuf_16)
     7    0.02                           clknet_3_7__leaf_clk (net)
                  0.04    0.00    0.42 ^ _475_/CLK (sky130_fd_sc_hd__dfrtp_4)
                  0.10    0.55    0.97 v _475_/Q (sky130_fd_sc_hd__dfrtp_4)
     7    0.03                           u_sort.bucket_counter[0] (net)
                  0.10    0.00    0.97 v _217_/A (sky130_fd_sc_hd__inv_2)
                  0.16    0.17    1.14 ^ _217_/Y (sky130_fd_sc_hd__inv_2)
     9    0.03                           _070_ (net)
                  0.16    0.00    1.14 ^ _240_/A1 (sky130_fd_sc_hd__o21ai_1)
                  0.05    0.10    1.24 v _240_/Y (sky130_fd_sc_hd__o21ai_1)
     1    0.00                           _093_ (net)
                  0.05    0.00    1.24 v _243_/B1 (sky130_fd_sc_hd__a2111o_2)
                  0.11    0.53    1.77 v _243_/X (sky130_fd_sc_hd__a2111o_2)
     7    0.02                           _096_ (net)
                  0.11    0.00    1.78 v _244_/D (sky130_fd_sc_hd__and4_1)
                  0.06    0.26    2.03 v _244_/X (sky130_fd_sc_hd__and4_1)
     2    0.01                           _097_ (net)
                  0.06    0.00    2.03 v _247_/A_N (sky130_fd_sc_hd__and3b_1)
                  0.05    0.21    2.24 ^ _247_/X (sky130_fd_sc_hd__and3b_1)
     1    0.00                           _100_ (net)
                  0.05    0.00    2.24 ^ _248_/A (sky130_fd_sc_hd__buf_2)
                  0.16    0.20    2.45 ^ _248_/X (sky130_fd_sc_hd__buf_2)
     7    0.03                           _002_ (net)
                  0.16    0.00    2.45 ^ _376_/S (sky130_fd_sc_hd__mux2_1)
                  0.05    0.35    2.80 v _376_/X (sky130_fd_sc_hd__mux2_1)
     1    0.00                           _182_ (net)
                  0.05    0.00    2.80 v _377_/A (sky130_fd_sc_hd__clkbuf_1)
                  0.02    0.09    2.89 v _377_/X (sky130_fd_sc_hd__clkbuf_1)
     1    0.00                           _048_ (net)
                  0.02    0.00    2.89 v _468_/D (sky130_fd_sc_hd__dfrtp_1)
                                  2.89   data arrival time

                         25.00   25.00   clock clk (rise edge)
                          0.00   25.00   clock source latency
                  0.10    0.06   25.06 ^ clk (in)
     1    0.02                           clk (net)
                  0.10    0.00   25.06 ^ clkbuf_0_clk/A (sky130_fd_sc_hd__clkbuf_16)
                  0.10    0.18   25.24 ^ clkbuf_0_clk/X (sky130_fd_sc_hd__clkbuf_16)
     8    0.08                           clknet_0_clk (net)
                  0.10    0.00   25.25 ^ clkbuf_3_5__f_clk/A (sky130_fd_sc_hd__clkbuf_16)
                  0.04    0.14   25.38 ^ clkbuf_3_5__f_clk/X (sky130_fd_sc_hd__clkbuf_16)
     7    0.02                           clknet_3_5__leaf_clk (net)
                  0.04    0.00   25.39 ^ _468_/CLK (sky130_fd_sc_hd__dfrtp_1)
                         -0.25   25.14   clock uncertainty
                          0.03   25.16   clock reconvergence pessimism
                         -0.11   25.06   library setup time
                                 25.06   data required time
-----------------------------------------------------------------------------
                                 25.06   data required time
                                 -2.89   data arrival time
-----------------------------------------------------------------------------
                                 22.16   slack (MET)


Startpoint: _475_ (rising edge-triggered flip-flop clocked by clk)
Endpoint: _474_ (rising edge-triggered flip-flop clocked by clk)
Path Group: clk
Path Type: max

Fanout     Cap    Slew   Delay    Time   Description
-----------------------------------------------------------------------------
                          0.00    0.00   clock clk (rise edge)
                          0.00    0.00   clock source latency
                  0.10    0.07    0.07 ^ clk (in)
     1    0.02                           clk (net)
                  0.10    0.00    0.07 ^ clkbuf_0_clk/A (sky130_fd_sc_hd__clkbuf_16)
                  0.10    0.20    0.27 ^ clkbuf_0_clk/X (sky130_fd_sc_hd__clkbuf_16)
     8    0.08                           clknet_0_clk (net)
                  0.10    0.00    0.27 ^ clkbuf_3_7__f_clk/A (sky130_fd_sc_hd__clkbuf_16)
                  0.04    0.15    0.42 ^ clkbuf_3_7__f_clk/X (sky130_fd_sc_hd__clkbuf_16)
     7    0.02                           clknet_3_7__leaf_clk (net)
                  0.04    0.00    0.42 ^ _475_/CLK (sky130_fd_sc_hd__dfrtp_4)
                  0.10    0.55    0.97 v _475_/Q (sky130_fd_sc_hd__dfrtp_4)
     7    0.03                           u_sort.bucket_counter[0] (net)
                  0.10    0.00    0.97 v _217_/A (sky130_fd_sc_hd__inv_2)
                  0.16    0.17    1.14 ^ _217_/Y (sky130_fd_sc_hd__inv_2)
     9    0.03                           _070_ (net)
                  0.16    0.00    1.14 ^ _240_/A1 (sky130_fd_sc_hd__o21ai_1)
                  0.05    0.10    1.24 v _240_/Y (sky130_fd_sc_hd__o21ai_1)
     1    0.00                           _093_ (net)
                  0.05    0.00    1.24 v _243_/B1 (sky130_fd_sc_hd__a2111o_2)
                  0.11    0.53    1.77 v _243_/X (sky130_fd_sc_hd__a2111o_2)
     7    0.02                           _096_ (net)
                  0.11    0.00    1.78 v _244_/D (sky130_fd_sc_hd__and4_1)
                  0.06    0.26    2.03 v _244_/X (sky130_fd_sc_hd__and4_1)
     2    0.01                           _097_ (net)
                  0.06    0.00    2.03 v _247_/A_N (sky130_fd_sc_hd__and3b_1)
                  0.05    0.21    2.24 ^ _247_/X (sky130_fd_sc_hd__and3b_1)
     1    0.00                           _100_ (net)
                  0.05    0.00    2.24 ^ _248_/A (sky130_fd_sc_hd__buf_2)
                  0.16    0.20    2.45 ^ _248_/X (sky130_fd_sc_hd__buf_2)
     7    0.03                           _002_ (net)
                  0.16    0.00    2.45 ^ _389_/S (sky130_fd_sc_hd__mux2_1)
                  0.05    0.35    2.80 v _389_/X (sky130_fd_sc_hd__mux2_1)
     1    0.00                           _190_ (net)
                  0.05    0.00    2.80 v _390_/A (sky130_fd_sc_hd__clkbuf_1)
                  0.02    0.09    2.89 v _390_/X (sky130_fd_sc_hd__clkbuf_1)
     1    0.00                           _053_ (net)
                  0.02    0.00    2.89 v _474_/D (sky130_fd_sc_hd__dfrtp_1)
                                  2.89   data arrival time

                         25.00   25.00   clock clk (rise edge)
                          0.00   25.00   clock source latency
                  0.10    0.06   25.06 ^ clk (in)
     1    0.02                           clk (net)
                  0.10    0.00   25.06 ^ clkbuf_0_clk/A (sky130_fd_sc_hd__clkbuf_16)
                  0.10    0.18   25.24 ^ clkbuf_0_clk/X (sky130_fd_sc_hd__clkbuf_16)
     8    0.08                           clknet_0_clk (net)
                  0.10    0.00   25.25 ^ clkbuf_3_5__f_clk/A (sky130_fd_sc_hd__clkbuf_16)
                  0.04    0.14   25.38 ^ clkbuf_3_5__f_clk/X (sky130_fd_sc_hd__clkbuf_16)
     7    0.02                           clknet_3_5__leaf_clk (net)
                  0.04    0.00   25.39 ^ _474_/CLK (sky130_fd_sc_hd__dfrtp_1)
                         -0.25   25.14   clock uncertainty
                          0.03   25.16   clock reconvergence pessimism
                         -0.11   25.06   library setup time
                                 25.06   data required time
-----------------------------------------------------------------------------
                                 25.06   data required time
                                 -2.89   data arrival time
-----------------------------------------------------------------------------
                                 22.17   slack (MET)


Startpoint: _475_ (rising edge-triggered flip-flop clocked by clk)
Endpoint: _472_ (rising edge-triggered flip-flop clocked by clk)
Path Group: clk
Path Type: max

Fanout     Cap    Slew   Delay    Time   Description
-----------------------------------------------------------------------------
                          0.00    0.00   clock clk (rise edge)
                          0.00    0.00   clock source latency
                  0.10    0.07    0.07 ^ clk (in)
     1    0.02                           clk (net)
                  0.10    0.00    0.07 ^ clkbuf_0_clk/A (sky130_fd_sc_hd__clkbuf_16)
                  0.10    0.20    0.27 ^ clkbuf_0_clk/X (sky130_fd_sc_hd__clkbuf_16)
     8    0.08                           clknet_0_clk (net)
                  0.10    0.00    0.27 ^ clkbuf_3_7__f_clk/A (sky130_fd_sc_hd__clkbuf_16)
                  0.04    0.15    0.42 ^ clkbuf_3_7__f_clk/X (sky130_fd_sc_hd__clkbuf_16)
     7    0.02                           clknet_3_7__leaf_clk (net)
                  0.04    0.00    0.42 ^ _475_/CLK (sky130_fd_sc_hd__dfrtp_4)
                  0.10    0.55    0.97 v _475_/Q (sky130_fd_sc_hd__dfrtp_4)
     7    0.03                           u_sort.bucket_counter[0] (net)
                  0.10    0.00    0.97 v _217_/A (sky130_fd_sc_hd__inv_2)
                  0.16    0.17    1.14 ^ _217_/Y (sky130_fd_sc_hd__inv_2)
     9    0.03                           _070_ (net)
                  0.16    0.00    1.14 ^ _240_/A1 (sky130_fd_sc_hd__o21ai_1)
                  0.05    0.10    1.24 v _240_/Y (sky130_fd_sc_hd__o21ai_1)
     1    0.00                           _093_ (net)
                  0.05    0.00    1.24 v _243_/B1 (sky130_fd_sc_hd__a2111o_2)
                  0.11    0.53    1.77 v _243_/X (sky130_fd_sc_hd__a2111o_2)
     7    0.02                           _096_ (net)
                  0.11    0.00    1.78 v _244_/D (sky130_fd_sc_hd__and4_1)
                  0.06    0.26    2.03 v _244_/X (sky130_fd_sc_hd__and4_1)
     2    0.01                           _097_ (net)
                  0.06    0.00    2.03 v _247_/A_N (sky130_fd_sc_hd__and3b_1)
                  0.05    0.21    2.24 ^ _247_/X (sky130_fd_sc_hd__and3b_1)
     1    0.00                           _100_ (net)
                  0.05    0.00    2.24 ^ _248_/A (sky130_fd_sc_hd__buf_2)
                  0.16    0.20    2.45 ^ _248_/X (sky130_fd_sc_hd__buf_2)
     7    0.03                           _002_ (net)
                  0.16    0.00    2.45 ^ _384_/S (sky130_fd_sc_hd__mux2_1)
                  0.05    0.35    2.80 v _384_/X (sky130_fd_sc_hd__mux2_1)
     1    0.00                           _187_ (net)
                  0.05    0.00    2.80 v _385_/A (sky130_fd_sc_hd__clkbuf_1)
                  0.02    0.09    2.89 v _385_/X (sky130_fd_sc_hd__clkbuf_1)
     1    0.00                           _051_ (net)
                  0.02    0.00    2.89 v _472_/D (sky130_fd_sc_hd__dfrtp_1)
                                  2.89   data arrival time

                         25.00   25.00   clock clk (rise edge)
                          0.00   25.00   clock source latency
                  0.10    0.06   25.06 ^ clk (in)
     1    0.02                           clk (net)
                  0.10    0.00   25.06 ^ clkbuf_0_clk/A (sky130_fd_sc_hd__clkbuf_16)
                  0.10    0.18   25.24 ^ clkbuf_0_clk/X (sky130_fd_sc_hd__clkbuf_16)
     8    0.08                           clknet_0_clk (net)
                  0.10    0.00   25.25 ^ clkbuf_3_5__f_clk/A (sky130_fd_sc_hd__clkbuf_16)
                  0.04    0.14   25.38 ^ clkbuf_3_5__f_clk/X (sky130_fd_sc_hd__clkbuf_16)
     7    0.02                           clknet_3_5__leaf_clk (net)
                  0.04    0.00   25.39 ^ _472_/CLK (sky130_fd_sc_hd__dfrtp_1)
                         -0.25   25.14   clock uncertainty
                          0.03   25.16   clock reconvergence pessimism
                         -0.11   25.06   library setup time
                                 25.06   data required time
-----------------------------------------------------------------------------
                                 25.06   data required time
                                 -2.89   data arrival time
-----------------------------------------------------------------------------
                                 22.17   slack (MET)


Startpoint: _475_ (rising edge-triggered flip-flop clocked by clk)
Endpoint: _469_ (rising edge-triggered flip-flop clocked by clk)
Path Group: clk
Path Type: max

Fanout     Cap    Slew   Delay    Time   Description
-----------------------------------------------------------------------------
                          0.00    0.00   clock clk (rise edge)
                          0.00    0.00   clock source latency
                  0.10    0.07    0.07 ^ clk (in)
     1    0.02                           clk (net)
                  0.10    0.00    0.07 ^ clkbuf_0_clk/A (sky130_fd_sc_hd__clkbuf_16)
                  0.10    0.20    0.27 ^ clkbuf_0_clk/X (sky130_fd_sc_hd__clkbuf_16)
     8    0.08                           clknet_0_clk (net)
                  0.10    0.00    0.27 ^ clkbuf_3_7__f_clk/A (sky130_fd_sc_hd__clkbuf_16)
                  0.04    0.15    0.42 ^ clkbuf_3_7__f_clk/X (sky130_fd_sc_hd__clkbuf_16)
     7    0.02                           clknet_3_7__leaf_clk (net)
                  0.04    0.00    0.42 ^ _475_/CLK (sky130_fd_sc_hd__dfrtp_4)
                  0.10    0.55    0.97 v _475_/Q (sky130_fd_sc_hd__dfrtp_4)
     7    0.03                           u_sort.bucket_counter[0] (net)
                  0.10    0.00    0.97 v _217_/A (sky130_fd_sc_hd__inv_2)
                  0.16    0.17    1.14 ^ _217_/Y (sky130_fd_sc_hd__inv_2)
     9    0.03                           _070_ (net)
                  0.16    0.00    1.14 ^ _240_/A1 (sky130_fd_sc_hd__o21ai_1)
                  0.05    0.10    1.24 v _240_/Y (sky130_fd_sc_hd__o21ai_1)
     1    0.00                           _093_ (net)
                  0.05    0.00    1.24 v _243_/B1 (sky130_fd_sc_hd__a2111o_2)
                  0.11    0.53    1.77 v _243_/X (sky130_fd_sc_hd__a2111o_2)
     7    0.02                           _096_ (net)
                  0.11    0.00    1.78 v _244_/D (sky130_fd_sc_hd__and4_1)
                  0.06    0.26    2.03 v _244_/X (sky130_fd_sc_hd__and4_1)
     2    0.01                           _097_ (net)
                  0.06    0.00    2.03 v _247_/A_N (sky130_fd_sc_hd__and3b_1)
                  0.05    0.21    2.24 ^ _247_/X (sky130_fd_sc_hd__and3b_1)
     1    0.00                           _100_ (net)
                  0.05    0.00    2.24 ^ _248_/A (sky130_fd_sc_hd__buf_2)
                  0.16    0.20    2.45 ^ _248_/X (sky130_fd_sc_hd__buf_2)
     7    0.03                           _002_ (net)
                  0.16    0.00    2.45 ^ _378_/S (sky130_fd_sc_hd__mux2_1)
                  0.06    0.36    2.80 v _378_/X (sky130_fd_sc_hd__mux2_1)
     1    0.00                           _183_ (net)
                  0.06    0.00    2.80 v _379_/A (sky130_fd_sc_hd__clkbuf_1)
                  0.02    0.10    2.90 v _379_/X (sky130_fd_sc_hd__clkbuf_1)
     1    0.00                           _049_ (net)
                  0.02    0.00    2.90 v _469_/D (sky130_fd_sc_hd__dfrtp_1)
                                  2.90   data arrival time

                         25.00   25.00   clock clk (rise edge)
                          0.00   25.00   clock source latency
                  0.10    0.06   25.06 ^ clk (in)
     1    0.02                           clk (net)
                  0.10    0.00   25.06 ^ clkbuf_0_clk/A (sky130_fd_sc_hd__clkbuf_16)
                  0.10    0.18   25.24 ^ clkbuf_0_clk/X (sky130_fd_sc_hd__clkbuf_16)
     8    0.08                           clknet_0_clk (net)
                  0.10    0.00   25.25 ^ clkbuf_3_7__f_clk/A (sky130_fd_sc_hd__clkbuf_16)
                  0.04    0.14   25.38 ^ clkbuf_3_7__f_clk/X (sky130_fd_sc_hd__clkbuf_16)
     7    0.02                           clknet_3_7__leaf_clk (net)
                  0.04    0.00   25.38 ^ _469_/CLK (sky130_fd_sc_hd__dfrtp_1)
                         -0.25   25.13   clock uncertainty
                          0.04   25.17   clock reconvergence pessimism
                         -0.11   25.07   library setup time
                                 25.07   data required time
-----------------------------------------------------------------------------
                                 25.07   data required time
                                 -2.90   data arrival time
-----------------------------------------------------------------------------
                                 22.17   slack (MET)


Startpoint: _475_ (rising edge-triggered flip-flop clocked by clk)
Endpoint: _470_ (rising edge-triggered flip-flop clocked by clk)
Path Group: clk
Path Type: max

Fanout     Cap    Slew   Delay    Time   Description
-----------------------------------------------------------------------------
                          0.00    0.00   clock clk (rise edge)
                          0.00    0.00   clock source latency
                  0.10    0.07    0.07 ^ clk (in)
     1    0.02                           clk (net)
                  0.10    0.00    0.07 ^ clkbuf_0_clk/A (sky130_fd_sc_hd__clkbuf_16)
                  0.10    0.20    0.27 ^ clkbuf_0_clk/X (sky130_fd_sc_hd__clkbuf_16)
     8    0.08                           clknet_0_clk (net)
                  0.10    0.00    0.27 ^ clkbuf_3_7__f_clk/A (sky130_fd_sc_hd__clkbuf_16)
                  0.04    0.15    0.42 ^ clkbuf_3_7__f_clk/X (sky130_fd_sc_hd__clkbuf_16)
     7    0.02                           clknet_3_7__leaf_clk (net)
                  0.04    0.00    0.42 ^ _475_/CLK (sky130_fd_sc_hd__dfrtp_4)
                  0.10    0.55    0.97 v _475_/Q (sky130_fd_sc_hd__dfrtp_4)
     7    0.03                           u_sort.bucket_counter[0] (net)
                  0.10    0.00    0.97 v _217_/A (sky130_fd_sc_hd__inv_2)
                  0.16    0.17    1.14 ^ _217_/Y (sky130_fd_sc_hd__inv_2)
     9    0.03                           _070_ (net)
                  0.16    0.00    1.14 ^ _240_/A1 (sky130_fd_sc_hd__o21ai_1)
                  0.05    0.10    1.24 v _240_/Y (sky130_fd_sc_hd__o21ai_1)
     1    0.00                           _093_ (net)
                  0.05    0.00    1.24 v _243_/B1 (sky130_fd_sc_hd__a2111o_2)
                  0.11    0.53    1.77 v _243_/X (sky130_fd_sc_hd__a2111o_2)
     7    0.02                           _096_ (net)
                  0.11    0.00    1.78 v _244_/D (sky130_fd_sc_hd__and4_1)
                  0.06    0.26    2.03 v _244_/X (sky130_fd_sc_hd__and4_1)
     2    0.01                           _097_ (net)
                  0.06    0.00    2.03 v _247_/A_N (sky130_fd_sc_hd__and3b_1)
                  0.05    0.21    2.24 ^ _247_/X (sky130_fd_sc_hd__and3b_1)
     1    0.00                           _100_ (net)
                  0.05    0.00    2.24 ^ _248_/A (sky130_fd_sc_hd__buf_2)
                  0.16    0.20    2.45 ^ _248_/X (sky130_fd_sc_hd__buf_2)
     7    0.03                           _002_ (net)
                  0.16    0.00    2.45 ^ _380_/S (sky130_fd_sc_hd__mux2_1)
                  0.06    0.35    2.80 v _380_/X (sky130_fd_sc_hd__mux2_1)
     1    0.00                           _184_ (net)
                  0.06    0.00    2.80 v _381_/A (sky130_fd_sc_hd__clkbuf_1)
                  0.02    0.09    2.89 v _381_/X (sky130_fd_sc_hd__clkbuf_1)
     1    0.00                           _050_ (net)
                  0.02    0.00    2.89 v _470_/D (sky130_fd_sc_hd__dfrtp_1)
                                  2.89   data arrival time

                         25.00   25.00   clock clk (rise edge)
                          0.00   25.00   clock source latency
                  0.10    0.06   25.06 ^ clk (in)
     1    0.02                           clk (net)
                  0.10    0.00   25.06 ^ clkbuf_0_clk/A (sky130_fd_sc_hd__clkbuf_16)
                  0.10    0.18   25.24 ^ clkbuf_0_clk/X (sky130_fd_sc_hd__clkbuf_16)
     8    0.08                           clknet_0_clk (net)
                  0.10    0.00   25.25 ^ clkbuf_3_7__f_clk/A (sky130_fd_sc_hd__clkbuf_16)
                  0.04    0.14   25.38 ^ clkbuf_3_7__f_clk/X (sky130_fd_sc_hd__clkbuf_16)
     7    0.02                           clknet_3_7__leaf_clk (net)
                  0.04    0.00   25.38 ^ _470_/CLK (sky130_fd_sc_hd__dfrtp_1)
                         -0.25   25.13   clock uncertainty
                          0.04   25.17   clock reconvergence pessimism
                         -0.11   25.07   library setup time
                                 25.07   data required time
-----------------------------------------------------------------------------
                                 25.07   data required time
                                 -2.89   data arrival time
-----------------------------------------------------------------------------
                                 22.17   slack (MET)


Startpoint: _475_ (rising edge-triggered flip-flop clocked by clk)
Endpoint: _476_ (rising edge-triggered flip-flop clocked by clk)
Path Group: clk
Path Type: max

Fanout     Cap    Slew   Delay    Time   Description
-----------------------------------------------------------------------------
                          0.00    0.00   clock clk (rise edge)
                          0.00    0.00   clock source latency
                  0.10    0.07    0.07 ^ clk (in)
     1    0.02                           clk (net)
                  0.10    0.00    0.07 ^ clkbuf_0_clk/A (sky130_fd_sc_hd__clkbuf_16)
                  0.10    0.20    0.27 ^ clkbuf_0_clk/X (sky130_fd_sc_hd__clkbuf_16)
     8    0.08                           clknet_0_clk (net)
                  0.10    0.00    0.27 ^ clkbuf_3_7__f_clk/A (sky130_fd_sc_hd__clkbuf_16)
                  0.04    0.15    0.42 ^ clkbuf_3_7__f_clk/X (sky130_fd_sc_hd__clkbuf_16)
     7    0.02                           clknet_3_7__leaf_clk (net)
                  0.04    0.00    0.42 ^ _475_/CLK (sky130_fd_sc_hd__dfrtp_4)
                  0.10    0.55    0.97 v _475_/Q (sky130_fd_sc_hd__dfrtp_4)
     7    0.03                           u_sort.bucket_counter[0] (net)
                  0.10    0.00    0.97 v _217_/A (sky130_fd_sc_hd__inv_2)
                  0.16    0.17    1.14 ^ _217_/Y (sky130_fd_sc_hd__inv_2)
     9    0.03                           _070_ (net)
                  0.16    0.00    1.14 ^ _240_/A1 (sky130_fd_sc_hd__o21ai_1)
                  0.05    0.10    1.24 v _240_/Y (sky130_fd_sc_hd__o21ai_1)
     1    0.00                           _093_ (net)
                  0.05    0.00    1.24 v _243_/B1 (sky130_fd_sc_hd__a2111o_2)
                  0.11    0.53    1.77 v _243_/X (sky130_fd_sc_hd__a2111o_2)
     7    0.02                           _096_ (net)
                  0.11    0.00    1.78 v _250_/D (sky130_fd_sc_hd__and4b_1)
                  0.08    0.28    2.06 v _250_/X (sky130_fd_sc_hd__and4b_1)
     3    0.01                           _102_ (net)
                  0.08    0.00    2.06 v _259_/A2 (sky130_fd_sc_hd__o2111a_2)
                  0.08    0.32    2.38 v _259_/X (sky130_fd_sc_hd__o2111a_2)
     7    0.02                           _111_ (net)
                  0.08    0.00    2.38 v _399_/B1 (sky130_fd_sc_hd__a211o_1)
                  0.05    0.28    2.66 v _399_/X (sky130_fd_sc_hd__a211o_1)
     1    0.00                           _198_ (net)
                  0.05    0.00    2.66 v _400_/B1 (sky130_fd_sc_hd__o211a_1)
                  0.04    0.12    2.78 v _400_/X (sky130_fd_sc_hd__o211a_1)
     1    0.00                           _055_ (net)
                  0.04    0.00    2.78 v _476_/D (sky130_fd_sc_hd__dfrtp_1)
                                  2.78   data arrival time

                         25.00   25.00   clock clk (rise edge)
                          0.00   25.00   clock source latency
                  0.10    0.06   25.06 ^ clk (in)
     1    0.02                           clk (net)
                  0.10    0.00   25.06 ^ clkbuf_0_clk/A (sky130_fd_sc_hd__clkbuf_16)
                  0.10    0.18   25.24 ^ clkbuf_0_clk/X (sky130_fd_sc_hd__clkbuf_16)
     8    0.08                           clknet_0_clk (net)
                  0.10    0.00   25.25 ^ clkbuf_3_7__f_clk/A (sky130_fd_sc_hd__clkbuf_16)
                  0.04    0.14   25.38 ^ clkbuf_3_7__f_clk/X (sky130_fd_sc_hd__clkbuf_16)
     7    0.02                           clknet_3_7__leaf_clk (net)
                  0.04    0.00   25.38 ^ _476_/CLK (sky130_fd_sc_hd__dfrtp_1)
                         -0.25   25.13   clock uncertainty
                          0.04   25.17   clock reconvergence pessimism
                         -0.11   25.06   library setup time
                                 25.06   data required time
-----------------------------------------------------------------------------
                                 25.06   data required time
                                 -2.78   data arrival time
-----------------------------------------------------------------------------
                                 22.28   slack (MET)


Startpoint: _475_ (rising edge-triggered flip-flop clocked by clk)
Endpoint: _482_ (rising edge-triggered flip-flop clocked by clk)
Path Group: clk
Path Type: max

Fanout     Cap    Slew   Delay    Time   Description
-----------------------------------------------------------------------------
                          0.00    0.00   clock clk (rise edge)
                          0.00    0.00   clock source latency
                  0.10    0.07    0.07 ^ clk (in)
     1    0.02                           clk (net)
                  0.10    0.00    0.07 ^ clkbuf_0_clk/A (sky130_fd_sc_hd__clkbuf_16)
                  0.10    0.20    0.27 ^ clkbuf_0_clk/X (sky130_fd_sc_hd__clkbuf_16)
     8    0.08                           clknet_0_clk (net)
                  0.10    0.00    0.27 ^ clkbuf_3_7__f_clk/A (sky130_fd_sc_hd__clkbuf_16)
                  0.04    0.15    0.42 ^ clkbuf_3_7__f_clk/X (sky130_fd_sc_hd__clkbuf_16)
     7    0.02                           clknet_3_7__leaf_clk (net)
                  0.04    0.00    0.42 ^ _475_/CLK (sky130_fd_sc_hd__dfrtp_4)
                  0.10    0.55    0.97 v _475_/Q (sky130_fd_sc_hd__dfrtp_4)
     7    0.03                           u_sort.bucket_counter[0] (net)
                  0.10    0.00    0.97 v _217_/A (sky130_fd_sc_hd__inv_2)
                  0.16    0.17    1.14 ^ _217_/Y (sky130_fd_sc_hd__inv_2)
     9    0.03                           _070_ (net)
                  0.16    0.00    1.14 ^ _236_/A1 (sky130_fd_sc_hd__o21ai_1)
                  0.07    0.12    1.26 v _236_/Y (sky130_fd_sc_hd__o21ai_1)
     2    0.01                           _089_ (net)
                  0.07    0.00    1.26 v _251_/B1 (sky130_fd_sc_hd__a2111oi_1)
                  0.37    0.43    1.68 ^ _251_/Y (sky130_fd_sc_hd__a2111oi_1)
     1    0.00                           _103_ (net)
                  0.37    0.00    1.68 ^ wire26/A (sky130_fd_sc_hd__clkbuf_1)
                  0.09    0.17    1.85 ^ wire26/X (sky130_fd_sc_hd__clkbuf_1)
     2    0.01                           net26 (net)
                  0.09    0.00    1.85 ^ _382_/A (sky130_fd_sc_hd__nand2_1)
                  0.07    0.10    1.95 v _382_/Y (sky130_fd_sc_hd__nand2_1)
     2    0.01                           _185_ (net)
                  0.07    0.00    1.95 v _411_/A3 (sky130_fd_sc_hd__o31a_1)
                  0.04    0.25    2.20 v _411_/X (sky130_fd_sc_hd__o31a_1)
     1    0.00                           _205_ (net)
                  0.04    0.00    2.20 v _412_/B (sky130_fd_sc_hd__or2_1)
                  0.05    0.21    2.41 v _412_/X (sky130_fd_sc_hd__or2_1)
     1    0.00                           _206_ (net)
                  0.05    0.00    2.41 v _413_/A (sky130_fd_sc_hd__clkbuf_1)
                  0.03    0.10    2.50 v _413_/X (sky130_fd_sc_hd__clkbuf_1)
     1    0.00                           _060_ (net)
                  0.03    0.00    2.50 v _482_/D (sky130_fd_sc_hd__dfrtp_1)
                                  2.50   data arrival time

                         25.00   25.00   clock clk (rise edge)
                          0.00   25.00   clock source latency
                  0.10    0.06   25.06 ^ clk (in)
     1    0.02                           clk (net)
                  0.10    0.00   25.06 ^ clkbuf_0_clk/A (sky130_fd_sc_hd__clkbuf_16)
                  0.10    0.18   25.24 ^ clkbuf_0_clk/X (sky130_fd_sc_hd__clkbuf_16)
     8    0.08                           clknet_0_clk (net)
                  0.10    0.00   25.25 ^ clkbuf_3_6__f_clk/A (sky130_fd_sc_hd__clkbuf_16)
                  0.04    0.14   25.38 ^ clkbuf_3_6__f_clk/X (sky130_fd_sc_hd__clkbuf_16)
     6    0.02                           clknet_3_6__leaf_clk (net)
                  0.04    0.00   25.38 ^ _482_/CLK (sky130_fd_sc_hd__dfrtp_1)
                         -0.25   25.13   clock uncertainty
                          0.03   25.16   clock reconvergence pessimism
                         -0.11   25.05   library setup time
                                 25.05   data required time
-----------------------------------------------------------------------------
                                 25.05   data required time
                                 -2.50   data arrival time
-----------------------------------------------------------------------------
                                 22.55   slack (MET)


Startpoint: _476_ (rising edge-triggered flip-flop clocked by clk)
Endpoint: _483_ (rising edge-triggered flip-flop clocked by clk)
Path Group: clk
Path Type: max

Fanout     Cap    Slew   Delay    Time   Description
-----------------------------------------------------------------------------
                          0.00    0.00   clock clk (rise edge)
                          0.00    0.00   clock source latency
                  0.10    0.07    0.07 ^ clk (in)
     1    0.02                           clk (net)
                  0.10    0.00    0.07 ^ clkbuf_0_clk/A (sky130_fd_sc_hd__clkbuf_16)
                  0.10    0.20    0.27 ^ clkbuf_0_clk/X (sky130_fd_sc_hd__clkbuf_16)
     8    0.08                           clknet_0_clk (net)
                  0.10    0.00    0.27 ^ clkbuf_3_7__f_clk/A (sky130_fd_sc_hd__clkbuf_16)
                  0.04    0.15    0.42 ^ clkbuf_3_7__f_clk/X (sky130_fd_sc_hd__clkbuf_16)
     7    0.02                           clknet_3_7__leaf_clk (net)
                  0.04    0.00    0.42 ^ _476_/CLK (sky130_fd_sc_hd__dfrtp_1)
                  0.04    0.36    0.79 v _476_/Q (sky130_fd_sc_hd__dfrtp_1)
     1    0.00                           u_sort.bucket_counter[1] (net)
                  0.04    0.00    0.79 v _218_/A (sky130_fd_sc_hd__clkbuf_4)
                  0.10    0.20    0.99 v _218_/X (sky130_fd_sc_hd__clkbuf_4)
    10    0.04                           _071_ (net)
                  0.10    0.00    0.99 v _219_/A (sky130_fd_sc_hd__or2_1)
                  0.05    0.25    1.24 v _219_/X (sky130_fd_sc_hd__or2_1)
     1    0.00                           _072_ (net)
                  0.05    0.00    1.24 v _223_/B1 (sky130_fd_sc_hd__a221o_1)
                  0.05    0.30    1.54 v _223_/X (sky130_fd_sc_hd__a221o_1)
     1    0.00                           _076_ (net)
                  0.05    0.00    1.54 v _224_/C1 (sky130_fd_sc_hd__a211o_1)
                  0.07    0.26    1.80 v _224_/X (sky130_fd_sc_hd__a211o_1)
     2    0.01                           _077_ (net)
                  0.07    0.00    1.80 v _250_/A_N (sky130_fd_sc_hd__and4b_1)
                  0.14    0.33    2.13 ^ _250_/X (sky130_fd_sc_hd__and4b_1)
     3    0.01                           _102_ (net)
                  0.14    0.00    2.13 ^ _414_/A2 (sky130_fd_sc_hd__a21oi_1)
                  0.05    0.08    2.21 v _414_/Y (sky130_fd_sc_hd__a21oi_1)
     1    0.00                           _207_ (net)
                  0.05    0.00    2.21 v _415_/B (sky130_fd_sc_hd__or2_1)
                  0.05    0.21    2.42 v _415_/X (sky130_fd_sc_hd__or2_1)
     1    0.00                           _208_ (net)
                  0.05    0.00    2.42 v _416_/A (sky130_fd_sc_hd__clkbuf_1)
                  0.02    0.09    2.51 v _416_/X (sky130_fd_sc_hd__clkbuf_1)
     1    0.00                           _061_ (net)
                  0.02    0.00    2.51 v _483_/D (sky130_fd_sc_hd__dfrtp_1)
                                  2.51   data arrival time

                         25.00   25.00   clock clk (rise edge)
                          0.00   25.00   clock source latency
                  0.10    0.06   25.06 ^ clk (in)
     1    0.02                           clk (net)
                  0.10    0.00   25.06 ^ clkbuf_0_clk/A (sky130_fd_sc_hd__clkbuf_16)
                  0.10    0.18   25.24 ^ clkbuf_0_clk/X (sky130_fd_sc_hd__clkbuf_16)
     8    0.08                           clknet_0_clk (net)
                  0.10    0.00   25.25 ^ clkbuf_3_7__f_clk/A (sky130_fd_sc_hd__clkbuf_16)
                  0.04    0.14   25.38 ^ clkbuf_3_7__f_clk/X (sky130_fd_sc_hd__clkbuf_16)
     7    0.02                           clknet_3_7__leaf_clk (net)
                  0.04    0.00   25.38 ^ _483_/CLK (sky130_fd_sc_hd__dfrtp_1)
                         -0.25   25.13   clock uncertainty
                          0.04   25.17   clock reconvergence pessimism
                         -0.11   25.07   library setup time
                                 25.07   data required time
-----------------------------------------------------------------------------
                                 25.07   data required time
                                 -2.51   data arrival time
-----------------------------------------------------------------------------
                                 22.56   slack (MET)


Startpoint: _476_ (rising edge-triggered flip-flop clocked by clk)
Endpoint: _478_ (rising edge-triggered flip-flop clocked by clk)
Path Group: clk
Path Type: max

Fanout     Cap    Slew   Delay    Time   Description
-----------------------------------------------------------------------------
                          0.00    0.00   clock clk (rise edge)
                          0.00    0.00   clock source latency
                  0.10    0.07    0.07 ^ clk (in)
     1    0.02                           clk (net)
                  0.10    0.00    0.07 ^ clkbuf_0_clk/A (sky130_fd_sc_hd__clkbuf_16)
                  0.10    0.20    0.27 ^ clkbuf_0_clk/X (sky130_fd_sc_hd__clkbuf_16)
     8    0.08                           clknet_0_clk (net)
                  0.10    0.00    0.27 ^ clkbuf_3_7__f_clk/A (sky130_fd_sc_hd__clkbuf_16)
                  0.04    0.15    0.42 ^ clkbuf_3_7__f_clk/X (sky130_fd_sc_hd__clkbuf_16)
     7    0.02                           clknet_3_7__leaf_clk (net)
                  0.04    0.00    0.42 ^ _476_/CLK (sky130_fd_sc_hd__dfrtp_1)
                  0.04    0.36    0.79 v _476_/Q (sky130_fd_sc_hd__dfrtp_1)
     1    0.00                           u_sort.bucket_counter[1] (net)
                  0.04    0.00    0.79 v _218_/A (sky130_fd_sc_hd__clkbuf_4)
                  0.10    0.20    0.99 v _218_/X (sky130_fd_sc_hd__clkbuf_4)
    10    0.04                           _071_ (net)
                  0.10    0.00    0.99 v _219_/A (sky130_fd_sc_hd__or2_1)
                  0.05    0.25    1.24 v _219_/X (sky130_fd_sc_hd__or2_1)
     1    0.00                           _072_ (net)
                  0.05    0.00    1.24 v _223_/B1 (sky130_fd_sc_hd__a221o_1)
                  0.05    0.30    1.54 v _223_/X (sky130_fd_sc_hd__a221o_1)
     1    0.00                           _076_ (net)
                  0.05    0.00    1.54 v _224_/C1 (sky130_fd_sc_hd__a211o_1)
                  0.07    0.26    1.80 v _224_/X (sky130_fd_sc_hd__a211o_1)
     2    0.01                           _077_ (net)
                  0.07    0.00    1.80 v _250_/A_N (sky130_fd_sc_hd__and4b_1)
                  0.14    0.33    2.13 ^ _250_/X (sky130_fd_sc_hd__and4b_1)
     3    0.01                           _102_ (net)
                  0.14    0.00    2.13 ^ _259_/A2 (sky130_fd_sc_hd__o2111a_2)
                  0.13    0.28    2.41 ^ _259_/X (sky130_fd_sc_hd__o2111a_2)
     7    0.02                           _111_ (net)
                  0.13    0.00    2.41 ^ _260_/A2 (sky130_fd_sc_hd__o21ai_1)
                  0.05    0.07    2.48 v _260_/Y (sky130_fd_sc_hd__o21ai_1)
     1    0.00                           _001_ (net)
                  0.05    0.00    2.49 v _478_/D (sky130_fd_sc_hd__dfrtp_1)
                                  2.49   data arrival time

                         25.00   25.00   clock clk (rise edge)
                          0.00   25.00   clock source latency
                  0.10    0.06   25.06 ^ clk (in)
     1    0.02                           clk (net)
                  0.10    0.00   25.06 ^ clkbuf_0_clk/A (sky130_fd_sc_hd__clkbuf_16)
                  0.10    0.18   25.24 ^ clkbuf_0_clk/X (sky130_fd_sc_hd__clkbuf_16)
     8    0.08                           clknet_0_clk (net)
                  0.10    0.00   25.25 ^ clkbuf_3_5__f_clk/A (sky130_fd_sc_hd__clkbuf_16)
                  0.04    0.14   25.38 ^ clkbuf_3_5__f_clk/X (sky130_fd_sc_hd__clkbuf_16)
     7    0.02                           clknet_3_5__leaf_clk (net)
                  0.04    0.00   25.39 ^ _478_/CLK (sky130_fd_sc_hd__dfrtp_1)
                         -0.25   25.14   clock uncertainty
                          0.03   25.16   clock reconvergence pessimism
                         -0.12   25.05   library setup time
                                 25.05   data required time
-----------------------------------------------------------------------------
                                 25.05   data required time
                                 -2.49   data arrival time
-----------------------------------------------------------------------------
                                 22.56   slack (MET)


Startpoint: _475_ (rising edge-triggered flip-flop clocked by clk)
Endpoint: _471_ (rising edge-triggered flip-flop clocked by clk)
Path Group: clk
Path Type: max

Fanout     Cap    Slew   Delay    Time   Description
-----------------------------------------------------------------------------
                          0.00    0.00   clock clk (rise edge)
                          0.00    0.00   clock source latency
                  0.10    0.07    0.07 ^ clk (in)
     1    0.02                           clk (net)
                  0.10    0.00    0.07 ^ clkbuf_0_clk/A (sky130_fd_sc_hd__clkbuf_16)
                  0.10    0.20    0.27 ^ clkbuf_0_clk/X (sky130_fd_sc_hd__clkbuf_16)
     8    0.08                           clknet_0_clk (net)
                  0.10    0.00    0.27 ^ clkbuf_3_7__f_clk/A (sky130_fd_sc_hd__clkbuf_16)
                  0.04    0.15    0.42 ^ clkbuf_3_7__f_clk/X (sky130_fd_sc_hd__clkbuf_16)
     7    0.02                           clknet_3_7__leaf_clk (net)
                  0.04    0.00    0.42 ^ _475_/CLK (sky130_fd_sc_hd__dfrtp_4)
                  0.10    0.55    0.97 v _475_/Q (sky130_fd_sc_hd__dfrtp_4)
     7    0.03                           u_sort.bucket_counter[0] (net)
                  0.10    0.00    0.97 v _217_/A (sky130_fd_sc_hd__inv_2)
                  0.16    0.17    1.14 ^ _217_/Y (sky130_fd_sc_hd__inv_2)
     9    0.03                           _070_ (net)
                  0.16    0.00    1.14 ^ _240_/A1 (sky130_fd_sc_hd__o21ai_1)
                  0.05    0.10    1.24 v _240_/Y (sky130_fd_sc_hd__o21ai_1)
     1    0.00                           _093_ (net)
                  0.05    0.00    1.24 v _243_/B1 (sky130_fd_sc_hd__a2111o_2)
                  0.11    0.53    1.77 v _243_/X (sky130_fd_sc_hd__a2111o_2)
     7    0.02                           _096_ (net)
                  0.11    0.00    1.78 v _244_/D (sky130_fd_sc_hd__and4_1)
                  0.06    0.26    2.03 v _244_/X (sky130_fd_sc_hd__and4_1)
     2    0.01                           _097_ (net)
                  0.06    0.00    2.03 v _247_/A_N (sky130_fd_sc_hd__and3b_1)
                  0.05    0.21    2.24 ^ _247_/X (sky130_fd_sc_hd__and3b_1)
     1    0.00                           _100_ (net)
                  0.05    0.00    2.24 ^ _248_/A (sky130_fd_sc_hd__buf_2)
                  0.16    0.20    2.45 ^ _248_/X (sky130_fd_sc_hd__buf_2)
     7    0.03                           _002_ (net)
                  0.16    0.00    2.45 ^ _471_/D (sky130_fd_sc_hd__dfrtp_1)
                                  2.45   data arrival time

                         25.00   25.00   clock clk (rise edge)
                          0.00   25.00   clock source latency
                  0.10    0.06   25.06 ^ clk (in)
     1    0.02                           clk (net)
                  0.10    0.00   25.06 ^ clkbuf_0_clk/A (sky130_fd_sc_hd__clkbuf_16)
                  0.10    0.18   25.24 ^ clkbuf_0_clk/X (sky130_fd_sc_hd__clkbuf_16)
     8    0.08                           clknet_0_clk (net)
                  0.10    0.00   25.25 ^ clkbuf_3_7__f_clk/A (sky130_fd_sc_hd__clkbuf_16)
                  0.04    0.14   25.38 ^ clkbuf_3_7__f_clk/X (sky130_fd_sc_hd__clkbuf_16)
     7    0.02                           clknet_3_7__leaf_clk (net)
                  0.04    0.00   25.38 ^ _471_/CLK (sky130_fd_sc_hd__dfrtp_1)
                         -0.25   25.13   clock uncertainty
                          0.04   25.17   clock reconvergence pessimism
                         -0.09   25.09   library setup time
                                 25.09   data required time
-----------------------------------------------------------------------------
                                 25.09   data required time
                                 -2.45   data arrival time
-----------------------------------------------------------------------------
                                 22.64   slack (MET)


Startpoint: _425_ (rising edge-triggered flip-flop clocked by clk)
Endpoint: _455_ (rising edge-triggered flip-flop clocked by clk)
Path Group: clk
Path Type: max

Fanout     Cap    Slew   Delay    Time   Description
-----------------------------------------------------------------------------
                          0.00    0.00   clock clk (rise edge)
                          0.00    0.00   clock source latency
                  0.10    0.07    0.07 ^ clk (in)
     1    0.02                           clk (net)
                  0.10    0.00    0.07 ^ clkbuf_0_clk/A (sky130_fd_sc_hd__clkbuf_16)
                  0.10    0.20    0.27 ^ clkbuf_0_clk/X (sky130_fd_sc_hd__clkbuf_16)
     8    0.08                           clknet_0_clk (net)
                  0.10    0.00    0.27 ^ clkbuf_3_3__f_clk/A (sky130_fd_sc_hd__clkbuf_16)
                  0.05    0.16    0.43 ^ clkbuf_3_3__f_clk/X (sky130_fd_sc_hd__clkbuf_16)
    10    0.03                           clknet_3_3__leaf_clk (net)
                  0.05    0.00    0.44 ^ _425_/CLK (sky130_fd_sc_hd__dfrtp_1)
                  0.04    0.37    0.81 v _425_/Q (sky130_fd_sc_hd__dfrtp_1)
     1    0.00                           u_am4.b_i[2] (net)
                  0.04    0.00    0.81 v hold30/A (sky130_fd_sc_hd__dlygate4sd3_1)
                  0.08    0.61    1.41 v hold30/X (sky130_fd_sc_hd__dlygate4sd3_1)
     2    0.01                           net56 (net)
                  0.08    0.00    1.41 v _350_/A1 (sky130_fd_sc_hd__mux2_1)
                  0.05    0.31    1.72 v _350_/X (sky130_fd_sc_hd__mux2_1)
     1    0.00                           _169_ (net)
                  0.05    0.00    1.72 v hold31/A (sky130_fd_sc_hd__dlygate4sd3_1)
                  0.05    0.57    2.29 v hold31/X (sky130_fd_sc_hd__dlygate4sd3_1)
     1    0.00                           net57 (net)
                  0.05    0.00    2.29 v _351_/A (sky130_fd_sc_hd__clkbuf_1)
                  0.03    0.10    2.39 v _351_/X (sky130_fd_sc_hd__clkbuf_1)
     1    0.00                           _035_ (net)
                  0.03    0.00    2.39 v _455_/D (sky130_fd_sc_hd__dfrtp_1)
                                  2.39   data arrival time

                         25.00   25.00   clock clk (rise edge)
                          0.00   25.00   clock source latency
                  0.10    0.06   25.06 ^ clk (in)
     1    0.02                           clk (net)
                  0.10    0.00   25.06 ^ clkbuf_0_clk/A (sky130_fd_sc_hd__clkbuf_16)
                  0.10    0.18   25.24 ^ clkbuf_0_clk/X (sky130_fd_sc_hd__clkbuf_16)
     8    0.08                           clknet_0_clk (net)
                  0.10    0.00   25.25 ^ clkbuf_3_6__f_clk/A (sky130_fd_sc_hd__clkbuf_16)
                  0.04    0.14   25.38 ^ clkbuf_3_6__f_clk/X (sky130_fd_sc_hd__clkbuf_16)
     6    0.02                           clknet_3_6__leaf_clk (net)
                  0.04    0.00   25.38 ^ _455_/CLK (sky130_fd_sc_hd__dfrtp_1)
                         -0.25   25.13   clock uncertainty
                          0.03   25.16   clock reconvergence pessimism
                         -0.11   25.05   library setup time
                                 25.05   data required time
-----------------------------------------------------------------------------
                                 25.05   data required time
                                 -2.39   data arrival time
-----------------------------------------------------------------------------
                                 22.66   slack (MET)


Startpoint: _440_ (rising edge-triggered flip-flop clocked by clk)
Endpoint: _464_ (rising edge-triggered flip-flop clocked by clk)
Path Group: clk
Path Type: max

Fanout     Cap    Slew   Delay    Time   Description
-----------------------------------------------------------------------------
                          0.00    0.00   clock clk (rise edge)
                          0.00    0.00   clock source latency
                  0.10    0.07    0.07 ^ clk (in)
     1    0.02                           clk (net)
                  0.10    0.00    0.07 ^ clkbuf_0_clk/A (sky130_fd_sc_hd__clkbuf_16)
                  0.10    0.20    0.27 ^ clkbuf_0_clk/X (sky130_fd_sc_hd__clkbuf_16)
     8    0.08                           clknet_0_clk (net)
                  0.10    0.00    0.27 ^ clkbuf_3_1__f_clk/A (sky130_fd_sc_hd__clkbuf_16)
                  0.04    0.15    0.43 ^ clkbuf_3_1__f_clk/X (sky130_fd_sc_hd__clkbuf_16)
     7    0.02                           clknet_3_1__leaf_clk (net)
                  0.04    0.00    0.43 ^ _440_/CLK (sky130_fd_sc_hd__dfrtp_1)
                  0.04    0.36    0.79 v _440_/Q (sky130_fd_sc_hd__dfrtp_1)
     1    0.00                           u_am1.b_i[2] (net)
                  0.04    0.00    0.79 v hold26/A (sky130_fd_sc_hd__dlygate4sd3_1)
                  0.08    0.61    1.40 v hold26/X (sky130_fd_sc_hd__dlygate4sd3_1)
     2    0.01                           net52 (net)
                  0.08    0.00    1.40 v _368_/A1 (sky130_fd_sc_hd__mux2_1)
                  0.05    0.31    1.71 v _368_/X (sky130_fd_sc_hd__mux2_1)
     1    0.00                           _178_ (net)
                  0.05    0.00    1.71 v hold27/A (sky130_fd_sc_hd__dlygate4sd3_1)
                  0.06    0.58    2.29 v hold27/X (sky130_fd_sc_hd__dlygate4sd3_1)
     1    0.00                           net53 (net)
                  0.06    0.00    2.29 v _369_/A (sky130_fd_sc_hd__clkbuf_1)
                  0.03    0.10    2.39 v _369_/X (sky130_fd_sc_hd__clkbuf_1)
     1    0.00                           _044_ (net)
                  0.03    0.00    2.39 v _464_/D (sky130_fd_sc_hd__dfrtp_1)
                                  2.39   data arrival time

                         25.00   25.00   clock clk (rise edge)
                          0.00   25.00   clock source latency
                  0.10    0.06   25.06 ^ clk (in)
     1    0.02                           clk (net)
                  0.10    0.00   25.06 ^ clkbuf_0_clk/A (sky130_fd_sc_hd__clkbuf_16)
                  0.10    0.18   25.24 ^ clkbuf_0_clk/X (sky130_fd_sc_hd__clkbuf_16)
     8    0.08                           clknet_0_clk (net)
                  0.10    0.00   25.25 ^ clkbuf_3_4__f_clk/A (sky130_fd_sc_hd__clkbuf_16)
                  0.04    0.14   25.38 ^ clkbuf_3_4__f_clk/X (sky130_fd_sc_hd__clkbuf_16)
     6    0.02                           clknet_3_4__leaf_clk (net)
                  0.04    0.00   25.38 ^ _464_/CLK (sky130_fd_sc_hd__dfrtp_1)
                         -0.25   25.13   clock uncertainty
                          0.03   25.16   clock reconvergence pessimism
                         -0.11   25.05   library setup time
                                 25.05   data required time
-----------------------------------------------------------------------------
                                 25.05   data required time
                                 -2.39   data arrival time
-----------------------------------------------------------------------------
                                 22.66   slack (MET)


Startpoint: _424_ (rising edge-triggered flip-flop clocked by clk)
Endpoint: _454_ (rising edge-triggered flip-flop clocked by clk)
Path Group: clk
Path Type: max

Fanout     Cap    Slew   Delay    Time   Description
-----------------------------------------------------------------------------
                          0.00    0.00   clock clk (rise edge)
                          0.00    0.00   clock source latency
                  0.10    0.07    0.07 ^ clk (in)
     1    0.02                           clk (net)
                  0.10    0.00    0.07 ^ clkbuf_0_clk/A (sky130_fd_sc_hd__clkbuf_16)
                  0.10    0.20    0.27 ^ clkbuf_0_clk/X (sky130_fd_sc_hd__clkbuf_16)
     8    0.08                           clknet_0_clk (net)
                  0.10    0.00    0.27 ^ clkbuf_3_3__f_clk/A (sky130_fd_sc_hd__clkbuf_16)
                  0.05    0.16    0.43 ^ clkbuf_3_3__f_clk/X (sky130_fd_sc_hd__clkbuf_16)
    10    0.03                           clknet_3_3__leaf_clk (net)
                  0.05    0.00    0.44 ^ _424_/CLK (sky130_fd_sc_hd__dfrtp_1)
                  0.04    0.37    0.81 v _424_/Q (sky130_fd_sc_hd__dfrtp_1)
     1    0.00                           u_am4.b_i[1] (net)
                  0.04    0.00    0.81 v hold35/A (sky130_fd_sc_hd__dlygate4sd3_1)
                  0.07    0.60    1.41 v hold35/X (sky130_fd_sc_hd__dlygate4sd3_1)
     2    0.01                           net61 (net)
                  0.07    0.00    1.41 v _348_/A1 (sky130_fd_sc_hd__mux2_1)
                  0.05    0.31    1.72 v _348_/X (sky130_fd_sc_hd__mux2_1)
     1    0.00                           _168_ (net)
                  0.05    0.00    1.72 v hold36/A (sky130_fd_sc_hd__dlygate4sd3_1)
                  0.05    0.58    2.29 v hold36/X (sky130_fd_sc_hd__dlygate4sd3_1)
     1    0.00                           net62 (net)
                  0.05    0.00    2.29 v _349_/A (sky130_fd_sc_hd__clkbuf_1)
                  0.03    0.09    2.39 v _349_/X (sky130_fd_sc_hd__clkbuf_1)
     1    0.00                           _034_ (net)
                  0.03    0.00    2.39 v _454_/D (sky130_fd_sc_hd__dfrtp_1)
                                  2.39   data arrival time

                         25.00   25.00   clock clk (rise edge)
                          0.00   25.00   clock source latency
                  0.10    0.06   25.06 ^ clk (in)
     1    0.02                           clk (net)
                  0.10    0.00   25.06 ^ clkbuf_0_clk/A (sky130_fd_sc_hd__clkbuf_16)
                  0.10    0.18   25.24 ^ clkbuf_0_clk/X (sky130_fd_sc_hd__clkbuf_16)
     8    0.08                           clknet_0_clk (net)
                  0.10    0.00   25.25 ^ clkbuf_3_6__f_clk/A (sky130_fd_sc_hd__clkbuf_16)
                  0.04    0.14   25.38 ^ clkbuf_3_6__f_clk/X (sky130_fd_sc_hd__clkbuf_16)
     6    0.02                           clknet_3_6__leaf_clk (net)
                  0.04    0.00   25.38 ^ _454_/CLK (sky130_fd_sc_hd__dfrtp_1)
                         -0.25   25.13   clock uncertainty
                          0.03   25.16   clock reconvergence pessimism
                         -0.11   25.05   library setup time
                                 25.05   data required time
-----------------------------------------------------------------------------
                                 25.05   data required time
                                 -2.39   data arrival time
-----------------------------------------------------------------------------
                                 22.67   slack (MET)


Startpoint: _432_ (rising edge-triggered flip-flop clocked by clk)
Endpoint: _465_ (rising edge-triggered flip-flop clocked by clk)
Path Group: clk
Path Type: max

Fanout     Cap    Slew   Delay    Time   Description
-----------------------------------------------------------------------------
                          0.00    0.00   clock clk (rise edge)
                          0.00    0.00   clock source latency
                  0.10    0.07    0.07 ^ clk (in)
     1    0.02                           clk (net)
                  0.10    0.00    0.07 ^ clkbuf_0_clk/A (sky130_fd_sc_hd__clkbuf_16)
                  0.10    0.20    0.27 ^ clkbuf_0_clk/X (sky130_fd_sc_hd__clkbuf_16)
     8    0.08                           clknet_0_clk (net)
                  0.10    0.00    0.27 ^ clkbuf_3_1__f_clk/A (sky130_fd_sc_hd__clkbuf_16)
                  0.04    0.15    0.43 ^ clkbuf_3_1__f_clk/X (sky130_fd_sc_hd__clkbuf_16)
     7    0.02                           clknet_3_1__leaf_clk (net)
                  0.04    0.00    0.43 ^ _432_/CLK (sky130_fd_sc_hd__dfrtp_1)
                  0.04    0.38    0.81 v _432_/Q (sky130_fd_sc_hd__dfrtp_1)
     1    0.00                           u_am0.b_i[0] (net)
                  0.04    0.00    0.81 v hold19/A (sky130_fd_sc_hd__dlygate4sd3_1)
                  0.07    0.61    1.41 v hold19/X (sky130_fd_sc_hd__dlygate4sd3_1)
     2    0.01                           net45 (net)
                  0.07    0.00    1.41 v _370_/A1 (sky130_fd_sc_hd__mux2_1)
                  0.05    0.31    1.72 v _370_/X (sky130_fd_sc_hd__mux2_1)
     1    0.00                           _179_ (net)
                  0.05    0.00    1.72 v hold20/A (sky130_fd_sc_hd__dlygate4sd3_1)
                  0.05    0.57    2.29 v hold20/X (sky130_fd_sc_hd__dlygate4sd3_1)
     1    0.00                           net46 (net)
                  0.05    0.00    2.29 v _371_/A (sky130_fd_sc_hd__clkbuf_1)
                  0.02    0.09    2.39 v _371_/X (sky130_fd_sc_hd__clkbuf_1)
     1    0.00                           _045_ (net)
                  0.02    0.00    2.39 v _465_/D (sky130_fd_sc_hd__dfrtp_1)
                                  2.39   data arrival time

                         25.00   25.00   clock clk (rise edge)
                          0.00   25.00   clock source latency
                  0.10    0.06   25.06 ^ clk (in)
     1    0.02                           clk (net)
                  0.10    0.00   25.06 ^ clkbuf_0_clk/A (sky130_fd_sc_hd__clkbuf_16)
                  0.10    0.18   25.24 ^ clkbuf_0_clk/X (sky130_fd_sc_hd__clkbuf_16)
     8    0.08                           clknet_0_clk (net)
                  0.10    0.00   25.25 ^ clkbuf_3_4__f_clk/A (sky130_fd_sc_hd__clkbuf_16)
                  0.04    0.14   25.38 ^ clkbuf_3_4__f_clk/X (sky130_fd_sc_hd__clkbuf_16)
     6    0.02                           clknet_3_4__leaf_clk (net)
                  0.04    0.00   25.38 ^ _465_/CLK (sky130_fd_sc_hd__dfrtp_1)
                         -0.25   25.13   clock uncertainty
                          0.03   25.16   clock reconvergence pessimism
                         -0.11   25.05   library setup time
                                 25.05   data required time
-----------------------------------------------------------------------------
                                 25.05   data required time
                                 -2.39   data arrival time
-----------------------------------------------------------------------------
                                 22.67   slack (MET)


Startpoint: _452_ (rising edge-triggered flip-flop clocked by clk)
Endpoint: _458_ (rising edge-triggered flip-flop clocked by clk)
Path Group: clk
Path Type: max

Fanout     Cap    Slew   Delay    Time   Description
-----------------------------------------------------------------------------
                          0.00    0.00   clock clk (rise edge)
                          0.00    0.00   clock source latency
                  0.10    0.07    0.07 ^ clk (in)
     1    0.02                           clk (net)
                  0.10    0.00    0.07 ^ clkbuf_0_clk/A (sky130_fd_sc_hd__clkbuf_16)
                  0.10    0.20    0.27 ^ clkbuf_0_clk/X (sky130_fd_sc_hd__clkbuf_16)
     8    0.08                           clknet_0_clk (net)
                  0.10    0.00    0.27 ^ clkbuf_3_3__f_clk/A (sky130_fd_sc_hd__clkbuf_16)
                  0.05    0.16    0.43 ^ clkbuf_3_3__f_clk/X (sky130_fd_sc_hd__clkbuf_16)
    10    0.03                           clknet_3_3__leaf_clk (net)
                  0.05    0.00    0.44 ^ _452_/CLK (sky130_fd_sc_hd__dfrtp_1)
                  0.04    0.37    0.80 v _452_/Q (sky130_fd_sc_hd__dfrtp_1)
     1    0.00                           u_am3.b_i[2] (net)
                  0.04    0.00    0.80 v hold32/A (sky130_fd_sc_hd__dlygate4sd3_1)
                  0.07    0.60    1.40 v hold32/X (sky130_fd_sc_hd__dlygate4sd3_1)
     2    0.01                           net58 (net)
                  0.07    0.00    1.40 v _356_/A1 (sky130_fd_sc_hd__mux2_1)
                  0.05    0.31    1.71 v _356_/X (sky130_fd_sc_hd__mux2_1)
     1    0.00                           _172_ (net)
                  0.05    0.00    1.71 v hold33/A (sky130_fd_sc_hd__dlygate4sd3_1)
                  0.05    0.57    2.28 v hold33/X (sky130_fd_sc_hd__dlygate4sd3_1)
     1    0.00                           net59 (net)
                  0.05    0.00    2.28 v _357_/A (sky130_fd_sc_hd__clkbuf_1)
                  0.03    0.09    2.38 v _357_/X (sky130_fd_sc_hd__clkbuf_1)
     1    0.00                           _038_ (net)
                  0.03    0.00    2.38 v _458_/D (sky130_fd_sc_hd__dfrtp_1)
                                  2.38   data arrival time

                         25.00   25.00   clock clk (rise edge)
                          0.00   25.00   clock source latency
                  0.10    0.06   25.06 ^ clk (in)
     1    0.02                           clk (net)
                  0.10    0.00   25.06 ^ clkbuf_0_clk/A (sky130_fd_sc_hd__clkbuf_16)
                  0.10    0.18   25.24 ^ clkbuf_0_clk/X (sky130_fd_sc_hd__clkbuf_16)
     8    0.08                           clknet_0_clk (net)
                  0.10    0.00   25.25 ^ clkbuf_3_6__f_clk/A (sky130_fd_sc_hd__clkbuf_16)
                  0.04    0.14   25.38 ^ clkbuf_3_6__f_clk/X (sky130_fd_sc_hd__clkbuf_16)
     6    0.02                           clknet_3_6__leaf_clk (net)
                  0.04    0.00   25.38 ^ _458_/CLK (sky130_fd_sc_hd__dfrtp_1)
                         -0.25   25.13   clock uncertainty
                          0.03   25.16   clock reconvergence pessimism
                         -0.11   25.05   library setup time
                                 25.05   data required time
-----------------------------------------------------------------------------
                                 25.05   data required time
                                 -2.38   data arrival time
-----------------------------------------------------------------------------
                                 22.67   slack (MET)


Startpoint: _434_ (rising edge-triggered flip-flop clocked by clk)
Endpoint: _467_ (rising edge-triggered flip-flop clocked by clk)
Path Group: clk
Path Type: max

Fanout     Cap    Slew   Delay    Time   Description
-----------------------------------------------------------------------------
                          0.00    0.00   clock clk (rise edge)
                          0.00    0.00   clock source latency
                  0.10    0.07    0.07 ^ clk (in)
     1    0.02                           clk (net)
                  0.10    0.00    0.07 ^ clkbuf_0_clk/A (sky130_fd_sc_hd__clkbuf_16)
                  0.10    0.20    0.27 ^ clkbuf_0_clk/X (sky130_fd_sc_hd__clkbuf_16)
     8    0.08                           clknet_0_clk (net)
                  0.10    0.00    0.27 ^ clkbuf_3_1__f_clk/A (sky130_fd_sc_hd__clkbuf_16)
                  0.04    0.15    0.43 ^ clkbuf_3_1__f_clk/X (sky130_fd_sc_hd__clkbuf_16)
     7    0.02                           clknet_3_1__leaf_clk (net)
                  0.04    0.00    0.43 ^ _434_/CLK (sky130_fd_sc_hd__dfrtp_1)
                  0.04    0.38    0.80 v _434_/Q (sky130_fd_sc_hd__dfrtp_1)
     1    0.00                           u_am0.b_i[2] (net)
                  0.04    0.00    0.80 v hold8/A (sky130_fd_sc_hd__dlygate4sd3_1)
                  0.07    0.60    1.41 v hold8/X (sky130_fd_sc_hd__dlygate4sd3_1)
     2    0.01                           net34 (net)
                  0.07    0.00    1.41 v _374_/A1 (sky130_fd_sc_hd__mux2_1)
                  0.05    0.30    1.71 v _374_/X (sky130_fd_sc_hd__mux2_1)
     1    0.00                           _181_ (net)
                  0.05    0.00    1.71 v hold9/A (sky130_fd_sc_hd__dlygate4sd3_1)
                  0.05    0.57    2.28 v hold9/X (sky130_fd_sc_hd__dlygate4sd3_1)
     1    0.00                           net35 (net)
                  0.05    0.00    2.28 v _375_/A (sky130_fd_sc_hd__clkbuf_1)
                  0.03    0.09    2.38 v _375_/X (sky130_fd_sc_hd__clkbuf_1)
     1    0.00                           _047_ (net)
                  0.03    0.00    2.38 v _467_/D (sky130_fd_sc_hd__dfrtp_1)
                                  2.38   data arrival time

                         25.00   25.00   clock clk (rise edge)
                          0.00   25.00   clock source latency
                  0.10    0.06   25.06 ^ clk (in)
     1    0.02                           clk (net)
                  0.10    0.00   25.06 ^ clkbuf_0_clk/A (sky130_fd_sc_hd__clkbuf_16)
                  0.10    0.18   25.24 ^ clkbuf_0_clk/X (sky130_fd_sc_hd__clkbuf_16)
     8    0.08                           clknet_0_clk (net)
                  0.10    0.00   25.25 ^ clkbuf_3_4__f_clk/A (sky130_fd_sc_hd__clkbuf_16)
                  0.04    0.14   25.38 ^ clkbuf_3_4__f_clk/X (sky130_fd_sc_hd__clkbuf_16)
     6    0.02                           clknet_3_4__leaf_clk (net)
                  0.04    0.00   25.38 ^ _467_/CLK (sky130_fd_sc_hd__dfrtp_1)
                         -0.25   25.13   clock uncertainty
                          0.03   25.16   clock reconvergence pessimism
                         -0.11   25.05   library setup time
                                 25.05   data required time
-----------------------------------------------------------------------------
                                 25.05   data required time
                                 -2.38   data arrival time
-----------------------------------------------------------------------------
                                 22.68   slack (MET)


Startpoint: _433_ (rising edge-triggered flip-flop clocked by clk)
Endpoint: _466_ (rising edge-triggered flip-flop clocked by clk)
Path Group: clk
Path Type: max

Fanout     Cap    Slew   Delay    Time   Description
-----------------------------------------------------------------------------
                          0.00    0.00   clock clk (rise edge)
                          0.00    0.00   clock source latency
                  0.10    0.07    0.07 ^ clk (in)
     1    0.02                           clk (net)
                  0.10    0.00    0.07 ^ clkbuf_0_clk/A (sky130_fd_sc_hd__clkbuf_16)
                  0.10    0.20    0.27 ^ clkbuf_0_clk/X (sky130_fd_sc_hd__clkbuf_16)
     8    0.08                           clknet_0_clk (net)
                  0.10    0.00    0.27 ^ clkbuf_3_1__f_clk/A (sky130_fd_sc_hd__clkbuf_16)
                  0.04    0.15    0.43 ^ clkbuf_3_1__f_clk/X (sky130_fd_sc_hd__clkbuf_16)
     7    0.02                           clknet_3_1__leaf_clk (net)
                  0.04    0.00    0.43 ^ _433_/CLK (sky130_fd_sc_hd__dfrtp_1)
                  0.04    0.36    0.79 v _433_/Q (sky130_fd_sc_hd__dfrtp_1)
     1    0.00                           u_am0.b_i[1] (net)
                  0.04    0.00    0.79 v hold11/A (sky130_fd_sc_hd__dlygate4sd3_1)
                  0.07    0.59    1.39 v hold11/X (sky130_fd_sc_hd__dlygate4sd3_1)
     2    0.01                           net37 (net)
                  0.07    0.00    1.39 v _372_/A1 (sky130_fd_sc_hd__mux2_1)
                  0.05    0.30    1.69 v _372_/X (sky130_fd_sc_hd__mux2_1)
     1    0.00                           _180_ (net)
                  0.05    0.00    1.69 v hold12/A (sky130_fd_sc_hd__dlygate4sd3_1)
                  0.05    0.58    2.27 v hold12/X (sky130_fd_sc_hd__dlygate4sd3_1)
     1    0.00                           net38 (net)
                  0.05    0.00    2.27 v _373_/A (sky130_fd_sc_hd__clkbuf_1)
                  0.03    0.10    2.37 v _373_/X (sky130_fd_sc_hd__clkbuf_1)
     1    0.00                           _046_ (net)
                  0.03    0.00    2.37 v _466_/D (sky130_fd_sc_hd__dfrtp_1)
                                  2.37   data arrival time

                         25.00   25.00   clock clk (rise edge)
                          0.00   25.00   clock source latency
                  0.10    0.06   25.06 ^ clk (in)
     1    0.02                           clk (net)
                  0.10    0.00   25.06 ^ clkbuf_0_clk/A (sky130_fd_sc_hd__clkbuf_16)
                  0.10    0.18   25.24 ^ clkbuf_0_clk/X (sky130_fd_sc_hd__clkbuf_16)
     8    0.08                           clknet_0_clk (net)
                  0.10    0.00   25.25 ^ clkbuf_3_4__f_clk/A (sky130_fd_sc_hd__clkbuf_16)
                  0.04    0.14   25.38 ^ clkbuf_3_4__f_clk/X (sky130_fd_sc_hd__clkbuf_16)
     6    0.02                           clknet_3_4__leaf_clk (net)
                  0.04    0.00   25.38 ^ _466_/CLK (sky130_fd_sc_hd__dfrtp_1)
                         -0.25   25.13   clock uncertainty
                          0.03   25.16   clock reconvergence pessimism
                         -0.11   25.05   library setup time
                                 25.05   data required time
-----------------------------------------------------------------------------
                                 25.05   data required time
                                 -2.37   data arrival time
-----------------------------------------------------------------------------
                                 22.69   slack (MET)


Startpoint: _475_ (rising edge-triggered flip-flop clocked by clk)
Endpoint: _481_ (rising edge-triggered flip-flop clocked by clk)
Path Group: clk
Path Type: max

Fanout     Cap    Slew   Delay    Time   Description
-----------------------------------------------------------------------------
                          0.00    0.00   clock clk (rise edge)
                          0.00    0.00   clock source latency
                  0.10    0.07    0.07 ^ clk (in)
     1    0.02                           clk (net)
                  0.10    0.00    0.07 ^ clkbuf_0_clk/A (sky130_fd_sc_hd__clkbuf_16)
                  0.10    0.20    0.27 ^ clkbuf_0_clk/X (sky130_fd_sc_hd__clkbuf_16)
     8    0.08                           clknet_0_clk (net)
                  0.10    0.00    0.27 ^ clkbuf_3_7__f_clk/A (sky130_fd_sc_hd__clkbuf_16)
                  0.04    0.15    0.42 ^ clkbuf_3_7__f_clk/X (sky130_fd_sc_hd__clkbuf_16)
     7    0.02                           clknet_3_7__leaf_clk (net)
                  0.04    0.00    0.42 ^ _475_/CLK (sky130_fd_sc_hd__dfrtp_4)
                  0.10    0.55    0.97 v _475_/Q (sky130_fd_sc_hd__dfrtp_4)
     7    0.03                           u_sort.bucket_counter[0] (net)
                  0.10    0.00    0.97 v _217_/A (sky130_fd_sc_hd__inv_2)
                  0.16    0.17    1.14 ^ _217_/Y (sky130_fd_sc_hd__inv_2)
     9    0.03                           _070_ (net)
                  0.16    0.00    1.14 ^ _240_/A1 (sky130_fd_sc_hd__o21ai_1)
                  0.05    0.10    1.24 v _240_/Y (sky130_fd_sc_hd__o21ai_1)
     1    0.00                           _093_ (net)
                  0.05    0.00    1.24 v _243_/B1 (sky130_fd_sc_hd__a2111o_2)
                  0.11    0.53    1.77 v _243_/X (sky130_fd_sc_hd__a2111o_2)
     7    0.02                           _096_ (net)
                  0.11    0.00    1.78 v _408_/A3 (sky130_fd_sc_hd__o31a_1)
                  0.05    0.27    2.04 v _408_/X (sky130_fd_sc_hd__o31a_1)
     1    0.00                           _203_ (net)
                  0.05    0.00    2.04 v _409_/B (sky130_fd_sc_hd__or2_1)
                  0.05    0.21    2.25 v _409_/X (sky130_fd_sc_hd__or2_1)
     1    0.00                           _204_ (net)
                  0.05    0.00    2.25 v _410_/A (sky130_fd_sc_hd__clkbuf_1)
                  0.02    0.09    2.34 v _410_/X (sky130_fd_sc_hd__clkbuf_1)
     1    0.00                           _059_ (net)
                  0.02    0.00    2.34 v _481_/D (sky130_fd_sc_hd__dfrtp_1)
                                  2.34   data arrival time

                         25.00   25.00   clock clk (rise edge)
                          0.00   25.00   clock source latency
                  0.10    0.06   25.06 ^ clk (in)
     1    0.02                           clk (net)
                  0.10    0.00   25.06 ^ clkbuf_0_clk/A (sky130_fd_sc_hd__clkbuf_16)
                  0.10    0.18   25.24 ^ clkbuf_0_clk/X (sky130_fd_sc_hd__clkbuf_16)
     8    0.08                           clknet_0_clk (net)
                  0.10    0.00   25.25 ^ clkbuf_3_4__f_clk/A (sky130_fd_sc_hd__clkbuf_16)
                  0.04    0.14   25.38 ^ clkbuf_3_4__f_clk/X (sky130_fd_sc_hd__clkbuf_16)
     6    0.02                           clknet_3_4__leaf_clk (net)
                  0.04    0.00   25.38 ^ _481_/CLK (sky130_fd_sc_hd__dfrtp_1)
                         -0.25   25.13   clock uncertainty
                          0.03   25.16   clock reconvergence pessimism
                         -0.11   25.05   library setup time
                                 25.05   data required time
-----------------------------------------------------------------------------
                                 25.05   data required time
                                 -2.34   data arrival time
-----------------------------------------------------------------------------
                                 22.71   slack (MET)


Startpoint: _476_ (rising edge-triggered flip-flop clocked by clk)
Endpoint: _480_ (rising edge-triggered flip-flop clocked by clk)
Path Group: clk
Path Type: max

Fanout     Cap    Slew   Delay    Time   Description
-----------------------------------------------------------------------------
                          0.00    0.00   clock clk (rise edge)
                          0.00    0.00   clock source latency
                  0.10    0.07    0.07 ^ clk (in)
     1    0.02                           clk (net)
                  0.10    0.00    0.07 ^ clkbuf_0_clk/A (sky130_fd_sc_hd__clkbuf_16)
                  0.10    0.20    0.27 ^ clkbuf_0_clk/X (sky130_fd_sc_hd__clkbuf_16)
     8    0.08                           clknet_0_clk (net)
                  0.10    0.00    0.27 ^ clkbuf_3_7__f_clk/A (sky130_fd_sc_hd__clkbuf_16)
                  0.04    0.15    0.42 ^ clkbuf_3_7__f_clk/X (sky130_fd_sc_hd__clkbuf_16)
     7    0.02                           clknet_3_7__leaf_clk (net)
                  0.04    0.00    0.42 ^ _476_/CLK (sky130_fd_sc_hd__dfrtp_1)
                  0.04    0.36    0.79 v _476_/Q (sky130_fd_sc_hd__dfrtp_1)
     1    0.00                           u_sort.bucket_counter[1] (net)
                  0.04    0.00    0.79 v _218_/A (sky130_fd_sc_hd__clkbuf_4)
                  0.10    0.20    0.99 v _218_/X (sky130_fd_sc_hd__clkbuf_4)
    10    0.04                           _071_ (net)
                  0.10    0.00    0.99 v _232_/B (sky130_fd_sc_hd__xnor2_1)
                  0.06    0.16    1.15 v _232_/Y (sky130_fd_sc_hd__xnor2_1)
     2    0.00                           _085_ (net)
                  0.06    0.00    1.15 v _234_/C (sky130_fd_sc_hd__and4_1)
                  0.07    0.24    1.39 v _234_/X (sky130_fd_sc_hd__and4_1)
     4    0.01                           _087_ (net)
                  0.07    0.00    1.39 v _255_/A_N (sky130_fd_sc_hd__nand3b_1)
                  0.12    0.21    1.60 v _255_/Y (sky130_fd_sc_hd__nand3b_1)
     3    0.01                           _107_ (net)
                  0.12    0.00    1.60 v _406_/A2 (sky130_fd_sc_hd__o21ai_1)
                  0.11    0.15    1.75 ^ _406_/Y (sky130_fd_sc_hd__o21ai_1)
     1    0.00                           _202_ (net)
                  0.11    0.00    1.75 ^ _407_/B (sky130_fd_sc_hd__nand2_1)
                  0.04    0.07    1.82 v _407_/Y (sky130_fd_sc_hd__nand2_1)
     1    0.00                           _058_ (net)
                  0.04    0.00    1.82 v _480_/D (sky130_fd_sc_hd__dfrtp_1)
                                  1.82   data arrival time

                         25.00   25.00   clock clk (rise edge)
                          0.00   25.00   clock source latency
                  0.10    0.06   25.06 ^ clk (in)
     1    0.02                           clk (net)
                  0.10    0.00   25.06 ^ clkbuf_0_clk/A (sky130_fd_sc_hd__clkbuf_16)
                  0.10    0.18   25.24 ^ clkbuf_0_clk/X (sky130_fd_sc_hd__clkbuf_16)
     8    0.08                           clknet_0_clk (net)
                  0.10    0.00   25.25 ^ clkbuf_3_5__f_clk/A (sky130_fd_sc_hd__clkbuf_16)
                  0.04    0.14   25.38 ^ clkbuf_3_5__f_clk/X (sky130_fd_sc_hd__clkbuf_16)
     7    0.02                           clknet_3_5__leaf_clk (net)
                  0.04    0.00   25.39 ^ _480_/CLK (sky130_fd_sc_hd__dfrtp_1)
                         -0.25   25.14   clock uncertainty
                          0.03   25.16   clock reconvergence pessimism
                         -0.11   25.05   library setup time
                                 25.05   data required time
-----------------------------------------------------------------------------
                                 25.05   data required time
                                 -1.82   data arrival time
-----------------------------------------------------------------------------
                                 23.23   slack (MET)


Startpoint: _450_ (rising edge-triggered flip-flop clocked by clk)
Endpoint: _456_ (rising edge-triggered flip-flop clocked by clk)
Path Group: clk
Path Type: max

Fanout     Cap    Slew   Delay    Time   Description
-----------------------------------------------------------------------------
                          0.00    0.00   clock clk (rise edge)
                          0.00    0.00   clock source latency
                  0.10    0.07    0.07 ^ clk (in)
     1    0.02                           clk (net)
                  0.10    0.00    0.07 ^ clkbuf_0_clk/A (sky130_fd_sc_hd__clkbuf_16)
                  0.10    0.20    0.27 ^ clkbuf_0_clk/X (sky130_fd_sc_hd__clkbuf_16)
     8    0.08                           clknet_0_clk (net)
                  0.10    0.00    0.27 ^ clkbuf_3_3__f_clk/A (sky130_fd_sc_hd__clkbuf_16)
                  0.05    0.16    0.43 ^ clkbuf_3_3__f_clk/X (sky130_fd_sc_hd__clkbuf_16)
    10    0.03                           clknet_3_3__leaf_clk (net)
                  0.05    0.00    0.44 ^ _450_/CLK (sky130_fd_sc_hd__dfrtp_1)
                  0.04    0.37    0.81 v _450_/Q (sky130_fd_sc_hd__dfrtp_1)
     1    0.00                           u_am3.b_i[0] (net)
                  0.04    0.00    0.81 v hold34/A (sky130_fd_sc_hd__dlygate4sd3_1)
                  0.07    0.60    1.41 v hold34/X (sky130_fd_sc_hd__dlygate4sd3_1)
     2    0.01                           net60 (net)
                  0.07    0.00    1.41 v _352_/A1 (sky130_fd_sc_hd__mux2_1)
                  0.06    0.32    1.73 v _352_/X (sky130_fd_sc_hd__mux2_1)
     1    0.00                           _170_ (net)
                  0.06    0.00    1.73 v _353_/A (sky130_fd_sc_hd__clkbuf_1)
                  0.02    0.09    1.82 v _353_/X (sky130_fd_sc_hd__clkbuf_1)
     1    0.00                           _036_ (net)
                  0.02    0.00    1.82 v _456_/D (sky130_fd_sc_hd__dfrtp_1)
                                  1.82   data arrival time

                         25.00   25.00   clock clk (rise edge)
                          0.00   25.00   clock source latency
                  0.10    0.06   25.06 ^ clk (in)
     1    0.02                           clk (net)
                  0.10    0.00   25.06 ^ clkbuf_0_clk/A (sky130_fd_sc_hd__clkbuf_16)
                  0.10    0.18   25.24 ^ clkbuf_0_clk/X (sky130_fd_sc_hd__clkbuf_16)
     8    0.08                           clknet_0_clk (net)
                  0.10    0.00   25.25 ^ clkbuf_3_6__f_clk/A (sky130_fd_sc_hd__clkbuf_16)
                  0.04    0.14   25.38 ^ clkbuf_3_6__f_clk/X (sky130_fd_sc_hd__clkbuf_16)
     6    0.02                           clknet_3_6__leaf_clk (net)
                  0.04    0.00   25.38 ^ _456_/CLK (sky130_fd_sc_hd__dfrtp_1)
                         -0.25   25.13   clock uncertainty
                          0.03   25.16   clock reconvergence pessimism
                         -0.11   25.05   library setup time
                                 25.05   data required time
-----------------------------------------------------------------------------
                                 25.05   data required time
                                 -1.82   data arrival time
-----------------------------------------------------------------------------
                                 23.23   slack (MET)


Startpoint: _423_ (rising edge-triggered flip-flop clocked by clk)
Endpoint: _453_ (rising edge-triggered flip-flop clocked by clk)
Path Group: clk
Path Type: max

Fanout     Cap    Slew   Delay    Time   Description
-----------------------------------------------------------------------------
                          0.00    0.00   clock clk (rise edge)
                          0.00    0.00   clock source latency
                  0.10    0.07    0.07 ^ clk (in)
     1    0.02                           clk (net)
                  0.10    0.00    0.07 ^ clkbuf_0_clk/A (sky130_fd_sc_hd__clkbuf_16)
                  0.10    0.20    0.27 ^ clkbuf_0_clk/X (sky130_fd_sc_hd__clkbuf_16)
     8    0.08                           clknet_0_clk (net)
                  0.10    0.00    0.27 ^ clkbuf_3_3__f_clk/A (sky130_fd_sc_hd__clkbuf_16)
                  0.05    0.16    0.43 ^ clkbuf_3_3__f_clk/X (sky130_fd_sc_hd__clkbuf_16)
    10    0.03                           clknet_3_3__leaf_clk (net)
                  0.05    0.00    0.44 ^ _423_/CLK (sky130_fd_sc_hd__dfrtp_1)
                  0.04    0.37    0.81 v _423_/Q (sky130_fd_sc_hd__dfrtp_1)
     1    0.00                           u_am4.b_i[0] (net)
                  0.04    0.00    0.81 v hold38/A (sky130_fd_sc_hd__dlygate4sd3_1)
                  0.07    0.60    1.42 v hold38/X (sky130_fd_sc_hd__dlygate4sd3_1)
     2    0.01                           net64 (net)
                  0.07    0.00    1.42 v _346_/A1 (sky130_fd_sc_hd__mux2_1)
                  0.05    0.31    1.73 v _346_/X (sky130_fd_sc_hd__mux2_1)
     1    0.00                           _167_ (net)
                  0.05    0.00    1.73 v _347_/A (sky130_fd_sc_hd__clkbuf_1)
                  0.02    0.09    1.82 v _347_/X (sky130_fd_sc_hd__clkbuf_1)
     1    0.00                           _033_ (net)
                  0.02    0.00    1.82 v _453_/D (sky130_fd_sc_hd__dfrtp_1)
                                  1.82   data arrival time

                         25.00   25.00   clock clk (rise edge)
                          0.00   25.00   clock source latency
                  0.10    0.06   25.06 ^ clk (in)
     1    0.02                           clk (net)
                  0.10    0.00   25.06 ^ clkbuf_0_clk/A (sky130_fd_sc_hd__clkbuf_16)
                  0.10    0.18   25.24 ^ clkbuf_0_clk/X (sky130_fd_sc_hd__clkbuf_16)
     8    0.08                           clknet_0_clk (net)
                  0.10    0.00   25.25 ^ clkbuf_3_6__f_clk/A (sky130_fd_sc_hd__clkbuf_16)
                  0.04    0.14   25.38 ^ clkbuf_3_6__f_clk/X (sky130_fd_sc_hd__clkbuf_16)
     6    0.02                           clknet_3_6__leaf_clk (net)
                  0.04    0.00   25.38 ^ _453_/CLK (sky130_fd_sc_hd__dfrtp_1)
                         -0.25   25.13   clock uncertainty
                          0.03   25.16   clock reconvergence pessimism
                         -0.11   25.06   library setup time
                                 25.06   data required time
-----------------------------------------------------------------------------
                                 25.06   data required time
                                 -1.82   data arrival time
-----------------------------------------------------------------------------
                                 23.24   slack (MET)


Startpoint: _444_ (rising edge-triggered flip-flop clocked by clk)
Endpoint: _459_ (rising edge-triggered flip-flop clocked by clk)
Path Group: clk
Path Type: max

Fanout     Cap    Slew   Delay    Time   Description
-----------------------------------------------------------------------------
                          0.00    0.00   clock clk (rise edge)
                          0.00    0.00   clock source latency
                  0.10    0.07    0.07 ^ clk (in)
     1    0.02                           clk (net)
                  0.10    0.00    0.07 ^ clkbuf_0_clk/A (sky130_fd_sc_hd__clkbuf_16)
                  0.10    0.20    0.27 ^ clkbuf_0_clk/X (sky130_fd_sc_hd__clkbuf_16)
     8    0.08                           clknet_0_clk (net)
                  0.10    0.00    0.27 ^ clkbuf_3_0__f_clk/A (sky130_fd_sc_hd__clkbuf_16)
                  0.06    0.17    0.44 ^ clkbuf_3_0__f_clk/X (sky130_fd_sc_hd__clkbuf_16)
    12    0.04                           clknet_3_0__leaf_clk (net)
                  0.06    0.00    0.44 ^ _444_/CLK (sky130_fd_sc_hd__dfrtp_1)
                  0.03    0.37    0.81 v _444_/Q (sky130_fd_sc_hd__dfrtp_1)
     1    0.00                           u_am2.b_i[0] (net)
                  0.03    0.00    0.81 v hold24/A (sky130_fd_sc_hd__dlygate4sd3_1)
                  0.07    0.59    1.40 v hold24/X (sky130_fd_sc_hd__dlygate4sd3_1)
     2    0.01                           net50 (net)
                  0.07    0.00    1.40 v _358_/A1 (sky130_fd_sc_hd__mux2_1)
                  0.05    0.30    1.71 v _358_/X (sky130_fd_sc_hd__mux2_1)
     1    0.00                           _173_ (net)
                  0.05    0.00    1.71 v _359_/A (sky130_fd_sc_hd__clkbuf_1)
                  0.03    0.09    1.80 v _359_/X (sky130_fd_sc_hd__clkbuf_1)
     1    0.00                           _039_ (net)
                  0.03    0.00    1.80 v _459_/D (sky130_fd_sc_hd__dfrtp_1)
                                  1.80   data arrival time

                         25.00   25.00   clock clk (rise edge)
                          0.00   25.00   clock source latency
                  0.10    0.06   25.06 ^ clk (in)
     1    0.02                           clk (net)
                  0.10    0.00   25.06 ^ clkbuf_0_clk/A (sky130_fd_sc_hd__clkbuf_16)
                  0.10    0.18   25.24 ^ clkbuf_0_clk/X (sky130_fd_sc_hd__clkbuf_16)
     8    0.08                           clknet_0_clk (net)
                  0.10    0.00   25.25 ^ clkbuf_3_1__f_clk/A (sky130_fd_sc_hd__clkbuf_16)
                  0.04    0.14   25.39 ^ clkbuf_3_1__f_clk/X (sky130_fd_sc_hd__clkbuf_16)
     7    0.02                           clknet_3_1__leaf_clk (net)
                  0.04    0.00   25.39 ^ _459_/CLK (sky130_fd_sc_hd__dfrtp_1)
                         -0.25   25.14   clock uncertainty
                          0.03   25.16   clock reconvergence pessimism
                         -0.11   25.06   library setup time
                                 25.06   data required time
-----------------------------------------------------------------------------
                                 25.06   data required time
                                 -1.80   data arrival time
-----------------------------------------------------------------------------
                                 23.26   slack (MET)


Startpoint: _439_ (rising edge-triggered flip-flop clocked by clk)
Endpoint: _463_ (rising edge-triggered flip-flop clocked by clk)
Path Group: clk
Path Type: max

Fanout     Cap    Slew   Delay    Time   Description
-----------------------------------------------------------------------------
                          0.00    0.00   clock clk (rise edge)
                          0.00    0.00   clock source latency
                  0.10    0.07    0.07 ^ clk (in)
     1    0.02                           clk (net)
                  0.10    0.00    0.07 ^ clkbuf_0_clk/A (sky130_fd_sc_hd__clkbuf_16)
                  0.10    0.20    0.27 ^ clkbuf_0_clk/X (sky130_fd_sc_hd__clkbuf_16)
     8    0.08                           clknet_0_clk (net)
                  0.10    0.00    0.27 ^ clkbuf_3_0__f_clk/A (sky130_fd_sc_hd__clkbuf_16)
                  0.06    0.17    0.44 ^ clkbuf_3_0__f_clk/X (sky130_fd_sc_hd__clkbuf_16)
    12    0.04                           clknet_3_0__leaf_clk (net)
                  0.06    0.00    0.44 ^ _439_/CLK (sky130_fd_sc_hd__dfrtp_1)
                  0.04    0.37    0.81 v _439_/Q (sky130_fd_sc_hd__dfrtp_1)
     1    0.00                           u_am1.b_i[1] (net)
                  0.04    0.00    0.81 v hold22/A (sky130_fd_sc_hd__dlygate4sd3_1)
                  0.06    0.59    1.40 v hold22/X (sky130_fd_sc_hd__dlygate4sd3_1)
     2    0.00                           net48 (net)
                  0.06    0.00    1.40 v _366_/A1 (sky130_fd_sc_hd__mux2_1)
                  0.05    0.30    1.70 v _366_/X (sky130_fd_sc_hd__mux2_1)
     1    0.00                           _177_ (net)
                  0.05    0.00    1.70 v _367_/A (sky130_fd_sc_hd__clkbuf_1)
                  0.02    0.09    1.80 v _367_/X (sky130_fd_sc_hd__clkbuf_1)
     1    0.00                           _043_ (net)
                  0.02    0.00    1.80 v _463_/D (sky130_fd_sc_hd__dfrtp_1)
                                  1.80   data arrival time

                         25.00   25.00   clock clk (rise edge)
                          0.00   25.00   clock source latency
                  0.10    0.06   25.06 ^ clk (in)
     1    0.02                           clk (net)
                  0.10    0.00   25.06 ^ clkbuf_0_clk/A (sky130_fd_sc_hd__clkbuf_16)
                  0.10    0.18   25.24 ^ clkbuf_0_clk/X (sky130_fd_sc_hd__clkbuf_16)
     8    0.08                           clknet_0_clk (net)
                  0.10    0.00   25.25 ^ clkbuf_3_1__f_clk/A (sky130_fd_sc_hd__clkbuf_16)
                  0.04    0.14   25.39 ^ clkbuf_3_1__f_clk/X (sky130_fd_sc_hd__clkbuf_16)
     7    0.02                           clknet_3_1__leaf_clk (net)
                  0.04    0.00   25.39 ^ _463_/CLK (sky130_fd_sc_hd__dfrtp_1)
                         -0.25   25.14   clock uncertainty
                          0.03   25.16   clock reconvergence pessimism
                         -0.11   25.06   library setup time
                                 25.06   data required time
-----------------------------------------------------------------------------
                                 25.06   data required time
                                 -1.80   data arrival time
-----------------------------------------------------------------------------
                                 23.26   slack (MET)


Startpoint: _451_ (rising edge-triggered flip-flop clocked by clk)
Endpoint: _457_ (rising edge-triggered flip-flop clocked by clk)
Path Group: clk
Path Type: max

Fanout     Cap    Slew   Delay    Time   Description
-----------------------------------------------------------------------------
                          0.00    0.00   clock clk (rise edge)
                          0.00    0.00   clock source latency
                  0.10    0.07    0.07 ^ clk (in)
     1    0.02                           clk (net)
                  0.10    0.00    0.07 ^ clkbuf_0_clk/A (sky130_fd_sc_hd__clkbuf_16)
                  0.10    0.20    0.27 ^ clkbuf_0_clk/X (sky130_fd_sc_hd__clkbuf_16)
     8    0.08                           clknet_0_clk (net)
                  0.10    0.00    0.27 ^ clkbuf_3_2__f_clk/A (sky130_fd_sc_hd__clkbuf_16)
                  0.05    0.16    0.43 ^ clkbuf_3_2__f_clk/X (sky130_fd_sc_hd__clkbuf_16)
    10    0.03                           clknet_3_2__leaf_clk (net)
                  0.05    0.00    0.43 ^ _451_/CLK (sky130_fd_sc_hd__dfrtp_1)
                  0.04    0.37    0.81 v _451_/Q (sky130_fd_sc_hd__dfrtp_1)
     1    0.00                           u_am3.b_i[1] (net)
                  0.04    0.00    0.81 v hold10/A (sky130_fd_sc_hd__dlygate4sd3_1)
                  0.07    0.59    1.40 v hold10/X (sky130_fd_sc_hd__dlygate4sd3_1)
     2    0.01                           net36 (net)
                  0.07    0.00    1.40 v _354_/A1 (sky130_fd_sc_hd__mux2_1)
                  0.05    0.31    1.71 v _354_/X (sky130_fd_sc_hd__mux2_1)
     1    0.00                           _171_ (net)
                  0.05    0.00    1.71 v _355_/A (sky130_fd_sc_hd__clkbuf_1)
                  0.03    0.09    1.80 v _355_/X (sky130_fd_sc_hd__clkbuf_1)
     1    0.00                           _037_ (net)
                  0.03    0.00    1.80 v _457_/D (sky130_fd_sc_hd__dfrtp_1)
                                  1.80   data arrival time

                         25.00   25.00   clock clk (rise edge)
                          0.00   25.00   clock source latency
                  0.10    0.06   25.06 ^ clk (in)
     1    0.02                           clk (net)
                  0.10    0.00   25.06 ^ clkbuf_0_clk/A (sky130_fd_sc_hd__clkbuf_16)
                  0.10    0.18   25.24 ^ clkbuf_0_clk/X (sky130_fd_sc_hd__clkbuf_16)
     8    0.08                           clknet_0_clk (net)
                  0.10    0.00   25.25 ^ clkbuf_3_3__f_clk/A (sky130_fd_sc_hd__clkbuf_16)
                  0.05    0.15   25.39 ^ clkbuf_3_3__f_clk/X (sky130_fd_sc_hd__clkbuf_16)
    10    0.03                           clknet_3_3__leaf_clk (net)
                  0.05    0.00   25.39 ^ _457_/CLK (sky130_fd_sc_hd__dfrtp_1)
                         -0.25   25.14   clock uncertainty
                          0.03   25.17   clock reconvergence pessimism
                         -0.10   25.07   library setup time
                                 25.07   data required time
-----------------------------------------------------------------------------
                                 25.07   data required time
                                 -1.80   data arrival time
-----------------------------------------------------------------------------
                                 23.26   slack (MET)


Startpoint: _438_ (rising edge-triggered flip-flop clocked by clk)
Endpoint: _462_ (rising edge-triggered flip-flop clocked by clk)
Path Group: clk
Path Type: max

Fanout     Cap    Slew   Delay    Time   Description
-----------------------------------------------------------------------------
                          0.00    0.00   clock clk (rise edge)
                          0.00    0.00   clock source latency
                  0.10    0.07    0.07 ^ clk (in)
     1    0.02                           clk (net)
                  0.10    0.00    0.07 ^ clkbuf_0_clk/A (sky130_fd_sc_hd__clkbuf_16)
                  0.10    0.20    0.27 ^ clkbuf_0_clk/X (sky130_fd_sc_hd__clkbuf_16)
     8    0.08                           clknet_0_clk (net)
                  0.10    0.00    0.27 ^ clkbuf_3_1__f_clk/A (sky130_fd_sc_hd__clkbuf_16)
                  0.04    0.15    0.43 ^ clkbuf_3_1__f_clk/X (sky130_fd_sc_hd__clkbuf_16)
     7    0.02                           clknet_3_1__leaf_clk (net)
                  0.04    0.00    0.43 ^ _438_/CLK (sky130_fd_sc_hd__dfrtp_1)
                  0.04    0.37    0.79 v _438_/Q (sky130_fd_sc_hd__dfrtp_1)
     1    0.00                           u_am1.b_i[0] (net)
                  0.04    0.00    0.79 v hold13/A (sky130_fd_sc_hd__dlygate4sd3_1)
                  0.07    0.59    1.39 v hold13/X (sky130_fd_sc_hd__dlygate4sd3_1)
     2    0.01                           net39 (net)
                  0.07    0.00    1.39 v _364_/A1 (sky130_fd_sc_hd__mux2_1)
                  0.05    0.31    1.69 v _364_/X (sky130_fd_sc_hd__mux2_1)
     1    0.00                           _176_ (net)
                  0.05    0.00    1.69 v _365_/A (sky130_fd_sc_hd__clkbuf_1)
                  0.02    0.09    1.79 v _365_/X (sky130_fd_sc_hd__clkbuf_1)
     1    0.00                           _042_ (net)
                  0.02    0.00    1.79 v _462_/D (sky130_fd_sc_hd__dfrtp_1)
                                  1.79   data arrival time

                         25.00   25.00   clock clk (rise edge)
                          0.00   25.00   clock source latency
                  0.10    0.06   25.06 ^ clk (in)
     1    0.02                           clk (net)
                  0.10    0.00   25.06 ^ clkbuf_0_clk/A (sky130_fd_sc_hd__clkbuf_16)
                  0.10    0.18   25.24 ^ clkbuf_0_clk/X (sky130_fd_sc_hd__clkbuf_16)
     8    0.08                           clknet_0_clk (net)
                  0.10    0.00   25.25 ^ clkbuf_3_4__f_clk/A (sky130_fd_sc_hd__clkbuf_16)
                  0.04    0.14   25.38 ^ clkbuf_3_4__f_clk/X (sky130_fd_sc_hd__clkbuf_16)
     6    0.02                           clknet_3_4__leaf_clk (net)
                  0.04    0.00   25.38 ^ _462_/CLK (sky130_fd_sc_hd__dfrtp_1)
                         -0.25   25.13   clock uncertainty
                          0.03   25.16   clock reconvergence pessimism
                         -0.11   25.05   library setup time
                                 25.05   data required time
-----------------------------------------------------------------------------
                                 25.05   data required time
                                 -1.79   data arrival time
-----------------------------------------------------------------------------
                                 23.27   slack (MET)


Startpoint: _445_ (rising edge-triggered flip-flop clocked by clk)
Endpoint: _460_ (rising edge-triggered flip-flop clocked by clk)
Path Group: clk
Path Type: max

Fanout     Cap    Slew   Delay    Time   Description
-----------------------------------------------------------------------------
                          0.00    0.00   clock clk (rise edge)
                          0.00    0.00   clock source latency
                  0.10    0.07    0.07 ^ clk (in)
     1    0.02                           clk (net)
                  0.10    0.00    0.07 ^ clkbuf_0_clk/A (sky130_fd_sc_hd__clkbuf_16)
                  0.10    0.20    0.27 ^ clkbuf_0_clk/X (sky130_fd_sc_hd__clkbuf_16)
     8    0.08                           clknet_0_clk (net)
                  0.10    0.00    0.27 ^ clkbuf_3_3__f_clk/A (sky130_fd_sc_hd__clkbuf_16)
                  0.05    0.16    0.43 ^ clkbuf_3_3__f_clk/X (sky130_fd_sc_hd__clkbuf_16)
    10    0.03                           clknet_3_3__leaf_clk (net)
                  0.05    0.00    0.43 ^ _445_/CLK (sky130_fd_sc_hd__dfrtp_1)
                  0.04    0.37    0.80 v _445_/Q (sky130_fd_sc_hd__dfrtp_1)
     1    0.00                           u_am2.b_i[1] (net)
                  0.04    0.00    0.80 v hold37/A (sky130_fd_sc_hd__dlygate4sd3_1)
                  0.07    0.60    1.40 v hold37/X (sky130_fd_sc_hd__dlygate4sd3_1)
     2    0.01                           net63 (net)
                  0.07    0.00    1.40 v _360_/A1 (sky130_fd_sc_hd__mux2_1)
                  0.06    0.32    1.71 v _360_/X (sky130_fd_sc_hd__mux2_1)
     1    0.00                           _174_ (net)
                  0.06    0.00    1.71 v _361_/A (sky130_fd_sc_hd__clkbuf_1)
                  0.02    0.10    1.81 v _361_/X (sky130_fd_sc_hd__clkbuf_1)
     1    0.00                           _040_ (net)
                  0.02    0.00    1.81 v _460_/D (sky130_fd_sc_hd__dfrtp_1)
                                  1.81   data arrival time

                         25.00   25.00   clock clk (rise edge)
                          0.00   25.00   clock source latency
                  0.10    0.06   25.06 ^ clk (in)
     1    0.02                           clk (net)
                  0.10    0.00   25.06 ^ clkbuf_0_clk/A (sky130_fd_sc_hd__clkbuf_16)
                  0.10    0.18   25.24 ^ clkbuf_0_clk/X (sky130_fd_sc_hd__clkbuf_16)
     8    0.08                           clknet_0_clk (net)
                  0.10    0.00   25.25 ^ clkbuf_3_3__f_clk/A (sky130_fd_sc_hd__clkbuf_16)
                  0.05    0.15   25.39 ^ clkbuf_3_3__f_clk/X (sky130_fd_sc_hd__clkbuf_16)
    10    0.03                           clknet_3_3__leaf_clk (net)
                  0.05    0.00   25.39 ^ _460_/CLK (sky130_fd_sc_hd__dfrtp_1)
                         -0.25   25.14   clock uncertainty
                          0.04   25.19   clock reconvergence pessimism
                         -0.10   25.08   library setup time
                                 25.08   data required time
-----------------------------------------------------------------------------
                                 25.08   data required time
                                 -1.81   data arrival time
-----------------------------------------------------------------------------
                                 23.27   slack (MET)


Startpoint: _461_ (rising edge-triggered flip-flop clocked by clk)
Endpoint: _461_ (rising edge-triggered flip-flop clocked by clk)
Path Group: clk
Path Type: max

Fanout     Cap    Slew   Delay    Time   Description
-----------------------------------------------------------------------------
                          0.00    0.00   clock clk (rise edge)
                          0.00    0.00   clock source latency
                  0.10    0.07    0.07 ^ clk (in)
     1    0.02                           clk (net)
                  0.10    0.00    0.07 ^ clkbuf_0_clk/A (sky130_fd_sc_hd__clkbuf_16)
                  0.10    0.20    0.27 ^ clkbuf_0_clk/X (sky130_fd_sc_hd__clkbuf_16)
     8    0.08                           clknet_0_clk (net)
                  0.10    0.00    0.27 ^ clkbuf_3_3__f_clk/A (sky130_fd_sc_hd__clkbuf_16)
                  0.05    0.16    0.43 ^ clkbuf_3_3__f_clk/X (sky130_fd_sc_hd__clkbuf_16)
    10    0.03                           clknet_3_3__leaf_clk (net)
                  0.05    0.00    0.44 ^ _461_/CLK (sky130_fd_sc_hd__dfrtp_1)
                  0.06    0.40    0.83 v _461_/Q (sky130_fd_sc_hd__dfrtp_1)
     2    0.01                           u_sort.bucket_reg[2][2] (net)
                  0.06    0.00    0.83 v hold25/A (sky130_fd_sc_hd__dlygate4sd3_1)
                  0.05    0.58    1.41 v hold25/X (sky130_fd_sc_hd__dlygate4sd3_1)
     1    0.00                           net51 (net)
                  0.05    0.00    1.41 v _362_/A0 (sky130_fd_sc_hd__mux2_1)
                  0.05    0.29    1.70 v _362_/X (sky130_fd_sc_hd__mux2_1)
     1    0.00                           _175_ (net)
                  0.05    0.00    1.70 v _363_/A (sky130_fd_sc_hd__clkbuf_1)
                  0.02    0.09    1.79 v _363_/X (sky130_fd_sc_hd__clkbuf_1)
     1    0.00                           _041_ (net)
                  0.02    0.00    1.79 v _461_/D (sky130_fd_sc_hd__dfrtp_1)
                                  1.79   data arrival time

                         25.00   25.00   clock clk (rise edge)
                          0.00   25.00   clock source latency
                  0.10    0.06   25.06 ^ clk (in)
     1    0.02                           clk (net)
                  0.10    0.00   25.06 ^ clkbuf_0_clk/A (sky130_fd_sc_hd__clkbuf_16)
                  0.10    0.18   25.24 ^ clkbuf_0_clk/X (sky130_fd_sc_hd__clkbuf_16)
     8    0.08                           clknet_0_clk (net)
                  0.10    0.00   25.25 ^ clkbuf_3_3__f_clk/A (sky130_fd_sc_hd__clkbuf_16)
                  0.05    0.15   25.39 ^ clkbuf_3_3__f_clk/X (sky130_fd_sc_hd__clkbuf_16)
    10    0.03                           clknet_3_3__leaf_clk (net)
                  0.05    0.00   25.39 ^ _461_/CLK (sky130_fd_sc_hd__dfrtp_1)
                         -0.25   25.14   clock uncertainty
                          0.04   25.19   clock reconvergence pessimism
                         -0.10   25.08   library setup time
                                 25.08   data required time
-----------------------------------------------------------------------------
                                 25.08   data required time
                                 -1.79   data arrival time
-----------------------------------------------------------------------------
                                 23.29   slack (MET)


Startpoint: _479_ (rising edge-triggered flip-flop clocked by clk)
Endpoint: _479_ (rising edge-triggered flip-flop clocked by clk)
Path Group: clk
Path Type: max

Fanout     Cap    Slew   Delay    Time   Description
-----------------------------------------------------------------------------
                          0.00    0.00   clock clk (rise edge)
                          0.00    0.00   clock source latency
                  0.10    0.07    0.07 ^ clk (in)
     1    0.02                           clk (net)
                  0.10    0.00    0.07 ^ clkbuf_0_clk/A (sky130_fd_sc_hd__clkbuf_16)
                  0.10    0.20    0.27 ^ clkbuf_0_clk/X (sky130_fd_sc_hd__clkbuf_16)
     8    0.08                           clknet_0_clk (net)
                  0.10    0.00    0.27 ^ clkbuf_3_5__f_clk/A (sky130_fd_sc_hd__clkbuf_16)
                  0.04    0.15    0.43 ^ clkbuf_3_5__f_clk/X (sky130_fd_sc_hd__clkbuf_16)
     7    0.02                           clknet_3_5__leaf_clk (net)
                  0.04    0.00    0.43 ^ _479_/CLK (sky130_fd_sc_hd__dfrtp_1)
                  0.06    0.39    0.82 v _479_/Q (sky130_fd_sc_hd__dfrtp_1)
     3    0.01                           u_sort.valid_reg[0] (net)
                  0.06    0.00    0.82 v hold6/A (sky130_fd_sc_hd__dlygate4sd3_1)
                  0.05    0.58    1.40 v hold6/X (sky130_fd_sc_hd__dlygate4sd3_1)
     1    0.00                           net32 (net)
                  0.05    0.00    1.40 v _404_/B1 (sky130_fd_sc_hd__o21ai_1)
                  0.10    0.07    1.47 ^ _404_/Y (sky130_fd_sc_hd__o21ai_1)
     1    0.00                           _201_ (net)
                  0.10    0.00    1.47 ^ _405_/B (sky130_fd_sc_hd__nand2_1)
                  0.04    0.07    1.54 v _405_/Y (sky130_fd_sc_hd__nand2_1)
     1    0.00                           _057_ (net)
                  0.04    0.00    1.54 v _479_/D (sky130_fd_sc_hd__dfrtp_1)
                                  1.54   data arrival time

                         25.00   25.00   clock clk (rise edge)
                          0.00   25.00   clock source latency
                  0.10    0.06   25.06 ^ clk (in)
     1    0.02                           clk (net)
                  0.10    0.00   25.06 ^ clkbuf_0_clk/A (sky130_fd_sc_hd__clkbuf_16)
                  0.10    0.18   25.24 ^ clkbuf_0_clk/X (sky130_fd_sc_hd__clkbuf_16)
     8    0.08                           clknet_0_clk (net)
                  0.10    0.00   25.25 ^ clkbuf_3_5__f_clk/A (sky130_fd_sc_hd__clkbuf_16)
                  0.04    0.14   25.38 ^ clkbuf_3_5__f_clk/X (sky130_fd_sc_hd__clkbuf_16)
     7    0.02                           clknet_3_5__leaf_clk (net)
                  0.04    0.00   25.39 ^ _479_/CLK (sky130_fd_sc_hd__dfrtp_1)
                         -0.25   25.14   clock uncertainty
                          0.04   25.18   clock reconvergence pessimism
                         -0.11   25.06   library setup time
                                 25.06   data required time
-----------------------------------------------------------------------------
                                 25.06   data required time
                                 -1.54   data arrival time
-----------------------------------------------------------------------------
                                 23.52   slack (MET)



