
===========================================================================
report_checks -path_delay max (Setup)
============================================================================
======================= Typical Corner ===================================

Startpoint: _473_ (rising edge-triggered flip-flop clocked by clk)
Endpoint: o_index[1] (output port clocked by clk)
Path Group: clk
Path Type: max

Fanout     Cap    Slew   Delay    Time   Description
-----------------------------------------------------------------------------
                          0.00    0.00   clock clk (rise edge)
                          0.00    0.00   clock source latency
                  0.08    0.06    0.06 ^ clk (in)
     1    0.02                           clk (net)
                  0.08    0.00    0.06 ^ clkbuf_0_clk/A (sky130_fd_sc_hd__clkbuf_16)
                  0.10    0.20    0.26 ^ clkbuf_0_clk/X (sky130_fd_sc_hd__clkbuf_16)
     8    0.08                           clknet_0_clk (net)
                  0.10    0.00    0.26 ^ clkbuf_3_3__f_clk/A (sky130_fd_sc_hd__clkbuf_16)
                  0.05    0.16    0.41 ^ clkbuf_3_3__f_clk/X (sky130_fd_sc_hd__clkbuf_16)
     8    0.02                           clknet_3_3__leaf_clk (net)
                  0.05    0.00    0.42 ^ _473_/CLK (sky130_fd_sc_hd__dfrtp_1)
                  0.07    0.41    0.83 v _473_/Q (sky130_fd_sc_hd__dfrtp_1)
     2    0.01                           net22 (net)
                  0.07    0.00    0.83 v output22/A (sky130_fd_sc_hd__clkbuf_4)
                  0.08    0.20    1.03 v output22/X (sky130_fd_sc_hd__clkbuf_4)
     1    0.04                           o_index[1] (net)
                  0.08    0.00    1.03 v o_index[1] (out)
                                  1.03   data arrival time

                         25.00   25.00   clock clk (rise edge)
                          0.00   25.00   clock network delay (propagated)
                         -0.25   24.75   clock uncertainty
                          0.00   24.75   clock reconvergence pessimism
                         -5.00   19.75   output external delay
                                 19.75   data required time
-----------------------------------------------------------------------------
                                 19.75   data required time
                                 -1.03   data arrival time
-----------------------------------------------------------------------------
                                 18.72   slack (MET)


Startpoint: _472_ (rising edge-triggered flip-flop clocked by clk)
Endpoint: o_index[0] (output port clocked by clk)
Path Group: clk
Path Type: max

Fanout     Cap    Slew   Delay    Time   Description
-----------------------------------------------------------------------------
                          0.00    0.00   clock clk (rise edge)
                          0.00    0.00   clock source latency
                  0.08    0.06    0.06 ^ clk (in)
     1    0.02                           clk (net)
                  0.08    0.00    0.06 ^ clkbuf_0_clk/A (sky130_fd_sc_hd__clkbuf_16)
                  0.10    0.20    0.26 ^ clkbuf_0_clk/X (sky130_fd_sc_hd__clkbuf_16)
     8    0.08                           clknet_0_clk (net)
                  0.10    0.00    0.26 ^ clkbuf_3_7__f_clk/A (sky130_fd_sc_hd__clkbuf_16)
                  0.05    0.16    0.42 ^ clkbuf_3_7__f_clk/X (sky130_fd_sc_hd__clkbuf_16)
    11    0.03                           clknet_3_7__leaf_clk (net)
                  0.05    0.00    0.42 ^ _472_/CLK (sky130_fd_sc_hd__dfrtp_1)
                  0.04    0.38    0.80 v _472_/Q (sky130_fd_sc_hd__dfrtp_1)
     2    0.00                           net21 (net)
                  0.04    0.00    0.81 v output21/A (sky130_fd_sc_hd__buf_2)
                  0.09    0.19    0.99 v output21/X (sky130_fd_sc_hd__buf_2)
     1    0.03                           o_index[0] (net)
                  0.09    0.00    1.00 v o_index[0] (out)
                                  1.00   data arrival time

                         25.00   25.00   clock clk (rise edge)
                          0.00   25.00   clock network delay (propagated)
                         -0.25   24.75   clock uncertainty
                          0.00   24.75   clock reconvergence pessimism
                         -5.00   19.75   output external delay
                                 19.75   data required time
-----------------------------------------------------------------------------
                                 19.75   data required time
                                 -1.00   data arrival time
-----------------------------------------------------------------------------
                                 18.75   slack (MET)


Startpoint: _469_ (rising edge-triggered flip-flop clocked by clk)
Endpoint: o_bucket[1] (output port clocked by clk)
Path Group: clk
Path Type: max

Fanout     Cap    Slew   Delay    Time   Description
-----------------------------------------------------------------------------
                          0.00    0.00   clock clk (rise edge)
                          0.00    0.00   clock source latency
                  0.08    0.06    0.06 ^ clk (in)
     1    0.02                           clk (net)
                  0.08    0.00    0.06 ^ clkbuf_0_clk/A (sky130_fd_sc_hd__clkbuf_16)
                  0.10    0.20    0.26 ^ clkbuf_0_clk/X (sky130_fd_sc_hd__clkbuf_16)
     8    0.08                           clknet_0_clk (net)
                  0.10    0.00    0.26 ^ clkbuf_3_7__f_clk/A (sky130_fd_sc_hd__clkbuf_16)
                  0.05    0.16    0.42 ^ clkbuf_3_7__f_clk/X (sky130_fd_sc_hd__clkbuf_16)
    11    0.03                           clknet_3_7__leaf_clk (net)
                  0.05    0.00    0.42 ^ _469_/CLK (sky130_fd_sc_hd__dfrtp_1)
                  0.04    0.38    0.80 v _469_/Q (sky130_fd_sc_hd__dfrtp_1)
     2    0.00                           net19 (net)
                  0.04    0.00    0.80 v output19/A (sky130_fd_sc_hd__buf_2)
                  0.09    0.19    0.99 v output19/X (sky130_fd_sc_hd__buf_2)
     1    0.03                           o_bucket[1] (net)
                  0.09    0.00    0.99 v o_bucket[1] (out)
                                  0.99   data arrival time

                         25.00   25.00   clock clk (rise edge)
                          0.00   25.00   clock network delay (propagated)
                         -0.25   24.75   clock uncertainty
                          0.00   24.75   clock reconvergence pessimism
                         -5.00   19.75   output external delay
                                 19.75   data required time
-----------------------------------------------------------------------------
                                 19.75   data required time
                                 -0.99   data arrival time
-----------------------------------------------------------------------------
                                 18.76   slack (MET)


Startpoint: _468_ (rising edge-triggered flip-flop clocked by clk)
Endpoint: o_bucket[0] (output port clocked by clk)
Path Group: clk
Path Type: max

Fanout     Cap    Slew   Delay    Time   Description
-----------------------------------------------------------------------------
                          0.00    0.00   clock clk (rise edge)
                          0.00    0.00   clock source latency
                  0.08    0.06    0.06 ^ clk (in)
     1    0.02                           clk (net)
                  0.08    0.00    0.06 ^ clkbuf_0_clk/A (sky130_fd_sc_hd__clkbuf_16)
                  0.10    0.20    0.26 ^ clkbuf_0_clk/X (sky130_fd_sc_hd__clkbuf_16)
     8    0.08                           clknet_0_clk (net)
                  0.10    0.00    0.26 ^ clkbuf_3_6__f_clk/A (sky130_fd_sc_hd__clkbuf_16)
                  0.05    0.16    0.42 ^ clkbuf_3_6__f_clk/X (sky130_fd_sc_hd__clkbuf_16)
     8    0.03                           clknet_3_6__leaf_clk (net)
                  0.05    0.00    0.42 ^ _468_/CLK (sky130_fd_sc_hd__dfrtp_1)
                  0.05    0.38    0.80 v _468_/Q (sky130_fd_sc_hd__dfrtp_1)
     2    0.00                           net18 (net)
                  0.05    0.00    0.80 v output18/A (sky130_fd_sc_hd__buf_2)
                  0.09    0.19    0.99 v output18/X (sky130_fd_sc_hd__buf_2)
     1    0.03                           o_bucket[0] (net)
                  0.09    0.00    0.99 v o_bucket[0] (out)
                                  0.99   data arrival time

                         25.00   25.00   clock clk (rise edge)
                          0.00   25.00   clock network delay (propagated)
                         -0.25   24.75   clock uncertainty
                          0.00   24.75   clock reconvergence pessimism
                         -5.00   19.75   output external delay
                                 19.75   data required time
-----------------------------------------------------------------------------
                                 19.75   data required time
                                 -0.99   data arrival time
-----------------------------------------------------------------------------
                                 18.76   slack (MET)


Startpoint: _470_ (rising edge-triggered flip-flop clocked by clk)
Endpoint: o_bucket[2] (output port clocked by clk)
Path Group: clk
Path Type: max

Fanout     Cap    Slew   Delay    Time   Description
-----------------------------------------------------------------------------
                          0.00    0.00   clock clk (rise edge)
                          0.00    0.00   clock source latency
                  0.08    0.06    0.06 ^ clk (in)
     1    0.02                           clk (net)
                  0.08    0.00    0.06 ^ clkbuf_0_clk/A (sky130_fd_sc_hd__clkbuf_16)
                  0.10    0.20    0.26 ^ clkbuf_0_clk/X (sky130_fd_sc_hd__clkbuf_16)
     8    0.08                           clknet_0_clk (net)
                  0.10    0.00    0.26 ^ clkbuf_3_5__f_clk/A (sky130_fd_sc_hd__clkbuf_16)
                  0.04    0.15    0.41 ^ clkbuf_3_5__f_clk/X (sky130_fd_sc_hd__clkbuf_16)
     7    0.02                           clknet_3_5__leaf_clk (net)
                  0.04    0.00    0.41 ^ _470_/CLK (sky130_fd_sc_hd__dfrtp_1)
                  0.05    0.38    0.79 v _470_/Q (sky130_fd_sc_hd__dfrtp_1)
     2    0.00                           net20 (net)
                  0.05    0.00    0.79 v output20/A (sky130_fd_sc_hd__clkbuf_4)
                  0.08    0.19    0.98 v output20/X (sky130_fd_sc_hd__clkbuf_4)
     1    0.03                           o_bucket[2] (net)
                  0.08    0.00    0.98 v o_bucket[2] (out)
                                  0.98   data arrival time

                         25.00   25.00   clock clk (rise edge)
                          0.00   25.00   clock network delay (propagated)
                         -0.25   24.75   clock uncertainty
                          0.00   24.75   clock reconvergence pessimism
                         -5.00   19.75   output external delay
                                 19.75   data required time
-----------------------------------------------------------------------------
                                 19.75   data required time
                                 -0.98   data arrival time
-----------------------------------------------------------------------------
                                 18.77   slack (MET)


Startpoint: _474_ (rising edge-triggered flip-flop clocked by clk)
Endpoint: o_index[2] (output port clocked by clk)
Path Group: clk
Path Type: max

Fanout     Cap    Slew   Delay    Time   Description
-----------------------------------------------------------------------------
                          0.00    0.00   clock clk (rise edge)
                          0.00    0.00   clock source latency
                  0.08    0.06    0.06 ^ clk (in)
     1    0.02                           clk (net)
                  0.08    0.00    0.06 ^ clkbuf_0_clk/A (sky130_fd_sc_hd__clkbuf_16)
                  0.10    0.20    0.26 ^ clkbuf_0_clk/X (sky130_fd_sc_hd__clkbuf_16)
     8    0.08                           clknet_0_clk (net)
                  0.10    0.00    0.26 ^ clkbuf_3_4__f_clk/A (sky130_fd_sc_hd__clkbuf_16)
                  0.04    0.15    0.41 ^ clkbuf_3_4__f_clk/X (sky130_fd_sc_hd__clkbuf_16)
     6    0.02                           clknet_3_4__leaf_clk (net)
                  0.04    0.00    0.41 ^ _474_/CLK (sky130_fd_sc_hd__dfrtp_1)
                  0.05    0.38    0.79 v _474_/Q (sky130_fd_sc_hd__dfrtp_1)
     2    0.00                           net23 (net)
                  0.05    0.00    0.79 v output23/A (sky130_fd_sc_hd__clkbuf_4)
                  0.08    0.19    0.98 v output23/X (sky130_fd_sc_hd__clkbuf_4)
     1    0.03                           o_index[2] (net)
                  0.08    0.00    0.98 v o_index[2] (out)
                                  0.98   data arrival time

                         25.00   25.00   clock clk (rise edge)
                          0.00   25.00   clock network delay (propagated)
                         -0.25   24.75   clock uncertainty
                          0.00   24.75   clock reconvergence pessimism
                         -5.00   19.75   output external delay
                                 19.75   data required time
-----------------------------------------------------------------------------
                                 19.75   data required time
                                 -0.98   data arrival time
-----------------------------------------------------------------------------
                                 18.77   slack (MET)


Startpoint: _471_ (rising edge-triggered flip-flop clocked by clk)
Endpoint: o_valid (output port clocked by clk)
Path Group: clk
Path Type: max

Fanout     Cap    Slew   Delay    Time   Description
-----------------------------------------------------------------------------
                          0.00    0.00   clock clk (rise edge)
                          0.00    0.00   clock source latency
                  0.08    0.06    0.06 ^ clk (in)
     1    0.02                           clk (net)
                  0.08    0.00    0.06 ^ clkbuf_0_clk/A (sky130_fd_sc_hd__clkbuf_16)
                  0.10    0.20    0.26 ^ clkbuf_0_clk/X (sky130_fd_sc_hd__clkbuf_16)
     8    0.08                           clknet_0_clk (net)
                  0.10    0.00    0.26 ^ clkbuf_3_5__f_clk/A (sky130_fd_sc_hd__clkbuf_16)
                  0.04    0.15    0.41 ^ clkbuf_3_5__f_clk/X (sky130_fd_sc_hd__clkbuf_16)
     7    0.02                           clknet_3_5__leaf_clk (net)
                  0.04    0.00    0.41 ^ _471_/CLK (sky130_fd_sc_hd__dfrtp_1)
                  0.04    0.36    0.78 v _471_/Q (sky130_fd_sc_hd__dfrtp_1)
     1    0.00                           net24 (net)
                  0.04    0.00    0.78 v output24/A (sky130_fd_sc_hd__clkbuf_4)
                  0.08    0.19    0.96 v output24/X (sky130_fd_sc_hd__clkbuf_4)
     1    0.03                           o_valid (net)
                  0.08    0.00    0.97 v o_valid (out)
                                  0.97   data arrival time

                         25.00   25.00   clock clk (rise edge)
                          0.00   25.00   clock network delay (propagated)
                         -0.25   24.75   clock uncertainty
                          0.00   24.75   clock reconvergence pessimism
                         -5.00   19.75   output external delay
                                 19.75   data required time
-----------------------------------------------------------------------------
                                 19.75   data required time
                                 -0.97   data arrival time
-----------------------------------------------------------------------------
                                 18.78   slack (MET)


Startpoint: i_value4[0] (input port clocked by clk)
Endpoint: _425_ (rising edge-triggered flip-flop clocked by clk)
Path Group: clk
Path Type: max

Fanout     Cap    Slew   Delay    Time   Description
-----------------------------------------------------------------------------
                          0.00    0.00   clock clk (rise edge)
                          0.00    0.00   clock network delay (propagated)
                          5.00    5.00 ^ input external delay
                  0.02    0.01    5.01 ^ i_value4[0] (in)
     1    0.00                           i_value4[0] (net)
                  0.02    0.00    5.01 ^ input14/A (sky130_fd_sc_hd__buf_1)
                  0.23    0.21    5.23 ^ input14/X (sky130_fd_sc_hd__buf_1)
     2    0.02                           net14 (net)
                  0.23    0.00    5.23 ^ _264_/B1 (sky130_fd_sc_hd__o211a_1)
                  0.04    0.19    5.42 ^ _264_/X (sky130_fd_sc_hd__o211a_1)
     1    0.00                           _115_ (net)
                  0.04    0.00    5.42 ^ _266_/B1 (sky130_fd_sc_hd__o221a_2)
                  0.14    0.27    5.69 ^ _266_/X (sky130_fd_sc_hd__o221a_2)
     5    0.02                           _117_ (net)
                  0.14    0.00    5.70 ^ _271_/S (sky130_fd_sc_hd__mux2_1)
                  0.06    0.36    6.05 v _271_/X (sky130_fd_sc_hd__mux2_1)
     1    0.00                           _120_ (net)
                  0.06    0.00    6.05 v _272_/A (sky130_fd_sc_hd__clkbuf_1)
                  0.03    0.10    6.15 v _272_/X (sky130_fd_sc_hd__clkbuf_1)
     1    0.00                           _005_ (net)
                  0.03    0.00    6.15 v _425_/D (sky130_fd_sc_hd__dfrtp_1)
                                  6.15   data arrival time

                         25.00   25.00   clock clk (rise edge)
                          0.00   25.00   clock source latency
                  0.08    0.05   25.05 ^ clk (in)
     1    0.02                           clk (net)
                  0.08    0.00   25.05 ^ clkbuf_0_clk/A (sky130_fd_sc_hd__clkbuf_16)
                  0.10    0.18   25.23 ^ clkbuf_0_clk/X (sky130_fd_sc_hd__clkbuf_16)
     8    0.08                           clknet_0_clk (net)
                  0.10    0.00   25.23 ^ clkbuf_3_3__f_clk/A (sky130_fd_sc_hd__clkbuf_16)
                  0.05    0.14   25.38 ^ clkbuf_3_3__f_clk/X (sky130_fd_sc_hd__clkbuf_16)
     8    0.02                           clknet_3_3__leaf_clk (net)
                  0.05    0.00   25.38 ^ _425_/CLK (sky130_fd_sc_hd__dfrtp_1)
                         -0.25   25.13   clock uncertainty
                          0.00   25.13   clock reconvergence pessimism
                         -0.11   25.02   library setup time
                                 25.02   data required time
-----------------------------------------------------------------------------
                                 25.02   data required time
                                 -6.15   data arrival time
-----------------------------------------------------------------------------
                                 18.87   slack (MET)


Startpoint: i_value0[1] (input port clocked by clk)
Endpoint: _434_ (rising edge-triggered flip-flop clocked by clk)
Path Group: clk
Path Type: max

Fanout     Cap    Slew   Delay    Time   Description
-----------------------------------------------------------------------------
                          0.00    0.00   clock clk (rise edge)
                          0.00    0.00   clock network delay (propagated)
                          5.00    5.00 v input external delay
                  0.01    0.01    5.01 v i_value0[1] (in)
     1    0.00                           i_value0[1] (net)
                  0.01    0.00    5.01 v input3/A (sky130_fd_sc_hd__buf_1)
                  0.11    0.14    5.15 v input3/X (sky130_fd_sc_hd__buf_1)
     3    0.02                           net3 (net)
                  0.11    0.00    5.15 v _276_/A2 (sky130_fd_sc_hd__o211a_1)
                  0.04    0.23    5.38 v _276_/X (sky130_fd_sc_hd__o211a_1)
     1    0.00                           _124_ (net)
                  0.04    0.00    5.38 v _278_/B1 (sky130_fd_sc_hd__o221a_2)
                  0.09    0.32    5.70 v _278_/X (sky130_fd_sc_hd__o221a_2)
     5    0.02                           _126_ (net)
                  0.09    0.00    5.70 v _299_/S (sky130_fd_sc_hd__mux2_1)
                  0.06    0.34    6.04 v _299_/X (sky130_fd_sc_hd__mux2_1)
     1    0.00                           _139_ (net)
                  0.06    0.00    6.04 v _300_/A (sky130_fd_sc_hd__clkbuf_1)
                  0.03    0.10    6.14 v _300_/X (sky130_fd_sc_hd__clkbuf_1)
     1    0.00                           _014_ (net)
                  0.03    0.00    6.14 v _434_/D (sky130_fd_sc_hd__dfrtp_1)
                                  6.14   data arrival time

                         25.00   25.00   clock clk (rise edge)
                          0.00   25.00   clock source latency
                  0.08    0.05   25.05 ^ clk (in)
     1    0.02                           clk (net)
                  0.08    0.00   25.05 ^ clkbuf_0_clk/A (sky130_fd_sc_hd__clkbuf_16)
                  0.10    0.18   25.23 ^ clkbuf_0_clk/X (sky130_fd_sc_hd__clkbuf_16)
     8    0.08                           clknet_0_clk (net)
                  0.10    0.00   25.23 ^ clkbuf_3_6__f_clk/A (sky130_fd_sc_hd__clkbuf_16)
                  0.05    0.14   25.38 ^ clkbuf_3_6__f_clk/X (sky130_fd_sc_hd__clkbuf_16)
     8    0.03                           clknet_3_6__leaf_clk (net)
                  0.05    0.00   25.38 ^ _434_/CLK (sky130_fd_sc_hd__dfrtp_1)
                         -0.25   25.13   clock uncertainty
                          0.00   25.13   clock reconvergence pessimism
                         -0.11   25.02   library setup time
                                 25.02   data required time
-----------------------------------------------------------------------------
                                 25.02   data required time
                                 -6.14   data arrival time
-----------------------------------------------------------------------------
                                 18.88   slack (MET)


Startpoint: i_value4[0] (input port clocked by clk)
Endpoint: _448_ (rising edge-triggered flip-flop clocked by clk)
Path Group: clk
Path Type: max

Fanout     Cap    Slew   Delay    Time   Description
-----------------------------------------------------------------------------
                          0.00    0.00   clock clk (rise edge)
                          0.00    0.00   clock network delay (propagated)
                          5.00    5.00 ^ input external delay
                  0.02    0.01    5.01 ^ i_value4[0] (in)
     1    0.00                           i_value4[0] (net)
                  0.02    0.00    5.01 ^ input14/A (sky130_fd_sc_hd__buf_1)
                  0.23    0.21    5.23 ^ input14/X (sky130_fd_sc_hd__buf_1)
     2    0.02                           net14 (net)
                  0.23    0.00    5.23 ^ _264_/B1 (sky130_fd_sc_hd__o211a_1)
                  0.04    0.19    5.42 ^ _264_/X (sky130_fd_sc_hd__o211a_1)
     1    0.00                           _115_ (net)
                  0.04    0.00    5.42 ^ _266_/B1 (sky130_fd_sc_hd__o221a_2)
                  0.14    0.27    5.69 ^ _266_/X (sky130_fd_sc_hd__o221a_2)
     5    0.02                           _117_ (net)
                  0.14    0.00    5.70 ^ _337_/S (sky130_fd_sc_hd__mux2_1)
                  0.06    0.35    6.05 v _337_/X (sky130_fd_sc_hd__mux2_1)
     1    0.00                           _163_ (net)
                  0.06    0.00    6.05 v _338_/A (sky130_fd_sc_hd__clkbuf_1)
                  0.03    0.10    6.14 v _338_/X (sky130_fd_sc_hd__clkbuf_1)
     1    0.00                           _028_ (net)
                  0.03    0.00    6.14 v _448_/D (sky130_fd_sc_hd__dfrtp_1)
                                  6.14   data arrival time

                         25.00   25.00   clock clk (rise edge)
                          0.00   25.00   clock source latency
                  0.08    0.05   25.05 ^ clk (in)
     1    0.02                           clk (net)
                  0.08    0.00   25.05 ^ clkbuf_0_clk/A (sky130_fd_sc_hd__clkbuf_16)
                  0.10    0.18   25.23 ^ clkbuf_0_clk/X (sky130_fd_sc_hd__clkbuf_16)
     8    0.08                           clknet_0_clk (net)
                  0.10    0.00   25.23 ^ clkbuf_3_2__f_clk/A (sky130_fd_sc_hd__clkbuf_16)
                  0.05    0.14   25.38 ^ clkbuf_3_2__f_clk/X (sky130_fd_sc_hd__clkbuf_16)
     8    0.02                           clknet_3_2__leaf_clk (net)
                  0.05    0.00   25.38 ^ _448_/CLK (sky130_fd_sc_hd__dfrtp_1)
                         -0.25   25.13   clock uncertainty
                          0.00   25.13   clock reconvergence pessimism
                         -0.11   25.02   library setup time
                                 25.02   data required time
-----------------------------------------------------------------------------
                                 25.02   data required time
                                 -6.14   data arrival time
-----------------------------------------------------------------------------
                                 18.88   slack (MET)


Startpoint: i_value0[1] (input port clocked by clk)
Endpoint: _433_ (rising edge-triggered flip-flop clocked by clk)
Path Group: clk
Path Type: max

Fanout     Cap    Slew   Delay    Time   Description
-----------------------------------------------------------------------------
                          0.00    0.00   clock clk (rise edge)
                          0.00    0.00   clock network delay (propagated)
                          5.00    5.00 v input external delay
                  0.01    0.01    5.01 v i_value0[1] (in)
     1    0.00                           i_value0[1] (net)
                  0.01    0.00    5.01 v input3/A (sky130_fd_sc_hd__buf_1)
                  0.11    0.14    5.15 v input3/X (sky130_fd_sc_hd__buf_1)
     3    0.02                           net3 (net)
                  0.11    0.00    5.15 v _276_/A2 (sky130_fd_sc_hd__o211a_1)
                  0.04    0.23    5.38 v _276_/X (sky130_fd_sc_hd__o211a_1)
     1    0.00                           _124_ (net)
                  0.04    0.00    5.38 v _278_/B1 (sky130_fd_sc_hd__o221a_2)
                  0.09    0.32    5.70 v _278_/X (sky130_fd_sc_hd__o221a_2)
     5    0.02                           _126_ (net)
                  0.09    0.00    5.70 v _297_/S (sky130_fd_sc_hd__mux2_1)
                  0.06    0.34    6.04 v _297_/X (sky130_fd_sc_hd__mux2_1)
     1    0.00                           _138_ (net)
                  0.06    0.00    6.04 v _298_/A (sky130_fd_sc_hd__clkbuf_1)
                  0.03    0.10    6.14 v _298_/X (sky130_fd_sc_hd__clkbuf_1)
     1    0.00                           _013_ (net)
                  0.03    0.00    6.14 v _433_/D (sky130_fd_sc_hd__dfrtp_1)
                                  6.14   data arrival time

                         25.00   25.00   clock clk (rise edge)
                          0.00   25.00   clock source latency
                  0.08    0.05   25.05 ^ clk (in)
     1    0.02                           clk (net)
                  0.08    0.00   25.05 ^ clkbuf_0_clk/A (sky130_fd_sc_hd__clkbuf_16)
                  0.10    0.18   25.23 ^ clkbuf_0_clk/X (sky130_fd_sc_hd__clkbuf_16)
     8    0.08                           clknet_0_clk (net)
                  0.10    0.00   25.23 ^ clkbuf_3_6__f_clk/A (sky130_fd_sc_hd__clkbuf_16)
                  0.05    0.14   25.38 ^ clkbuf_3_6__f_clk/X (sky130_fd_sc_hd__clkbuf_16)
     8    0.03                           clknet_3_6__leaf_clk (net)
                  0.05    0.00   25.38 ^ _433_/CLK (sky130_fd_sc_hd__dfrtp_1)
                         -0.25   25.13   clock uncertainty
                          0.00   25.13   clock reconvergence pessimism
                         -0.11   25.02   library setup time
                                 25.02   data required time
-----------------------------------------------------------------------------
                                 25.02   data required time
                                 -6.14   data arrival time
-----------------------------------------------------------------------------
                                 18.88   slack (MET)


Startpoint: i_value4[0] (input port clocked by clk)
Endpoint: _423_ (rising edge-triggered flip-flop clocked by clk)
Path Group: clk
Path Type: max

Fanout     Cap    Slew   Delay    Time   Description
-----------------------------------------------------------------------------
                          0.00    0.00   clock clk (rise edge)
                          0.00    0.00   clock network delay (propagated)
                          5.00    5.00 ^ input external delay
                  0.02    0.01    5.01 ^ i_value4[0] (in)
     1    0.00                           i_value4[0] (net)
                  0.02    0.00    5.01 ^ input14/A (sky130_fd_sc_hd__buf_1)
                  0.23    0.21    5.23 ^ input14/X (sky130_fd_sc_hd__buf_1)
     2    0.02                           net14 (net)
                  0.23    0.00    5.23 ^ _264_/B1 (sky130_fd_sc_hd__o211a_1)
                  0.04    0.19    5.42 ^ _264_/X (sky130_fd_sc_hd__o211a_1)
     1    0.00                           _115_ (net)
                  0.04    0.00    5.42 ^ _266_/B1 (sky130_fd_sc_hd__o221a_2)
                  0.14    0.27    5.69 ^ _266_/X (sky130_fd_sc_hd__o221a_2)
     5    0.02                           _117_ (net)
                  0.14    0.00    5.70 ^ _267_/S (sky130_fd_sc_hd__mux2_1)
                  0.05    0.35    6.04 v _267_/X (sky130_fd_sc_hd__mux2_1)
     1    0.00                           _118_ (net)
                  0.05    0.00    6.04 v _268_/A (sky130_fd_sc_hd__clkbuf_1)
                  0.03    0.10    6.14 v _268_/X (sky130_fd_sc_hd__clkbuf_1)
     1    0.00                           _003_ (net)
                  0.03    0.00    6.14 v _423_/D (sky130_fd_sc_hd__dfrtp_1)
                                  6.14   data arrival time

                         25.00   25.00   clock clk (rise edge)
                          0.00   25.00   clock source latency
                  0.08    0.05   25.05 ^ clk (in)
     1    0.02                           clk (net)
                  0.08    0.00   25.05 ^ clkbuf_0_clk/A (sky130_fd_sc_hd__clkbuf_16)
                  0.10    0.18   25.23 ^ clkbuf_0_clk/X (sky130_fd_sc_hd__clkbuf_16)
     8    0.08                           clknet_0_clk (net)
                  0.10    0.00   25.23 ^ clkbuf_3_3__f_clk/A (sky130_fd_sc_hd__clkbuf_16)
                  0.05    0.14   25.38 ^ clkbuf_3_3__f_clk/X (sky130_fd_sc_hd__clkbuf_16)
     8    0.02                           clknet_3_3__leaf_clk (net)
                  0.05    0.00   25.38 ^ _423_/CLK (sky130_fd_sc_hd__dfrtp_1)
                         -0.25   25.13   clock uncertainty
                          0.00   25.13   clock reconvergence pessimism
                         -0.11   25.02   library setup time
                                 25.02   data required time
-----------------------------------------------------------------------------
                                 25.02   data required time
                                 -6.14   data arrival time
-----------------------------------------------------------------------------
                                 18.88   slack (MET)


Startpoint: i_value1[2] (input port clocked by clk)
Endpoint: _439_ (rising edge-triggered flip-flop clocked by clk)
Path Group: clk
Path Type: max

Fanout     Cap    Slew   Delay    Time   Description
-----------------------------------------------------------------------------
                          0.00    0.00   clock clk (rise edge)
                          0.00    0.00   clock network delay (propagated)
                          5.00    5.00 v input external delay
                  0.01    0.01    5.01 v i_value1[2] (in)
     1    0.00                           i_value1[2] (net)
                  0.01    0.00    5.01 v input7/A (sky130_fd_sc_hd__buf_1)
                  0.10    0.14    5.14 v input7/X (sky130_fd_sc_hd__buf_1)
     3    0.02                           net7 (net)
                  0.10    0.00    5.14 v _288_/A2 (sky130_fd_sc_hd__a22o_1)
                  0.04    0.26    5.40 v _288_/X (sky130_fd_sc_hd__a22o_1)
     1    0.00                           _133_ (net)
                  0.04    0.00    5.40 v _289_/B2 (sky130_fd_sc_hd__o221a_2)
                  0.09    0.30    5.70 v _289_/X (sky130_fd_sc_hd__o221a_2)
     5    0.02                           _134_ (net)
                  0.09    0.00    5.70 v _314_/S (sky130_fd_sc_hd__mux2_1)
                  0.06    0.34    6.04 v _314_/X (sky130_fd_sc_hd__mux2_1)
     1    0.00                           _149_ (net)
                  0.06    0.00    6.04 v _315_/A (sky130_fd_sc_hd__clkbuf_1)
                  0.02    0.10    6.13 v _315_/X (sky130_fd_sc_hd__clkbuf_1)
     1    0.00                           _019_ (net)
                  0.02    0.00    6.13 v _439_/D (sky130_fd_sc_hd__dfrtp_1)
                                  6.13   data arrival time

                         25.00   25.00   clock clk (rise edge)
                          0.00   25.00   clock source latency
                  0.08    0.05   25.05 ^ clk (in)
     1    0.02                           clk (net)
                  0.08    0.00   25.05 ^ clkbuf_0_clk/A (sky130_fd_sc_hd__clkbuf_16)
                  0.10    0.18   25.23 ^ clkbuf_0_clk/X (sky130_fd_sc_hd__clkbuf_16)
     8    0.08                           clknet_0_clk (net)
                  0.10    0.00   25.23 ^ clkbuf_3_4__f_clk/A (sky130_fd_sc_hd__clkbuf_16)
                  0.04    0.14   25.37 ^ clkbuf_3_4__f_clk/X (sky130_fd_sc_hd__clkbuf_16)
     6    0.02                           clknet_3_4__leaf_clk (net)
                  0.04    0.00   25.37 ^ _439_/CLK (sky130_fd_sc_hd__dfrtp_1)
                         -0.25   25.12   clock uncertainty
                          0.00   25.12   clock reconvergence pessimism
                         -0.11   25.01   library setup time
                                 25.01   data required time
-----------------------------------------------------------------------------
                                 25.01   data required time
                                 -6.13   data arrival time
-----------------------------------------------------------------------------
                                 18.88   slack (MET)


Startpoint: i_value1[2] (input port clocked by clk)
Endpoint: _440_ (rising edge-triggered flip-flop clocked by clk)
Path Group: clk
Path Type: max

Fanout     Cap    Slew   Delay    Time   Description
-----------------------------------------------------------------------------
                          0.00    0.00   clock clk (rise edge)
                          0.00    0.00   clock network delay (propagated)
                          5.00    5.00 v input external delay
                  0.01    0.01    5.01 v i_value1[2] (in)
     1    0.00                           i_value1[2] (net)
                  0.01    0.00    5.01 v input7/A (sky130_fd_sc_hd__buf_1)
                  0.10    0.14    5.14 v input7/X (sky130_fd_sc_hd__buf_1)
     3    0.02                           net7 (net)
                  0.10    0.00    5.14 v _288_/A2 (sky130_fd_sc_hd__a22o_1)
                  0.04    0.26    5.40 v _288_/X (sky130_fd_sc_hd__a22o_1)
     1    0.00                           _133_ (net)
                  0.04    0.00    5.40 v _289_/B2 (sky130_fd_sc_hd__o221a_2)
                  0.09    0.30    5.70 v _289_/X (sky130_fd_sc_hd__o221a_2)
     5    0.02                           _134_ (net)
                  0.09    0.00    5.70 v _316_/S (sky130_fd_sc_hd__mux2_1)
                  0.06    0.34    6.04 v _316_/X (sky130_fd_sc_hd__mux2_1)
     1    0.00                           _150_ (net)
                  0.06    0.00    6.04 v _317_/A (sky130_fd_sc_hd__clkbuf_1)
                  0.02    0.09    6.13 v _317_/X (sky130_fd_sc_hd__clkbuf_1)
     1    0.00                           _020_ (net)
                  0.02    0.00    6.13 v _440_/D (sky130_fd_sc_hd__dfrtp_1)
                                  6.13   data arrival time

                         25.00   25.00   clock clk (rise edge)
                          0.00   25.00   clock source latency
                  0.08    0.05   25.05 ^ clk (in)
     1    0.02                           clk (net)
                  0.08    0.00   25.05 ^ clkbuf_0_clk/A (sky130_fd_sc_hd__clkbuf_16)
                  0.10    0.18   25.23 ^ clkbuf_0_clk/X (sky130_fd_sc_hd__clkbuf_16)
     8    0.08                           clknet_0_clk (net)
                  0.10    0.00   25.23 ^ clkbuf_3_4__f_clk/A (sky130_fd_sc_hd__clkbuf_16)
                  0.04    0.14   25.37 ^ clkbuf_3_4__f_clk/X (sky130_fd_sc_hd__clkbuf_16)
     6    0.02                           clknet_3_4__leaf_clk (net)
                  0.04    0.00   25.37 ^ _440_/CLK (sky130_fd_sc_hd__dfrtp_1)
                         -0.25   25.12   clock uncertainty
                          0.00   25.12   clock reconvergence pessimism
                         -0.11   25.01   library setup time
                                 25.01   data required time
-----------------------------------------------------------------------------
                                 25.01   data required time
                                 -6.13   data arrival time
-----------------------------------------------------------------------------
                                 18.88   slack (MET)


Startpoint: i_value4[0] (input port clocked by clk)
Endpoint: _424_ (rising edge-triggered flip-flop clocked by clk)
Path Group: clk
Path Type: max

Fanout     Cap    Slew   Delay    Time   Description
-----------------------------------------------------------------------------
                          0.00    0.00   clock clk (rise edge)
                          0.00    0.00   clock network delay (propagated)
                          5.00    5.00 ^ input external delay
                  0.02    0.01    5.01 ^ i_value4[0] (in)
     1    0.00                           i_value4[0] (net)
                  0.02    0.00    5.01 ^ input14/A (sky130_fd_sc_hd__buf_1)
                  0.23    0.21    5.23 ^ input14/X (sky130_fd_sc_hd__buf_1)
     2    0.02                           net14 (net)
                  0.23    0.00    5.23 ^ _264_/B1 (sky130_fd_sc_hd__o211a_1)
                  0.04    0.19    5.42 ^ _264_/X (sky130_fd_sc_hd__o211a_1)
     1    0.00                           _115_ (net)
                  0.04    0.00    5.42 ^ _266_/B1 (sky130_fd_sc_hd__o221a_2)
                  0.14    0.27    5.69 ^ _266_/X (sky130_fd_sc_hd__o221a_2)
     5    0.02                           _117_ (net)
                  0.14    0.00    5.70 ^ _269_/S (sky130_fd_sc_hd__mux2_1)
                  0.05    0.34    6.04 v _269_/X (sky130_fd_sc_hd__mux2_1)
     1    0.00                           _119_ (net)
                  0.05    0.00    6.04 v _270_/A (sky130_fd_sc_hd__clkbuf_1)
                  0.03    0.09    6.13 v _270_/X (sky130_fd_sc_hd__clkbuf_1)
     1    0.00                           _004_ (net)
                  0.03    0.00    6.13 v _424_/D (sky130_fd_sc_hd__dfrtp_1)
                                  6.13   data arrival time

                         25.00   25.00   clock clk (rise edge)
                          0.00   25.00   clock source latency
                  0.08    0.05   25.05 ^ clk (in)
     1    0.02                           clk (net)
                  0.08    0.00   25.05 ^ clkbuf_0_clk/A (sky130_fd_sc_hd__clkbuf_16)
                  0.10    0.18   25.23 ^ clkbuf_0_clk/X (sky130_fd_sc_hd__clkbuf_16)
     8    0.08                           clknet_0_clk (net)
                  0.10    0.00   25.23 ^ clkbuf_3_3__f_clk/A (sky130_fd_sc_hd__clkbuf_16)
                  0.05    0.14   25.38 ^ clkbuf_3_3__f_clk/X (sky130_fd_sc_hd__clkbuf_16)
     8    0.02                           clknet_3_3__leaf_clk (net)
                  0.05    0.00   25.38 ^ _424_/CLK (sky130_fd_sc_hd__dfrtp_1)
                         -0.25   25.13   clock uncertainty
                          0.00   25.13   clock reconvergence pessimism
                         -0.11   25.02   library setup time
                                 25.02   data required time
-----------------------------------------------------------------------------
                                 25.02   data required time
                                 -6.13   data arrival time
-----------------------------------------------------------------------------
                                 18.89   slack (MET)


Startpoint: i_value1[2] (input port clocked by clk)
Endpoint: _430_ (rising edge-triggered flip-flop clocked by clk)
Path Group: clk
Path Type: max

Fanout     Cap    Slew   Delay    Time   Description
-----------------------------------------------------------------------------
                          0.00    0.00   clock clk (rise edge)
                          0.00    0.00   clock network delay (propagated)
                          5.00    5.00 v input external delay
                  0.01    0.01    5.01 v i_value1[2] (in)
     1    0.00                           i_value1[2] (net)
                  0.01    0.00    5.01 v input7/A (sky130_fd_sc_hd__buf_1)
                  0.10    0.14    5.14 v input7/X (sky130_fd_sc_hd__buf_1)
     3    0.02                           net7 (net)
                  0.10    0.00    5.14 v _288_/A2 (sky130_fd_sc_hd__a22o_1)
                  0.04    0.26    5.40 v _288_/X (sky130_fd_sc_hd__a22o_1)
     1    0.00                           _133_ (net)
                  0.04    0.00    5.40 v _289_/B2 (sky130_fd_sc_hd__o221a_2)
                  0.09    0.30    5.70 v _289_/X (sky130_fd_sc_hd__o221a_2)
     5    0.02                           _134_ (net)
                  0.09    0.00    5.70 v _292_/S (sky130_fd_sc_hd__mux2_1)
                  0.06    0.34    6.04 v _292_/X (sky130_fd_sc_hd__mux2_1)
     1    0.00                           _136_ (net)
                  0.06    0.00    6.04 v _293_/A (sky130_fd_sc_hd__clkbuf_1)
                  0.02    0.09    6.13 v _293_/X (sky130_fd_sc_hd__clkbuf_1)
     1    0.00                           _010_ (net)
                  0.02    0.00    6.13 v _430_/D (sky130_fd_sc_hd__dfrtp_1)
                                  6.13   data arrival time

                         25.00   25.00   clock clk (rise edge)
                          0.00   25.00   clock source latency
                  0.08    0.05   25.05 ^ clk (in)
     1    0.02                           clk (net)
                  0.08    0.00   25.05 ^ clkbuf_0_clk/A (sky130_fd_sc_hd__clkbuf_16)
                  0.10    0.18   25.23 ^ clkbuf_0_clk/X (sky130_fd_sc_hd__clkbuf_16)
     8    0.08                           clknet_0_clk (net)
                  0.10    0.00   25.23 ^ clkbuf_3_5__f_clk/A (sky130_fd_sc_hd__clkbuf_16)
                  0.04    0.14   25.37 ^ clkbuf_3_5__f_clk/X (sky130_fd_sc_hd__clkbuf_16)
     7    0.02                           clknet_3_5__leaf_clk (net)
                  0.04    0.00   25.37 ^ _430_/CLK (sky130_fd_sc_hd__dfrtp_1)
                         -0.25   25.12   clock uncertainty
                          0.00   25.12   clock reconvergence pessimism
                         -0.11   25.02   library setup time
                                 25.02   data required time
-----------------------------------------------------------------------------
                                 25.02   data required time
                                 -6.13   data arrival time
-----------------------------------------------------------------------------
                                 18.89   slack (MET)


Startpoint: i_value1[2] (input port clocked by clk)
Endpoint: _429_ (rising edge-triggered flip-flop clocked by clk)
Path Group: clk
Path Type: max

Fanout     Cap    Slew   Delay    Time   Description
-----------------------------------------------------------------------------
                          0.00    0.00   clock clk (rise edge)
                          0.00    0.00   clock network delay (propagated)
                          5.00    5.00 v input external delay
                  0.01    0.01    5.01 v i_value1[2] (in)
     1    0.00                           i_value1[2] (net)
                  0.01    0.00    5.01 v input7/A (sky130_fd_sc_hd__buf_1)
                  0.10    0.14    5.14 v input7/X (sky130_fd_sc_hd__buf_1)
     3    0.02                           net7 (net)
                  0.10    0.00    5.14 v _288_/A2 (sky130_fd_sc_hd__a22o_1)
                  0.04    0.26    5.40 v _288_/X (sky130_fd_sc_hd__a22o_1)
     1    0.00                           _133_ (net)
                  0.04    0.00    5.40 v _289_/B2 (sky130_fd_sc_hd__o221a_2)
                  0.09    0.30    5.70 v _289_/X (sky130_fd_sc_hd__o221a_2)
     5    0.02                           _134_ (net)
                  0.09    0.00    5.70 v _290_/S (sky130_fd_sc_hd__mux2_1)
                  0.06    0.34    6.03 v _290_/X (sky130_fd_sc_hd__mux2_1)
     1    0.00                           _135_ (net)
                  0.06    0.00    6.03 v _291_/A (sky130_fd_sc_hd__clkbuf_1)
                  0.03    0.09    6.13 v _291_/X (sky130_fd_sc_hd__clkbuf_1)
     1    0.00                           _009_ (net)
                  0.03    0.00    6.13 v _429_/D (sky130_fd_sc_hd__dfrtp_1)
                                  6.13   data arrival time

                         25.00   25.00   clock clk (rise edge)
                          0.00   25.00   clock source latency
                  0.08    0.05   25.05 ^ clk (in)
     1    0.02                           clk (net)
                  0.08    0.00   25.05 ^ clkbuf_0_clk/A (sky130_fd_sc_hd__clkbuf_16)
                  0.10    0.18   25.23 ^ clkbuf_0_clk/X (sky130_fd_sc_hd__clkbuf_16)
     8    0.08                           clknet_0_clk (net)
                  0.10    0.00   25.23 ^ clkbuf_3_5__f_clk/A (sky130_fd_sc_hd__clkbuf_16)
                  0.04    0.14   25.37 ^ clkbuf_3_5__f_clk/X (sky130_fd_sc_hd__clkbuf_16)
     7    0.02                           clknet_3_5__leaf_clk (net)
                  0.04    0.00   25.37 ^ _429_/CLK (sky130_fd_sc_hd__dfrtp_1)
                         -0.25   25.12   clock uncertainty
                          0.00   25.12   clock reconvergence pessimism
                         -0.11   25.02   library setup time
                                 25.02   data required time
-----------------------------------------------------------------------------
                                 25.02   data required time
                                 -6.13   data arrival time
-----------------------------------------------------------------------------
                                 18.89   slack (MET)


Startpoint: i_value4[0] (input port clocked by clk)
Endpoint: _447_ (rising edge-triggered flip-flop clocked by clk)
Path Group: clk
Path Type: max

Fanout     Cap    Slew   Delay    Time   Description
-----------------------------------------------------------------------------
                          0.00    0.00   clock clk (rise edge)
                          0.00    0.00   clock network delay (propagated)
                          5.00    5.00 ^ input external delay
                  0.02    0.01    5.01 ^ i_value4[0] (in)
     1    0.00                           i_value4[0] (net)
                  0.02    0.00    5.01 ^ input14/A (sky130_fd_sc_hd__buf_1)
                  0.23    0.21    5.23 ^ input14/X (sky130_fd_sc_hd__buf_1)
     2    0.02                           net14 (net)
                  0.23    0.00    5.23 ^ _264_/B1 (sky130_fd_sc_hd__o211a_1)
                  0.04    0.19    5.42 ^ _264_/X (sky130_fd_sc_hd__o211a_1)
     1    0.00                           _115_ (net)
                  0.04    0.00    5.42 ^ _266_/B1 (sky130_fd_sc_hd__o221a_2)
                  0.14    0.27    5.69 ^ _266_/X (sky130_fd_sc_hd__o221a_2)
     5    0.02                           _117_ (net)
                  0.14    0.00    5.70 ^ _335_/S (sky130_fd_sc_hd__mux2_1)
                  0.05    0.35    6.04 v _335_/X (sky130_fd_sc_hd__mux2_1)
     1    0.00                           _162_ (net)
                  0.05    0.00    6.04 v _336_/A (sky130_fd_sc_hd__clkbuf_1)
                  0.02    0.09    6.13 v _336_/X (sky130_fd_sc_hd__clkbuf_1)
     1    0.00                           _027_ (net)
                  0.02    0.00    6.13 v _447_/D (sky130_fd_sc_hd__dfrtp_1)
                                  6.13   data arrival time

                         25.00   25.00   clock clk (rise edge)
                          0.00   25.00   clock source latency
                  0.08    0.05   25.05 ^ clk (in)
     1    0.02                           clk (net)
                  0.08    0.00   25.05 ^ clkbuf_0_clk/A (sky130_fd_sc_hd__clkbuf_16)
                  0.10    0.18   25.23 ^ clkbuf_0_clk/X (sky130_fd_sc_hd__clkbuf_16)
     8    0.08                           clknet_0_clk (net)
                  0.10    0.00   25.23 ^ clkbuf_3_2__f_clk/A (sky130_fd_sc_hd__clkbuf_16)
                  0.05    0.14   25.38 ^ clkbuf_3_2__f_clk/X (sky130_fd_sc_hd__clkbuf_16)
     8    0.02                           clknet_3_2__leaf_clk (net)
                  0.05    0.00   25.38 ^ _447_/CLK (sky130_fd_sc_hd__dfrtp_1)
                         -0.25   25.13   clock uncertainty
                          0.00   25.13   clock reconvergence pessimism
                         -0.10   25.02   library setup time
                                 25.02   data required time
-----------------------------------------------------------------------------
                                 25.02   data required time
                                 -6.13   data arrival time
-----------------------------------------------------------------------------
                                 18.89   slack (MET)


Startpoint: i_value1[2] (input port clocked by clk)
Endpoint: _438_ (rising edge-triggered flip-flop clocked by clk)
Path Group: clk
Path Type: max

Fanout     Cap    Slew   Delay    Time   Description
-----------------------------------------------------------------------------
                          0.00    0.00   clock clk (rise edge)
                          0.00    0.00   clock network delay (propagated)
                          5.00    5.00 v input external delay
                  0.01    0.01    5.01 v i_value1[2] (in)
     1    0.00                           i_value1[2] (net)
                  0.01    0.00    5.01 v input7/A (sky130_fd_sc_hd__buf_1)
                  0.10    0.14    5.14 v input7/X (sky130_fd_sc_hd__buf_1)
     3    0.02                           net7 (net)
                  0.10    0.00    5.14 v _288_/A2 (sky130_fd_sc_hd__a22o_1)
                  0.04    0.26    5.40 v _288_/X (sky130_fd_sc_hd__a22o_1)
     1    0.00                           _133_ (net)
                  0.04    0.00    5.40 v _289_/B2 (sky130_fd_sc_hd__o221a_2)
                  0.09    0.30    5.70 v _289_/X (sky130_fd_sc_hd__o221a_2)
     5    0.02                           _134_ (net)
                  0.09    0.00    5.70 v _312_/S (sky130_fd_sc_hd__mux2_1)
                  0.05    0.33    6.03 v _312_/X (sky130_fd_sc_hd__mux2_1)
     1    0.00                           _148_ (net)
                  0.05    0.00    6.03 v _313_/A (sky130_fd_sc_hd__clkbuf_1)
                  0.02    0.09    6.13 v _313_/X (sky130_fd_sc_hd__clkbuf_1)
     1    0.00                           _018_ (net)
                  0.02    0.00    6.13 v _438_/D (sky130_fd_sc_hd__dfrtp_1)
                                  6.13   data arrival time

                         25.00   25.00   clock clk (rise edge)
                          0.00   25.00   clock source latency
                  0.08    0.05   25.05 ^ clk (in)
     1    0.02                           clk (net)
                  0.08    0.00   25.05 ^ clkbuf_0_clk/A (sky130_fd_sc_hd__clkbuf_16)
                  0.10    0.18   25.23 ^ clkbuf_0_clk/X (sky130_fd_sc_hd__clkbuf_16)
     8    0.08                           clknet_0_clk (net)
                  0.10    0.00   25.23 ^ clkbuf_3_5__f_clk/A (sky130_fd_sc_hd__clkbuf_16)
                  0.04    0.14   25.37 ^ clkbuf_3_5__f_clk/X (sky130_fd_sc_hd__clkbuf_16)
     7    0.02                           clknet_3_5__leaf_clk (net)
                  0.04    0.00   25.37 ^ _438_/CLK (sky130_fd_sc_hd__dfrtp_1)
                         -0.25   25.12   clock uncertainty
                          0.00   25.12   clock reconvergence pessimism
                         -0.11   25.02   library setup time
                                 25.02   data required time
-----------------------------------------------------------------------------
                                 25.02   data required time
                                 -6.13   data arrival time
-----------------------------------------------------------------------------
                                 18.89   slack (MET)


Startpoint: i_value2[1] (input port clocked by clk)
Endpoint: _445_ (rising edge-triggered flip-flop clocked by clk)
Path Group: clk
Path Type: max

Fanout     Cap    Slew   Delay    Time   Description
-----------------------------------------------------------------------------
                          0.00    0.00   clock clk (rise edge)
                          0.00    0.00   clock network delay (propagated)
                          5.00    5.00 v input external delay
                  0.01    0.01    5.01 v i_value2[1] (in)
     1    0.00                           i_value2[1] (net)
                  0.01    0.00    5.01 v input9/A (sky130_fd_sc_hd__buf_1)
                  0.09    0.13    5.14 v input9/X (sky130_fd_sc_hd__buf_1)
     3    0.01                           net9 (net)
                  0.09    0.00    5.14 v _304_/A2 (sky130_fd_sc_hd__o211a_1)
                  0.04    0.23    5.37 v _304_/X (sky130_fd_sc_hd__o211a_1)
     1    0.00                           _143_ (net)
                  0.04    0.00    5.37 v _306_/B1 (sky130_fd_sc_hd__o221a_2)
                  0.09    0.32    5.68 v _306_/X (sky130_fd_sc_hd__o221a_2)
     5    0.02                           _145_ (net)
                  0.09    0.00    5.68 v _331_/S (sky130_fd_sc_hd__mux2_1)
                  0.06    0.34    6.02 v _331_/X (sky130_fd_sc_hd__mux2_1)
     1    0.00                           _160_ (net)
                  0.06    0.00    6.02 v _332_/A (sky130_fd_sc_hd__clkbuf_1)
                  0.03    0.10    6.12 v _332_/X (sky130_fd_sc_hd__clkbuf_1)
     1    0.00                           _025_ (net)
                  0.03    0.00    6.12 v _445_/D (sky130_fd_sc_hd__dfrtp_1)
                                  6.12   data arrival time

                         25.00   25.00   clock clk (rise edge)
                          0.00   25.00   clock source latency
                  0.08    0.05   25.05 ^ clk (in)
     1    0.02                           clk (net)
                  0.08    0.00   25.05 ^ clkbuf_0_clk/A (sky130_fd_sc_hd__clkbuf_16)
                  0.10    0.18   25.23 ^ clkbuf_0_clk/X (sky130_fd_sc_hd__clkbuf_16)
     8    0.08                           clknet_0_clk (net)
                  0.10    0.00   25.23 ^ clkbuf_3_1__f_clk/A (sky130_fd_sc_hd__clkbuf_16)
                  0.04    0.14   25.37 ^ clkbuf_3_1__f_clk/X (sky130_fd_sc_hd__clkbuf_16)
     6    0.02                           clknet_3_1__leaf_clk (net)
                  0.04    0.00   25.37 ^ _445_/CLK (sky130_fd_sc_hd__dfrtp_1)
                         -0.25   25.12   clock uncertainty
                          0.00   25.12   clock reconvergence pessimism
                         -0.11   25.01   library setup time
                                 25.01   data required time
-----------------------------------------------------------------------------
                                 25.01   data required time
                                 -6.12   data arrival time
-----------------------------------------------------------------------------
                                 18.90   slack (MET)


Startpoint: i_value0[1] (input port clocked by clk)
Endpoint: _427_ (rising edge-triggered flip-flop clocked by clk)
Path Group: clk
Path Type: max

Fanout     Cap    Slew   Delay    Time   Description
-----------------------------------------------------------------------------
                          0.00    0.00   clock clk (rise edge)
                          0.00    0.00   clock network delay (propagated)
                          5.00    5.00 v input external delay
                  0.01    0.01    5.01 v i_value0[1] (in)
     1    0.00                           i_value0[1] (net)
                  0.01    0.00    5.01 v input3/A (sky130_fd_sc_hd__buf_1)
                  0.11    0.14    5.15 v input3/X (sky130_fd_sc_hd__buf_1)
     3    0.02                           net3 (net)
                  0.11    0.00    5.15 v _276_/A2 (sky130_fd_sc_hd__o211a_1)
                  0.04    0.23    5.38 v _276_/X (sky130_fd_sc_hd__o211a_1)
     1    0.00                           _124_ (net)
                  0.04    0.00    5.38 v _278_/B1 (sky130_fd_sc_hd__o221a_2)
                  0.09    0.32    5.70 v _278_/X (sky130_fd_sc_hd__o221a_2)
     5    0.02                           _126_ (net)
                  0.09    0.00    5.70 v _281_/S (sky130_fd_sc_hd__mux2_1)
                  0.06    0.34    6.04 v _281_/X (sky130_fd_sc_hd__mux2_1)
     1    0.00                           _128_ (net)
                  0.06    0.00    6.04 v _282_/A (sky130_fd_sc_hd__clkbuf_1)
                  0.02    0.09    6.13 v _282_/X (sky130_fd_sc_hd__clkbuf_1)
     1    0.00                           _007_ (net)
                  0.02    0.00    6.13 v _427_/D (sky130_fd_sc_hd__dfrtp_1)
                                  6.13   data arrival time

                         25.00   25.00   clock clk (rise edge)
                          0.00   25.00   clock source latency
                  0.08    0.05   25.05 ^ clk (in)
     1    0.02                           clk (net)
                  0.08    0.00   25.05 ^ clkbuf_0_clk/A (sky130_fd_sc_hd__clkbuf_16)
                  0.10    0.18   25.23 ^ clkbuf_0_clk/X (sky130_fd_sc_hd__clkbuf_16)
     8    0.08                           clknet_0_clk (net)
                  0.10    0.00   25.23 ^ clkbuf_3_7__f_clk/A (sky130_fd_sc_hd__clkbuf_16)
                  0.05    0.15   25.38 ^ clkbuf_3_7__f_clk/X (sky130_fd_sc_hd__clkbuf_16)
    11    0.03                           clknet_3_7__leaf_clk (net)
                  0.05    0.00   25.38 ^ _427_/CLK (sky130_fd_sc_hd__dfrtp_1)
                         -0.25   25.13   clock uncertainty
                          0.00   25.13   clock reconvergence pessimism
                         -0.10   25.03   library setup time
                                 25.03   data required time
-----------------------------------------------------------------------------
                                 25.03   data required time
                                 -6.13   data arrival time
-----------------------------------------------------------------------------
                                 18.90   slack (MET)


Startpoint: i_value0[1] (input port clocked by clk)
Endpoint: _432_ (rising edge-triggered flip-flop clocked by clk)
Path Group: clk
Path Type: max

Fanout     Cap    Slew   Delay    Time   Description
-----------------------------------------------------------------------------
                          0.00    0.00   clock clk (rise edge)
                          0.00    0.00   clock network delay (propagated)
                          5.00    5.00 v input external delay
                  0.01    0.01    5.01 v i_value0[1] (in)
     1    0.00                           i_value0[1] (net)
                  0.01    0.00    5.01 v input3/A (sky130_fd_sc_hd__buf_1)
                  0.11    0.14    5.15 v input3/X (sky130_fd_sc_hd__buf_1)
     3    0.02                           net3 (net)
                  0.11    0.00    5.15 v _276_/A2 (sky130_fd_sc_hd__o211a_1)
                  0.04    0.23    5.38 v _276_/X (sky130_fd_sc_hd__o211a_1)
     1    0.00                           _124_ (net)
                  0.04    0.00    5.38 v _278_/B1 (sky130_fd_sc_hd__o221a_2)
                  0.09    0.32    5.70 v _278_/X (sky130_fd_sc_hd__o221a_2)
     5    0.02                           _126_ (net)
                  0.09    0.00    5.70 v _295_/S (sky130_fd_sc_hd__mux2_1)
                  0.05    0.33    6.03 v _295_/X (sky130_fd_sc_hd__mux2_1)
     1    0.00                           _137_ (net)
                  0.05    0.00    6.03 v _296_/A (sky130_fd_sc_hd__clkbuf_1)
                  0.03    0.09    6.13 v _296_/X (sky130_fd_sc_hd__clkbuf_1)
     1    0.00                           _012_ (net)
                  0.03    0.00    6.13 v _432_/D (sky130_fd_sc_hd__dfrtp_1)
                                  6.13   data arrival time

                         25.00   25.00   clock clk (rise edge)
                          0.00   25.00   clock source latency
                  0.08    0.05   25.05 ^ clk (in)
     1    0.02                           clk (net)
                  0.08    0.00   25.05 ^ clkbuf_0_clk/A (sky130_fd_sc_hd__clkbuf_16)
                  0.10    0.18   25.23 ^ clkbuf_0_clk/X (sky130_fd_sc_hd__clkbuf_16)
     8    0.08                           clknet_0_clk (net)
                  0.10    0.00   25.23 ^ clkbuf_3_7__f_clk/A (sky130_fd_sc_hd__clkbuf_16)
                  0.05    0.15   25.38 ^ clkbuf_3_7__f_clk/X (sky130_fd_sc_hd__clkbuf_16)
    11    0.03                           clknet_3_7__leaf_clk (net)
                  0.05    0.00   25.38 ^ _432_/CLK (sky130_fd_sc_hd__dfrtp_1)
                         -0.25   25.13   clock uncertainty
                          0.00   25.13   clock reconvergence pessimism
                         -0.10   25.03   library setup time
                                 25.03   data required time
-----------------------------------------------------------------------------
                                 25.03   data required time
                                 -6.13   data arrival time
-----------------------------------------------------------------------------
                                 18.90   slack (MET)


Startpoint: i_value2[1] (input port clocked by clk)
Endpoint: _446_ (rising edge-triggered flip-flop clocked by clk)
Path Group: clk
Path Type: max

Fanout     Cap    Slew   Delay    Time   Description
-----------------------------------------------------------------------------
                          0.00    0.00   clock clk (rise edge)
                          0.00    0.00   clock network delay (propagated)
                          5.00    5.00 v input external delay
                  0.01    0.01    5.01 v i_value2[1] (in)
     1    0.00                           i_value2[1] (net)
                  0.01    0.00    5.01 v input9/A (sky130_fd_sc_hd__buf_1)
                  0.09    0.13    5.14 v input9/X (sky130_fd_sc_hd__buf_1)
     3    0.01                           net9 (net)
                  0.09    0.00    5.14 v _304_/A2 (sky130_fd_sc_hd__o211a_1)
                  0.04    0.23    5.37 v _304_/X (sky130_fd_sc_hd__o211a_1)
     1    0.00                           _143_ (net)
                  0.04    0.00    5.37 v _306_/B1 (sky130_fd_sc_hd__o221a_2)
                  0.09    0.32    5.68 v _306_/X (sky130_fd_sc_hd__o221a_2)
     5    0.02                           _145_ (net)
                  0.09    0.00    5.68 v _333_/S (sky130_fd_sc_hd__mux2_1)
                  0.05    0.33    6.02 v _333_/X (sky130_fd_sc_hd__mux2_1)
     1    0.00                           _161_ (net)
                  0.05    0.00    6.02 v _334_/A (sky130_fd_sc_hd__clkbuf_1)
                  0.02    0.09    6.11 v _334_/X (sky130_fd_sc_hd__clkbuf_1)
     1    0.00                           _026_ (net)
                  0.02    0.00    6.11 v _446_/D (sky130_fd_sc_hd__dfrtp_1)
                                  6.11   data arrival time

                         25.00   25.00   clock clk (rise edge)
                          0.00   25.00   clock source latency
                  0.08    0.05   25.05 ^ clk (in)
     1    0.02                           clk (net)
                  0.08    0.00   25.05 ^ clkbuf_0_clk/A (sky130_fd_sc_hd__clkbuf_16)
                  0.10    0.18   25.23 ^ clkbuf_0_clk/X (sky130_fd_sc_hd__clkbuf_16)
     8    0.08                           clknet_0_clk (net)
                  0.10    0.00   25.23 ^ clkbuf_3_1__f_clk/A (sky130_fd_sc_hd__clkbuf_16)
                  0.04    0.14   25.37 ^ clkbuf_3_1__f_clk/X (sky130_fd_sc_hd__clkbuf_16)
     6    0.02                           clknet_3_1__leaf_clk (net)
                  0.04    0.00   25.37 ^ _446_/CLK (sky130_fd_sc_hd__dfrtp_1)
                         -0.25   25.12   clock uncertainty
                          0.00   25.12   clock reconvergence pessimism
                         -0.11   25.01   library setup time
                                 25.01   data required time
-----------------------------------------------------------------------------
                                 25.01   data required time
                                 -6.11   data arrival time
-----------------------------------------------------------------------------
                                 18.90   slack (MET)


Startpoint: i_value0[1] (input port clocked by clk)
Endpoint: _426_ (rising edge-triggered flip-flop clocked by clk)
Path Group: clk
Path Type: max

Fanout     Cap    Slew   Delay    Time   Description
-----------------------------------------------------------------------------
                          0.00    0.00   clock clk (rise edge)
                          0.00    0.00   clock network delay (propagated)
                          5.00    5.00 v input external delay
                  0.01    0.01    5.01 v i_value0[1] (in)
     1    0.00                           i_value0[1] (net)
                  0.01    0.00    5.01 v input3/A (sky130_fd_sc_hd__buf_1)
                  0.11    0.14    5.15 v input3/X (sky130_fd_sc_hd__buf_1)
     3    0.02                           net3 (net)
                  0.11    0.00    5.15 v _276_/A2 (sky130_fd_sc_hd__o211a_1)
                  0.04    0.23    5.38 v _276_/X (sky130_fd_sc_hd__o211a_1)
     1    0.00                           _124_ (net)
                  0.04    0.00    5.38 v _278_/B1 (sky130_fd_sc_hd__o221a_2)
                  0.09    0.32    5.70 v _278_/X (sky130_fd_sc_hd__o221a_2)
     5    0.02                           _126_ (net)
                  0.09    0.00    5.70 v _279_/S (sky130_fd_sc_hd__mux2_1)
                  0.05    0.33    6.03 v _279_/X (sky130_fd_sc_hd__mux2_1)
     1    0.00                           _127_ (net)
                  0.05    0.00    6.03 v _280_/A (sky130_fd_sc_hd__clkbuf_1)
                  0.02    0.09    6.12 v _280_/X (sky130_fd_sc_hd__clkbuf_1)
     1    0.00                           _006_ (net)
                  0.02    0.00    6.12 v _426_/D (sky130_fd_sc_hd__dfrtp_1)
                                  6.12   data arrival time

                         25.00   25.00   clock clk (rise edge)
                          0.00   25.00   clock source latency
                  0.08    0.05   25.05 ^ clk (in)
     1    0.02                           clk (net)
                  0.08    0.00   25.05 ^ clkbuf_0_clk/A (sky130_fd_sc_hd__clkbuf_16)
                  0.10    0.18   25.23 ^ clkbuf_0_clk/X (sky130_fd_sc_hd__clkbuf_16)
     8    0.08                           clknet_0_clk (net)
                  0.10    0.00   25.23 ^ clkbuf_3_7__f_clk/A (sky130_fd_sc_hd__clkbuf_16)
                  0.05    0.15   25.38 ^ clkbuf_3_7__f_clk/X (sky130_fd_sc_hd__clkbuf_16)
    11    0.03                           clknet_3_7__leaf_clk (net)
                  0.05    0.00   25.38 ^ _426_/CLK (sky130_fd_sc_hd__dfrtp_1)
                         -0.25   25.13   clock uncertainty
                          0.00   25.13   clock reconvergence pessimism
                         -0.10   25.03   library setup time
                                 25.03   data required time
-----------------------------------------------------------------------------
                                 25.03   data required time
                                 -6.12   data arrival time
-----------------------------------------------------------------------------
                                 18.91   slack (MET)


Startpoint: i_value2[1] (input port clocked by clk)
Endpoint: _444_ (rising edge-triggered flip-flop clocked by clk)
Path Group: clk
Path Type: max

Fanout     Cap    Slew   Delay    Time   Description
-----------------------------------------------------------------------------
                          0.00    0.00   clock clk (rise edge)
                          0.00    0.00   clock network delay (propagated)
                          5.00    5.00 v input external delay
                  0.01    0.01    5.01 v i_value2[1] (in)
     1    0.00                           i_value2[1] (net)
                  0.01    0.00    5.01 v input9/A (sky130_fd_sc_hd__buf_1)
                  0.09    0.13    5.14 v input9/X (sky130_fd_sc_hd__buf_1)
     3    0.01                           net9 (net)
                  0.09    0.00    5.14 v _304_/A2 (sky130_fd_sc_hd__o211a_1)
                  0.04    0.23    5.37 v _304_/X (sky130_fd_sc_hd__o211a_1)
     1    0.00                           _143_ (net)
                  0.04    0.00    5.37 v _306_/B1 (sky130_fd_sc_hd__o221a_2)
                  0.09    0.32    5.68 v _306_/X (sky130_fd_sc_hd__o221a_2)
     5    0.02                           _145_ (net)
                  0.09    0.00    5.68 v _329_/S (sky130_fd_sc_hd__mux2_1)
                  0.05    0.33    6.01 v _329_/X (sky130_fd_sc_hd__mux2_1)
     1    0.00                           _159_ (net)
                  0.05    0.00    6.01 v _330_/A (sky130_fd_sc_hd__clkbuf_1)
                  0.02    0.09    6.11 v _330_/X (sky130_fd_sc_hd__clkbuf_1)
     1    0.00                           _024_ (net)
                  0.02    0.00    6.11 v _444_/D (sky130_fd_sc_hd__dfrtp_1)
                                  6.11   data arrival time

                         25.00   25.00   clock clk (rise edge)
                          0.00   25.00   clock source latency
                  0.08    0.05   25.05 ^ clk (in)
     1    0.02                           clk (net)
                  0.08    0.00   25.05 ^ clkbuf_0_clk/A (sky130_fd_sc_hd__clkbuf_16)
                  0.10    0.18   25.23 ^ clkbuf_0_clk/X (sky130_fd_sc_hd__clkbuf_16)
     8    0.08                           clknet_0_clk (net)
                  0.10    0.00   25.23 ^ clkbuf_3_1__f_clk/A (sky130_fd_sc_hd__clkbuf_16)
                  0.04    0.14   25.37 ^ clkbuf_3_1__f_clk/X (sky130_fd_sc_hd__clkbuf_16)
     6    0.02                           clknet_3_1__leaf_clk (net)
                  0.04    0.00   25.37 ^ _444_/CLK (sky130_fd_sc_hd__dfrtp_1)
                         -0.25   25.12   clock uncertainty
                          0.00   25.12   clock reconvergence pessimism
                         -0.11   25.01   library setup time
                                 25.01   data required time
-----------------------------------------------------------------------------
                                 25.01   data required time
                                 -6.11   data arrival time
-----------------------------------------------------------------------------
                                 18.91   slack (MET)


Startpoint: i_value2[1] (input port clocked by clk)
Endpoint: _435_ (rising edge-triggered flip-flop clocked by clk)
Path Group: clk
Path Type: max

Fanout     Cap    Slew   Delay    Time   Description
-----------------------------------------------------------------------------
                          0.00    0.00   clock clk (rise edge)
                          0.00    0.00   clock network delay (propagated)
                          5.00    5.00 v input external delay
                  0.01    0.01    5.01 v i_value2[1] (in)
     1    0.00                           i_value2[1] (net)
                  0.01    0.00    5.01 v input9/A (sky130_fd_sc_hd__buf_1)
                  0.09    0.13    5.14 v input9/X (sky130_fd_sc_hd__buf_1)
     3    0.01                           net9 (net)
                  0.09    0.00    5.14 v _304_/A2 (sky130_fd_sc_hd__o211a_1)
                  0.04    0.23    5.37 v _304_/X (sky130_fd_sc_hd__o211a_1)
     1    0.00                           _143_ (net)
                  0.04    0.00    5.37 v _306_/B1 (sky130_fd_sc_hd__o221a_2)
                  0.09    0.32    5.68 v _306_/X (sky130_fd_sc_hd__o221a_2)
     5    0.02                           _145_ (net)
                  0.09    0.00    5.68 v _307_/S (sky130_fd_sc_hd__mux2_1)
                  0.05    0.33    6.01 v _307_/X (sky130_fd_sc_hd__mux2_1)
     1    0.00                           _146_ (net)
                  0.05    0.00    6.01 v _308_/A (sky130_fd_sc_hd__clkbuf_1)
                  0.02    0.09    6.11 v _308_/X (sky130_fd_sc_hd__clkbuf_1)
     1    0.00                           _015_ (net)
                  0.02    0.00    6.11 v _435_/D (sky130_fd_sc_hd__dfrtp_1)
                                  6.11   data arrival time

                         25.00   25.00   clock clk (rise edge)
                          0.00   25.00   clock source latency
                  0.08    0.05   25.05 ^ clk (in)
     1    0.02                           clk (net)
                  0.08    0.00   25.05 ^ clkbuf_0_clk/A (sky130_fd_sc_hd__clkbuf_16)
                  0.10    0.18   25.23 ^ clkbuf_0_clk/X (sky130_fd_sc_hd__clkbuf_16)
     8    0.08                           clknet_0_clk (net)
                  0.10    0.00   25.23 ^ clkbuf_3_1__f_clk/A (sky130_fd_sc_hd__clkbuf_16)
                  0.04    0.14   25.37 ^ clkbuf_3_1__f_clk/X (sky130_fd_sc_hd__clkbuf_16)
     6    0.02                           clknet_3_1__leaf_clk (net)
                  0.04    0.00   25.37 ^ _435_/CLK (sky130_fd_sc_hd__dfrtp_1)
                         -0.25   25.12   clock uncertainty
                          0.00   25.12   clock reconvergence pessimism
                         -0.11   25.01   library setup time
                                 25.01   data required time
-----------------------------------------------------------------------------
                                 25.01   data required time
                                 -6.11   data arrival time
-----------------------------------------------------------------------------
                                 18.91   slack (MET)


Startpoint: i_value2[1] (input port clocked by clk)
Endpoint: _436_ (rising edge-triggered flip-flop clocked by clk)
Path Group: clk
Path Type: max

Fanout     Cap    Slew   Delay    Time   Description
-----------------------------------------------------------------------------
                          0.00    0.00   clock clk (rise edge)
                          0.00    0.00   clock network delay (propagated)
                          5.00    5.00 v input external delay
                  0.01    0.01    5.01 v i_value2[1] (in)
     1    0.00                           i_value2[1] (net)
                  0.01    0.00    5.01 v input9/A (sky130_fd_sc_hd__buf_1)
                  0.09    0.13    5.14 v input9/X (sky130_fd_sc_hd__buf_1)
     3    0.01                           net9 (net)
                  0.09    0.00    5.14 v _304_/A2 (sky130_fd_sc_hd__o211a_1)
                  0.04    0.23    5.37 v _304_/X (sky130_fd_sc_hd__o211a_1)
     1    0.00                           _143_ (net)
                  0.04    0.00    5.37 v _306_/B1 (sky130_fd_sc_hd__o221a_2)
                  0.09    0.32    5.68 v _306_/X (sky130_fd_sc_hd__o221a_2)
     5    0.02                           _145_ (net)
                  0.09    0.00    5.68 v _309_/S (sky130_fd_sc_hd__mux2_1)
                  0.06    0.34    6.02 v _309_/X (sky130_fd_sc_hd__mux2_1)
     1    0.00                           _147_ (net)
                  0.06    0.00    6.02 v _310_/A (sky130_fd_sc_hd__clkbuf_1)
                  0.02    0.09    6.12 v _310_/X (sky130_fd_sc_hd__clkbuf_1)
     1    0.00                           _016_ (net)
                  0.02    0.00    6.12 v _436_/D (sky130_fd_sc_hd__dfrtp_1)
                                  6.12   data arrival time

                         25.00   25.00   clock clk (rise edge)
                          0.00   25.00   clock source latency
                  0.08    0.05   25.05 ^ clk (in)
     1    0.02                           clk (net)
                  0.08    0.00   25.05 ^ clkbuf_0_clk/A (sky130_fd_sc_hd__clkbuf_16)
                  0.10    0.18   25.23 ^ clkbuf_0_clk/X (sky130_fd_sc_hd__clkbuf_16)
     8    0.08                           clknet_0_clk (net)
                  0.10    0.00   25.23 ^ clkbuf_3_0__f_clk/A (sky130_fd_sc_hd__clkbuf_16)
                  0.05    0.15   25.38 ^ clkbuf_3_0__f_clk/X (sky130_fd_sc_hd__clkbuf_16)
    11    0.03                           clknet_3_0__leaf_clk (net)
                  0.05    0.00   25.38 ^ _436_/CLK (sky130_fd_sc_hd__dfrtp_1)
                         -0.25   25.13   clock uncertainty
                          0.00   25.13   clock reconvergence pessimism
                         -0.10   25.03   library setup time
                                 25.03   data required time
-----------------------------------------------------------------------------
                                 25.03   data required time
                                 -6.12   data arrival time
-----------------------------------------------------------------------------
                                 18.92   slack (MET)


Startpoint: i_value3[1] (input port clocked by clk)
Endpoint: _441_ (rising edge-triggered flip-flop clocked by clk)
Path Group: clk
Path Type: max

Fanout     Cap    Slew   Delay    Time   Description
-----------------------------------------------------------------------------
                          0.00    0.00   clock clk (rise edge)
                          0.00    0.00   clock network delay (propagated)
                          5.00    5.00 v input external delay
                  0.01    0.01    5.01 v i_value3[1] (in)
     1    0.00                           i_value3[1] (net)
                  0.01    0.00    5.01 v input12/A (sky130_fd_sc_hd__buf_1)
                  0.07    0.12    5.12 v input12/X (sky130_fd_sc_hd__buf_1)
     3    0.01                           net12 (net)
                  0.07    0.00    5.12 v _321_/A1 (sky130_fd_sc_hd__o211a_1)
                  0.04    0.24    5.36 v _321_/X (sky130_fd_sc_hd__o211a_1)
     1    0.00                           _154_ (net)
                  0.04    0.00    5.36 v _323_/B1 (sky130_fd_sc_hd__o221a_2)
                  0.09    0.31    5.68 v _323_/X (sky130_fd_sc_hd__o221a_2)
     5    0.02                           _156_ (net)
                  0.09    0.00    5.68 v _324_/S (sky130_fd_sc_hd__mux2_1)
                  0.06    0.34    6.01 v _324_/X (sky130_fd_sc_hd__mux2_1)
     1    0.00                           _157_ (net)
                  0.06    0.00    6.01 v _325_/A (sky130_fd_sc_hd__clkbuf_1)
                  0.03    0.10    6.11 v _325_/X (sky130_fd_sc_hd__clkbuf_1)
     1    0.00                           _021_ (net)
                  0.03    0.00    6.11 v _441_/D (sky130_fd_sc_hd__dfrtp_1)
                                  6.11   data arrival time

                         25.00   25.00   clock clk (rise edge)
                          0.00   25.00   clock source latency
                  0.08    0.05   25.05 ^ clk (in)
     1    0.02                           clk (net)
                  0.08    0.00   25.05 ^ clkbuf_0_clk/A (sky130_fd_sc_hd__clkbuf_16)
                  0.10    0.18   25.23 ^ clkbuf_0_clk/X (sky130_fd_sc_hd__clkbuf_16)
     8    0.08                           clknet_0_clk (net)
                  0.10    0.00   25.23 ^ clkbuf_3_0__f_clk/A (sky130_fd_sc_hd__clkbuf_16)
                  0.05    0.15   25.38 ^ clkbuf_3_0__f_clk/X (sky130_fd_sc_hd__clkbuf_16)
    11    0.03                           clknet_3_0__leaf_clk (net)
                  0.05    0.00   25.38 ^ _441_/CLK (sky130_fd_sc_hd__dfrtp_1)
                         -0.25   25.13   clock uncertainty
                          0.00   25.13   clock reconvergence pessimism
                         -0.10   25.03   library setup time
                                 25.03   data required time
-----------------------------------------------------------------------------
                                 25.03   data required time
                                 -6.11   data arrival time
-----------------------------------------------------------------------------
                                 18.92   slack (MET)


Startpoint: i_value3[1] (input port clocked by clk)
Endpoint: _452_ (rising edge-triggered flip-flop clocked by clk)
Path Group: clk
Path Type: max

Fanout     Cap    Slew   Delay    Time   Description
-----------------------------------------------------------------------------
                          0.00    0.00   clock clk (rise edge)
                          0.00    0.00   clock network delay (propagated)
                          5.00    5.00 v input external delay
                  0.01    0.01    5.01 v i_value3[1] (in)
     1    0.00                           i_value3[1] (net)
                  0.01    0.00    5.01 v input12/A (sky130_fd_sc_hd__buf_1)
                  0.07    0.12    5.12 v input12/X (sky130_fd_sc_hd__buf_1)
     3    0.01                           net12 (net)
                  0.07    0.00    5.12 v _321_/A1 (sky130_fd_sc_hd__o211a_1)
                  0.04    0.24    5.36 v _321_/X (sky130_fd_sc_hd__o211a_1)
     1    0.00                           _154_ (net)
                  0.04    0.00    5.36 v _323_/B1 (sky130_fd_sc_hd__o221a_2)
                  0.09    0.31    5.68 v _323_/X (sky130_fd_sc_hd__o221a_2)
     5    0.02                           _156_ (net)
                  0.09    0.00    5.68 v _344_/S (sky130_fd_sc_hd__mux2_1)
                  0.06    0.34    6.01 v _344_/X (sky130_fd_sc_hd__mux2_1)
     1    0.00                           _166_ (net)
                  0.06    0.00    6.01 v _345_/A (sky130_fd_sc_hd__clkbuf_1)
                  0.03    0.10    6.11 v _345_/X (sky130_fd_sc_hd__clkbuf_1)
     1    0.00                           _032_ (net)
                  0.03    0.00    6.11 v _452_/D (sky130_fd_sc_hd__dfrtp_1)
                                  6.11   data arrival time

                         25.00   25.00   clock clk (rise edge)
                          0.00   25.00   clock source latency
                  0.08    0.05   25.05 ^ clk (in)
     1    0.02                           clk (net)
                  0.08    0.00   25.05 ^ clkbuf_0_clk/A (sky130_fd_sc_hd__clkbuf_16)
                  0.10    0.18   25.23 ^ clkbuf_0_clk/X (sky130_fd_sc_hd__clkbuf_16)
     8    0.08                           clknet_0_clk (net)
                  0.10    0.00   25.23 ^ clkbuf_3_0__f_clk/A (sky130_fd_sc_hd__clkbuf_16)
                  0.05    0.15   25.38 ^ clkbuf_3_0__f_clk/X (sky130_fd_sc_hd__clkbuf_16)
    11    0.03                           clknet_3_0__leaf_clk (net)
                  0.05    0.00   25.38 ^ _452_/CLK (sky130_fd_sc_hd__dfrtp_1)
                         -0.25   25.13   clock uncertainty
                          0.00   25.13   clock reconvergence pessimism
                         -0.10   25.03   library setup time
                                 25.03   data required time
-----------------------------------------------------------------------------
                                 25.03   data required time
                                 -6.11   data arrival time
-----------------------------------------------------------------------------
                                 18.92   slack (MET)


Startpoint: i_value3[1] (input port clocked by clk)
Endpoint: _450_ (rising edge-triggered flip-flop clocked by clk)
Path Group: clk
Path Type: max

Fanout     Cap    Slew   Delay    Time   Description
-----------------------------------------------------------------------------
                          0.00    0.00   clock clk (rise edge)
                          0.00    0.00   clock network delay (propagated)
                          5.00    5.00 v input external delay
                  0.01    0.01    5.01 v i_value3[1] (in)
     1    0.00                           i_value3[1] (net)
                  0.01    0.00    5.01 v input12/A (sky130_fd_sc_hd__buf_1)
                  0.07    0.12    5.12 v input12/X (sky130_fd_sc_hd__buf_1)
     3    0.01                           net12 (net)
                  0.07    0.00    5.12 v _321_/A1 (sky130_fd_sc_hd__o211a_1)
                  0.04    0.24    5.36 v _321_/X (sky130_fd_sc_hd__o211a_1)
     1    0.00                           _154_ (net)
                  0.04    0.00    5.36 v _323_/B1 (sky130_fd_sc_hd__o221a_2)
                  0.09    0.31    5.68 v _323_/X (sky130_fd_sc_hd__o221a_2)
     5    0.02                           _156_ (net)
                  0.09    0.00    5.68 v _340_/S (sky130_fd_sc_hd__mux2_1)
                  0.06    0.34    6.01 v _340_/X (sky130_fd_sc_hd__mux2_1)
     1    0.00                           _164_ (net)
                  0.06    0.00    6.01 v _341_/A (sky130_fd_sc_hd__clkbuf_1)
                  0.03    0.10    6.11 v _341_/X (sky130_fd_sc_hd__clkbuf_1)
     1    0.00                           _030_ (net)
                  0.03    0.00    6.11 v _450_/D (sky130_fd_sc_hd__dfrtp_1)
                                  6.11   data arrival time

                         25.00   25.00   clock clk (rise edge)
                          0.00   25.00   clock source latency
                  0.08    0.05   25.05 ^ clk (in)
     1    0.02                           clk (net)
                  0.08    0.00   25.05 ^ clkbuf_0_clk/A (sky130_fd_sc_hd__clkbuf_16)
                  0.10    0.18   25.23 ^ clkbuf_0_clk/X (sky130_fd_sc_hd__clkbuf_16)
     8    0.08                           clknet_0_clk (net)
                  0.10    0.00   25.23 ^ clkbuf_3_0__f_clk/A (sky130_fd_sc_hd__clkbuf_16)
                  0.05    0.15   25.38 ^ clkbuf_3_0__f_clk/X (sky130_fd_sc_hd__clkbuf_16)
    11    0.03                           clknet_3_0__leaf_clk (net)
                  0.05    0.00   25.38 ^ _450_/CLK (sky130_fd_sc_hd__dfrtp_1)
                         -0.25   25.13   clock uncertainty
                          0.00   25.13   clock reconvergence pessimism
                         -0.10   25.03   library setup time
                                 25.03   data required time
-----------------------------------------------------------------------------
                                 25.03   data required time
                                 -6.11   data arrival time
-----------------------------------------------------------------------------
                                 18.92   slack (MET)


Startpoint: i_value3[1] (input port clocked by clk)
Endpoint: _442_ (rising edge-triggered flip-flop clocked by clk)
Path Group: clk
Path Type: max

Fanout     Cap    Slew   Delay    Time   Description
-----------------------------------------------------------------------------
                          0.00    0.00   clock clk (rise edge)
                          0.00    0.00   clock network delay (propagated)
                          5.00    5.00 v input external delay
                  0.01    0.01    5.01 v i_value3[1] (in)
     1    0.00                           i_value3[1] (net)
                  0.01    0.00    5.01 v input12/A (sky130_fd_sc_hd__buf_1)
                  0.07    0.12    5.12 v input12/X (sky130_fd_sc_hd__buf_1)
     3    0.01                           net12 (net)
                  0.07    0.00    5.12 v _321_/A1 (sky130_fd_sc_hd__o211a_1)
                  0.04    0.24    5.36 v _321_/X (sky130_fd_sc_hd__o211a_1)
     1    0.00                           _154_ (net)
                  0.04    0.00    5.36 v _323_/B1 (sky130_fd_sc_hd__o221a_2)
                  0.09    0.31    5.68 v _323_/X (sky130_fd_sc_hd__o221a_2)
     5    0.02                           _156_ (net)
                  0.09    0.00    5.68 v _326_/S (sky130_fd_sc_hd__mux2_1)
                  0.06    0.34    6.01 v _326_/X (sky130_fd_sc_hd__mux2_1)
     1    0.00                           _158_ (net)
                  0.06    0.00    6.01 v _327_/A (sky130_fd_sc_hd__clkbuf_1)
                  0.02    0.09    6.11 v _327_/X (sky130_fd_sc_hd__clkbuf_1)
     1    0.00                           _022_ (net)
                  0.02    0.00    6.11 v _442_/D (sky130_fd_sc_hd__dfrtp_1)
                                  6.11   data arrival time

                         25.00   25.00   clock clk (rise edge)
                          0.00   25.00   clock source latency
                  0.08    0.05   25.05 ^ clk (in)
     1    0.02                           clk (net)
                  0.08    0.00   25.05 ^ clkbuf_0_clk/A (sky130_fd_sc_hd__clkbuf_16)
                  0.10    0.18   25.23 ^ clkbuf_0_clk/X (sky130_fd_sc_hd__clkbuf_16)
     8    0.08                           clknet_0_clk (net)
                  0.10    0.00   25.23 ^ clkbuf_3_0__f_clk/A (sky130_fd_sc_hd__clkbuf_16)
                  0.05    0.15   25.38 ^ clkbuf_3_0__f_clk/X (sky130_fd_sc_hd__clkbuf_16)
    11    0.03                           clknet_3_0__leaf_clk (net)
                  0.05    0.00   25.38 ^ _442_/CLK (sky130_fd_sc_hd__dfrtp_1)
                         -0.25   25.13   clock uncertainty
                          0.00   25.13   clock reconvergence pessimism
                         -0.10   25.03   library setup time
                                 25.03   data required time
-----------------------------------------------------------------------------
                                 25.03   data required time
                                 -6.11   data arrival time
-----------------------------------------------------------------------------
                                 18.92   slack (MET)


Startpoint: i_value3[1] (input port clocked by clk)
Endpoint: _451_ (rising edge-triggered flip-flop clocked by clk)
Path Group: clk
Path Type: max

Fanout     Cap    Slew   Delay    Time   Description
-----------------------------------------------------------------------------
                          0.00    0.00   clock clk (rise edge)
                          0.00    0.00   clock network delay (propagated)
                          5.00    5.00 v input external delay
                  0.01    0.01    5.01 v i_value3[1] (in)
     1    0.00                           i_value3[1] (net)
                  0.01    0.00    5.01 v input12/A (sky130_fd_sc_hd__buf_1)
                  0.07    0.12    5.12 v input12/X (sky130_fd_sc_hd__buf_1)
     3    0.01                           net12 (net)
                  0.07    0.00    5.12 v _321_/A1 (sky130_fd_sc_hd__o211a_1)
                  0.04    0.24    5.36 v _321_/X (sky130_fd_sc_hd__o211a_1)
     1    0.00                           _154_ (net)
                  0.04    0.00    5.36 v _323_/B1 (sky130_fd_sc_hd__o221a_2)
                  0.09    0.31    5.68 v _323_/X (sky130_fd_sc_hd__o221a_2)
     5    0.02                           _156_ (net)
                  0.09    0.00    5.68 v _342_/S (sky130_fd_sc_hd__mux2_1)
                  0.05    0.33    6.00 v _342_/X (sky130_fd_sc_hd__mux2_1)
     1    0.00                           _165_ (net)
                  0.05    0.00    6.00 v _343_/A (sky130_fd_sc_hd__clkbuf_1)
                  0.02    0.09    6.10 v _343_/X (sky130_fd_sc_hd__clkbuf_1)
     1    0.00                           _031_ (net)
                  0.02    0.00    6.10 v _451_/D (sky130_fd_sc_hd__dfrtp_1)
                                  6.10   data arrival time

                         25.00   25.00   clock clk (rise edge)
                          0.00   25.00   clock source latency
                  0.08    0.05   25.05 ^ clk (in)
     1    0.02                           clk (net)
                  0.08    0.00   25.05 ^ clkbuf_0_clk/A (sky130_fd_sc_hd__clkbuf_16)
                  0.10    0.18   25.23 ^ clkbuf_0_clk/X (sky130_fd_sc_hd__clkbuf_16)
     8    0.08                           clknet_0_clk (net)
                  0.10    0.00   25.23 ^ clkbuf_3_0__f_clk/A (sky130_fd_sc_hd__clkbuf_16)
                  0.05    0.15   25.38 ^ clkbuf_3_0__f_clk/X (sky130_fd_sc_hd__clkbuf_16)
    11    0.03                           clknet_3_0__leaf_clk (net)
                  0.05    0.00   25.38 ^ _451_/CLK (sky130_fd_sc_hd__dfrtp_1)
                         -0.25   25.13   clock uncertainty
                          0.00   25.13   clock reconvergence pessimism
                         -0.10   25.03   library setup time
                                 25.03   data required time
-----------------------------------------------------------------------------
                                 25.03   data required time
                                 -6.10   data arrival time
-----------------------------------------------------------------------------
                                 18.93   slack (MET)


Startpoint: i_valid (input port clocked by clk)
Endpoint: _486_ (rising edge-triggered flip-flop clocked by clk)
Path Group: clk
Path Type: max

Fanout     Cap    Slew   Delay    Time   Description
-----------------------------------------------------------------------------
                          0.00    0.00   clock clk (rise edge)
                          0.00    0.00   clock network delay (propagated)
                          5.00    5.00 ^ input external delay
                  0.02    0.01    5.01 ^ i_valid (in)
     1    0.00                           i_valid (net)
                  0.02    0.00    5.01 ^ input1/A (sky130_fd_sc_hd__clkbuf_1)
                  0.04    0.07    5.08 ^ input1/X (sky130_fd_sc_hd__clkbuf_1)
     1    0.00                           net1 (net)
                  0.04    0.00    5.08 ^ _211_/A (sky130_fd_sc_hd__buf_4)
                  0.19    0.23    5.31 ^ _211_/X (sky130_fd_sc_hd__buf_4)
    13    0.07                           _065_ (net)
                  0.19    0.00    5.32 ^ _212_/A (sky130_fd_sc_hd__and3_1)
                  0.10    0.24    5.55 ^ _212_/X (sky130_fd_sc_hd__and3_1)
     3    0.01                           _066_ (net)
                  0.10    0.00    5.55 ^ _213_/B (sky130_fd_sc_hd__and2_1)
                  0.05    0.14    5.69 ^ _213_/X (sky130_fd_sc_hd__and2_1)
     1    0.00                           _067_ (net)
                  0.05    0.00    5.69 ^ _214_/A (sky130_fd_sc_hd__clkbuf_1)
                  0.07    0.11    5.80 ^ _214_/X (sky130_fd_sc_hd__clkbuf_1)
     2    0.01                           _000_ (net)
                  0.07    0.00    5.80 ^ _421_/A (sky130_fd_sc_hd__nor2_1)
                  0.03    0.05    5.85 v _421_/Y (sky130_fd_sc_hd__nor2_1)
     1    0.00                           _064_ (net)
                  0.03    0.00    5.85 v _486_/D (sky130_fd_sc_hd__dfrtp_4)
                                  5.85   data arrival time

                         25.00   25.00   clock clk (rise edge)
                          0.00   25.00   clock source latency
                  0.08    0.05   25.05 ^ clk (in)
     1    0.02                           clk (net)
                  0.08    0.00   25.05 ^ clkbuf_0_clk/A (sky130_fd_sc_hd__clkbuf_16)
                  0.10    0.18   25.23 ^ clkbuf_0_clk/X (sky130_fd_sc_hd__clkbuf_16)
     8    0.08                           clknet_0_clk (net)
                  0.10    0.00   25.23 ^ clkbuf_3_2__f_clk/A (sky130_fd_sc_hd__clkbuf_16)
                  0.05    0.14   25.38 ^ clkbuf_3_2__f_clk/X (sky130_fd_sc_hd__clkbuf_16)
     8    0.02                           clknet_3_2__leaf_clk (net)
                  0.05    0.00   25.38 ^ _486_/CLK (sky130_fd_sc_hd__dfrtp_4)
                         -0.25   25.13   clock uncertainty
                          0.00   25.13   clock reconvergence pessimism
                         -0.11   25.02   library setup time
                                 25.02   data required time
-----------------------------------------------------------------------------
                                 25.02   data required time
                                 -5.85   data arrival time
-----------------------------------------------------------------------------
                                 19.17   slack (MET)


Startpoint: i_valid (input port clocked by clk)
Endpoint: _422_ (rising edge-triggered flip-flop clocked by clk)
Path Group: clk
Path Type: max

Fanout     Cap    Slew   Delay    Time   Description
-----------------------------------------------------------------------------
                          0.00    0.00   clock clk (rise edge)
                          0.00    0.00   clock network delay (propagated)
                          5.00    5.00 ^ input external delay
                  0.02    0.01    5.01 ^ i_valid (in)
     1    0.00                           i_valid (net)
                  0.02    0.00    5.01 ^ input1/A (sky130_fd_sc_hd__clkbuf_1)
                  0.04    0.07    5.08 ^ input1/X (sky130_fd_sc_hd__clkbuf_1)
     1    0.00                           net1 (net)
                  0.04    0.00    5.08 ^ _211_/A (sky130_fd_sc_hd__buf_4)
                  0.19    0.23    5.31 ^ _211_/X (sky130_fd_sc_hd__buf_4)
    13    0.07                           _065_ (net)
                  0.19    0.00    5.32 ^ _212_/A (sky130_fd_sc_hd__and3_1)
                  0.10    0.24    5.55 ^ _212_/X (sky130_fd_sc_hd__and3_1)
     3    0.01                           _066_ (net)
                  0.10    0.00    5.55 ^ _213_/B (sky130_fd_sc_hd__and2_1)
                  0.05    0.14    5.69 ^ _213_/X (sky130_fd_sc_hd__and2_1)
     1    0.00                           _067_ (net)
                  0.05    0.00    5.69 ^ _214_/A (sky130_fd_sc_hd__clkbuf_1)
                  0.07    0.11    5.80 ^ _214_/X (sky130_fd_sc_hd__clkbuf_1)
     2    0.01                           _000_ (net)
                  0.07    0.00    5.80 ^ _422_/D (sky130_fd_sc_hd__dfrtp_1)
                                  5.80   data arrival time

                         25.00   25.00   clock clk (rise edge)
                          0.00   25.00   clock source latency
                  0.08    0.05   25.05 ^ clk (in)
     1    0.02                           clk (net)
                  0.08    0.00   25.05 ^ clkbuf_0_clk/A (sky130_fd_sc_hd__clkbuf_16)
                  0.10    0.18   25.23 ^ clkbuf_0_clk/X (sky130_fd_sc_hd__clkbuf_16)
     8    0.08                           clknet_0_clk (net)
                  0.10    0.00   25.23 ^ clkbuf_3_2__f_clk/A (sky130_fd_sc_hd__clkbuf_16)
                  0.05    0.14   25.38 ^ clkbuf_3_2__f_clk/X (sky130_fd_sc_hd__clkbuf_16)
     8    0.02                           clknet_3_2__leaf_clk (net)
                  0.05    0.00   25.38 ^ _422_/CLK (sky130_fd_sc_hd__dfrtp_1)
                         -0.25   25.13   clock uncertainty
                          0.00   25.13   clock reconvergence pessimism
                         -0.07   25.06   library setup time
                                 25.06   data required time
-----------------------------------------------------------------------------
                                 25.06   data required time
                                 -5.80   data arrival time
-----------------------------------------------------------------------------
                                 19.26   slack (MET)


Startpoint: i_valid (input port clocked by clk)
Endpoint: _485_ (rising edge-triggered flip-flop clocked by clk)
Path Group: clk
Path Type: max

Fanout     Cap    Slew   Delay    Time   Description
-----------------------------------------------------------------------------
                          0.00    0.00   clock clk (rise edge)
                          0.00    0.00   clock network delay (propagated)
                          5.00    5.00 ^ input external delay
                  0.02    0.01    5.01 ^ i_valid (in)
     1    0.00                           i_valid (net)
                  0.02    0.00    5.01 ^ input1/A (sky130_fd_sc_hd__clkbuf_1)
                  0.04    0.07    5.08 ^ input1/X (sky130_fd_sc_hd__clkbuf_1)
     1    0.00                           net1 (net)
                  0.04    0.00    5.08 ^ _211_/A (sky130_fd_sc_hd__buf_4)
                  0.19    0.23    5.31 ^ _211_/X (sky130_fd_sc_hd__buf_4)
    13    0.07                           _065_ (net)
                  0.19    0.00    5.32 ^ _212_/A (sky130_fd_sc_hd__and3_1)
                  0.10    0.24    5.55 ^ _212_/X (sky130_fd_sc_hd__and3_1)
     3    0.01                           _066_ (net)
                  0.10    0.00    5.55 ^ _419_/A (sky130_fd_sc_hd__nor2_1)
                  0.04    0.07    5.62 v _419_/Y (sky130_fd_sc_hd__nor2_1)
     1    0.00                           _063_ (net)
                  0.04    0.00    5.62 v _485_/D (sky130_fd_sc_hd__dfrtp_4)
                                  5.62   data arrival time

                         25.00   25.00   clock clk (rise edge)
                          0.00   25.00   clock source latency
                  0.08    0.05   25.05 ^ clk (in)
     1    0.02                           clk (net)
                  0.08    0.00   25.05 ^ clkbuf_0_clk/A (sky130_fd_sc_hd__clkbuf_16)
                  0.10    0.18   25.23 ^ clkbuf_0_clk/X (sky130_fd_sc_hd__clkbuf_16)
     8    0.08                           clknet_0_clk (net)
                  0.10    0.00   25.23 ^ clkbuf_3_2__f_clk/A (sky130_fd_sc_hd__clkbuf_16)
                  0.05    0.14   25.38 ^ clkbuf_3_2__f_clk/X (sky130_fd_sc_hd__clkbuf_16)
     8    0.02                           clknet_3_2__leaf_clk (net)
                  0.05    0.00   25.38 ^ _485_/CLK (sky130_fd_sc_hd__dfrtp_4)
                         -0.25   25.13   clock uncertainty
                          0.00   25.13   clock reconvergence pessimism
                         -0.11   25.01   library setup time
                                 25.01   data required time
-----------------------------------------------------------------------------
                                 25.01   data required time
                                 -5.62   data arrival time
-----------------------------------------------------------------------------
                                 19.40   slack (MET)


Startpoint: i_valid (input port clocked by clk)
Endpoint: _449_ (rising edge-triggered flip-flop clocked by clk)
Path Group: clk
Path Type: max

Fanout     Cap    Slew   Delay    Time   Description
-----------------------------------------------------------------------------
                          0.00    0.00   clock clk (rise edge)
                          0.00    0.00   clock network delay (propagated)
                          5.00    5.00 v input external delay
                  0.01    0.00    5.00 v i_valid (in)
     1    0.00                           i_valid (net)
                  0.01    0.00    5.00 v input1/A (sky130_fd_sc_hd__clkbuf_1)
                  0.02    0.07    5.08 v input1/X (sky130_fd_sc_hd__clkbuf_1)
     1    0.00                           net1 (net)
                  0.02    0.00    5.08 v _211_/A (sky130_fd_sc_hd__buf_4)
                  0.09    0.20    5.28 v _211_/X (sky130_fd_sc_hd__buf_4)
    13    0.07                           _065_ (net)
                  0.09    0.00    5.28 v _339_/A2 (sky130_fd_sc_hd__a21o_1)
                  0.03    0.20    5.48 v _339_/X (sky130_fd_sc_hd__a21o_1)
     1    0.00                           _029_ (net)
                  0.03    0.00    5.48 v _449_/D (sky130_fd_sc_hd__dfrtp_1)
                                  5.48   data arrival time

                         25.00   25.00   clock clk (rise edge)
                          0.00   25.00   clock source latency
                  0.08    0.05   25.05 ^ clk (in)
     1    0.02                           clk (net)
                  0.08    0.00   25.05 ^ clkbuf_0_clk/A (sky130_fd_sc_hd__clkbuf_16)
                  0.10    0.18   25.23 ^ clkbuf_0_clk/X (sky130_fd_sc_hd__clkbuf_16)
     8    0.08                           clknet_0_clk (net)
                  0.10    0.00   25.23 ^ clkbuf_3_2__f_clk/A (sky130_fd_sc_hd__clkbuf_16)
                  0.05    0.14   25.38 ^ clkbuf_3_2__f_clk/X (sky130_fd_sc_hd__clkbuf_16)
     8    0.02                           clknet_3_2__leaf_clk (net)
                  0.05    0.00   25.38 ^ _449_/CLK (sky130_fd_sc_hd__dfrtp_1)
                         -0.25   25.13   clock uncertainty
                          0.00   25.13   clock reconvergence pessimism
                         -0.11   25.02   library setup time
                                 25.02   data required time
-----------------------------------------------------------------------------
                                 25.02   data required time
                                 -5.48   data arrival time
-----------------------------------------------------------------------------
                                 19.54   slack (MET)


Startpoint: i_valid (input port clocked by clk)
Endpoint: _484_ (rising edge-triggered flip-flop clocked by clk)
Path Group: clk
Path Type: max

Fanout     Cap    Slew   Delay    Time   Description
-----------------------------------------------------------------------------
                          0.00    0.00   clock clk (rise edge)
                          0.00    0.00   clock network delay (propagated)
                          5.00    5.00 v input external delay
                  0.01    0.00    5.00 v i_valid (in)
     1    0.00                           i_valid (net)
                  0.01    0.00    5.00 v input1/A (sky130_fd_sc_hd__clkbuf_1)
                  0.02    0.07    5.08 v input1/X (sky130_fd_sc_hd__clkbuf_1)
     1    0.00                           net1 (net)
                  0.02    0.00    5.08 v _211_/A (sky130_fd_sc_hd__buf_4)
                  0.09    0.20    5.28 v _211_/X (sky130_fd_sc_hd__buf_4)
    13    0.07                           _065_ (net)
                  0.09    0.01    5.28 v _417_/A (sky130_fd_sc_hd__xor2_1)
                  0.06    0.18    5.46 v _417_/X (sky130_fd_sc_hd__xor2_1)
     1    0.00                           _062_ (net)
                  0.06    0.00    5.46 v _484_/D (sky130_fd_sc_hd__dfrtp_4)
                                  5.46   data arrival time

                         25.00   25.00   clock clk (rise edge)
                          0.00   25.00   clock source latency
                  0.08    0.05   25.05 ^ clk (in)
     1    0.02                           clk (net)
                  0.08    0.00   25.05 ^ clkbuf_0_clk/A (sky130_fd_sc_hd__clkbuf_16)
                  0.10    0.18   25.23 ^ clkbuf_0_clk/X (sky130_fd_sc_hd__clkbuf_16)
     8    0.08                           clknet_0_clk (net)
                  0.10    0.00   25.23 ^ clkbuf_3_2__f_clk/A (sky130_fd_sc_hd__clkbuf_16)
                  0.05    0.14   25.38 ^ clkbuf_3_2__f_clk/X (sky130_fd_sc_hd__clkbuf_16)
     8    0.02                           clknet_3_2__leaf_clk (net)
                  0.05    0.00   25.38 ^ _484_/CLK (sky130_fd_sc_hd__dfrtp_4)
                         -0.25   25.13   clock uncertainty
                          0.00   25.13   clock reconvergence pessimism
                         -0.12   25.01   library setup time
                                 25.01   data required time
-----------------------------------------------------------------------------
                                 25.01   data required time
                                 -5.46   data arrival time
-----------------------------------------------------------------------------
                                 19.55   slack (MET)


Startpoint: i_valid (input port clocked by clk)
Endpoint: _431_ (rising edge-triggered flip-flop clocked by clk)
Path Group: clk
Path Type: max

Fanout     Cap    Slew   Delay    Time   Description
-----------------------------------------------------------------------------
                          0.00    0.00   clock clk (rise edge)
                          0.00    0.00   clock network delay (propagated)
                          5.00    5.00 v input external delay
                  0.01    0.00    5.00 v i_valid (in)
     1    0.00                           i_valid (net)
                  0.01    0.00    5.00 v input1/A (sky130_fd_sc_hd__clkbuf_1)
                  0.02    0.07    5.08 v input1/X (sky130_fd_sc_hd__clkbuf_1)
     1    0.00                           net1 (net)
                  0.02    0.00    5.08 v _211_/A (sky130_fd_sc_hd__buf_4)
                  0.09    0.20    5.28 v _211_/X (sky130_fd_sc_hd__buf_4)
    13    0.07                           _065_ (net)
                  0.09    0.01    5.28 v _294_/A1 (sky130_fd_sc_hd__a21o_1)
                  0.03    0.18    5.46 v _294_/X (sky130_fd_sc_hd__a21o_1)
     1    0.00                           _011_ (net)
                  0.03    0.00    5.46 v _431_/D (sky130_fd_sc_hd__dfrtp_1)
                                  5.46   data arrival time

                         25.00   25.00   clock clk (rise edge)
                          0.00   25.00   clock source latency
                  0.08    0.05   25.05 ^ clk (in)
     1    0.02                           clk (net)
                  0.08    0.00   25.05 ^ clkbuf_0_clk/A (sky130_fd_sc_hd__clkbuf_16)
                  0.10    0.18   25.23 ^ clkbuf_0_clk/X (sky130_fd_sc_hd__clkbuf_16)
     8    0.08                           clknet_0_clk (net)
                  0.10    0.00   25.23 ^ clkbuf_3_5__f_clk/A (sky130_fd_sc_hd__clkbuf_16)
                  0.04    0.14   25.37 ^ clkbuf_3_5__f_clk/X (sky130_fd_sc_hd__clkbuf_16)
     7    0.02                           clknet_3_5__leaf_clk (net)
                  0.04    0.00   25.37 ^ _431_/CLK (sky130_fd_sc_hd__dfrtp_1)
                         -0.25   25.12   clock uncertainty
                          0.00   25.12   clock reconvergence pessimism
                         -0.11   25.01   library setup time
                                 25.01   data required time
-----------------------------------------------------------------------------
                                 25.01   data required time
                                 -5.46   data arrival time
-----------------------------------------------------------------------------
                                 19.55   slack (MET)


Startpoint: i_valid (input port clocked by clk)
Endpoint: _428_ (rising edge-triggered flip-flop clocked by clk)
Path Group: clk
Path Type: max

Fanout     Cap    Slew   Delay    Time   Description
-----------------------------------------------------------------------------
                          0.00    0.00   clock clk (rise edge)
                          0.00    0.00   clock network delay (propagated)
                          5.00    5.00 v input external delay
                  0.01    0.00    5.00 v i_valid (in)
     1    0.00                           i_valid (net)
                  0.01    0.00    5.00 v input1/A (sky130_fd_sc_hd__clkbuf_1)
                  0.02    0.07    5.08 v input1/X (sky130_fd_sc_hd__clkbuf_1)
     1    0.00                           net1 (net)
                  0.02    0.00    5.08 v _211_/A (sky130_fd_sc_hd__buf_4)
                  0.09    0.20    5.28 v _211_/X (sky130_fd_sc_hd__buf_4)
    13    0.07                           _065_ (net)
                  0.09    0.01    5.28 v _283_/A1 (sky130_fd_sc_hd__a21o_1)
                  0.03    0.18    5.46 v _283_/X (sky130_fd_sc_hd__a21o_1)
     1    0.00                           _008_ (net)
                  0.03    0.00    5.46 v _428_/D (sky130_fd_sc_hd__dfrtp_1)
                                  5.46   data arrival time

                         25.00   25.00   clock clk (rise edge)
                          0.00   25.00   clock source latency
                  0.08    0.05   25.05 ^ clk (in)
     1    0.02                           clk (net)
                  0.08    0.00   25.05 ^ clkbuf_0_clk/A (sky130_fd_sc_hd__clkbuf_16)
                  0.10    0.18   25.23 ^ clkbuf_0_clk/X (sky130_fd_sc_hd__clkbuf_16)
     8    0.08                           clknet_0_clk (net)
                  0.10    0.00   25.23 ^ clkbuf_3_7__f_clk/A (sky130_fd_sc_hd__clkbuf_16)
                  0.05    0.15   25.38 ^ clkbuf_3_7__f_clk/X (sky130_fd_sc_hd__clkbuf_16)
    11    0.03                           clknet_3_7__leaf_clk (net)
                  0.05    0.00   25.38 ^ _428_/CLK (sky130_fd_sc_hd__dfrtp_1)
                         -0.25   25.13   clock uncertainty
                          0.00   25.13   clock reconvergence pessimism
                         -0.11   25.03   library setup time
                                 25.03   data required time
-----------------------------------------------------------------------------
                                 25.03   data required time
                                 -5.46   data arrival time
-----------------------------------------------------------------------------
                                 19.57   slack (MET)


Startpoint: i_valid (input port clocked by clk)
Endpoint: _443_ (rising edge-triggered flip-flop clocked by clk)
Path Group: clk
Path Type: max

Fanout     Cap    Slew   Delay    Time   Description
-----------------------------------------------------------------------------
                          0.00    0.00   clock clk (rise edge)
                          0.00    0.00   clock network delay (propagated)
                          5.00    5.00 v input external delay
                  0.01    0.00    5.00 v i_valid (in)
     1    0.00                           i_valid (net)
                  0.01    0.00    5.00 v input1/A (sky130_fd_sc_hd__clkbuf_1)
                  0.02    0.07    5.08 v input1/X (sky130_fd_sc_hd__clkbuf_1)
     1    0.00                           net1 (net)
                  0.02    0.00    5.08 v _211_/A (sky130_fd_sc_hd__buf_4)
                  0.09    0.20    5.28 v _211_/X (sky130_fd_sc_hd__buf_4)
    13    0.07                           _065_ (net)
                  0.09    0.00    5.28 v _328_/A1 (sky130_fd_sc_hd__a21o_1)
                  0.03    0.18    5.46 v _328_/X (sky130_fd_sc_hd__a21o_1)
     1    0.00                           _023_ (net)
                  0.03    0.00    5.46 v _443_/D (sky130_fd_sc_hd__dfrtp_1)
                                  5.46   data arrival time

                         25.00   25.00   clock clk (rise edge)
                          0.00   25.00   clock source latency
                  0.08    0.05   25.05 ^ clk (in)
     1    0.02                           clk (net)
                  0.08    0.00   25.05 ^ clkbuf_0_clk/A (sky130_fd_sc_hd__clkbuf_16)
                  0.10    0.18   25.23 ^ clkbuf_0_clk/X (sky130_fd_sc_hd__clkbuf_16)
     8    0.08                           clknet_0_clk (net)
                  0.10    0.00   25.23 ^ clkbuf_3_0__f_clk/A (sky130_fd_sc_hd__clkbuf_16)
                  0.05    0.15   25.38 ^ clkbuf_3_0__f_clk/X (sky130_fd_sc_hd__clkbuf_16)
    11    0.03                           clknet_3_0__leaf_clk (net)
                  0.05    0.00   25.38 ^ _443_/CLK (sky130_fd_sc_hd__dfrtp_1)
                         -0.25   25.13   clock uncertainty
                          0.00   25.13   clock reconvergence pessimism
                         -0.11   25.03   library setup time
                                 25.03   data required time
-----------------------------------------------------------------------------
                                 25.03   data required time
                                 -5.46   data arrival time
-----------------------------------------------------------------------------
                                 19.57   slack (MET)


Startpoint: i_valid (input port clocked by clk)
Endpoint: _437_ (rising edge-triggered flip-flop clocked by clk)
Path Group: clk
Path Type: max

Fanout     Cap    Slew   Delay    Time   Description
-----------------------------------------------------------------------------
                          0.00    0.00   clock clk (rise edge)
                          0.00    0.00   clock network delay (propagated)
                          5.00    5.00 v input external delay
                  0.01    0.00    5.00 v i_valid (in)
     1    0.00                           i_valid (net)
                  0.01    0.00    5.00 v input1/A (sky130_fd_sc_hd__clkbuf_1)
                  0.02    0.07    5.08 v input1/X (sky130_fd_sc_hd__clkbuf_1)
     1    0.00                           net1 (net)
                  0.02    0.00    5.08 v _211_/A (sky130_fd_sc_hd__buf_4)
                  0.09    0.20    5.28 v _211_/X (sky130_fd_sc_hd__buf_4)
    13    0.07                           _065_ (net)
                  0.09    0.00    5.28 v _311_/A1 (sky130_fd_sc_hd__a21o_1)
                  0.03    0.18    5.45 v _311_/X (sky130_fd_sc_hd__a21o_1)
     1    0.00                           _017_ (net)
                  0.03    0.00    5.45 v _437_/D (sky130_fd_sc_hd__dfrtp_1)
                                  5.45   data arrival time

                         25.00   25.00   clock clk (rise edge)
                          0.00   25.00   clock source latency
                  0.08    0.05   25.05 ^ clk (in)
     1    0.02                           clk (net)
                  0.08    0.00   25.05 ^ clkbuf_0_clk/A (sky130_fd_sc_hd__clkbuf_16)
                  0.10    0.18   25.23 ^ clkbuf_0_clk/X (sky130_fd_sc_hd__clkbuf_16)
     8    0.08                           clknet_0_clk (net)
                  0.10    0.00   25.23 ^ clkbuf_3_0__f_clk/A (sky130_fd_sc_hd__clkbuf_16)
                  0.05    0.15   25.38 ^ clkbuf_3_0__f_clk/X (sky130_fd_sc_hd__clkbuf_16)
    11    0.03                           clknet_3_0__leaf_clk (net)
                  0.05    0.00   25.38 ^ _437_/CLK (sky130_fd_sc_hd__dfrtp_1)
                         -0.25   25.13   clock uncertainty
                          0.00   25.13   clock reconvergence pessimism
                         -0.11   25.03   library setup time
                                 25.03   data required time
-----------------------------------------------------------------------------
                                 25.03   data required time
                                 -5.45   data arrival time
-----------------------------------------------------------------------------
                                 19.57   slack (MET)


Startpoint: rst_n (input port clocked by clk)
Endpoint: _486_ (recovery check against rising-edge clock clk)
Path Group: asynchronous
Path Type: max

Fanout     Cap    Slew   Delay    Time   Description
-----------------------------------------------------------------------------
                          0.00    0.00   clock clk (rise edge)
                          0.00    0.00   clock network delay (propagated)
                          5.00    5.00 ^ input external delay
                  0.05    0.04    5.04 ^ rst_n (in)
     1    0.01                           rst_n (net)
                  0.05    0.00    5.04 ^ input17/A (sky130_fd_sc_hd__buf_12)
                  0.36    0.34    5.37 ^ input17/X (sky130_fd_sc_hd__buf_12)
    65    0.32                           net17 (net)
                  0.36    0.01    5.39 ^ _486_/RESET_B (sky130_fd_sc_hd__dfrtp_4)
                                  5.39   data arrival time

                         25.00   25.00   clock clk (rise edge)
                          0.00   25.00   clock source latency
                  0.08    0.05   25.05 ^ clk (in)
     1    0.02                           clk (net)
                  0.08    0.00   25.05 ^ clkbuf_0_clk/A (sky130_fd_sc_hd__clkbuf_16)
                  0.10    0.18   25.23 ^ clkbuf_0_clk/X (sky130_fd_sc_hd__clkbuf_16)
     8    0.08                           clknet_0_clk (net)
                  0.10    0.00   25.23 ^ clkbuf_3_2__f_clk/A (sky130_fd_sc_hd__clkbuf_16)
                  0.05    0.14   25.38 ^ clkbuf_3_2__f_clk/X (sky130_fd_sc_hd__clkbuf_16)
     8    0.02                           clknet_3_2__leaf_clk (net)
                  0.05    0.00   25.38 ^ _486_/CLK (sky130_fd_sc_hd__dfrtp_4)
                         -0.25   25.13   clock uncertainty
                          0.00   25.13   clock reconvergence pessimism
                          0.11   25.24   library recovery time
                                 25.24   data required time
-----------------------------------------------------------------------------
                                 25.24   data required time
                                 -5.39   data arrival time
-----------------------------------------------------------------------------
                                 19.85   slack (MET)


Startpoint: rst_n (input port clocked by clk)
Endpoint: _485_ (recovery check against rising-edge clock clk)
Path Group: asynchronous
Path Type: max

Fanout     Cap    Slew   Delay    Time   Description
-----------------------------------------------------------------------------
                          0.00    0.00   clock clk (rise edge)
                          0.00    0.00   clock network delay (propagated)
                          5.00    5.00 ^ input external delay
                  0.05    0.04    5.04 ^ rst_n (in)
     1    0.01                           rst_n (net)
                  0.05    0.00    5.04 ^ input17/A (sky130_fd_sc_hd__buf_12)
                  0.36    0.34    5.37 ^ input17/X (sky130_fd_sc_hd__buf_12)
    65    0.32                           net17 (net)
                  0.36    0.01    5.39 ^ _485_/RESET_B (sky130_fd_sc_hd__dfrtp_4)
                                  5.39   data arrival time

                         25.00   25.00   clock clk (rise edge)
                          0.00   25.00   clock source latency
                  0.08    0.05   25.05 ^ clk (in)
     1    0.02                           clk (net)
                  0.08    0.00   25.05 ^ clkbuf_0_clk/A (sky130_fd_sc_hd__clkbuf_16)
                  0.10    0.18   25.23 ^ clkbuf_0_clk/X (sky130_fd_sc_hd__clkbuf_16)
     8    0.08                           clknet_0_clk (net)
                  0.10    0.00   25.23 ^ clkbuf_3_2__f_clk/A (sky130_fd_sc_hd__clkbuf_16)
                  0.05    0.14   25.38 ^ clkbuf_3_2__f_clk/X (sky130_fd_sc_hd__clkbuf_16)
     8    0.02                           clknet_3_2__leaf_clk (net)
                  0.05    0.00   25.38 ^ _485_/CLK (sky130_fd_sc_hd__dfrtp_4)
                         -0.25   25.13   clock uncertainty
                          0.00   25.13   clock reconvergence pessimism
                          0.11   25.24   library recovery time
                                 25.24   data required time
-----------------------------------------------------------------------------
                                 25.24   data required time
                                 -5.39   data arrival time
-----------------------------------------------------------------------------
                                 19.85   slack (MET)


Startpoint: rst_n (input port clocked by clk)
Endpoint: _484_ (recovery check against rising-edge clock clk)
Path Group: asynchronous
Path Type: max

Fanout     Cap    Slew   Delay    Time   Description
-----------------------------------------------------------------------------
                          0.00    0.00   clock clk (rise edge)
                          0.00    0.00   clock network delay (propagated)
                          5.00    5.00 ^ input external delay
                  0.05    0.04    5.04 ^ rst_n (in)
     1    0.01                           rst_n (net)
                  0.05    0.00    5.04 ^ input17/A (sky130_fd_sc_hd__buf_12)
                  0.36    0.34    5.37 ^ input17/X (sky130_fd_sc_hd__buf_12)
    65    0.32                           net17 (net)
                  0.36    0.01    5.39 ^ _484_/RESET_B (sky130_fd_sc_hd__dfrtp_4)
                                  5.39   data arrival time

                         25.00   25.00   clock clk (rise edge)
                          0.00   25.00   clock source latency
                  0.08    0.05   25.05 ^ clk (in)
     1    0.02                           clk (net)
                  0.08    0.00   25.05 ^ clkbuf_0_clk/A (sky130_fd_sc_hd__clkbuf_16)
                  0.10    0.18   25.23 ^ clkbuf_0_clk/X (sky130_fd_sc_hd__clkbuf_16)
     8    0.08                           clknet_0_clk (net)
                  0.10    0.00   25.23 ^ clkbuf_3_2__f_clk/A (sky130_fd_sc_hd__clkbuf_16)
                  0.05    0.14   25.38 ^ clkbuf_3_2__f_clk/X (sky130_fd_sc_hd__clkbuf_16)
     8    0.02                           clknet_3_2__leaf_clk (net)
                  0.05    0.00   25.38 ^ _484_/CLK (sky130_fd_sc_hd__dfrtp_4)
                         -0.25   25.13   clock uncertainty
                          0.00   25.13   clock reconvergence pessimism
                          0.11   25.24   library recovery time
                                 25.24   data required time
-----------------------------------------------------------------------------
                                 25.24   data required time
                                 -5.39   data arrival time
-----------------------------------------------------------------------------
                                 19.85   slack (MET)


Startpoint: rst_n (input port clocked by clk)
Endpoint: _474_ (recovery check against rising-edge clock clk)
Path Group: asynchronous
Path Type: max

Fanout     Cap    Slew   Delay    Time   Description
-----------------------------------------------------------------------------
                          0.00    0.00   clock clk (rise edge)
                          0.00    0.00   clock network delay (propagated)
                          5.00    5.00 ^ input external delay
                  0.05    0.04    5.04 ^ rst_n (in)
     1    0.01                           rst_n (net)
                  0.05    0.00    5.04 ^ input17/A (sky130_fd_sc_hd__buf_12)
                  0.36    0.34    5.37 ^ input17/X (sky130_fd_sc_hd__buf_12)
    65    0.32                           net17 (net)
                  0.37    0.03    5.41 ^ _474_/RESET_B (sky130_fd_sc_hd__dfrtp_1)
                                  5.41   data arrival time

                         25.00   25.00   clock clk (rise edge)
                          0.00   25.00   clock source latency
                  0.08    0.05   25.05 ^ clk (in)
     1    0.02                           clk (net)
                  0.08    0.00   25.05 ^ clkbuf_0_clk/A (sky130_fd_sc_hd__clkbuf_16)
                  0.10    0.18   25.23 ^ clkbuf_0_clk/X (sky130_fd_sc_hd__clkbuf_16)
     8    0.08                           clknet_0_clk (net)
                  0.10    0.00   25.23 ^ clkbuf_3_4__f_clk/A (sky130_fd_sc_hd__clkbuf_16)
                  0.04    0.14   25.37 ^ clkbuf_3_4__f_clk/X (sky130_fd_sc_hd__clkbuf_16)
     6    0.02                           clknet_3_4__leaf_clk (net)
                  0.04    0.00   25.37 ^ _474_/CLK (sky130_fd_sc_hd__dfrtp_1)
                         -0.25   25.12   clock uncertainty
                          0.00   25.12   clock reconvergence pessimism
                          0.15   25.27   library recovery time
                                 25.27   data required time
-----------------------------------------------------------------------------
                                 25.27   data required time
                                 -5.41   data arrival time
-----------------------------------------------------------------------------
                                 19.86   slack (MET)


Startpoint: rst_n (input port clocked by clk)
Endpoint: _464_ (recovery check against rising-edge clock clk)
Path Group: asynchronous
Path Type: max

Fanout     Cap    Slew   Delay    Time   Description
-----------------------------------------------------------------------------
                          0.00    0.00   clock clk (rise edge)
                          0.00    0.00   clock network delay (propagated)
                          5.00    5.00 ^ input external delay
                  0.05    0.04    5.04 ^ rst_n (in)
     1    0.01                           rst_n (net)
                  0.05    0.00    5.04 ^ input17/A (sky130_fd_sc_hd__buf_12)
                  0.36    0.34    5.37 ^ input17/X (sky130_fd_sc_hd__buf_12)
    65    0.32                           net17 (net)
                  0.37    0.03    5.41 ^ _464_/RESET_B (sky130_fd_sc_hd__dfrtp_1)
                                  5.41   data arrival time

                         25.00   25.00   clock clk (rise edge)
                          0.00   25.00   clock source latency
                  0.08    0.05   25.05 ^ clk (in)
     1    0.02                           clk (net)
                  0.08    0.00   25.05 ^ clkbuf_0_clk/A (sky130_fd_sc_hd__clkbuf_16)
                  0.10    0.18   25.23 ^ clkbuf_0_clk/X (sky130_fd_sc_hd__clkbuf_16)
     8    0.08                           clknet_0_clk (net)
                  0.10    0.00   25.23 ^ clkbuf_3_4__f_clk/A (sky130_fd_sc_hd__clkbuf_16)
                  0.04    0.14   25.37 ^ clkbuf_3_4__f_clk/X (sky130_fd_sc_hd__clkbuf_16)
     6    0.02                           clknet_3_4__leaf_clk (net)
                  0.04    0.00   25.37 ^ _464_/CLK (sky130_fd_sc_hd__dfrtp_1)
                         -0.25   25.12   clock uncertainty
                          0.00   25.12   clock reconvergence pessimism
                          0.15   25.27   library recovery time
                                 25.27   data required time
-----------------------------------------------------------------------------
                                 25.27   data required time
                                 -5.41   data arrival time
-----------------------------------------------------------------------------
                                 19.86   slack (MET)


Startpoint: rst_n (input port clocked by clk)
Endpoint: _440_ (recovery check against rising-edge clock clk)
Path Group: asynchronous
Path Type: max

Fanout     Cap    Slew   Delay    Time   Description
-----------------------------------------------------------------------------
                          0.00    0.00   clock clk (rise edge)
                          0.00    0.00   clock network delay (propagated)
                          5.00    5.00 ^ input external delay
                  0.05    0.04    5.04 ^ rst_n (in)
     1    0.01                           rst_n (net)
                  0.05    0.00    5.04 ^ input17/A (sky130_fd_sc_hd__buf_12)
                  0.36    0.34    5.37 ^ input17/X (sky130_fd_sc_hd__buf_12)
    65    0.32                           net17 (net)
                  0.37    0.03    5.41 ^ _440_/RESET_B (sky130_fd_sc_hd__dfrtp_1)
                                  5.41   data arrival time

                         25.00   25.00   clock clk (rise edge)
                          0.00   25.00   clock source latency
                  0.08    0.05   25.05 ^ clk (in)
     1    0.02                           clk (net)
                  0.08    0.00   25.05 ^ clkbuf_0_clk/A (sky130_fd_sc_hd__clkbuf_16)
                  0.10    0.18   25.23 ^ clkbuf_0_clk/X (sky130_fd_sc_hd__clkbuf_16)
     8    0.08                           clknet_0_clk (net)
                  0.10    0.00   25.23 ^ clkbuf_3_4__f_clk/A (sky130_fd_sc_hd__clkbuf_16)
                  0.04    0.14   25.37 ^ clkbuf_3_4__f_clk/X (sky130_fd_sc_hd__clkbuf_16)
     6    0.02                           clknet_3_4__leaf_clk (net)
                  0.04    0.00   25.37 ^ _440_/CLK (sky130_fd_sc_hd__dfrtp_1)
                         -0.25   25.12   clock uncertainty
                          0.00   25.12   clock reconvergence pessimism
                          0.15   25.27   library recovery time
                                 25.27   data required time
-----------------------------------------------------------------------------
                                 25.27   data required time
                                 -5.41   data arrival time
-----------------------------------------------------------------------------
                                 19.86   slack (MET)


Startpoint: rst_n (input port clocked by clk)
Endpoint: _463_ (recovery check against rising-edge clock clk)
Path Group: asynchronous
Path Type: max

Fanout     Cap    Slew   Delay    Time   Description
-----------------------------------------------------------------------------
                          0.00    0.00   clock clk (rise edge)
                          0.00    0.00   clock network delay (propagated)
                          5.00    5.00 ^ input external delay
                  0.05    0.04    5.04 ^ rst_n (in)
     1    0.01                           rst_n (net)
                  0.05    0.00    5.04 ^ input17/A (sky130_fd_sc_hd__buf_12)
                  0.36    0.34    5.37 ^ input17/X (sky130_fd_sc_hd__buf_12)
    65    0.32                           net17 (net)
                  0.37    0.03    5.41 ^ _463_/RESET_B (sky130_fd_sc_hd__dfrtp_1)
                                  5.41   data arrival time

                         25.00   25.00   clock clk (rise edge)
                          0.00   25.00   clock source latency
                  0.08    0.05   25.05 ^ clk (in)
     1    0.02                           clk (net)
                  0.08    0.00   25.05 ^ clkbuf_0_clk/A (sky130_fd_sc_hd__clkbuf_16)
                  0.10    0.18   25.23 ^ clkbuf_0_clk/X (sky130_fd_sc_hd__clkbuf_16)
     8    0.08                           clknet_0_clk (net)
                  0.10    0.00   25.23 ^ clkbuf_3_4__f_clk/A (sky130_fd_sc_hd__clkbuf_16)
                  0.04    0.14   25.37 ^ clkbuf_3_4__f_clk/X (sky130_fd_sc_hd__clkbuf_16)
     6    0.02                           clknet_3_4__leaf_clk (net)
                  0.04    0.00   25.37 ^ _463_/CLK (sky130_fd_sc_hd__dfrtp_1)
                         -0.25   25.12   clock uncertainty
                          0.00   25.12   clock reconvergence pessimism
                          0.15   25.27   library recovery time
                                 25.27   data required time
-----------------------------------------------------------------------------
                                 25.27   data required time
                                 -5.41   data arrival time
-----------------------------------------------------------------------------
                                 19.86   slack (MET)


Startpoint: rst_n (input port clocked by clk)
Endpoint: _439_ (recovery check against rising-edge clock clk)
Path Group: asynchronous
Path Type: max

Fanout     Cap    Slew   Delay    Time   Description
-----------------------------------------------------------------------------
                          0.00    0.00   clock clk (rise edge)
                          0.00    0.00   clock network delay (propagated)
                          5.00    5.00 ^ input external delay
                  0.05    0.04    5.04 ^ rst_n (in)
     1    0.01                           rst_n (net)
                  0.05    0.00    5.04 ^ input17/A (sky130_fd_sc_hd__buf_12)
                  0.36    0.34    5.37 ^ input17/X (sky130_fd_sc_hd__buf_12)
    65    0.32                           net17 (net)
                  0.37    0.03    5.41 ^ _439_/RESET_B (sky130_fd_sc_hd__dfrtp_1)
                                  5.41   data arrival time

                         25.00   25.00   clock clk (rise edge)
                          0.00   25.00   clock source latency
                  0.08    0.05   25.05 ^ clk (in)
     1    0.02                           clk (net)
                  0.08    0.00   25.05 ^ clkbuf_0_clk/A (sky130_fd_sc_hd__clkbuf_16)
                  0.10    0.18   25.23 ^ clkbuf_0_clk/X (sky130_fd_sc_hd__clkbuf_16)
     8    0.08                           clknet_0_clk (net)
                  0.10    0.00   25.23 ^ clkbuf_3_4__f_clk/A (sky130_fd_sc_hd__clkbuf_16)
                  0.04    0.14   25.37 ^ clkbuf_3_4__f_clk/X (sky130_fd_sc_hd__clkbuf_16)
     6    0.02                           clknet_3_4__leaf_clk (net)
                  0.04    0.00   25.37 ^ _439_/CLK (sky130_fd_sc_hd__dfrtp_1)
                         -0.25   25.12   clock uncertainty
                          0.00   25.12   clock reconvergence pessimism
                          0.15   25.27   library recovery time
                                 25.27   data required time
-----------------------------------------------------------------------------
                                 25.27   data required time
                                 -5.41   data arrival time
-----------------------------------------------------------------------------
                                 19.86   slack (MET)


Startpoint: rst_n (input port clocked by clk)
Endpoint: _481_ (recovery check against rising-edge clock clk)
Path Group: asynchronous
Path Type: max

Fanout     Cap    Slew   Delay    Time   Description
-----------------------------------------------------------------------------
                          0.00    0.00   clock clk (rise edge)
                          0.00    0.00   clock network delay (propagated)
                          5.00    5.00 ^ input external delay
                  0.05    0.04    5.04 ^ rst_n (in)
     1    0.01                           rst_n (net)
                  0.05    0.00    5.04 ^ input17/A (sky130_fd_sc_hd__buf_12)
                  0.36    0.34    5.37 ^ input17/X (sky130_fd_sc_hd__buf_12)
    65    0.32                           net17 (net)
                  0.37    0.03    5.41 ^ _481_/RESET_B (sky130_fd_sc_hd__dfrtp_1)
                                  5.41   data arrival time

                         25.00   25.00   clock clk (rise edge)
                          0.00   25.00   clock source latency
                  0.08    0.05   25.05 ^ clk (in)
     1    0.02                           clk (net)
                  0.08    0.00   25.05 ^ clkbuf_0_clk/A (sky130_fd_sc_hd__clkbuf_16)
                  0.10    0.18   25.23 ^ clkbuf_0_clk/X (sky130_fd_sc_hd__clkbuf_16)
     8    0.08                           clknet_0_clk (net)
                  0.10    0.00   25.23 ^ clkbuf_3_4__f_clk/A (sky130_fd_sc_hd__clkbuf_16)
                  0.04    0.14   25.37 ^ clkbuf_3_4__f_clk/X (sky130_fd_sc_hd__clkbuf_16)
     6    0.02                           clknet_3_4__leaf_clk (net)
                  0.04    0.00   25.37 ^ _481_/CLK (sky130_fd_sc_hd__dfrtp_1)
                         -0.25   25.12   clock uncertainty
                          0.00   25.12   clock reconvergence pessimism
                          0.15   25.27   library recovery time
                                 25.27   data required time
-----------------------------------------------------------------------------
                                 25.27   data required time
                                 -5.41   data arrival time
-----------------------------------------------------------------------------
                                 19.86   slack (MET)


Startpoint: rst_n (input port clocked by clk)
Endpoint: _446_ (recovery check against rising-edge clock clk)
Path Group: asynchronous
Path Type: max

Fanout     Cap    Slew   Delay    Time   Description
-----------------------------------------------------------------------------
                          0.00    0.00   clock clk (rise edge)
                          0.00    0.00   clock network delay (propagated)
                          5.00    5.00 ^ input external delay
                  0.05    0.04    5.04 ^ rst_n (in)
     1    0.01                           rst_n (net)
                  0.05    0.00    5.04 ^ input17/A (sky130_fd_sc_hd__buf_12)
                  0.36    0.34    5.37 ^ input17/X (sky130_fd_sc_hd__buf_12)
    65    0.32                           net17 (net)
                  0.37    0.03    5.41 ^ _446_/RESET_B (sky130_fd_sc_hd__dfrtp_1)
                                  5.41   data arrival time

                         25.00   25.00   clock clk (rise edge)
                          0.00   25.00   clock source latency
                  0.08    0.05   25.05 ^ clk (in)
     1    0.02                           clk (net)
                  0.08    0.00   25.05 ^ clkbuf_0_clk/A (sky130_fd_sc_hd__clkbuf_16)
                  0.10    0.18   25.23 ^ clkbuf_0_clk/X (sky130_fd_sc_hd__clkbuf_16)
     8    0.08                           clknet_0_clk (net)
                  0.10    0.00   25.23 ^ clkbuf_3_1__f_clk/A (sky130_fd_sc_hd__clkbuf_16)
                  0.04    0.14   25.37 ^ clkbuf_3_1__f_clk/X (sky130_fd_sc_hd__clkbuf_16)
     6    0.02                           clknet_3_1__leaf_clk (net)
                  0.04    0.00   25.37 ^ _446_/CLK (sky130_fd_sc_hd__dfrtp_1)
                         -0.25   25.12   clock uncertainty
                          0.00   25.12   clock reconvergence pessimism
                          0.15   25.27   library recovery time
                                 25.27   data required time
-----------------------------------------------------------------------------
                                 25.27   data required time
                                 -5.41   data arrival time
-----------------------------------------------------------------------------
                                 19.86   slack (MET)


Startpoint: rst_n (input port clocked by clk)
Endpoint: _461_ (recovery check against rising-edge clock clk)
Path Group: asynchronous
Path Type: max

Fanout     Cap    Slew   Delay    Time   Description
-----------------------------------------------------------------------------
                          0.00    0.00   clock clk (rise edge)
                          0.00    0.00   clock network delay (propagated)
                          5.00    5.00 ^ input external delay
                  0.05    0.04    5.04 ^ rst_n (in)
     1    0.01                           rst_n (net)
                  0.05    0.00    5.04 ^ input17/A (sky130_fd_sc_hd__buf_12)
                  0.36    0.34    5.37 ^ input17/X (sky130_fd_sc_hd__buf_12)
    65    0.32                           net17 (net)
                  0.37    0.03    5.41 ^ _461_/RESET_B (sky130_fd_sc_hd__dfrtp_1)
                                  5.41   data arrival time

                         25.00   25.00   clock clk (rise edge)
                          0.00   25.00   clock source latency
                  0.08    0.05   25.05 ^ clk (in)
     1    0.02                           clk (net)
                  0.08    0.00   25.05 ^ clkbuf_0_clk/A (sky130_fd_sc_hd__clkbuf_16)
                  0.10    0.18   25.23 ^ clkbuf_0_clk/X (sky130_fd_sc_hd__clkbuf_16)
     8    0.08                           clknet_0_clk (net)
                  0.10    0.00   25.23 ^ clkbuf_3_1__f_clk/A (sky130_fd_sc_hd__clkbuf_16)
                  0.04    0.14   25.37 ^ clkbuf_3_1__f_clk/X (sky130_fd_sc_hd__clkbuf_16)
     6    0.02                           clknet_3_1__leaf_clk (net)
                  0.04    0.00   25.37 ^ _461_/CLK (sky130_fd_sc_hd__dfrtp_1)
                         -0.25   25.12   clock uncertainty
                          0.00   25.12   clock reconvergence pessimism
                          0.15   25.27   library recovery time
                                 25.27   data required time
-----------------------------------------------------------------------------
                                 25.27   data required time
                                 -5.41   data arrival time
-----------------------------------------------------------------------------
                                 19.86   slack (MET)


Startpoint: rst_n (input port clocked by clk)
Endpoint: _470_ (recovery check against rising-edge clock clk)
Path Group: asynchronous
Path Type: max

Fanout     Cap    Slew   Delay    Time   Description
-----------------------------------------------------------------------------
                          0.00    0.00   clock clk (rise edge)
                          0.00    0.00   clock network delay (propagated)
                          5.00    5.00 ^ input external delay
                  0.05    0.04    5.04 ^ rst_n (in)
     1    0.01                           rst_n (net)
                  0.05    0.00    5.04 ^ input17/A (sky130_fd_sc_hd__buf_12)
                  0.36    0.34    5.37 ^ input17/X (sky130_fd_sc_hd__buf_12)
    65    0.32                           net17 (net)
                  0.37    0.03    5.41 ^ _470_/RESET_B (sky130_fd_sc_hd__dfrtp_1)
                                  5.41   data arrival time

                         25.00   25.00   clock clk (rise edge)
                          0.00   25.00   clock source latency
                  0.08    0.05   25.05 ^ clk (in)
     1    0.02                           clk (net)
                  0.08    0.00   25.05 ^ clkbuf_0_clk/A (sky130_fd_sc_hd__clkbuf_16)
                  0.10    0.18   25.23 ^ clkbuf_0_clk/X (sky130_fd_sc_hd__clkbuf_16)
     8    0.08                           clknet_0_clk (net)
                  0.10    0.00   25.23 ^ clkbuf_3_5__f_clk/A (sky130_fd_sc_hd__clkbuf_16)
                  0.04    0.14   25.37 ^ clkbuf_3_5__f_clk/X (sky130_fd_sc_hd__clkbuf_16)
     7    0.02                           clknet_3_5__leaf_clk (net)
                  0.04    0.00   25.37 ^ _470_/CLK (sky130_fd_sc_hd__dfrtp_1)
                         -0.25   25.12   clock uncertainty
                          0.00   25.12   clock reconvergence pessimism
                          0.15   25.27   library recovery time
                                 25.27   data required time
-----------------------------------------------------------------------------
                                 25.27   data required time
                                 -5.41   data arrival time
-----------------------------------------------------------------------------
                                 19.86   slack (MET)


Startpoint: rst_n (input port clocked by clk)
Endpoint: _459_ (recovery check against rising-edge clock clk)
Path Group: asynchronous
Path Type: max

Fanout     Cap    Slew   Delay    Time   Description
-----------------------------------------------------------------------------
                          0.00    0.00   clock clk (rise edge)
                          0.00    0.00   clock network delay (propagated)
                          5.00    5.00 ^ input external delay
                  0.05    0.04    5.04 ^ rst_n (in)
     1    0.01                           rst_n (net)
                  0.05    0.00    5.04 ^ input17/A (sky130_fd_sc_hd__buf_12)
                  0.36    0.34    5.37 ^ input17/X (sky130_fd_sc_hd__buf_12)
    65    0.32                           net17 (net)
                  0.37    0.03    5.41 ^ _459_/RESET_B (sky130_fd_sc_hd__dfrtp_1)
                                  5.41   data arrival time

                         25.00   25.00   clock clk (rise edge)
                          0.00   25.00   clock source latency
                  0.08    0.05   25.05 ^ clk (in)
     1    0.02                           clk (net)
                  0.08    0.00   25.05 ^ clkbuf_0_clk/A (sky130_fd_sc_hd__clkbuf_16)
                  0.10    0.18   25.23 ^ clkbuf_0_clk/X (sky130_fd_sc_hd__clkbuf_16)
     8    0.08                           clknet_0_clk (net)
                  0.10    0.00   25.23 ^ clkbuf_3_1__f_clk/A (sky130_fd_sc_hd__clkbuf_16)
                  0.04    0.14   25.37 ^ clkbuf_3_1__f_clk/X (sky130_fd_sc_hd__clkbuf_16)
     6    0.02                           clknet_3_1__leaf_clk (net)
                  0.04    0.00   25.37 ^ _459_/CLK (sky130_fd_sc_hd__dfrtp_1)
                         -0.25   25.12   clock uncertainty
                          0.00   25.12   clock reconvergence pessimism
                          0.15   25.27   library recovery time
                                 25.27   data required time
-----------------------------------------------------------------------------
                                 25.27   data required time
                                 -5.41   data arrival time
-----------------------------------------------------------------------------
                                 19.86   slack (MET)


Startpoint: rst_n (input port clocked by clk)
Endpoint: _462_ (recovery check against rising-edge clock clk)
Path Group: asynchronous
Path Type: max

Fanout     Cap    Slew   Delay    Time   Description
-----------------------------------------------------------------------------
                          0.00    0.00   clock clk (rise edge)
                          0.00    0.00   clock network delay (propagated)
                          5.00    5.00 ^ input external delay
                  0.05    0.04    5.04 ^ rst_n (in)
     1    0.01                           rst_n (net)
                  0.05    0.00    5.04 ^ input17/A (sky130_fd_sc_hd__buf_12)
                  0.36    0.34    5.37 ^ input17/X (sky130_fd_sc_hd__buf_12)
    65    0.32                           net17 (net)
                  0.37    0.03    5.41 ^ _462_/RESET_B (sky130_fd_sc_hd__dfrtp_1)
                                  5.41   data arrival time

                         25.00   25.00   clock clk (rise edge)
                          0.00   25.00   clock source latency
                  0.08    0.05   25.05 ^ clk (in)
     1    0.02                           clk (net)
                  0.08    0.00   25.05 ^ clkbuf_0_clk/A (sky130_fd_sc_hd__clkbuf_16)
                  0.10    0.18   25.23 ^ clkbuf_0_clk/X (sky130_fd_sc_hd__clkbuf_16)
     8    0.08                           clknet_0_clk (net)
                  0.10    0.00   25.23 ^ clkbuf_3_5__f_clk/A (sky130_fd_sc_hd__clkbuf_16)
                  0.04    0.14   25.37 ^ clkbuf_3_5__f_clk/X (sky130_fd_sc_hd__clkbuf_16)
     7    0.02                           clknet_3_5__leaf_clk (net)
                  0.04    0.00   25.37 ^ _462_/CLK (sky130_fd_sc_hd__dfrtp_1)
                         -0.25   25.12   clock uncertainty
                          0.00   25.12   clock reconvergence pessimism
                          0.15   25.27   library recovery time
                                 25.27   data required time
-----------------------------------------------------------------------------
                                 25.27   data required time
                                 -5.41   data arrival time
-----------------------------------------------------------------------------
                                 19.86   slack (MET)


Startpoint: rst_n (input port clocked by clk)
Endpoint: _471_ (recovery check against rising-edge clock clk)
Path Group: asynchronous
Path Type: max

Fanout     Cap    Slew   Delay    Time   Description
-----------------------------------------------------------------------------
                          0.00    0.00   clock clk (rise edge)
                          0.00    0.00   clock network delay (propagated)
                          5.00    5.00 ^ input external delay
                  0.05    0.04    5.04 ^ rst_n (in)
     1    0.01                           rst_n (net)
                  0.05    0.00    5.04 ^ input17/A (sky130_fd_sc_hd__buf_12)
                  0.36    0.34    5.37 ^ input17/X (sky130_fd_sc_hd__buf_12)
    65    0.32                           net17 (net)
                  0.37    0.03    5.41 ^ _471_/RESET_B (sky130_fd_sc_hd__dfrtp_1)
                                  5.41   data arrival time

                         25.00   25.00   clock clk (rise edge)
                          0.00   25.00   clock source latency
                  0.08    0.05   25.05 ^ clk (in)
     1    0.02                           clk (net)
                  0.08    0.00   25.05 ^ clkbuf_0_clk/A (sky130_fd_sc_hd__clkbuf_16)
                  0.10    0.18   25.23 ^ clkbuf_0_clk/X (sky130_fd_sc_hd__clkbuf_16)
     8    0.08                           clknet_0_clk (net)
                  0.10    0.00   25.23 ^ clkbuf_3_5__f_clk/A (sky130_fd_sc_hd__clkbuf_16)
                  0.04    0.14   25.37 ^ clkbuf_3_5__f_clk/X (sky130_fd_sc_hd__clkbuf_16)
     7    0.02                           clknet_3_5__leaf_clk (net)
                  0.04    0.00   25.37 ^ _471_/CLK (sky130_fd_sc_hd__dfrtp_1)
                         -0.25   25.12   clock uncertainty
                          0.00   25.12   clock reconvergence pessimism
                          0.15   25.27   library recovery time
                                 25.27   data required time
-----------------------------------------------------------------------------
                                 25.27   data required time
                                 -5.41   data arrival time
-----------------------------------------------------------------------------
                                 19.86   slack (MET)


Startpoint: rst_n (input port clocked by clk)
Endpoint: _431_ (recovery check against rising-edge clock clk)
Path Group: asynchronous
Path Type: max

Fanout     Cap    Slew   Delay    Time   Description
-----------------------------------------------------------------------------
                          0.00    0.00   clock clk (rise edge)
                          0.00    0.00   clock network delay (propagated)
                          5.00    5.00 ^ input external delay
                  0.05    0.04    5.04 ^ rst_n (in)
     1    0.01                           rst_n (net)
                  0.05    0.00    5.04 ^ input17/A (sky130_fd_sc_hd__buf_12)
                  0.36    0.34    5.37 ^ input17/X (sky130_fd_sc_hd__buf_12)
    65    0.32                           net17 (net)
                  0.37    0.03    5.41 ^ _431_/RESET_B (sky130_fd_sc_hd__dfrtp_1)
                                  5.41   data arrival time

                         25.00   25.00   clock clk (rise edge)
                          0.00   25.00   clock source latency
                  0.08    0.05   25.05 ^ clk (in)
     1    0.02                           clk (net)
                  0.08    0.00   25.05 ^ clkbuf_0_clk/A (sky130_fd_sc_hd__clkbuf_16)
                  0.10    0.18   25.23 ^ clkbuf_0_clk/X (sky130_fd_sc_hd__clkbuf_16)
     8    0.08                           clknet_0_clk (net)
                  0.10    0.00   25.23 ^ clkbuf_3_5__f_clk/A (sky130_fd_sc_hd__clkbuf_16)
                  0.04    0.14   25.37 ^ clkbuf_3_5__f_clk/X (sky130_fd_sc_hd__clkbuf_16)
     7    0.02                           clknet_3_5__leaf_clk (net)
                  0.04    0.00   25.37 ^ _431_/CLK (sky130_fd_sc_hd__dfrtp_1)
                         -0.25   25.12   clock uncertainty
                          0.00   25.12   clock reconvergence pessimism
                          0.15   25.27   library recovery time
                                 25.27   data required time
-----------------------------------------------------------------------------
                                 25.27   data required time
                                 -5.41   data arrival time
-----------------------------------------------------------------------------
                                 19.86   slack (MET)


Startpoint: rst_n (input port clocked by clk)
Endpoint: _429_ (recovery check against rising-edge clock clk)
Path Group: asynchronous
Path Type: max

Fanout     Cap    Slew   Delay    Time   Description
-----------------------------------------------------------------------------
                          0.00    0.00   clock clk (rise edge)
                          0.00    0.00   clock network delay (propagated)
                          5.00    5.00 ^ input external delay
                  0.05    0.04    5.04 ^ rst_n (in)
     1    0.01                           rst_n (net)
                  0.05    0.00    5.04 ^ input17/A (sky130_fd_sc_hd__buf_12)
                  0.36    0.34    5.37 ^ input17/X (sky130_fd_sc_hd__buf_12)
    65    0.32                           net17 (net)
                  0.37    0.03    5.41 ^ _429_/RESET_B (sky130_fd_sc_hd__dfrtp_1)
                                  5.41   data arrival time

                         25.00   25.00   clock clk (rise edge)
                          0.00   25.00   clock source latency
                  0.08    0.05   25.05 ^ clk (in)
     1    0.02                           clk (net)
                  0.08    0.00   25.05 ^ clkbuf_0_clk/A (sky130_fd_sc_hd__clkbuf_16)
                  0.10    0.18   25.23 ^ clkbuf_0_clk/X (sky130_fd_sc_hd__clkbuf_16)
     8    0.08                           clknet_0_clk (net)
                  0.10    0.00   25.23 ^ clkbuf_3_5__f_clk/A (sky130_fd_sc_hd__clkbuf_16)
                  0.04    0.14   25.37 ^ clkbuf_3_5__f_clk/X (sky130_fd_sc_hd__clkbuf_16)
     7    0.02                           clknet_3_5__leaf_clk (net)
                  0.04    0.00   25.37 ^ _429_/CLK (sky130_fd_sc_hd__dfrtp_1)
                         -0.25   25.12   clock uncertainty
                          0.00   25.12   clock reconvergence pessimism
                          0.15   25.27   library recovery time
                                 25.27   data required time
-----------------------------------------------------------------------------
                                 25.27   data required time
                                 -5.41   data arrival time
-----------------------------------------------------------------------------
                                 19.86   slack (MET)


Startpoint: rst_n (input port clocked by clk)
Endpoint: _430_ (recovery check against rising-edge clock clk)
Path Group: asynchronous
Path Type: max

Fanout     Cap    Slew   Delay    Time   Description
-----------------------------------------------------------------------------
                          0.00    0.00   clock clk (rise edge)
                          0.00    0.00   clock network delay (propagated)
                          5.00    5.00 ^ input external delay
                  0.05    0.04    5.04 ^ rst_n (in)
     1    0.01                           rst_n (net)
                  0.05    0.00    5.04 ^ input17/A (sky130_fd_sc_hd__buf_12)
                  0.36    0.34    5.37 ^ input17/X (sky130_fd_sc_hd__buf_12)
    65    0.32                           net17 (net)
                  0.37    0.03    5.41 ^ _430_/RESET_B (sky130_fd_sc_hd__dfrtp_1)
                                  5.41   data arrival time

                         25.00   25.00   clock clk (rise edge)
                          0.00   25.00   clock source latency
                  0.08    0.05   25.05 ^ clk (in)
     1    0.02                           clk (net)
                  0.08    0.00   25.05 ^ clkbuf_0_clk/A (sky130_fd_sc_hd__clkbuf_16)
                  0.10    0.18   25.23 ^ clkbuf_0_clk/X (sky130_fd_sc_hd__clkbuf_16)
     8    0.08                           clknet_0_clk (net)
                  0.10    0.00   25.23 ^ clkbuf_3_5__f_clk/A (sky130_fd_sc_hd__clkbuf_16)
                  0.04    0.14   25.37 ^ clkbuf_3_5__f_clk/X (sky130_fd_sc_hd__clkbuf_16)
     7    0.02                           clknet_3_5__leaf_clk (net)
                  0.04    0.00   25.37 ^ _430_/CLK (sky130_fd_sc_hd__dfrtp_1)
                         -0.25   25.12   clock uncertainty
                          0.00   25.12   clock reconvergence pessimism
                          0.15   25.27   library recovery time
                                 25.27   data required time
-----------------------------------------------------------------------------
                                 25.27   data required time
                                 -5.41   data arrival time
-----------------------------------------------------------------------------
                                 19.86   slack (MET)


Startpoint: rst_n (input port clocked by clk)
Endpoint: _438_ (recovery check against rising-edge clock clk)
Path Group: asynchronous
Path Type: max

Fanout     Cap    Slew   Delay    Time   Description
-----------------------------------------------------------------------------
                          0.00    0.00   clock clk (rise edge)
                          0.00    0.00   clock network delay (propagated)
                          5.00    5.00 ^ input external delay
                  0.05    0.04    5.04 ^ rst_n (in)
     1    0.01                           rst_n (net)
                  0.05    0.00    5.04 ^ input17/A (sky130_fd_sc_hd__buf_12)
                  0.36    0.34    5.37 ^ input17/X (sky130_fd_sc_hd__buf_12)
    65    0.32                           net17 (net)
                  0.37    0.03    5.41 ^ _438_/RESET_B (sky130_fd_sc_hd__dfrtp_1)
                                  5.41   data arrival time

                         25.00   25.00   clock clk (rise edge)
                          0.00   25.00   clock source latency
                  0.08    0.05   25.05 ^ clk (in)
     1    0.02                           clk (net)
                  0.08    0.00   25.05 ^ clkbuf_0_clk/A (sky130_fd_sc_hd__clkbuf_16)
                  0.10    0.18   25.23 ^ clkbuf_0_clk/X (sky130_fd_sc_hd__clkbuf_16)
     8    0.08                           clknet_0_clk (net)
                  0.10    0.00   25.23 ^ clkbuf_3_5__f_clk/A (sky130_fd_sc_hd__clkbuf_16)
                  0.04    0.14   25.37 ^ clkbuf_3_5__f_clk/X (sky130_fd_sc_hd__clkbuf_16)
     7    0.02                           clknet_3_5__leaf_clk (net)
                  0.04    0.00   25.37 ^ _438_/CLK (sky130_fd_sc_hd__dfrtp_1)
                         -0.25   25.12   clock uncertainty
                          0.00   25.12   clock reconvergence pessimism
                          0.15   25.27   library recovery time
                                 25.27   data required time
-----------------------------------------------------------------------------
                                 25.27   data required time
                                 -5.41   data arrival time
-----------------------------------------------------------------------------
                                 19.86   slack (MET)


Startpoint: rst_n (input port clocked by clk)
Endpoint: _444_ (recovery check against rising-edge clock clk)
Path Group: asynchronous
Path Type: max

Fanout     Cap    Slew   Delay    Time   Description
-----------------------------------------------------------------------------
                          0.00    0.00   clock clk (rise edge)
                          0.00    0.00   clock network delay (propagated)
                          5.00    5.00 ^ input external delay
                  0.05    0.04    5.04 ^ rst_n (in)
     1    0.01                           rst_n (net)
                  0.05    0.00    5.04 ^ input17/A (sky130_fd_sc_hd__buf_12)
                  0.36    0.34    5.37 ^ input17/X (sky130_fd_sc_hd__buf_12)
    65    0.32                           net17 (net)
                  0.37    0.03    5.40 ^ _444_/RESET_B (sky130_fd_sc_hd__dfrtp_1)
                                  5.40   data arrival time

                         25.00   25.00   clock clk (rise edge)
                          0.00   25.00   clock source latency
                  0.08    0.05   25.05 ^ clk (in)
     1    0.02                           clk (net)
                  0.08    0.00   25.05 ^ clkbuf_0_clk/A (sky130_fd_sc_hd__clkbuf_16)
                  0.10    0.18   25.23 ^ clkbuf_0_clk/X (sky130_fd_sc_hd__clkbuf_16)
     8    0.08                           clknet_0_clk (net)
                  0.10    0.00   25.23 ^ clkbuf_3_1__f_clk/A (sky130_fd_sc_hd__clkbuf_16)
                  0.04    0.14   25.37 ^ clkbuf_3_1__f_clk/X (sky130_fd_sc_hd__clkbuf_16)
     6    0.02                           clknet_3_1__leaf_clk (net)
                  0.04    0.00   25.37 ^ _444_/CLK (sky130_fd_sc_hd__dfrtp_1)
                         -0.25   25.12   clock uncertainty
                          0.00   25.12   clock reconvergence pessimism
                          0.15   25.27   library recovery time
                                 25.27   data required time
-----------------------------------------------------------------------------
                                 25.27   data required time
                                 -5.40   data arrival time
-----------------------------------------------------------------------------
                                 19.86   slack (MET)


Startpoint: rst_n (input port clocked by clk)
Endpoint: _445_ (recovery check against rising-edge clock clk)
Path Group: asynchronous
Path Type: max

Fanout     Cap    Slew   Delay    Time   Description
-----------------------------------------------------------------------------
                          0.00    0.00   clock clk (rise edge)
                          0.00    0.00   clock network delay (propagated)
                          5.00    5.00 ^ input external delay
                  0.05    0.04    5.04 ^ rst_n (in)
     1    0.01                           rst_n (net)
                  0.05    0.00    5.04 ^ input17/A (sky130_fd_sc_hd__buf_12)
                  0.36    0.34    5.37 ^ input17/X (sky130_fd_sc_hd__buf_12)
    65    0.32                           net17 (net)
                  0.37    0.03    5.40 ^ _445_/RESET_B (sky130_fd_sc_hd__dfrtp_1)
                                  5.40   data arrival time

                         25.00   25.00   clock clk (rise edge)
                          0.00   25.00   clock source latency
                  0.08    0.05   25.05 ^ clk (in)
     1    0.02                           clk (net)
                  0.08    0.00   25.05 ^ clkbuf_0_clk/A (sky130_fd_sc_hd__clkbuf_16)
                  0.10    0.18   25.23 ^ clkbuf_0_clk/X (sky130_fd_sc_hd__clkbuf_16)
     8    0.08                           clknet_0_clk (net)
                  0.10    0.00   25.23 ^ clkbuf_3_1__f_clk/A (sky130_fd_sc_hd__clkbuf_16)
                  0.04    0.14   25.37 ^ clkbuf_3_1__f_clk/X (sky130_fd_sc_hd__clkbuf_16)
     6    0.02                           clknet_3_1__leaf_clk (net)
                  0.04    0.00   25.37 ^ _445_/CLK (sky130_fd_sc_hd__dfrtp_1)
                         -0.25   25.12   clock uncertainty
                          0.00   25.12   clock reconvergence pessimism
                          0.15   25.27   library recovery time
                                 25.27   data required time
-----------------------------------------------------------------------------
                                 25.27   data required time
                                 -5.40   data arrival time
-----------------------------------------------------------------------------
                                 19.86   slack (MET)


Startpoint: rst_n (input port clocked by clk)
Endpoint: _435_ (recovery check against rising-edge clock clk)
Path Group: asynchronous
Path Type: max

Fanout     Cap    Slew   Delay    Time   Description
-----------------------------------------------------------------------------
                          0.00    0.00   clock clk (rise edge)
                          0.00    0.00   clock network delay (propagated)
                          5.00    5.00 ^ input external delay
                  0.05    0.04    5.04 ^ rst_n (in)
     1    0.01                           rst_n (net)
                  0.05    0.00    5.04 ^ input17/A (sky130_fd_sc_hd__buf_12)
                  0.36    0.34    5.37 ^ input17/X (sky130_fd_sc_hd__buf_12)
    65    0.32                           net17 (net)
                  0.37    0.03    5.40 ^ _435_/RESET_B (sky130_fd_sc_hd__dfrtp_1)
                                  5.40   data arrival time

                         25.00   25.00   clock clk (rise edge)
                          0.00   25.00   clock source latency
                  0.08    0.05   25.05 ^ clk (in)
     1    0.02                           clk (net)
                  0.08    0.00   25.05 ^ clkbuf_0_clk/A (sky130_fd_sc_hd__clkbuf_16)
                  0.10    0.18   25.23 ^ clkbuf_0_clk/X (sky130_fd_sc_hd__clkbuf_16)
     8    0.08                           clknet_0_clk (net)
                  0.10    0.00   25.23 ^ clkbuf_3_1__f_clk/A (sky130_fd_sc_hd__clkbuf_16)
                  0.04    0.14   25.37 ^ clkbuf_3_1__f_clk/X (sky130_fd_sc_hd__clkbuf_16)
     6    0.02                           clknet_3_1__leaf_clk (net)
                  0.04    0.00   25.37 ^ _435_/CLK (sky130_fd_sc_hd__dfrtp_1)
                         -0.25   25.12   clock uncertainty
                          0.00   25.12   clock reconvergence pessimism
                          0.15   25.27   library recovery time
                                 25.27   data required time
-----------------------------------------------------------------------------
                                 25.27   data required time
                                 -5.40   data arrival time
-----------------------------------------------------------------------------
                                 19.86   slack (MET)


Startpoint: rst_n (input port clocked by clk)
Endpoint: _475_ (recovery check against rising-edge clock clk)
Path Group: asynchronous
Path Type: max

Fanout     Cap    Slew   Delay    Time   Description
-----------------------------------------------------------------------------
                          0.00    0.00   clock clk (rise edge)
                          0.00    0.00   clock network delay (propagated)
                          5.00    5.00 ^ input external delay
                  0.05    0.04    5.04 ^ rst_n (in)
     1    0.01                           rst_n (net)
                  0.05    0.00    5.04 ^ input17/A (sky130_fd_sc_hd__buf_12)
                  0.36    0.34    5.37 ^ input17/X (sky130_fd_sc_hd__buf_12)
    65    0.32                           net17 (net)
                  0.36    0.01    5.38 ^ _475_/RESET_B (sky130_fd_sc_hd__dfrtp_4)
                                  5.38   data arrival time

                         25.00   25.00   clock clk (rise edge)
                          0.00   25.00   clock source latency
                  0.08    0.05   25.05 ^ clk (in)
     1    0.02                           clk (net)
                  0.08    0.00   25.05 ^ clkbuf_0_clk/A (sky130_fd_sc_hd__clkbuf_16)
                  0.10    0.18   25.23 ^ clkbuf_0_clk/X (sky130_fd_sc_hd__clkbuf_16)
     8    0.08                           clknet_0_clk (net)
                  0.10    0.00   25.23 ^ clkbuf_3_7__f_clk/A (sky130_fd_sc_hd__clkbuf_16)
                  0.05    0.15   25.38 ^ clkbuf_3_7__f_clk/X (sky130_fd_sc_hd__clkbuf_16)
    11    0.03                           clknet_3_7__leaf_clk (net)
                  0.05    0.00   25.38 ^ _475_/CLK (sky130_fd_sc_hd__dfrtp_4)
                         -0.25   25.13   clock uncertainty
                          0.00   25.13   clock reconvergence pessimism
                          0.12   25.25   library recovery time
                                 25.25   data required time
-----------------------------------------------------------------------------
                                 25.25   data required time
                                 -5.38   data arrival time
-----------------------------------------------------------------------------
                                 19.87   slack (MET)


Startpoint: rst_n (input port clocked by clk)
Endpoint: _473_ (recovery check against rising-edge clock clk)
Path Group: asynchronous
Path Type: max

Fanout     Cap    Slew   Delay    Time   Description
-----------------------------------------------------------------------------
                          0.00    0.00   clock clk (rise edge)
                          0.00    0.00   clock network delay (propagated)
                          5.00    5.00 ^ input external delay
                  0.05    0.04    5.04 ^ rst_n (in)
     1    0.01                           rst_n (net)
                  0.05    0.00    5.04 ^ input17/A (sky130_fd_sc_hd__buf_12)
                  0.36    0.34    5.37 ^ input17/X (sky130_fd_sc_hd__buf_12)
    65    0.32                           net17 (net)
                  0.37    0.03    5.41 ^ _473_/RESET_B (sky130_fd_sc_hd__dfrtp_1)
                                  5.41   data arrival time

                         25.00   25.00   clock clk (rise edge)
                          0.00   25.00   clock source latency
                  0.08    0.05   25.05 ^ clk (in)
     1    0.02                           clk (net)
                  0.08    0.00   25.05 ^ clkbuf_0_clk/A (sky130_fd_sc_hd__clkbuf_16)
                  0.10    0.18   25.23 ^ clkbuf_0_clk/X (sky130_fd_sc_hd__clkbuf_16)
     8    0.08                           clknet_0_clk (net)
                  0.10    0.00   25.23 ^ clkbuf_3_3__f_clk/A (sky130_fd_sc_hd__clkbuf_16)
                  0.05    0.14   25.38 ^ clkbuf_3_3__f_clk/X (sky130_fd_sc_hd__clkbuf_16)
     8    0.02                           clknet_3_3__leaf_clk (net)
                  0.05    0.00   25.38 ^ _473_/CLK (sky130_fd_sc_hd__dfrtp_1)
                         -0.25   25.13   clock uncertainty
                          0.00   25.13   clock reconvergence pessimism
                          0.15   25.27   library recovery time
                                 25.27   data required time
-----------------------------------------------------------------------------
                                 25.27   data required time
                                 -5.41   data arrival time
-----------------------------------------------------------------------------
                                 19.87   slack (MET)


Startpoint: rst_n (input port clocked by clk)
Endpoint: _482_ (recovery check against rising-edge clock clk)
Path Group: asynchronous
Path Type: max

Fanout     Cap    Slew   Delay    Time   Description
-----------------------------------------------------------------------------
                          0.00    0.00   clock clk (rise edge)
                          0.00    0.00   clock network delay (propagated)
                          5.00    5.00 ^ input external delay
                  0.05    0.04    5.04 ^ rst_n (in)
     1    0.01                           rst_n (net)
                  0.05    0.00    5.04 ^ input17/A (sky130_fd_sc_hd__buf_12)
                  0.36    0.34    5.37 ^ input17/X (sky130_fd_sc_hd__buf_12)
    65    0.32                           net17 (net)
                  0.37    0.03    5.41 ^ _482_/RESET_B (sky130_fd_sc_hd__dfrtp_1)
                                  5.41   data arrival time

                         25.00   25.00   clock clk (rise edge)
                          0.00   25.00   clock source latency
                  0.08    0.05   25.05 ^ clk (in)
     1    0.02                           clk (net)
                  0.08    0.00   25.05 ^ clkbuf_0_clk/A (sky130_fd_sc_hd__clkbuf_16)
                  0.10    0.18   25.23 ^ clkbuf_0_clk/X (sky130_fd_sc_hd__clkbuf_16)
     8    0.08                           clknet_0_clk (net)
                  0.10    0.00   25.23 ^ clkbuf_3_3__f_clk/A (sky130_fd_sc_hd__clkbuf_16)
                  0.05    0.14   25.38 ^ clkbuf_3_3__f_clk/X (sky130_fd_sc_hd__clkbuf_16)
     8    0.02                           clknet_3_3__leaf_clk (net)
                  0.05    0.00   25.38 ^ _482_/CLK (sky130_fd_sc_hd__dfrtp_1)
                         -0.25   25.13   clock uncertainty
                          0.00   25.13   clock reconvergence pessimism
                          0.15   25.27   library recovery time
                                 25.27   data required time
-----------------------------------------------------------------------------
                                 25.27   data required time
                                 -5.41   data arrival time
-----------------------------------------------------------------------------
                                 19.87   slack (MET)


Startpoint: rst_n (input port clocked by clk)
Endpoint: _480_ (recovery check against rising-edge clock clk)
Path Group: asynchronous
Path Type: max

Fanout     Cap    Slew   Delay    Time   Description
-----------------------------------------------------------------------------
                          0.00    0.00   clock clk (rise edge)
                          0.00    0.00   clock network delay (propagated)
                          5.00    5.00 ^ input external delay
                  0.05    0.04    5.04 ^ rst_n (in)
     1    0.01                           rst_n (net)
                  0.05    0.00    5.04 ^ input17/A (sky130_fd_sc_hd__buf_12)
                  0.36    0.34    5.37 ^ input17/X (sky130_fd_sc_hd__buf_12)
    65    0.32                           net17 (net)
                  0.37    0.03    5.41 ^ _480_/RESET_B (sky130_fd_sc_hd__dfrtp_1)
                                  5.41   data arrival time

                         25.00   25.00   clock clk (rise edge)
                          0.00   25.00   clock source latency
                  0.08    0.05   25.05 ^ clk (in)
     1    0.02                           clk (net)
                  0.08    0.00   25.05 ^ clkbuf_0_clk/A (sky130_fd_sc_hd__clkbuf_16)
                  0.10    0.18   25.23 ^ clkbuf_0_clk/X (sky130_fd_sc_hd__clkbuf_16)
     8    0.08                           clknet_0_clk (net)
                  0.10    0.00   25.23 ^ clkbuf_3_7__f_clk/A (sky130_fd_sc_hd__clkbuf_16)
                  0.05    0.15   25.38 ^ clkbuf_3_7__f_clk/X (sky130_fd_sc_hd__clkbuf_16)
    11    0.03                           clknet_3_7__leaf_clk (net)
                  0.05    0.00   25.38 ^ _480_/CLK (sky130_fd_sc_hd__dfrtp_1)
                         -0.25   25.13   clock uncertainty
                          0.00   25.13   clock reconvergence pessimism
                          0.15   25.28   library recovery time
                                 25.28   data required time
-----------------------------------------------------------------------------
                                 25.28   data required time
                                 -5.41   data arrival time
-----------------------------------------------------------------------------
                                 19.88   slack (MET)


Startpoint: rst_n (input port clocked by clk)
Endpoint: _456_ (recovery check against rising-edge clock clk)
Path Group: asynchronous
Path Type: max

Fanout     Cap    Slew   Delay    Time   Description
-----------------------------------------------------------------------------
                          0.00    0.00   clock clk (rise edge)
                          0.00    0.00   clock network delay (propagated)
                          5.00    5.00 ^ input external delay
                  0.05    0.04    5.04 ^ rst_n (in)
     1    0.01                           rst_n (net)
                  0.05    0.00    5.04 ^ input17/A (sky130_fd_sc_hd__buf_12)
                  0.36    0.34    5.37 ^ input17/X (sky130_fd_sc_hd__buf_12)
    65    0.32                           net17 (net)
                  0.36    0.02    5.40 ^ _456_/RESET_B (sky130_fd_sc_hd__dfrtp_1)
                                  5.40   data arrival time

                         25.00   25.00   clock clk (rise edge)
                          0.00   25.00   clock source latency
                  0.08    0.05   25.05 ^ clk (in)
     1    0.02                           clk (net)
                  0.08    0.00   25.05 ^ clkbuf_0_clk/A (sky130_fd_sc_hd__clkbuf_16)
                  0.10    0.18   25.23 ^ clkbuf_0_clk/X (sky130_fd_sc_hd__clkbuf_16)
     8    0.08                           clknet_0_clk (net)
                  0.10    0.00   25.23 ^ clkbuf_3_2__f_clk/A (sky130_fd_sc_hd__clkbuf_16)
                  0.05    0.14   25.38 ^ clkbuf_3_2__f_clk/X (sky130_fd_sc_hd__clkbuf_16)
     8    0.02                           clknet_3_2__leaf_clk (net)
                  0.05    0.00   25.38 ^ _456_/CLK (sky130_fd_sc_hd__dfrtp_1)
                         -0.25   25.13   clock uncertainty
                          0.00   25.13   clock reconvergence pessimism
                          0.15   25.27   library recovery time
                                 25.27   data required time
-----------------------------------------------------------------------------
                                 25.27   data required time
                                 -5.40   data arrival time
-----------------------------------------------------------------------------
                                 19.88   slack (MET)


Startpoint: rst_n (input port clocked by clk)
Endpoint: _442_ (recovery check against rising-edge clock clk)
Path Group: asynchronous
Path Type: max

Fanout     Cap    Slew   Delay    Time   Description
-----------------------------------------------------------------------------
                          0.00    0.00   clock clk (rise edge)
                          0.00    0.00   clock network delay (propagated)
                          5.00    5.00 ^ input external delay
                  0.05    0.04    5.04 ^ rst_n (in)
     1    0.01                           rst_n (net)
                  0.05    0.00    5.04 ^ input17/A (sky130_fd_sc_hd__buf_12)
                  0.36    0.34    5.37 ^ input17/X (sky130_fd_sc_hd__buf_12)
    65    0.32                           net17 (net)
                  0.37    0.03    5.40 ^ _442_/RESET_B (sky130_fd_sc_hd__dfrtp_1)
                                  5.40   data arrival time

                         25.00   25.00   clock clk (rise edge)
                          0.00   25.00   clock source latency
                  0.08    0.05   25.05 ^ clk (in)
     1    0.02                           clk (net)
                  0.08    0.00   25.05 ^ clkbuf_0_clk/A (sky130_fd_sc_hd__clkbuf_16)
                  0.10    0.18   25.23 ^ clkbuf_0_clk/X (sky130_fd_sc_hd__clkbuf_16)
     8    0.08                           clknet_0_clk (net)
                  0.10    0.00   25.23 ^ clkbuf_3_0__f_clk/A (sky130_fd_sc_hd__clkbuf_16)
                  0.05    0.15   25.38 ^ clkbuf_3_0__f_clk/X (sky130_fd_sc_hd__clkbuf_16)
    11    0.03                           clknet_3_0__leaf_clk (net)
                  0.05    0.00   25.38 ^ _442_/CLK (sky130_fd_sc_hd__dfrtp_1)
                         -0.25   25.13   clock uncertainty
                          0.00   25.13   clock reconvergence pessimism
                          0.15   25.28   library recovery time
                                 25.28   data required time
-----------------------------------------------------------------------------
                                 25.28   data required time
                                 -5.40   data arrival time
-----------------------------------------------------------------------------
                                 19.88   slack (MET)


Startpoint: rst_n (input port clocked by clk)
Endpoint: _455_ (recovery check against rising-edge clock clk)
Path Group: asynchronous
Path Type: max

Fanout     Cap    Slew   Delay    Time   Description
-----------------------------------------------------------------------------
                          0.00    0.00   clock clk (rise edge)
                          0.00    0.00   clock network delay (propagated)
                          5.00    5.00 ^ input external delay
                  0.05    0.04    5.04 ^ rst_n (in)
     1    0.01                           rst_n (net)
                  0.05    0.00    5.04 ^ input17/A (sky130_fd_sc_hd__buf_12)
                  0.36    0.34    5.37 ^ input17/X (sky130_fd_sc_hd__buf_12)
    65    0.32                           net17 (net)
                  0.36    0.02    5.39 ^ _455_/RESET_B (sky130_fd_sc_hd__dfrtp_1)
                                  5.39   data arrival time

                         25.00   25.00   clock clk (rise edge)
                          0.00   25.00   clock source latency
                  0.08    0.05   25.05 ^ clk (in)
     1    0.02                           clk (net)
                  0.08    0.00   25.05 ^ clkbuf_0_clk/A (sky130_fd_sc_hd__clkbuf_16)
                  0.10    0.18   25.23 ^ clkbuf_0_clk/X (sky130_fd_sc_hd__clkbuf_16)
     8    0.08                           clknet_0_clk (net)
                  0.10    0.00   25.23 ^ clkbuf_3_3__f_clk/A (sky130_fd_sc_hd__clkbuf_16)
                  0.05    0.14   25.38 ^ clkbuf_3_3__f_clk/X (sky130_fd_sc_hd__clkbuf_16)
     8    0.02                           clknet_3_3__leaf_clk (net)
                  0.05    0.00   25.38 ^ _455_/CLK (sky130_fd_sc_hd__dfrtp_1)
                         -0.25   25.13   clock uncertainty
                          0.00   25.13   clock reconvergence pessimism
                          0.15   25.27   library recovery time
                                 25.27   data required time
-----------------------------------------------------------------------------
                                 25.27   data required time
                                 -5.39   data arrival time
-----------------------------------------------------------------------------
                                 19.88   slack (MET)


Startpoint: rst_n (input port clocked by clk)
Endpoint: _443_ (recovery check against rising-edge clock clk)
Path Group: asynchronous
Path Type: max

Fanout     Cap    Slew   Delay    Time   Description
-----------------------------------------------------------------------------
                          0.00    0.00   clock clk (rise edge)
                          0.00    0.00   clock network delay (propagated)
                          5.00    5.00 ^ input external delay
                  0.05    0.04    5.04 ^ rst_n (in)
     1    0.01                           rst_n (net)
                  0.05    0.00    5.04 ^ input17/A (sky130_fd_sc_hd__buf_12)
                  0.36    0.34    5.37 ^ input17/X (sky130_fd_sc_hd__buf_12)
    65    0.32                           net17 (net)
                  0.37    0.03    5.40 ^ _443_/RESET_B (sky130_fd_sc_hd__dfrtp_1)
                                  5.40   data arrival time

                         25.00   25.00   clock clk (rise edge)
                          0.00   25.00   clock source latency
                  0.08    0.05   25.05 ^ clk (in)
     1    0.02                           clk (net)
                  0.08    0.00   25.05 ^ clkbuf_0_clk/A (sky130_fd_sc_hd__clkbuf_16)
                  0.10    0.18   25.23 ^ clkbuf_0_clk/X (sky130_fd_sc_hd__clkbuf_16)
     8    0.08                           clknet_0_clk (net)
                  0.10    0.00   25.23 ^ clkbuf_3_0__f_clk/A (sky130_fd_sc_hd__clkbuf_16)
                  0.05    0.15   25.38 ^ clkbuf_3_0__f_clk/X (sky130_fd_sc_hd__clkbuf_16)
    11    0.03                           clknet_3_0__leaf_clk (net)
                  0.05    0.00   25.38 ^ _443_/CLK (sky130_fd_sc_hd__dfrtp_1)
                         -0.25   25.13   clock uncertainty
                          0.00   25.13   clock reconvergence pessimism
                          0.15   25.28   library recovery time
                                 25.28   data required time
-----------------------------------------------------------------------------
                                 25.28   data required time
                                 -5.40   data arrival time
-----------------------------------------------------------------------------
                                 19.88   slack (MET)


Startpoint: rst_n (input port clocked by clk)
Endpoint: _436_ (recovery check against rising-edge clock clk)
Path Group: asynchronous
Path Type: max

Fanout     Cap    Slew   Delay    Time   Description
-----------------------------------------------------------------------------
                          0.00    0.00   clock clk (rise edge)
                          0.00    0.00   clock network delay (propagated)
                          5.00    5.00 ^ input external delay
                  0.05    0.04    5.04 ^ rst_n (in)
     1    0.01                           rst_n (net)
                  0.05    0.00    5.04 ^ input17/A (sky130_fd_sc_hd__buf_12)
                  0.36    0.34    5.37 ^ input17/X (sky130_fd_sc_hd__buf_12)
    65    0.32                           net17 (net)
                  0.37    0.03    5.40 ^ _436_/RESET_B (sky130_fd_sc_hd__dfrtp_1)
                                  5.40   data arrival time

                         25.00   25.00   clock clk (rise edge)
                          0.00   25.00   clock source latency
                  0.08    0.05   25.05 ^ clk (in)
     1    0.02                           clk (net)
                  0.08    0.00   25.05 ^ clkbuf_0_clk/A (sky130_fd_sc_hd__clkbuf_16)
                  0.10    0.18   25.23 ^ clkbuf_0_clk/X (sky130_fd_sc_hd__clkbuf_16)
     8    0.08                           clknet_0_clk (net)
                  0.10    0.00   25.23 ^ clkbuf_3_0__f_clk/A (sky130_fd_sc_hd__clkbuf_16)
                  0.05    0.15   25.38 ^ clkbuf_3_0__f_clk/X (sky130_fd_sc_hd__clkbuf_16)
    11    0.03                           clknet_3_0__leaf_clk (net)
                  0.05    0.00   25.38 ^ _436_/CLK (sky130_fd_sc_hd__dfrtp_1)
                         -0.25   25.13   clock uncertainty
                          0.00   25.13   clock reconvergence pessimism
                          0.15   25.28   library recovery time
                                 25.28   data required time
-----------------------------------------------------------------------------
                                 25.28   data required time
                                 -5.40   data arrival time
-----------------------------------------------------------------------------
                                 19.88   slack (MET)


Startpoint: rst_n (input port clocked by clk)
Endpoint: _437_ (recovery check against rising-edge clock clk)
Path Group: asynchronous
Path Type: max

Fanout     Cap    Slew   Delay    Time   Description
-----------------------------------------------------------------------------
                          0.00    0.00   clock clk (rise edge)
                          0.00    0.00   clock network delay (propagated)
                          5.00    5.00 ^ input external delay
                  0.05    0.04    5.04 ^ rst_n (in)
     1    0.01                           rst_n (net)
                  0.05    0.00    5.04 ^ input17/A (sky130_fd_sc_hd__buf_12)
                  0.36    0.34    5.37 ^ input17/X (sky130_fd_sc_hd__buf_12)
    65    0.32                           net17 (net)
                  0.37    0.03    5.40 ^ _437_/RESET_B (sky130_fd_sc_hd__dfrtp_1)
                                  5.40   data arrival time

                         25.00   25.00   clock clk (rise edge)
                          0.00   25.00   clock source latency
                  0.08    0.05   25.05 ^ clk (in)
     1    0.02                           clk (net)
                  0.08    0.00   25.05 ^ clkbuf_0_clk/A (sky130_fd_sc_hd__clkbuf_16)
                  0.10    0.18   25.23 ^ clkbuf_0_clk/X (sky130_fd_sc_hd__clkbuf_16)
     8    0.08                           clknet_0_clk (net)
                  0.10    0.00   25.23 ^ clkbuf_3_0__f_clk/A (sky130_fd_sc_hd__clkbuf_16)
                  0.05    0.15   25.38 ^ clkbuf_3_0__f_clk/X (sky130_fd_sc_hd__clkbuf_16)
    11    0.03                           clknet_3_0__leaf_clk (net)
                  0.05    0.00   25.38 ^ _437_/CLK (sky130_fd_sc_hd__dfrtp_1)
                         -0.25   25.13   clock uncertainty
                          0.00   25.13   clock reconvergence pessimism
                          0.15   25.28   library recovery time
                                 25.28   data required time
-----------------------------------------------------------------------------
                                 25.28   data required time
                                 -5.40   data arrival time
-----------------------------------------------------------------------------
                                 19.88   slack (MET)


Startpoint: rst_n (input port clocked by clk)
Endpoint: _452_ (recovery check against rising-edge clock clk)
Path Group: asynchronous
Path Type: max

Fanout     Cap    Slew   Delay    Time   Description
-----------------------------------------------------------------------------
                          0.00    0.00   clock clk (rise edge)
                          0.00    0.00   clock network delay (propagated)
                          5.00    5.00 ^ input external delay
                  0.05    0.04    5.04 ^ rst_n (in)
     1    0.01                           rst_n (net)
                  0.05    0.00    5.04 ^ input17/A (sky130_fd_sc_hd__buf_12)
                  0.36    0.34    5.37 ^ input17/X (sky130_fd_sc_hd__buf_12)
    65    0.32                           net17 (net)
                  0.37    0.03    5.40 ^ _452_/RESET_B (sky130_fd_sc_hd__dfrtp_1)
                                  5.40   data arrival time

                         25.00   25.00   clock clk (rise edge)
                          0.00   25.00   clock source latency
                  0.08    0.05   25.05 ^ clk (in)
     1    0.02                           clk (net)
                  0.08    0.00   25.05 ^ clkbuf_0_clk/A (sky130_fd_sc_hd__clkbuf_16)
                  0.10    0.18   25.23 ^ clkbuf_0_clk/X (sky130_fd_sc_hd__clkbuf_16)
     8    0.08                           clknet_0_clk (net)
                  0.10    0.00   25.23 ^ clkbuf_3_0__f_clk/A (sky130_fd_sc_hd__clkbuf_16)
                  0.05    0.15   25.38 ^ clkbuf_3_0__f_clk/X (sky130_fd_sc_hd__clkbuf_16)
    11    0.03                           clknet_3_0__leaf_clk (net)
                  0.05    0.00   25.38 ^ _452_/CLK (sky130_fd_sc_hd__dfrtp_1)
                         -0.25   25.13   clock uncertainty
                          0.00   25.13   clock reconvergence pessimism
                          0.15   25.28   library recovery time
                                 25.28   data required time
-----------------------------------------------------------------------------
                                 25.28   data required time
                                 -5.40   data arrival time
-----------------------------------------------------------------------------
                                 19.88   slack (MET)


Startpoint: rst_n (input port clocked by clk)
Endpoint: _451_ (recovery check against rising-edge clock clk)
Path Group: asynchronous
Path Type: max

Fanout     Cap    Slew   Delay    Time   Description
-----------------------------------------------------------------------------
                          0.00    0.00   clock clk (rise edge)
                          0.00    0.00   clock network delay (propagated)
                          5.00    5.00 ^ input external delay
                  0.05    0.04    5.04 ^ rst_n (in)
     1    0.01                           rst_n (net)
                  0.05    0.00    5.04 ^ input17/A (sky130_fd_sc_hd__buf_12)
                  0.36    0.34    5.37 ^ input17/X (sky130_fd_sc_hd__buf_12)
    65    0.32                           net17 (net)
                  0.37    0.03    5.40 ^ _451_/RESET_B (sky130_fd_sc_hd__dfrtp_1)
                                  5.40   data arrival time

                         25.00   25.00   clock clk (rise edge)
                          0.00   25.00   clock source latency
                  0.08    0.05   25.05 ^ clk (in)
     1    0.02                           clk (net)
                  0.08    0.00   25.05 ^ clkbuf_0_clk/A (sky130_fd_sc_hd__clkbuf_16)
                  0.10    0.18   25.23 ^ clkbuf_0_clk/X (sky130_fd_sc_hd__clkbuf_16)
     8    0.08                           clknet_0_clk (net)
                  0.10    0.00   25.23 ^ clkbuf_3_0__f_clk/A (sky130_fd_sc_hd__clkbuf_16)
                  0.05    0.15   25.38 ^ clkbuf_3_0__f_clk/X (sky130_fd_sc_hd__clkbuf_16)
    11    0.03                           clknet_3_0__leaf_clk (net)
                  0.05    0.00   25.38 ^ _451_/CLK (sky130_fd_sc_hd__dfrtp_1)
                         -0.25   25.13   clock uncertainty
                          0.00   25.13   clock reconvergence pessimism
                          0.15   25.28   library recovery time
                                 25.28   data required time
-----------------------------------------------------------------------------
                                 25.28   data required time
                                 -5.40   data arrival time
-----------------------------------------------------------------------------
                                 19.88   slack (MET)


Startpoint: rst_n (input port clocked by clk)
Endpoint: _450_ (recovery check against rising-edge clock clk)
Path Group: asynchronous
Path Type: max

Fanout     Cap    Slew   Delay    Time   Description
-----------------------------------------------------------------------------
                          0.00    0.00   clock clk (rise edge)
                          0.00    0.00   clock network delay (propagated)
                          5.00    5.00 ^ input external delay
                  0.05    0.04    5.04 ^ rst_n (in)
     1    0.01                           rst_n (net)
                  0.05    0.00    5.04 ^ input17/A (sky130_fd_sc_hd__buf_12)
                  0.36    0.34    5.37 ^ input17/X (sky130_fd_sc_hd__buf_12)
    65    0.32                           net17 (net)
                  0.37    0.03    5.40 ^ _450_/RESET_B (sky130_fd_sc_hd__dfrtp_1)
                                  5.40   data arrival time

                         25.00   25.00   clock clk (rise edge)
                          0.00   25.00   clock source latency
                  0.08    0.05   25.05 ^ clk (in)
     1    0.02                           clk (net)
                  0.08    0.00   25.05 ^ clkbuf_0_clk/A (sky130_fd_sc_hd__clkbuf_16)
                  0.10    0.18   25.23 ^ clkbuf_0_clk/X (sky130_fd_sc_hd__clkbuf_16)
     8    0.08                           clknet_0_clk (net)
                  0.10    0.00   25.23 ^ clkbuf_3_0__f_clk/A (sky130_fd_sc_hd__clkbuf_16)
                  0.05    0.15   25.38 ^ clkbuf_3_0__f_clk/X (sky130_fd_sc_hd__clkbuf_16)
    11    0.03                           clknet_3_0__leaf_clk (net)
                  0.05    0.00   25.38 ^ _450_/CLK (sky130_fd_sc_hd__dfrtp_1)
                         -0.25   25.13   clock uncertainty
                          0.00   25.13   clock reconvergence pessimism
                          0.15   25.28   library recovery time
                                 25.28   data required time
-----------------------------------------------------------------------------
                                 25.28   data required time
                                 -5.40   data arrival time
-----------------------------------------------------------------------------
                                 19.88   slack (MET)


Startpoint: rst_n (input port clocked by clk)
Endpoint: _441_ (recovery check against rising-edge clock clk)
Path Group: asynchronous
Path Type: max

Fanout     Cap    Slew   Delay    Time   Description
-----------------------------------------------------------------------------
                          0.00    0.00   clock clk (rise edge)
                          0.00    0.00   clock network delay (propagated)
                          5.00    5.00 ^ input external delay
                  0.05    0.04    5.04 ^ rst_n (in)
     1    0.01                           rst_n (net)
                  0.05    0.00    5.04 ^ input17/A (sky130_fd_sc_hd__buf_12)
                  0.36    0.34    5.37 ^ input17/X (sky130_fd_sc_hd__buf_12)
    65    0.32                           net17 (net)
                  0.37    0.03    5.40 ^ _441_/RESET_B (sky130_fd_sc_hd__dfrtp_1)
                                  5.40   data arrival time

                         25.00   25.00   clock clk (rise edge)
                          0.00   25.00   clock source latency
                  0.08    0.05   25.05 ^ clk (in)
     1    0.02                           clk (net)
                  0.08    0.00   25.05 ^ clkbuf_0_clk/A (sky130_fd_sc_hd__clkbuf_16)
                  0.10    0.18   25.23 ^ clkbuf_0_clk/X (sky130_fd_sc_hd__clkbuf_16)
     8    0.08                           clknet_0_clk (net)
                  0.10    0.00   25.23 ^ clkbuf_3_0__f_clk/A (sky130_fd_sc_hd__clkbuf_16)
                  0.05    0.15   25.38 ^ clkbuf_3_0__f_clk/X (sky130_fd_sc_hd__clkbuf_16)
    11    0.03                           clknet_3_0__leaf_clk (net)
                  0.05    0.00   25.38 ^ _441_/CLK (sky130_fd_sc_hd__dfrtp_1)
                         -0.25   25.13   clock uncertainty
                          0.00   25.13   clock reconvergence pessimism
                          0.15   25.28   library recovery time
                                 25.28   data required time
-----------------------------------------------------------------------------
                                 25.28   data required time
                                 -5.40   data arrival time
-----------------------------------------------------------------------------
                                 19.88   slack (MET)


Startpoint: rst_n (input port clocked by clk)
Endpoint: _458_ (recovery check against rising-edge clock clk)
Path Group: asynchronous
Path Type: max

Fanout     Cap    Slew   Delay    Time   Description
-----------------------------------------------------------------------------
                          0.00    0.00   clock clk (rise edge)
                          0.00    0.00   clock network delay (propagated)
                          5.00    5.00 ^ input external delay
                  0.05    0.04    5.04 ^ rst_n (in)
     1    0.01                           rst_n (net)
                  0.05    0.00    5.04 ^ input17/A (sky130_fd_sc_hd__buf_12)
                  0.36    0.34    5.37 ^ input17/X (sky130_fd_sc_hd__buf_12)
    65    0.32                           net17 (net)
                  0.37    0.03    5.40 ^ _458_/RESET_B (sky130_fd_sc_hd__dfrtp_1)
                                  5.40   data arrival time

                         25.00   25.00   clock clk (rise edge)
                          0.00   25.00   clock source latency
                  0.08    0.05   25.05 ^ clk (in)
     1    0.02                           clk (net)
                  0.08    0.00   25.05 ^ clkbuf_0_clk/A (sky130_fd_sc_hd__clkbuf_16)
                  0.10    0.18   25.23 ^ clkbuf_0_clk/X (sky130_fd_sc_hd__clkbuf_16)
     8    0.08                           clknet_0_clk (net)
                  0.10    0.00   25.23 ^ clkbuf_3_0__f_clk/A (sky130_fd_sc_hd__clkbuf_16)
                  0.05    0.15   25.38 ^ clkbuf_3_0__f_clk/X (sky130_fd_sc_hd__clkbuf_16)
    11    0.03                           clknet_3_0__leaf_clk (net)
                  0.05    0.00   25.38 ^ _458_/CLK (sky130_fd_sc_hd__dfrtp_1)
                         -0.25   25.13   clock uncertainty
                          0.00   25.13   clock reconvergence pessimism
                          0.15   25.28   library recovery time
                                 25.28   data required time
-----------------------------------------------------------------------------
                                 25.28   data required time
                                 -5.40   data arrival time
-----------------------------------------------------------------------------
                                 19.88   slack (MET)


Startpoint: rst_n (input port clocked by clk)
Endpoint: _460_ (recovery check against rising-edge clock clk)
Path Group: asynchronous
Path Type: max

Fanout     Cap    Slew   Delay    Time   Description
-----------------------------------------------------------------------------
                          0.00    0.00   clock clk (rise edge)
                          0.00    0.00   clock network delay (propagated)
                          5.00    5.00 ^ input external delay
                  0.05    0.04    5.04 ^ rst_n (in)
     1    0.01                           rst_n (net)
                  0.05    0.00    5.04 ^ input17/A (sky130_fd_sc_hd__buf_12)
                  0.36    0.34    5.37 ^ input17/X (sky130_fd_sc_hd__buf_12)
    65    0.32                           net17 (net)
                  0.37    0.03    5.40 ^ _460_/RESET_B (sky130_fd_sc_hd__dfrtp_1)
                                  5.40   data arrival time

                         25.00   25.00   clock clk (rise edge)
                          0.00   25.00   clock source latency
                  0.08    0.05   25.05 ^ clk (in)
     1    0.02                           clk (net)
                  0.08    0.00   25.05 ^ clkbuf_0_clk/A (sky130_fd_sc_hd__clkbuf_16)
                  0.10    0.18   25.23 ^ clkbuf_0_clk/X (sky130_fd_sc_hd__clkbuf_16)
     8    0.08                           clknet_0_clk (net)
                  0.10    0.00   25.23 ^ clkbuf_3_0__f_clk/A (sky130_fd_sc_hd__clkbuf_16)
                  0.05    0.15   25.38 ^ clkbuf_3_0__f_clk/X (sky130_fd_sc_hd__clkbuf_16)
    11    0.03                           clknet_3_0__leaf_clk (net)
                  0.05    0.00   25.38 ^ _460_/CLK (sky130_fd_sc_hd__dfrtp_1)
                         -0.25   25.13   clock uncertainty
                          0.00   25.13   clock reconvergence pessimism
                          0.15   25.28   library recovery time
                                 25.28   data required time
-----------------------------------------------------------------------------
                                 25.28   data required time
                                 -5.40   data arrival time
-----------------------------------------------------------------------------
                                 19.88   slack (MET)


Startpoint: rst_n (input port clocked by clk)
Endpoint: _425_ (recovery check against rising-edge clock clk)
Path Group: asynchronous
Path Type: max

Fanout     Cap    Slew   Delay    Time   Description
-----------------------------------------------------------------------------
                          0.00    0.00   clock clk (rise edge)
                          0.00    0.00   clock network delay (propagated)
                          5.00    5.00 ^ input external delay
                  0.05    0.04    5.04 ^ rst_n (in)
     1    0.01                           rst_n (net)
                  0.05    0.00    5.04 ^ input17/A (sky130_fd_sc_hd__buf_12)
                  0.36    0.34    5.37 ^ input17/X (sky130_fd_sc_hd__buf_12)
    65    0.32                           net17 (net)
                  0.36    0.01    5.39 ^ _425_/RESET_B (sky130_fd_sc_hd__dfrtp_1)
                                  5.39   data arrival time

                         25.00   25.00   clock clk (rise edge)
                          0.00   25.00   clock source latency
                  0.08    0.05   25.05 ^ clk (in)
     1    0.02                           clk (net)
                  0.08    0.00   25.05 ^ clkbuf_0_clk/A (sky130_fd_sc_hd__clkbuf_16)
                  0.10    0.18   25.23 ^ clkbuf_0_clk/X (sky130_fd_sc_hd__clkbuf_16)
     8    0.08                           clknet_0_clk (net)
                  0.10    0.00   25.23 ^ clkbuf_3_3__f_clk/A (sky130_fd_sc_hd__clkbuf_16)
                  0.05    0.14   25.38 ^ clkbuf_3_3__f_clk/X (sky130_fd_sc_hd__clkbuf_16)
     8    0.02                           clknet_3_3__leaf_clk (net)
                  0.05    0.00   25.38 ^ _425_/CLK (sky130_fd_sc_hd__dfrtp_1)
                         -0.25   25.13   clock uncertainty
                          0.00   25.13   clock reconvergence pessimism
                          0.15   25.27   library recovery time
                                 25.27   data required time
-----------------------------------------------------------------------------
                                 25.27   data required time
                                 -5.39   data arrival time
-----------------------------------------------------------------------------
                                 19.89   slack (MET)


Startpoint: rst_n (input port clocked by clk)
Endpoint: _457_ (recovery check against rising-edge clock clk)
Path Group: asynchronous
Path Type: max

Fanout     Cap    Slew   Delay    Time   Description
-----------------------------------------------------------------------------
                          0.00    0.00   clock clk (rise edge)
                          0.00    0.00   clock network delay (propagated)
                          5.00    5.00 ^ input external delay
                  0.05    0.04    5.04 ^ rst_n (in)
     1    0.01                           rst_n (net)
                  0.05    0.00    5.04 ^ input17/A (sky130_fd_sc_hd__buf_12)
                  0.36    0.34    5.37 ^ input17/X (sky130_fd_sc_hd__buf_12)
    65    0.32                           net17 (net)
                  0.36    0.02    5.40 ^ _457_/RESET_B (sky130_fd_sc_hd__dfrtp_1)
                                  5.40   data arrival time

                         25.00   25.00   clock clk (rise edge)
                          0.00   25.00   clock source latency
                  0.08    0.05   25.05 ^ clk (in)
     1    0.02                           clk (net)
                  0.08    0.00   25.05 ^ clkbuf_0_clk/A (sky130_fd_sc_hd__clkbuf_16)
                  0.10    0.18   25.23 ^ clkbuf_0_clk/X (sky130_fd_sc_hd__clkbuf_16)
     8    0.08                           clknet_0_clk (net)
                  0.10    0.00   25.23 ^ clkbuf_3_0__f_clk/A (sky130_fd_sc_hd__clkbuf_16)
                  0.05    0.15   25.38 ^ clkbuf_3_0__f_clk/X (sky130_fd_sc_hd__clkbuf_16)
    11    0.03                           clknet_3_0__leaf_clk (net)
                  0.05    0.00   25.38 ^ _457_/CLK (sky130_fd_sc_hd__dfrtp_1)
                         -0.25   25.13   clock uncertainty
                          0.00   25.13   clock reconvergence pessimism
                          0.15   25.28   library recovery time
                                 25.28   data required time
-----------------------------------------------------------------------------
                                 25.28   data required time
                                 -5.40   data arrival time
-----------------------------------------------------------------------------
                                 19.89   slack (MET)


Startpoint: rst_n (input port clocked by clk)
Endpoint: _422_ (recovery check against rising-edge clock clk)
Path Group: asynchronous
Path Type: max

Fanout     Cap    Slew   Delay    Time   Description
-----------------------------------------------------------------------------
                          0.00    0.00   clock clk (rise edge)
                          0.00    0.00   clock network delay (propagated)
                          5.00    5.00 ^ input external delay
                  0.05    0.04    5.04 ^ rst_n (in)
     1    0.01                           rst_n (net)
                  0.05    0.00    5.04 ^ input17/A (sky130_fd_sc_hd__buf_12)
                  0.36    0.34    5.37 ^ input17/X (sky130_fd_sc_hd__buf_12)
    65    0.32                           net17 (net)
                  0.36    0.01    5.39 ^ _422_/RESET_B (sky130_fd_sc_hd__dfrtp_1)
                                  5.39   data arrival time

                         25.00   25.00   clock clk (rise edge)
                          0.00   25.00   clock source latency
                  0.08    0.05   25.05 ^ clk (in)
     1    0.02                           clk (net)
                  0.08    0.00   25.05 ^ clkbuf_0_clk/A (sky130_fd_sc_hd__clkbuf_16)
                  0.10    0.18   25.23 ^ clkbuf_0_clk/X (sky130_fd_sc_hd__clkbuf_16)
     8    0.08                           clknet_0_clk (net)
                  0.10    0.00   25.23 ^ clkbuf_3_2__f_clk/A (sky130_fd_sc_hd__clkbuf_16)
                  0.05    0.14   25.38 ^ clkbuf_3_2__f_clk/X (sky130_fd_sc_hd__clkbuf_16)
     8    0.02                           clknet_3_2__leaf_clk (net)
                  0.05    0.00   25.38 ^ _422_/CLK (sky130_fd_sc_hd__dfrtp_1)
                         -0.25   25.13   clock uncertainty
                          0.00   25.13   clock reconvergence pessimism
                          0.15   25.27   library recovery time
                                 25.27   data required time
-----------------------------------------------------------------------------
                                 25.27   data required time
                                 -5.39   data arrival time
-----------------------------------------------------------------------------
                                 19.89   slack (MET)


Startpoint: rst_n (input port clocked by clk)
Endpoint: _449_ (recovery check against rising-edge clock clk)
Path Group: asynchronous
Path Type: max

Fanout     Cap    Slew   Delay    Time   Description
-----------------------------------------------------------------------------
                          0.00    0.00   clock clk (rise edge)
                          0.00    0.00   clock network delay (propagated)
                          5.00    5.00 ^ input external delay
                  0.05    0.04    5.04 ^ rst_n (in)
     1    0.01                           rst_n (net)
                  0.05    0.00    5.04 ^ input17/A (sky130_fd_sc_hd__buf_12)
                  0.36    0.34    5.37 ^ input17/X (sky130_fd_sc_hd__buf_12)
    65    0.32                           net17 (net)
                  0.36    0.01    5.39 ^ _449_/RESET_B (sky130_fd_sc_hd__dfrtp_1)
                                  5.39   data arrival time

                         25.00   25.00   clock clk (rise edge)
                          0.00   25.00   clock source latency
                  0.08    0.05   25.05 ^ clk (in)
     1    0.02                           clk (net)
                  0.08    0.00   25.05 ^ clkbuf_0_clk/A (sky130_fd_sc_hd__clkbuf_16)
                  0.10    0.18   25.23 ^ clkbuf_0_clk/X (sky130_fd_sc_hd__clkbuf_16)
     8    0.08                           clknet_0_clk (net)
                  0.10    0.00   25.23 ^ clkbuf_3_2__f_clk/A (sky130_fd_sc_hd__clkbuf_16)
                  0.05    0.14   25.38 ^ clkbuf_3_2__f_clk/X (sky130_fd_sc_hd__clkbuf_16)
     8    0.02                           clknet_3_2__leaf_clk (net)
                  0.05    0.00   25.38 ^ _449_/CLK (sky130_fd_sc_hd__dfrtp_1)
                         -0.25   25.13   clock uncertainty
                          0.00   25.13   clock reconvergence pessimism
                          0.15   25.27   library recovery time
                                 25.27   data required time
-----------------------------------------------------------------------------
                                 25.27   data required time
                                 -5.39   data arrival time
-----------------------------------------------------------------------------
                                 19.89   slack (MET)


Startpoint: rst_n (input port clocked by clk)
Endpoint: _447_ (recovery check against rising-edge clock clk)
Path Group: asynchronous
Path Type: max

Fanout     Cap    Slew   Delay    Time   Description
-----------------------------------------------------------------------------
                          0.00    0.00   clock clk (rise edge)
                          0.00    0.00   clock network delay (propagated)
                          5.00    5.00 ^ input external delay
                  0.05    0.04    5.04 ^ rst_n (in)
     1    0.01                           rst_n (net)
                  0.05    0.00    5.04 ^ input17/A (sky130_fd_sc_hd__buf_12)
                  0.36    0.34    5.37 ^ input17/X (sky130_fd_sc_hd__buf_12)
    65    0.32                           net17 (net)
                  0.36    0.01    5.39 ^ _447_/RESET_B (sky130_fd_sc_hd__dfrtp_1)
                                  5.39   data arrival time

                         25.00   25.00   clock clk (rise edge)
                          0.00   25.00   clock source latency
                  0.08    0.05   25.05 ^ clk (in)
     1    0.02                           clk (net)
                  0.08    0.00   25.05 ^ clkbuf_0_clk/A (sky130_fd_sc_hd__clkbuf_16)
                  0.10    0.18   25.23 ^ clkbuf_0_clk/X (sky130_fd_sc_hd__clkbuf_16)
     8    0.08                           clknet_0_clk (net)
                  0.10    0.00   25.23 ^ clkbuf_3_2__f_clk/A (sky130_fd_sc_hd__clkbuf_16)
                  0.05    0.14   25.38 ^ clkbuf_3_2__f_clk/X (sky130_fd_sc_hd__clkbuf_16)
     8    0.02                           clknet_3_2__leaf_clk (net)
                  0.05    0.00   25.38 ^ _447_/CLK (sky130_fd_sc_hd__dfrtp_1)
                         -0.25   25.13   clock uncertainty
                          0.00   25.13   clock reconvergence pessimism
                          0.15   25.27   library recovery time
                                 25.27   data required time
-----------------------------------------------------------------------------
                                 25.27   data required time
                                 -5.39   data arrival time
-----------------------------------------------------------------------------
                                 19.89   slack (MET)


Startpoint: rst_n (input port clocked by clk)
Endpoint: _448_ (recovery check against rising-edge clock clk)
Path Group: asynchronous
Path Type: max

Fanout     Cap    Slew   Delay    Time   Description
-----------------------------------------------------------------------------
                          0.00    0.00   clock clk (rise edge)
                          0.00    0.00   clock network delay (propagated)
                          5.00    5.00 ^ input external delay
                  0.05    0.04    5.04 ^ rst_n (in)
     1    0.01                           rst_n (net)
                  0.05    0.00    5.04 ^ input17/A (sky130_fd_sc_hd__buf_12)
                  0.36    0.34    5.37 ^ input17/X (sky130_fd_sc_hd__buf_12)
    65    0.32                           net17 (net)
                  0.36    0.01    5.39 ^ _448_/RESET_B (sky130_fd_sc_hd__dfrtp_1)
                                  5.39   data arrival time

                         25.00   25.00   clock clk (rise edge)
                          0.00   25.00   clock source latency
                  0.08    0.05   25.05 ^ clk (in)
     1    0.02                           clk (net)
                  0.08    0.00   25.05 ^ clkbuf_0_clk/A (sky130_fd_sc_hd__clkbuf_16)
                  0.10    0.18   25.23 ^ clkbuf_0_clk/X (sky130_fd_sc_hd__clkbuf_16)
     8    0.08                           clknet_0_clk (net)
                  0.10    0.00   25.23 ^ clkbuf_3_2__f_clk/A (sky130_fd_sc_hd__clkbuf_16)
                  0.05    0.14   25.38 ^ clkbuf_3_2__f_clk/X (sky130_fd_sc_hd__clkbuf_16)
     8    0.02                           clknet_3_2__leaf_clk (net)
                  0.05    0.00   25.38 ^ _448_/CLK (sky130_fd_sc_hd__dfrtp_1)
                         -0.25   25.13   clock uncertainty
                          0.00   25.13   clock reconvergence pessimism
                          0.15   25.27   library recovery time
                                 25.27   data required time
-----------------------------------------------------------------------------
                                 25.27   data required time
                                 -5.39   data arrival time
-----------------------------------------------------------------------------
                                 19.89   slack (MET)


Startpoint: rst_n (input port clocked by clk)
Endpoint: _424_ (recovery check against rising-edge clock clk)
Path Group: asynchronous
Path Type: max

Fanout     Cap    Slew   Delay    Time   Description
-----------------------------------------------------------------------------
                          0.00    0.00   clock clk (rise edge)
                          0.00    0.00   clock network delay (propagated)
                          5.00    5.00 ^ input external delay
                  0.05    0.04    5.04 ^ rst_n (in)
     1    0.01                           rst_n (net)
                  0.05    0.00    5.04 ^ input17/A (sky130_fd_sc_hd__buf_12)
                  0.36    0.34    5.37 ^ input17/X (sky130_fd_sc_hd__buf_12)
    65    0.32                           net17 (net)
                  0.36    0.01    5.38 ^ _424_/RESET_B (sky130_fd_sc_hd__dfrtp_1)
                                  5.38   data arrival time

                         25.00   25.00   clock clk (rise edge)
                          0.00   25.00   clock source latency
                  0.08    0.05   25.05 ^ clk (in)
     1    0.02                           clk (net)
                  0.08    0.00   25.05 ^ clkbuf_0_clk/A (sky130_fd_sc_hd__clkbuf_16)
                  0.10    0.18   25.23 ^ clkbuf_0_clk/X (sky130_fd_sc_hd__clkbuf_16)
     8    0.08                           clknet_0_clk (net)
                  0.10    0.00   25.23 ^ clkbuf_3_3__f_clk/A (sky130_fd_sc_hd__clkbuf_16)
                  0.05    0.14   25.38 ^ clkbuf_3_3__f_clk/X (sky130_fd_sc_hd__clkbuf_16)
     8    0.02                           clknet_3_3__leaf_clk (net)
                  0.05    0.00   25.38 ^ _424_/CLK (sky130_fd_sc_hd__dfrtp_1)
                         -0.25   25.13   clock uncertainty
                          0.00   25.13   clock reconvergence pessimism
                          0.15   25.27   library recovery time
                                 25.27   data required time
-----------------------------------------------------------------------------
                                 25.27   data required time
                                 -5.38   data arrival time
-----------------------------------------------------------------------------
                                 19.89   slack (MET)


Startpoint: rst_n (input port clocked by clk)
Endpoint: _483_ (recovery check against rising-edge clock clk)
Path Group: asynchronous
Path Type: max

Fanout     Cap    Slew   Delay    Time   Description
-----------------------------------------------------------------------------
                          0.00    0.00   clock clk (rise edge)
                          0.00    0.00   clock network delay (propagated)
                          5.00    5.00 ^ input external delay
                  0.05    0.04    5.04 ^ rst_n (in)
     1    0.01                           rst_n (net)
                  0.05    0.00    5.04 ^ input17/A (sky130_fd_sc_hd__buf_12)
                  0.36    0.34    5.37 ^ input17/X (sky130_fd_sc_hd__buf_12)
    65    0.32                           net17 (net)
                  0.36    0.01    5.38 ^ _483_/RESET_B (sky130_fd_sc_hd__dfrtp_1)
                                  5.38   data arrival time

                         25.00   25.00   clock clk (rise edge)
                          0.00   25.00   clock source latency
                  0.08    0.05   25.05 ^ clk (in)
     1    0.02                           clk (net)
                  0.08    0.00   25.05 ^ clkbuf_0_clk/A (sky130_fd_sc_hd__clkbuf_16)
                  0.10    0.18   25.23 ^ clkbuf_0_clk/X (sky130_fd_sc_hd__clkbuf_16)
     8    0.08                           clknet_0_clk (net)
                  0.10    0.00   25.23 ^ clkbuf_3_6__f_clk/A (sky130_fd_sc_hd__clkbuf_16)
                  0.05    0.14   25.38 ^ clkbuf_3_6__f_clk/X (sky130_fd_sc_hd__clkbuf_16)
     8    0.03                           clknet_3_6__leaf_clk (net)
                  0.05    0.00   25.38 ^ _483_/CLK (sky130_fd_sc_hd__dfrtp_1)
                         -0.25   25.13   clock uncertainty
                          0.00   25.13   clock reconvergence pessimism
                          0.15   25.27   library recovery time
                                 25.27   data required time
-----------------------------------------------------------------------------
                                 25.27   data required time
                                 -5.38   data arrival time
-----------------------------------------------------------------------------
                                 19.89   slack (MET)


Startpoint: rst_n (input port clocked by clk)
Endpoint: _423_ (recovery check against rising-edge clock clk)
Path Group: asynchronous
Path Type: max

Fanout     Cap    Slew   Delay    Time   Description
-----------------------------------------------------------------------------
                          0.00    0.00   clock clk (rise edge)
                          0.00    0.00   clock network delay (propagated)
                          5.00    5.00 ^ input external delay
                  0.05    0.04    5.04 ^ rst_n (in)
     1    0.01                           rst_n (net)
                  0.05    0.00    5.04 ^ input17/A (sky130_fd_sc_hd__buf_12)
                  0.36    0.34    5.37 ^ input17/X (sky130_fd_sc_hd__buf_12)
    65    0.32                           net17 (net)
                  0.36    0.01    5.38 ^ _423_/RESET_B (sky130_fd_sc_hd__dfrtp_1)
                                  5.38   data arrival time

                         25.00   25.00   clock clk (rise edge)
                          0.00   25.00   clock source latency
                  0.08    0.05   25.05 ^ clk (in)
     1    0.02                           clk (net)
                  0.08    0.00   25.05 ^ clkbuf_0_clk/A (sky130_fd_sc_hd__clkbuf_16)
                  0.10    0.18   25.23 ^ clkbuf_0_clk/X (sky130_fd_sc_hd__clkbuf_16)
     8    0.08                           clknet_0_clk (net)
                  0.10    0.00   25.23 ^ clkbuf_3_3__f_clk/A (sky130_fd_sc_hd__clkbuf_16)
                  0.05    0.14   25.38 ^ clkbuf_3_3__f_clk/X (sky130_fd_sc_hd__clkbuf_16)
     8    0.02                           clknet_3_3__leaf_clk (net)
                  0.05    0.00   25.38 ^ _423_/CLK (sky130_fd_sc_hd__dfrtp_1)
                         -0.25   25.13   clock uncertainty
                          0.00   25.13   clock reconvergence pessimism
                          0.15   25.27   library recovery time
                                 25.27   data required time
-----------------------------------------------------------------------------
                                 25.27   data required time
                                 -5.38   data arrival time
-----------------------------------------------------------------------------
                                 19.89   slack (MET)


Startpoint: rst_n (input port clocked by clk)
Endpoint: _434_ (recovery check against rising-edge clock clk)
Path Group: asynchronous
Path Type: max

Fanout     Cap    Slew   Delay    Time   Description
-----------------------------------------------------------------------------
                          0.00    0.00   clock clk (rise edge)
                          0.00    0.00   clock network delay (propagated)
                          5.00    5.00 ^ input external delay
                  0.05    0.04    5.04 ^ rst_n (in)
     1    0.01                           rst_n (net)
                  0.05    0.00    5.04 ^ input17/A (sky130_fd_sc_hd__buf_12)
                  0.36    0.34    5.37 ^ input17/X (sky130_fd_sc_hd__buf_12)
    65    0.32                           net17 (net)
                  0.36    0.01    5.38 ^ _434_/RESET_B (sky130_fd_sc_hd__dfrtp_1)
                                  5.38   data arrival time

                         25.00   25.00   clock clk (rise edge)
                          0.00   25.00   clock source latency
                  0.08    0.05   25.05 ^ clk (in)
     1    0.02                           clk (net)
                  0.08    0.00   25.05 ^ clkbuf_0_clk/A (sky130_fd_sc_hd__clkbuf_16)
                  0.10    0.18   25.23 ^ clkbuf_0_clk/X (sky130_fd_sc_hd__clkbuf_16)
     8    0.08                           clknet_0_clk (net)
                  0.10    0.00   25.23 ^ clkbuf_3_6__f_clk/A (sky130_fd_sc_hd__clkbuf_16)
                  0.05    0.14   25.38 ^ clkbuf_3_6__f_clk/X (sky130_fd_sc_hd__clkbuf_16)
     8    0.03                           clknet_3_6__leaf_clk (net)
                  0.05    0.00   25.38 ^ _434_/CLK (sky130_fd_sc_hd__dfrtp_1)
                         -0.25   25.13   clock uncertainty
                          0.00   25.13   clock reconvergence pessimism
                          0.15   25.28   library recovery time
                                 25.28   data required time
-----------------------------------------------------------------------------
                                 25.28   data required time
                                 -5.38   data arrival time
-----------------------------------------------------------------------------
                                 19.89   slack (MET)


Startpoint: rst_n (input port clocked by clk)
Endpoint: _478_ (recovery check against rising-edge clock clk)
Path Group: asynchronous
Path Type: max

Fanout     Cap    Slew   Delay    Time   Description
-----------------------------------------------------------------------------
                          0.00    0.00   clock clk (rise edge)
                          0.00    0.00   clock network delay (propagated)
                          5.00    5.00 ^ input external delay
                  0.05    0.04    5.04 ^ rst_n (in)
     1    0.01                           rst_n (net)
                  0.05    0.00    5.04 ^ input17/A (sky130_fd_sc_hd__buf_12)
                  0.36    0.34    5.37 ^ input17/X (sky130_fd_sc_hd__buf_12)
    65    0.32                           net17 (net)
                  0.36    0.01    5.38 ^ _478_/RESET_B (sky130_fd_sc_hd__dfrtp_1)
                                  5.38   data arrival time

                         25.00   25.00   clock clk (rise edge)
                          0.00   25.00   clock source latency
                  0.08    0.05   25.05 ^ clk (in)
     1    0.02                           clk (net)
                  0.08    0.00   25.05 ^ clkbuf_0_clk/A (sky130_fd_sc_hd__clkbuf_16)
                  0.10    0.18   25.23 ^ clkbuf_0_clk/X (sky130_fd_sc_hd__clkbuf_16)
     8    0.08                           clknet_0_clk (net)
                  0.10    0.00   25.23 ^ clkbuf_3_6__f_clk/A (sky130_fd_sc_hd__clkbuf_16)
                  0.05    0.14   25.38 ^ clkbuf_3_6__f_clk/X (sky130_fd_sc_hd__clkbuf_16)
     8    0.03                           clknet_3_6__leaf_clk (net)
                  0.05    0.00   25.38 ^ _478_/CLK (sky130_fd_sc_hd__dfrtp_1)
                         -0.25   25.13   clock uncertainty
                          0.00   25.13   clock reconvergence pessimism
                          0.15   25.28   library recovery time
                                 25.28   data required time
-----------------------------------------------------------------------------
                                 25.28   data required time
                                 -5.38   data arrival time
-----------------------------------------------------------------------------
                                 19.89   slack (MET)


Startpoint: rst_n (input port clocked by clk)
Endpoint: _479_ (recovery check against rising-edge clock clk)
Path Group: asynchronous
Path Type: max

Fanout     Cap    Slew   Delay    Time   Description
-----------------------------------------------------------------------------
                          0.00    0.00   clock clk (rise edge)
                          0.00    0.00   clock network delay (propagated)
                          5.00    5.00 ^ input external delay
                  0.05    0.04    5.04 ^ rst_n (in)
     1    0.01                           rst_n (net)
                  0.05    0.00    5.04 ^ input17/A (sky130_fd_sc_hd__buf_12)
                  0.36    0.34    5.37 ^ input17/X (sky130_fd_sc_hd__buf_12)
    65    0.32                           net17 (net)
                  0.36    0.01    5.38 ^ _479_/RESET_B (sky130_fd_sc_hd__dfrtp_1)
                                  5.38   data arrival time

                         25.00   25.00   clock clk (rise edge)
                          0.00   25.00   clock source latency
                  0.08    0.05   25.05 ^ clk (in)
     1    0.02                           clk (net)
                  0.08    0.00   25.05 ^ clkbuf_0_clk/A (sky130_fd_sc_hd__clkbuf_16)
                  0.10    0.18   25.23 ^ clkbuf_0_clk/X (sky130_fd_sc_hd__clkbuf_16)
     8    0.08                           clknet_0_clk (net)
                  0.10    0.00   25.23 ^ clkbuf_3_6__f_clk/A (sky130_fd_sc_hd__clkbuf_16)
                  0.05    0.14   25.38 ^ clkbuf_3_6__f_clk/X (sky130_fd_sc_hd__clkbuf_16)
     8    0.03                           clknet_3_6__leaf_clk (net)
                  0.05    0.00   25.38 ^ _479_/CLK (sky130_fd_sc_hd__dfrtp_1)
                         -0.25   25.13   clock uncertainty
                          0.00   25.13   clock reconvergence pessimism
                          0.15   25.28   library recovery time
                                 25.28   data required time
-----------------------------------------------------------------------------
                                 25.28   data required time
                                 -5.38   data arrival time
-----------------------------------------------------------------------------
                                 19.89   slack (MET)


Startpoint: rst_n (input port clocked by clk)
Endpoint: _454_ (recovery check against rising-edge clock clk)
Path Group: asynchronous
Path Type: max

Fanout     Cap    Slew   Delay    Time   Description
-----------------------------------------------------------------------------
                          0.00    0.00   clock clk (rise edge)
                          0.00    0.00   clock network delay (propagated)
                          5.00    5.00 ^ input external delay
                  0.05    0.04    5.04 ^ rst_n (in)
     1    0.01                           rst_n (net)
                  0.05    0.00    5.04 ^ input17/A (sky130_fd_sc_hd__buf_12)
                  0.36    0.34    5.37 ^ input17/X (sky130_fd_sc_hd__buf_12)
    65    0.32                           net17 (net)
                  0.36    0.01    5.38 ^ _454_/RESET_B (sky130_fd_sc_hd__dfrtp_1)
                                  5.38   data arrival time

                         25.00   25.00   clock clk (rise edge)
                          0.00   25.00   clock source latency
                  0.08    0.05   25.05 ^ clk (in)
     1    0.02                           clk (net)
                  0.08    0.00   25.05 ^ clkbuf_0_clk/A (sky130_fd_sc_hd__clkbuf_16)
                  0.10    0.18   25.23 ^ clkbuf_0_clk/X (sky130_fd_sc_hd__clkbuf_16)
     8    0.08                           clknet_0_clk (net)
                  0.10    0.00   25.23 ^ clkbuf_3_3__f_clk/A (sky130_fd_sc_hd__clkbuf_16)
                  0.05    0.14   25.38 ^ clkbuf_3_3__f_clk/X (sky130_fd_sc_hd__clkbuf_16)
     8    0.02                           clknet_3_3__leaf_clk (net)
                  0.05    0.00   25.38 ^ _454_/CLK (sky130_fd_sc_hd__dfrtp_1)
                         -0.25   25.13   clock uncertainty
                          0.00   25.13   clock reconvergence pessimism
                          0.15   25.27   library recovery time
                                 25.27   data required time
-----------------------------------------------------------------------------
                                 25.27   data required time
                                 -5.38   data arrival time
-----------------------------------------------------------------------------
                                 19.90   slack (MET)


Startpoint: rst_n (input port clocked by clk)
Endpoint: _453_ (recovery check against rising-edge clock clk)
Path Group: asynchronous
Path Type: max

Fanout     Cap    Slew   Delay    Time   Description
-----------------------------------------------------------------------------
                          0.00    0.00   clock clk (rise edge)
                          0.00    0.00   clock network delay (propagated)
                          5.00    5.00 ^ input external delay
                  0.05    0.04    5.04 ^ rst_n (in)
     1    0.01                           rst_n (net)
                  0.05    0.00    5.04 ^ input17/A (sky130_fd_sc_hd__buf_12)
                  0.36    0.34    5.37 ^ input17/X (sky130_fd_sc_hd__buf_12)
    65    0.32                           net17 (net)
                  0.36    0.01    5.38 ^ _453_/RESET_B (sky130_fd_sc_hd__dfrtp_1)
                                  5.38   data arrival time

                         25.00   25.00   clock clk (rise edge)
                          0.00   25.00   clock source latency
                  0.08    0.05   25.05 ^ clk (in)
     1    0.02                           clk (net)
                  0.08    0.00   25.05 ^ clkbuf_0_clk/A (sky130_fd_sc_hd__clkbuf_16)
                  0.10    0.18   25.23 ^ clkbuf_0_clk/X (sky130_fd_sc_hd__clkbuf_16)
     8    0.08                           clknet_0_clk (net)
                  0.10    0.00   25.23 ^ clkbuf_3_3__f_clk/A (sky130_fd_sc_hd__clkbuf_16)
                  0.05    0.14   25.38 ^ clkbuf_3_3__f_clk/X (sky130_fd_sc_hd__clkbuf_16)
     8    0.02                           clknet_3_3__leaf_clk (net)
                  0.05    0.00   25.38 ^ _453_/CLK (sky130_fd_sc_hd__dfrtp_1)
                         -0.25   25.13   clock uncertainty
                          0.00   25.13   clock reconvergence pessimism
                          0.15   25.27   library recovery time
                                 25.27   data required time
-----------------------------------------------------------------------------
                                 25.27   data required time
                                 -5.38   data arrival time
-----------------------------------------------------------------------------
                                 19.90   slack (MET)


Startpoint: rst_n (input port clocked by clk)
Endpoint: _433_ (recovery check against rising-edge clock clk)
Path Group: asynchronous
Path Type: max

Fanout     Cap    Slew   Delay    Time   Description
-----------------------------------------------------------------------------
                          0.00    0.00   clock clk (rise edge)
                          0.00    0.00   clock network delay (propagated)
                          5.00    5.00 ^ input external delay
                  0.05    0.04    5.04 ^ rst_n (in)
     1    0.01                           rst_n (net)
                  0.05    0.00    5.04 ^ input17/A (sky130_fd_sc_hd__buf_12)
                  0.36    0.34    5.37 ^ input17/X (sky130_fd_sc_hd__buf_12)
    65    0.32                           net17 (net)
                  0.36    0.01    5.38 ^ _433_/RESET_B (sky130_fd_sc_hd__dfrtp_1)
                                  5.38   data arrival time

                         25.00   25.00   clock clk (rise edge)
                          0.00   25.00   clock source latency
                  0.08    0.05   25.05 ^ clk (in)
     1    0.02                           clk (net)
                  0.08    0.00   25.05 ^ clkbuf_0_clk/A (sky130_fd_sc_hd__clkbuf_16)
                  0.10    0.18   25.23 ^ clkbuf_0_clk/X (sky130_fd_sc_hd__clkbuf_16)
     8    0.08                           clknet_0_clk (net)
                  0.10    0.00   25.23 ^ clkbuf_3_6__f_clk/A (sky130_fd_sc_hd__clkbuf_16)
                  0.05    0.14   25.38 ^ clkbuf_3_6__f_clk/X (sky130_fd_sc_hd__clkbuf_16)
     8    0.03                           clknet_3_6__leaf_clk (net)
                  0.05    0.00   25.38 ^ _433_/CLK (sky130_fd_sc_hd__dfrtp_1)
                         -0.25   25.13   clock uncertainty
                          0.00   25.13   clock reconvergence pessimism
                          0.15   25.28   library recovery time
                                 25.28   data required time
-----------------------------------------------------------------------------
                                 25.28   data required time
                                 -5.38   data arrival time
-----------------------------------------------------------------------------
                                 19.90   slack (MET)


Startpoint: rst_n (input port clocked by clk)
Endpoint: _468_ (recovery check against rising-edge clock clk)
Path Group: asynchronous
Path Type: max

Fanout     Cap    Slew   Delay    Time   Description
-----------------------------------------------------------------------------
                          0.00    0.00   clock clk (rise edge)
                          0.00    0.00   clock network delay (propagated)
                          5.00    5.00 ^ input external delay
                  0.05    0.04    5.04 ^ rst_n (in)
     1    0.01                           rst_n (net)
                  0.05    0.00    5.04 ^ input17/A (sky130_fd_sc_hd__buf_12)
                  0.36    0.34    5.37 ^ input17/X (sky130_fd_sc_hd__buf_12)
    65    0.32                           net17 (net)
                  0.36    0.01    5.38 ^ _468_/RESET_B (sky130_fd_sc_hd__dfrtp_1)
                                  5.38   data arrival time

                         25.00   25.00   clock clk (rise edge)
                          0.00   25.00   clock source latency
                  0.08    0.05   25.05 ^ clk (in)
     1    0.02                           clk (net)
                  0.08    0.00   25.05 ^ clkbuf_0_clk/A (sky130_fd_sc_hd__clkbuf_16)
                  0.10    0.18   25.23 ^ clkbuf_0_clk/X (sky130_fd_sc_hd__clkbuf_16)
     8    0.08                           clknet_0_clk (net)
                  0.10    0.00   25.23 ^ clkbuf_3_6__f_clk/A (sky130_fd_sc_hd__clkbuf_16)
                  0.05    0.14   25.38 ^ clkbuf_3_6__f_clk/X (sky130_fd_sc_hd__clkbuf_16)
     8    0.03                           clknet_3_6__leaf_clk (net)
                  0.05    0.00   25.38 ^ _468_/CLK (sky130_fd_sc_hd__dfrtp_1)
                         -0.25   25.13   clock uncertainty
                          0.00   25.13   clock reconvergence pessimism
                          0.15   25.28   library recovery time
                                 25.28   data required time
-----------------------------------------------------------------------------
                                 25.28   data required time
                                 -5.38   data arrival time
-----------------------------------------------------------------------------
                                 19.90   slack (MET)


Startpoint: rst_n (input port clocked by clk)
Endpoint: _467_ (recovery check against rising-edge clock clk)
Path Group: asynchronous
Path Type: max

Fanout     Cap    Slew   Delay    Time   Description
-----------------------------------------------------------------------------
                          0.00    0.00   clock clk (rise edge)
                          0.00    0.00   clock network delay (propagated)
                          5.00    5.00 ^ input external delay
                  0.05    0.04    5.04 ^ rst_n (in)
     1    0.01                           rst_n (net)
                  0.05    0.00    5.04 ^ input17/A (sky130_fd_sc_hd__buf_12)
                  0.36    0.34    5.37 ^ input17/X (sky130_fd_sc_hd__buf_12)
    65    0.32                           net17 (net)
                  0.36    0.01    5.38 ^ _467_/RESET_B (sky130_fd_sc_hd__dfrtp_1)
                                  5.38   data arrival time

                         25.00   25.00   clock clk (rise edge)
                          0.00   25.00   clock source latency
                  0.08    0.05   25.05 ^ clk (in)
     1    0.02                           clk (net)
                  0.08    0.00   25.05 ^ clkbuf_0_clk/A (sky130_fd_sc_hd__clkbuf_16)
                  0.10    0.18   25.23 ^ clkbuf_0_clk/X (sky130_fd_sc_hd__clkbuf_16)
     8    0.08                           clknet_0_clk (net)
                  0.10    0.00   25.23 ^ clkbuf_3_6__f_clk/A (sky130_fd_sc_hd__clkbuf_16)
                  0.05    0.14   25.38 ^ clkbuf_3_6__f_clk/X (sky130_fd_sc_hd__clkbuf_16)
     8    0.03                           clknet_3_6__leaf_clk (net)
                  0.05    0.00   25.38 ^ _467_/CLK (sky130_fd_sc_hd__dfrtp_1)
                         -0.25   25.13   clock uncertainty
                          0.00   25.13   clock reconvergence pessimism
                          0.15   25.27   library recovery time
                                 25.27   data required time
-----------------------------------------------------------------------------
                                 25.27   data required time
                                 -5.38   data arrival time
-----------------------------------------------------------------------------
                                 19.90   slack (MET)


Startpoint: rst_n (input port clocked by clk)
Endpoint: _466_ (recovery check against rising-edge clock clk)
Path Group: asynchronous
Path Type: max

Fanout     Cap    Slew   Delay    Time   Description
-----------------------------------------------------------------------------
                          0.00    0.00   clock clk (rise edge)
                          0.00    0.00   clock network delay (propagated)
                          5.00    5.00 ^ input external delay
                  0.05    0.04    5.04 ^ rst_n (in)
     1    0.01                           rst_n (net)
                  0.05    0.00    5.04 ^ input17/A (sky130_fd_sc_hd__buf_12)
                  0.36    0.34    5.37 ^ input17/X (sky130_fd_sc_hd__buf_12)
    65    0.32                           net17 (net)
                  0.36    0.01    5.38 ^ _466_/RESET_B (sky130_fd_sc_hd__dfrtp_1)
                                  5.38   data arrival time

                         25.00   25.00   clock clk (rise edge)
                          0.00   25.00   clock source latency
                  0.08    0.05   25.05 ^ clk (in)
     1    0.02                           clk (net)
                  0.08    0.00   25.05 ^ clkbuf_0_clk/A (sky130_fd_sc_hd__clkbuf_16)
                  0.10    0.18   25.23 ^ clkbuf_0_clk/X (sky130_fd_sc_hd__clkbuf_16)
     8    0.08                           clknet_0_clk (net)
                  0.10    0.00   25.23 ^ clkbuf_3_6__f_clk/A (sky130_fd_sc_hd__clkbuf_16)
                  0.05    0.14   25.38 ^ clkbuf_3_6__f_clk/X (sky130_fd_sc_hd__clkbuf_16)
     8    0.03                           clknet_3_6__leaf_clk (net)
                  0.05    0.00   25.38 ^ _466_/CLK (sky130_fd_sc_hd__dfrtp_1)
                         -0.25   25.13   clock uncertainty
                          0.00   25.13   clock reconvergence pessimism
                          0.15   25.27   library recovery time
                                 25.27   data required time
-----------------------------------------------------------------------------
                                 25.27   data required time
                                 -5.38   data arrival time
-----------------------------------------------------------------------------
                                 19.90   slack (MET)


Startpoint: rst_n (input port clocked by clk)
Endpoint: _472_ (recovery check against rising-edge clock clk)
Path Group: asynchronous
Path Type: max

Fanout     Cap    Slew   Delay    Time   Description
-----------------------------------------------------------------------------
                          0.00    0.00   clock clk (rise edge)
                          0.00    0.00   clock network delay (propagated)
                          5.00    5.00 ^ input external delay
                  0.05    0.04    5.04 ^ rst_n (in)
     1    0.01                           rst_n (net)
                  0.05    0.00    5.04 ^ input17/A (sky130_fd_sc_hd__buf_12)
                  0.36    0.34    5.37 ^ input17/X (sky130_fd_sc_hd__buf_12)
    65    0.32                           net17 (net)
                  0.36    0.01    5.38 ^ _472_/RESET_B (sky130_fd_sc_hd__dfrtp_1)
                                  5.38   data arrival time

                         25.00   25.00   clock clk (rise edge)
                          0.00   25.00   clock source latency
                  0.08    0.05   25.05 ^ clk (in)
     1    0.02                           clk (net)
                  0.08    0.00   25.05 ^ clkbuf_0_clk/A (sky130_fd_sc_hd__clkbuf_16)
                  0.10    0.18   25.23 ^ clkbuf_0_clk/X (sky130_fd_sc_hd__clkbuf_16)
     8    0.08                           clknet_0_clk (net)
                  0.10    0.00   25.23 ^ clkbuf_3_7__f_clk/A (sky130_fd_sc_hd__clkbuf_16)
                  0.05    0.15   25.38 ^ clkbuf_3_7__f_clk/X (sky130_fd_sc_hd__clkbuf_16)
    11    0.03                           clknet_3_7__leaf_clk (net)
                  0.05    0.00   25.38 ^ _472_/CLK (sky130_fd_sc_hd__dfrtp_1)
                         -0.25   25.13   clock uncertainty
                          0.00   25.13   clock reconvergence pessimism
                          0.15   25.28   library recovery time
                                 25.28   data required time
-----------------------------------------------------------------------------
                                 25.28   data required time
                                 -5.38   data arrival time
-----------------------------------------------------------------------------
                                 19.90   slack (MET)


Startpoint: rst_n (input port clocked by clk)
Endpoint: _476_ (recovery check against rising-edge clock clk)
Path Group: asynchronous
Path Type: max

Fanout     Cap    Slew   Delay    Time   Description
-----------------------------------------------------------------------------
                          0.00    0.00   clock clk (rise edge)
                          0.00    0.00   clock network delay (propagated)
                          5.00    5.00 ^ input external delay
                  0.05    0.04    5.04 ^ rst_n (in)
     1    0.01                           rst_n (net)
                  0.05    0.00    5.04 ^ input17/A (sky130_fd_sc_hd__buf_12)
                  0.36    0.34    5.37 ^ input17/X (sky130_fd_sc_hd__buf_12)
    65    0.32                           net17 (net)
                  0.36    0.01    5.38 ^ _476_/RESET_B (sky130_fd_sc_hd__dfrtp_1)
                                  5.38   data arrival time

                         25.00   25.00   clock clk (rise edge)
                          0.00   25.00   clock source latency
                  0.08    0.05   25.05 ^ clk (in)
     1    0.02                           clk (net)
                  0.08    0.00   25.05 ^ clkbuf_0_clk/A (sky130_fd_sc_hd__clkbuf_16)
                  0.10    0.18   25.23 ^ clkbuf_0_clk/X (sky130_fd_sc_hd__clkbuf_16)
     8    0.08                           clknet_0_clk (net)
                  0.10    0.00   25.23 ^ clkbuf_3_7__f_clk/A (sky130_fd_sc_hd__clkbuf_16)
                  0.05    0.15   25.38 ^ clkbuf_3_7__f_clk/X (sky130_fd_sc_hd__clkbuf_16)
    11    0.03                           clknet_3_7__leaf_clk (net)
                  0.05    0.00   25.38 ^ _476_/CLK (sky130_fd_sc_hd__dfrtp_1)
                         -0.25   25.13   clock uncertainty
                          0.00   25.13   clock reconvergence pessimism
                          0.15   25.28   library recovery time
                                 25.28   data required time
-----------------------------------------------------------------------------
                                 25.28   data required time
                                 -5.38   data arrival time
-----------------------------------------------------------------------------
                                 19.90   slack (MET)


Startpoint: rst_n (input port clocked by clk)
Endpoint: _477_ (recovery check against rising-edge clock clk)
Path Group: asynchronous
Path Type: max

Fanout     Cap    Slew   Delay    Time   Description
-----------------------------------------------------------------------------
                          0.00    0.00   clock clk (rise edge)
                          0.00    0.00   clock network delay (propagated)
                          5.00    5.00 ^ input external delay
                  0.05    0.04    5.04 ^ rst_n (in)
     1    0.01                           rst_n (net)
                  0.05    0.00    5.04 ^ input17/A (sky130_fd_sc_hd__buf_12)
                  0.36    0.34    5.37 ^ input17/X (sky130_fd_sc_hd__buf_12)
    65    0.32                           net17 (net)
                  0.36    0.01    5.38 ^ _477_/RESET_B (sky130_fd_sc_hd__dfrtp_1)
                                  5.38   data arrival time

                         25.00   25.00   clock clk (rise edge)
                          0.00   25.00   clock source latency
                  0.08    0.05   25.05 ^ clk (in)
     1    0.02                           clk (net)
                  0.08    0.00   25.05 ^ clkbuf_0_clk/A (sky130_fd_sc_hd__clkbuf_16)
                  0.10    0.18   25.23 ^ clkbuf_0_clk/X (sky130_fd_sc_hd__clkbuf_16)
     8    0.08                           clknet_0_clk (net)
                  0.10    0.00   25.23 ^ clkbuf_3_7__f_clk/A (sky130_fd_sc_hd__clkbuf_16)
                  0.05    0.15   25.38 ^ clkbuf_3_7__f_clk/X (sky130_fd_sc_hd__clkbuf_16)
    11    0.03                           clknet_3_7__leaf_clk (net)
                  0.05    0.00   25.38 ^ _477_/CLK (sky130_fd_sc_hd__dfrtp_1)
                         -0.25   25.13   clock uncertainty
                          0.00   25.13   clock reconvergence pessimism
                          0.15   25.28   library recovery time
                                 25.28   data required time
-----------------------------------------------------------------------------
                                 25.28   data required time
                                 -5.38   data arrival time
-----------------------------------------------------------------------------
                                 19.90   slack (MET)


Startpoint: rst_n (input port clocked by clk)
Endpoint: _465_ (recovery check against rising-edge clock clk)
Path Group: asynchronous
Path Type: max

Fanout     Cap    Slew   Delay    Time   Description
-----------------------------------------------------------------------------
                          0.00    0.00   clock clk (rise edge)
                          0.00    0.00   clock network delay (propagated)
                          5.00    5.00 ^ input external delay
                  0.05    0.04    5.04 ^ rst_n (in)
     1    0.01                           rst_n (net)
                  0.05    0.00    5.04 ^ input17/A (sky130_fd_sc_hd__buf_12)
                  0.36    0.34    5.37 ^ input17/X (sky130_fd_sc_hd__buf_12)
    65    0.32                           net17 (net)
                  0.36    0.01    5.38 ^ _465_/RESET_B (sky130_fd_sc_hd__dfrtp_1)
                                  5.38   data arrival time

                         25.00   25.00   clock clk (rise edge)
                          0.00   25.00   clock source latency
                  0.08    0.05   25.05 ^ clk (in)
     1    0.02                           clk (net)
                  0.08    0.00   25.05 ^ clkbuf_0_clk/A (sky130_fd_sc_hd__clkbuf_16)
                  0.10    0.18   25.23 ^ clkbuf_0_clk/X (sky130_fd_sc_hd__clkbuf_16)
     8    0.08                           clknet_0_clk (net)
                  0.10    0.00   25.23 ^ clkbuf_3_7__f_clk/A (sky130_fd_sc_hd__clkbuf_16)
                  0.05    0.15   25.38 ^ clkbuf_3_7__f_clk/X (sky130_fd_sc_hd__clkbuf_16)
    11    0.03                           clknet_3_7__leaf_clk (net)
                  0.05    0.00   25.38 ^ _465_/CLK (sky130_fd_sc_hd__dfrtp_1)
                         -0.25   25.13   clock uncertainty
                          0.00   25.13   clock reconvergence pessimism
                          0.15   25.28   library recovery time
                                 25.28   data required time
-----------------------------------------------------------------------------
                                 25.28   data required time
                                 -5.38   data arrival time
-----------------------------------------------------------------------------
                                 19.90   slack (MET)


Startpoint: rst_n (input port clocked by clk)
Endpoint: _426_ (recovery check against rising-edge clock clk)
Path Group: asynchronous
Path Type: max

Fanout     Cap    Slew   Delay    Time   Description
-----------------------------------------------------------------------------
                          0.00    0.00   clock clk (rise edge)
                          0.00    0.00   clock network delay (propagated)
                          5.00    5.00 ^ input external delay
                  0.05    0.04    5.04 ^ rst_n (in)
     1    0.01                           rst_n (net)
                  0.05    0.00    5.04 ^ input17/A (sky130_fd_sc_hd__buf_12)
                  0.36    0.34    5.37 ^ input17/X (sky130_fd_sc_hd__buf_12)
    65    0.32                           net17 (net)
                  0.36    0.01    5.38 ^ _426_/RESET_B (sky130_fd_sc_hd__dfrtp_1)
                                  5.38   data arrival time

                         25.00   25.00   clock clk (rise edge)
                          0.00   25.00   clock source latency
                  0.08    0.05   25.05 ^ clk (in)
     1    0.02                           clk (net)
                  0.08    0.00   25.05 ^ clkbuf_0_clk/A (sky130_fd_sc_hd__clkbuf_16)
                  0.10    0.18   25.23 ^ clkbuf_0_clk/X (sky130_fd_sc_hd__clkbuf_16)
     8    0.08                           clknet_0_clk (net)
                  0.10    0.00   25.23 ^ clkbuf_3_7__f_clk/A (sky130_fd_sc_hd__clkbuf_16)
                  0.05    0.15   25.38 ^ clkbuf_3_7__f_clk/X (sky130_fd_sc_hd__clkbuf_16)
    11    0.03                           clknet_3_7__leaf_clk (net)
                  0.05    0.00   25.38 ^ _426_/CLK (sky130_fd_sc_hd__dfrtp_1)
                         -0.25   25.13   clock uncertainty
                          0.00   25.13   clock reconvergence pessimism
                          0.15   25.28   library recovery time
                                 25.28   data required time
-----------------------------------------------------------------------------
                                 25.28   data required time
                                 -5.38   data arrival time
-----------------------------------------------------------------------------
                                 19.90   slack (MET)


Startpoint: rst_n (input port clocked by clk)
Endpoint: _427_ (recovery check against rising-edge clock clk)
Path Group: asynchronous
Path Type: max

Fanout     Cap    Slew   Delay    Time   Description
-----------------------------------------------------------------------------
                          0.00    0.00   clock clk (rise edge)
                          0.00    0.00   clock network delay (propagated)
                          5.00    5.00 ^ input external delay
                  0.05    0.04    5.04 ^ rst_n (in)
     1    0.01                           rst_n (net)
                  0.05    0.00    5.04 ^ input17/A (sky130_fd_sc_hd__buf_12)
                  0.36    0.34    5.37 ^ input17/X (sky130_fd_sc_hd__buf_12)
    65    0.32                           net17 (net)
                  0.36    0.01    5.38 ^ _427_/RESET_B (sky130_fd_sc_hd__dfrtp_1)
                                  5.38   data arrival time

                         25.00   25.00   clock clk (rise edge)
                          0.00   25.00   clock source latency
                  0.08    0.05   25.05 ^ clk (in)
     1    0.02                           clk (net)
                  0.08    0.00   25.05 ^ clkbuf_0_clk/A (sky130_fd_sc_hd__clkbuf_16)
                  0.10    0.18   25.23 ^ clkbuf_0_clk/X (sky130_fd_sc_hd__clkbuf_16)
     8    0.08                           clknet_0_clk (net)
                  0.10    0.00   25.23 ^ clkbuf_3_7__f_clk/A (sky130_fd_sc_hd__clkbuf_16)
                  0.05    0.15   25.38 ^ clkbuf_3_7__f_clk/X (sky130_fd_sc_hd__clkbuf_16)
    11    0.03                           clknet_3_7__leaf_clk (net)
                  0.05    0.00   25.38 ^ _427_/CLK (sky130_fd_sc_hd__dfrtp_1)
                         -0.25   25.13   clock uncertainty
                          0.00   25.13   clock reconvergence pessimism
                          0.15   25.28   library recovery time
                                 25.28   data required time
-----------------------------------------------------------------------------
                                 25.28   data required time
                                 -5.38   data arrival time
-----------------------------------------------------------------------------
                                 19.90   slack (MET)


Startpoint: rst_n (input port clocked by clk)
Endpoint: _428_ (recovery check against rising-edge clock clk)
Path Group: asynchronous
Path Type: max

Fanout     Cap    Slew   Delay    Time   Description
-----------------------------------------------------------------------------
                          0.00    0.00   clock clk (rise edge)
                          0.00    0.00   clock network delay (propagated)
                          5.00    5.00 ^ input external delay
                  0.05    0.04    5.04 ^ rst_n (in)
     1    0.01                           rst_n (net)
                  0.05    0.00    5.04 ^ input17/A (sky130_fd_sc_hd__buf_12)
                  0.36    0.34    5.37 ^ input17/X (sky130_fd_sc_hd__buf_12)
    65    0.32                           net17 (net)
                  0.36    0.01    5.38 ^ _428_/RESET_B (sky130_fd_sc_hd__dfrtp_1)
                                  5.38   data arrival time

                         25.00   25.00   clock clk (rise edge)
                          0.00   25.00   clock source latency
                  0.08    0.05   25.05 ^ clk (in)
     1    0.02                           clk (net)
                  0.08    0.00   25.05 ^ clkbuf_0_clk/A (sky130_fd_sc_hd__clkbuf_16)
                  0.10    0.18   25.23 ^ clkbuf_0_clk/X (sky130_fd_sc_hd__clkbuf_16)
     8    0.08                           clknet_0_clk (net)
                  0.10    0.00   25.23 ^ clkbuf_3_7__f_clk/A (sky130_fd_sc_hd__clkbuf_16)
                  0.05    0.15   25.38 ^ clkbuf_3_7__f_clk/X (sky130_fd_sc_hd__clkbuf_16)
    11    0.03                           clknet_3_7__leaf_clk (net)
                  0.05    0.00   25.38 ^ _428_/CLK (sky130_fd_sc_hd__dfrtp_1)
                         -0.25   25.13   clock uncertainty
                          0.00   25.13   clock reconvergence pessimism
                          0.15   25.28   library recovery time
                                 25.28   data required time
-----------------------------------------------------------------------------
                                 25.28   data required time
                                 -5.38   data arrival time
-----------------------------------------------------------------------------
                                 19.90   slack (MET)


Startpoint: rst_n (input port clocked by clk)
Endpoint: _469_ (recovery check against rising-edge clock clk)
Path Group: asynchronous
Path Type: max

Fanout     Cap    Slew   Delay    Time   Description
-----------------------------------------------------------------------------
                          0.00    0.00   clock clk (rise edge)
                          0.00    0.00   clock network delay (propagated)
                          5.00    5.00 ^ input external delay
                  0.05    0.04    5.04 ^ rst_n (in)
     1    0.01                           rst_n (net)
                  0.05    0.00    5.04 ^ input17/A (sky130_fd_sc_hd__buf_12)
                  0.36    0.34    5.37 ^ input17/X (sky130_fd_sc_hd__buf_12)
    65    0.32                           net17 (net)
                  0.36    0.01    5.38 ^ _469_/RESET_B (sky130_fd_sc_hd__dfrtp_1)
                                  5.38   data arrival time

                         25.00   25.00   clock clk (rise edge)
                          0.00   25.00   clock source latency
                  0.08    0.05   25.05 ^ clk (in)
     1    0.02                           clk (net)
                  0.08    0.00   25.05 ^ clkbuf_0_clk/A (sky130_fd_sc_hd__clkbuf_16)
                  0.10    0.18   25.23 ^ clkbuf_0_clk/X (sky130_fd_sc_hd__clkbuf_16)
     8    0.08                           clknet_0_clk (net)
                  0.10    0.00   25.23 ^ clkbuf_3_7__f_clk/A (sky130_fd_sc_hd__clkbuf_16)
                  0.05    0.15   25.38 ^ clkbuf_3_7__f_clk/X (sky130_fd_sc_hd__clkbuf_16)
    11    0.03                           clknet_3_7__leaf_clk (net)
                  0.05    0.00   25.38 ^ _469_/CLK (sky130_fd_sc_hd__dfrtp_1)
                         -0.25   25.13   clock uncertainty
                          0.00   25.13   clock reconvergence pessimism
                          0.15   25.28   library recovery time
                                 25.28   data required time
-----------------------------------------------------------------------------
                                 25.28   data required time
                                 -5.38   data arrival time
-----------------------------------------------------------------------------
                                 19.90   slack (MET)


Startpoint: rst_n (input port clocked by clk)
Endpoint: _432_ (recovery check against rising-edge clock clk)
Path Group: asynchronous
Path Type: max

Fanout     Cap    Slew   Delay    Time   Description
-----------------------------------------------------------------------------
                          0.00    0.00   clock clk (rise edge)
                          0.00    0.00   clock network delay (propagated)
                          5.00    5.00 ^ input external delay
                  0.05    0.04    5.04 ^ rst_n (in)
     1    0.01                           rst_n (net)
                  0.05    0.00    5.04 ^ input17/A (sky130_fd_sc_hd__buf_12)
                  0.36    0.34    5.37 ^ input17/X (sky130_fd_sc_hd__buf_12)
    65    0.32                           net17 (net)
                  0.36    0.01    5.38 ^ _432_/RESET_B (sky130_fd_sc_hd__dfrtp_1)
                                  5.38   data arrival time

                         25.00   25.00   clock clk (rise edge)
                          0.00   25.00   clock source latency
                  0.08    0.05   25.05 ^ clk (in)
     1    0.02                           clk (net)
                  0.08    0.00   25.05 ^ clkbuf_0_clk/A (sky130_fd_sc_hd__clkbuf_16)
                  0.10    0.18   25.23 ^ clkbuf_0_clk/X (sky130_fd_sc_hd__clkbuf_16)
     8    0.08                           clknet_0_clk (net)
                  0.10    0.00   25.23 ^ clkbuf_3_7__f_clk/A (sky130_fd_sc_hd__clkbuf_16)
                  0.05    0.15   25.38 ^ clkbuf_3_7__f_clk/X (sky130_fd_sc_hd__clkbuf_16)
    11    0.03                           clknet_3_7__leaf_clk (net)
                  0.05    0.00   25.38 ^ _432_/CLK (sky130_fd_sc_hd__dfrtp_1)
                         -0.25   25.13   clock uncertainty
                          0.00   25.13   clock reconvergence pessimism
                          0.15   25.28   library recovery time
                                 25.28   data required time
-----------------------------------------------------------------------------
                                 25.28   data required time
                                 -5.38   data arrival time
-----------------------------------------------------------------------------
                                 19.90   slack (MET)


Startpoint: _475_ (rising edge-triggered flip-flop clocked by clk)
Endpoint: _477_ (rising edge-triggered flip-flop clocked by clk)
Path Group: clk
Path Type: max

Fanout     Cap    Slew   Delay    Time   Description
-----------------------------------------------------------------------------
                          0.00    0.00   clock clk (rise edge)
                          0.00    0.00   clock source latency
                  0.08    0.06    0.06 ^ clk (in)
     1    0.02                           clk (net)
                  0.08    0.00    0.06 ^ clkbuf_0_clk/A (sky130_fd_sc_hd__clkbuf_16)
                  0.10    0.20    0.26 ^ clkbuf_0_clk/X (sky130_fd_sc_hd__clkbuf_16)
     8    0.08                           clknet_0_clk (net)
                  0.10    0.00    0.26 ^ clkbuf_3_7__f_clk/A (sky130_fd_sc_hd__clkbuf_16)
                  0.05    0.16    0.42 ^ clkbuf_3_7__f_clk/X (sky130_fd_sc_hd__clkbuf_16)
    11    0.03                           clknet_3_7__leaf_clk (net)
                  0.05    0.00    0.42 ^ _475_/CLK (sky130_fd_sc_hd__dfrtp_4)
                  0.09    0.55    0.97 v _475_/Q (sky130_fd_sc_hd__dfrtp_4)
     7    0.03                           u_sort.bucket_counter[0] (net)
                  0.09    0.00    0.97 v _217_/A (sky130_fd_sc_hd__inv_2)
                  0.19    0.19    1.16 ^ _217_/Y (sky130_fd_sc_hd__inv_2)
     9    0.04                           _070_ (net)
                  0.19    0.00    1.16 ^ _240_/A1 (sky130_fd_sc_hd__o21ai_1)
                  0.06    0.10    1.27 v _240_/Y (sky130_fd_sc_hd__o21ai_1)
     1    0.00                           _093_ (net)
                  0.06    0.00    1.27 v _243_/B1 (sky130_fd_sc_hd__a2111o_2)
                  0.11    0.53    1.80 v _243_/X (sky130_fd_sc_hd__a2111o_2)
     7    0.02                           _096_ (net)
                  0.11    0.00    1.80 v _250_/D (sky130_fd_sc_hd__and4b_1)
                  0.09    0.29    2.09 v _250_/X (sky130_fd_sc_hd__and4b_1)
     3    0.01                           _102_ (net)
                  0.09    0.00    2.09 v _259_/A2 (sky130_fd_sc_hd__o2111a_2)
                  0.08    0.33    2.42 v _259_/X (sky130_fd_sc_hd__o2111a_2)
     7    0.02                           _111_ (net)
                  0.08    0.00    2.43 v _402_/B (sky130_fd_sc_hd__or4_1)
                  0.08    0.52    2.95 v _402_/X (sky130_fd_sc_hd__or4_1)
     1    0.00                           _200_ (net)
                  0.08    0.00    2.95 v _403_/A2 (sky130_fd_sc_hd__a21oi_1)
                  0.10    0.15    3.10 ^ _403_/Y (sky130_fd_sc_hd__a21oi_1)
     1    0.00                           _056_ (net)
                  0.10    0.00    3.10 ^ _477_/D (sky130_fd_sc_hd__dfrtp_1)
                                  3.10   data arrival time

                         25.00   25.00   clock clk (rise edge)
                          0.00   25.00   clock source latency
                  0.08    0.05   25.05 ^ clk (in)
     1    0.02                           clk (net)
                  0.08    0.00   25.05 ^ clkbuf_0_clk/A (sky130_fd_sc_hd__clkbuf_16)
                  0.10    0.18   25.23 ^ clkbuf_0_clk/X (sky130_fd_sc_hd__clkbuf_16)
     8    0.08                           clknet_0_clk (net)
                  0.10    0.00   25.23 ^ clkbuf_3_7__f_clk/A (sky130_fd_sc_hd__clkbuf_16)
                  0.05    0.15   25.38 ^ clkbuf_3_7__f_clk/X (sky130_fd_sc_hd__clkbuf_16)
    11    0.03                           clknet_3_7__leaf_clk (net)
                  0.05    0.00   25.38 ^ _477_/CLK (sky130_fd_sc_hd__dfrtp_1)
                         -0.25   25.13   clock uncertainty
                          0.04   25.17   clock reconvergence pessimism
                         -0.07   25.10   library setup time
                                 25.10   data required time
-----------------------------------------------------------------------------
                                 25.10   data required time
                                 -3.10   data arrival time
-----------------------------------------------------------------------------
                                 22.00   slack (MET)


Startpoint: _475_ (rising edge-triggered flip-flop clocked by clk)
Endpoint: _475_ (rising edge-triggered flip-flop clocked by clk)
Path Group: clk
Path Type: max

Fanout     Cap    Slew   Delay    Time   Description
-----------------------------------------------------------------------------
                          0.00    0.00   clock clk (rise edge)
                          0.00    0.00   clock source latency
                  0.08    0.06    0.06 ^ clk (in)
     1    0.02                           clk (net)
                  0.08    0.00    0.06 ^ clkbuf_0_clk/A (sky130_fd_sc_hd__clkbuf_16)
                  0.10    0.20    0.26 ^ clkbuf_0_clk/X (sky130_fd_sc_hd__clkbuf_16)
     8    0.08                           clknet_0_clk (net)
                  0.10    0.00    0.26 ^ clkbuf_3_7__f_clk/A (sky130_fd_sc_hd__clkbuf_16)
                  0.05    0.16    0.42 ^ clkbuf_3_7__f_clk/X (sky130_fd_sc_hd__clkbuf_16)
    11    0.03                           clknet_3_7__leaf_clk (net)
                  0.05    0.00    0.42 ^ _475_/CLK (sky130_fd_sc_hd__dfrtp_4)
                  0.09    0.55    0.97 v _475_/Q (sky130_fd_sc_hd__dfrtp_4)
     7    0.03                           u_sort.bucket_counter[0] (net)
                  0.09    0.00    0.97 v _217_/A (sky130_fd_sc_hd__inv_2)
                  0.19    0.19    1.16 ^ _217_/Y (sky130_fd_sc_hd__inv_2)
     9    0.04                           _070_ (net)
                  0.19    0.00    1.16 ^ _240_/A1 (sky130_fd_sc_hd__o21ai_1)
                  0.06    0.10    1.27 v _240_/Y (sky130_fd_sc_hd__o21ai_1)
     1    0.00                           _093_ (net)
                  0.06    0.00    1.27 v _243_/B1 (sky130_fd_sc_hd__a2111o_2)
                  0.11    0.53    1.80 v _243_/X (sky130_fd_sc_hd__a2111o_2)
     7    0.02                           _096_ (net)
                  0.11    0.00    1.80 v _250_/D (sky130_fd_sc_hd__and4b_1)
                  0.09    0.29    2.09 v _250_/X (sky130_fd_sc_hd__and4b_1)
     3    0.01                           _102_ (net)
                  0.09    0.00    2.09 v _259_/A2 (sky130_fd_sc_hd__o2111a_2)
                  0.08    0.33    2.42 v _259_/X (sky130_fd_sc_hd__o2111a_2)
     7    0.02                           _111_ (net)
                  0.08    0.00    2.43 v _392_/B (sky130_fd_sc_hd__or3_1)
                  0.06    0.36    2.78 v _392_/X (sky130_fd_sc_hd__or3_1)
     1    0.00                           _192_ (net)
                  0.06    0.00    2.78 v _394_/B (sky130_fd_sc_hd__and3_1)
                  0.04    0.17    2.95 v _394_/X (sky130_fd_sc_hd__and3_1)
     1    0.00                           _194_ (net)
                  0.04    0.00    2.95 v _395_/A (sky130_fd_sc_hd__clkbuf_1)
                  0.02    0.08    3.03 v _395_/X (sky130_fd_sc_hd__clkbuf_1)
     1    0.00                           _054_ (net)
                  0.02    0.00    3.03 v _475_/D (sky130_fd_sc_hd__dfrtp_4)
                                  3.03   data arrival time

                         25.00   25.00   clock clk (rise edge)
                          0.00   25.00   clock source latency
                  0.08    0.05   25.05 ^ clk (in)
     1    0.02                           clk (net)
                  0.08    0.00   25.05 ^ clkbuf_0_clk/A (sky130_fd_sc_hd__clkbuf_16)
                  0.10    0.18   25.23 ^ clkbuf_0_clk/X (sky130_fd_sc_hd__clkbuf_16)
     8    0.08                           clknet_0_clk (net)
                  0.10    0.00   25.23 ^ clkbuf_3_7__f_clk/A (sky130_fd_sc_hd__clkbuf_16)
                  0.05    0.15   25.38 ^ clkbuf_3_7__f_clk/X (sky130_fd_sc_hd__clkbuf_16)
    11    0.03                           clknet_3_7__leaf_clk (net)
                  0.05    0.00   25.38 ^ _475_/CLK (sky130_fd_sc_hd__dfrtp_4)
                         -0.25   25.13   clock uncertainty
                          0.04   25.17   clock reconvergence pessimism
                         -0.10   25.07   library setup time
                                 25.07   data required time
-----------------------------------------------------------------------------
                                 25.07   data required time
                                 -3.03   data arrival time
-----------------------------------------------------------------------------
                                 22.04   slack (MET)


Startpoint: _475_ (rising edge-triggered flip-flop clocked by clk)
Endpoint: _473_ (rising edge-triggered flip-flop clocked by clk)
Path Group: clk
Path Type: max

Fanout     Cap    Slew   Delay    Time   Description
-----------------------------------------------------------------------------
                          0.00    0.00   clock clk (rise edge)
                          0.00    0.00   clock source latency
                  0.08    0.06    0.06 ^ clk (in)
     1    0.02                           clk (net)
                  0.08    0.00    0.06 ^ clkbuf_0_clk/A (sky130_fd_sc_hd__clkbuf_16)
                  0.10    0.20    0.26 ^ clkbuf_0_clk/X (sky130_fd_sc_hd__clkbuf_16)
     8    0.08                           clknet_0_clk (net)
                  0.10    0.00    0.26 ^ clkbuf_3_7__f_clk/A (sky130_fd_sc_hd__clkbuf_16)
                  0.05    0.16    0.42 ^ clkbuf_3_7__f_clk/X (sky130_fd_sc_hd__clkbuf_16)
    11    0.03                           clknet_3_7__leaf_clk (net)
                  0.05    0.00    0.42 ^ _475_/CLK (sky130_fd_sc_hd__dfrtp_4)
                  0.09    0.55    0.97 v _475_/Q (sky130_fd_sc_hd__dfrtp_4)
     7    0.03                           u_sort.bucket_counter[0] (net)
                  0.09    0.00    0.97 v _217_/A (sky130_fd_sc_hd__inv_2)
                  0.19    0.19    1.16 ^ _217_/Y (sky130_fd_sc_hd__inv_2)
     9    0.04                           _070_ (net)
                  0.19    0.00    1.16 ^ _240_/A1 (sky130_fd_sc_hd__o21ai_1)
                  0.06    0.10    1.27 v _240_/Y (sky130_fd_sc_hd__o21ai_1)
     1    0.00                           _093_ (net)
                  0.06    0.00    1.27 v _243_/B1 (sky130_fd_sc_hd__a2111o_2)
                  0.11    0.53    1.80 v _243_/X (sky130_fd_sc_hd__a2111o_2)
     7    0.02                           _096_ (net)
                  0.11    0.00    1.80 v _244_/D (sky130_fd_sc_hd__and4_1)
                  0.06    0.26    2.06 v _244_/X (sky130_fd_sc_hd__and4_1)
     2    0.01                           _097_ (net)
                  0.06    0.00    2.06 v _247_/A_N (sky130_fd_sc_hd__and3b_1)
                  0.05    0.22    2.28 ^ _247_/X (sky130_fd_sc_hd__and3b_1)
     1    0.00                           _100_ (net)
                  0.05    0.00    2.28 ^ _248_/A (sky130_fd_sc_hd__clkbuf_4)
                  0.15    0.23    2.50 ^ _248_/X (sky130_fd_sc_hd__clkbuf_4)
     7    0.05                           _002_ (net)
                  0.15    0.00    2.50 ^ _387_/S (sky130_fd_sc_hd__mux2_1)
                  0.06    0.36    2.86 v _387_/X (sky130_fd_sc_hd__mux2_1)
     1    0.00                           _189_ (net)
                  0.06    0.00    2.86 v _388_/A (sky130_fd_sc_hd__clkbuf_1)
                  0.02    0.10    2.96 v _388_/X (sky130_fd_sc_hd__clkbuf_1)
     1    0.00                           _052_ (net)
                  0.02    0.00    2.96 v _473_/D (sky130_fd_sc_hd__dfrtp_1)
                                  2.96   data arrival time

                         25.00   25.00   clock clk (rise edge)
                          0.00   25.00   clock source latency
                  0.08    0.05   25.05 ^ clk (in)
     1    0.02                           clk (net)
                  0.08    0.00   25.05 ^ clkbuf_0_clk/A (sky130_fd_sc_hd__clkbuf_16)
                  0.10    0.18   25.23 ^ clkbuf_0_clk/X (sky130_fd_sc_hd__clkbuf_16)
     8    0.08                           clknet_0_clk (net)
                  0.10    0.00   25.23 ^ clkbuf_3_3__f_clk/A (sky130_fd_sc_hd__clkbuf_16)
                  0.05    0.14   25.38 ^ clkbuf_3_3__f_clk/X (sky130_fd_sc_hd__clkbuf_16)
     8    0.02                           clknet_3_3__leaf_clk (net)
                  0.05    0.00   25.38 ^ _473_/CLK (sky130_fd_sc_hd__dfrtp_1)
                         -0.25   25.13   clock uncertainty
                          0.02   25.15   clock reconvergence pessimism
                         -0.10   25.05   library setup time
                                 25.05   data required time
-----------------------------------------------------------------------------
                                 25.05   data required time
                                 -2.96   data arrival time
-----------------------------------------------------------------------------
                                 22.09   slack (MET)


Startpoint: _475_ (rising edge-triggered flip-flop clocked by clk)
Endpoint: _470_ (rising edge-triggered flip-flop clocked by clk)
Path Group: clk
Path Type: max

Fanout     Cap    Slew   Delay    Time   Description
-----------------------------------------------------------------------------
                          0.00    0.00   clock clk (rise edge)
                          0.00    0.00   clock source latency
                  0.08    0.06    0.06 ^ clk (in)
     1    0.02                           clk (net)
                  0.08    0.00    0.06 ^ clkbuf_0_clk/A (sky130_fd_sc_hd__clkbuf_16)
                  0.10    0.20    0.26 ^ clkbuf_0_clk/X (sky130_fd_sc_hd__clkbuf_16)
     8    0.08                           clknet_0_clk (net)
                  0.10    0.00    0.26 ^ clkbuf_3_7__f_clk/A (sky130_fd_sc_hd__clkbuf_16)
                  0.05    0.16    0.42 ^ clkbuf_3_7__f_clk/X (sky130_fd_sc_hd__clkbuf_16)
    11    0.03                           clknet_3_7__leaf_clk (net)
                  0.05    0.00    0.42 ^ _475_/CLK (sky130_fd_sc_hd__dfrtp_4)
                  0.09    0.55    0.97 v _475_/Q (sky130_fd_sc_hd__dfrtp_4)
     7    0.03                           u_sort.bucket_counter[0] (net)
                  0.09    0.00    0.97 v _217_/A (sky130_fd_sc_hd__inv_2)
                  0.19    0.19    1.16 ^ _217_/Y (sky130_fd_sc_hd__inv_2)
     9    0.04                           _070_ (net)
                  0.19    0.00    1.16 ^ _240_/A1 (sky130_fd_sc_hd__o21ai_1)
                  0.06    0.10    1.27 v _240_/Y (sky130_fd_sc_hd__o21ai_1)
     1    0.00                           _093_ (net)
                  0.06    0.00    1.27 v _243_/B1 (sky130_fd_sc_hd__a2111o_2)
                  0.11    0.53    1.80 v _243_/X (sky130_fd_sc_hd__a2111o_2)
     7    0.02                           _096_ (net)
                  0.11    0.00    1.80 v _244_/D (sky130_fd_sc_hd__and4_1)
                  0.06    0.26    2.06 v _244_/X (sky130_fd_sc_hd__and4_1)
     2    0.01                           _097_ (net)
                  0.06    0.00    2.06 v _247_/A_N (sky130_fd_sc_hd__and3b_1)
                  0.05    0.22    2.28 ^ _247_/X (sky130_fd_sc_hd__and3b_1)
     1    0.00                           _100_ (net)
                  0.05    0.00    2.28 ^ _248_/A (sky130_fd_sc_hd__clkbuf_4)
                  0.15    0.23    2.50 ^ _248_/X (sky130_fd_sc_hd__clkbuf_4)
     7    0.05                           _002_ (net)
                  0.15    0.00    2.51 ^ _380_/S (sky130_fd_sc_hd__mux2_1)
                  0.05    0.35    2.85 v _380_/X (sky130_fd_sc_hd__mux2_1)
     1    0.00                           _184_ (net)
                  0.05    0.00    2.85 v _381_/A (sky130_fd_sc_hd__clkbuf_1)
                  0.03    0.10    2.95 v _381_/X (sky130_fd_sc_hd__clkbuf_1)
     1    0.00                           _050_ (net)
                  0.03    0.00    2.95 v _470_/D (sky130_fd_sc_hd__dfrtp_1)
                                  2.95   data arrival time

                         25.00   25.00   clock clk (rise edge)
                          0.00   25.00   clock source latency
                  0.08    0.05   25.05 ^ clk (in)
     1    0.02                           clk (net)
                  0.08    0.00   25.05 ^ clkbuf_0_clk/A (sky130_fd_sc_hd__clkbuf_16)
                  0.10    0.18   25.23 ^ clkbuf_0_clk/X (sky130_fd_sc_hd__clkbuf_16)
     8    0.08                           clknet_0_clk (net)
                  0.10    0.00   25.23 ^ clkbuf_3_5__f_clk/A (sky130_fd_sc_hd__clkbuf_16)
                  0.04    0.14   25.37 ^ clkbuf_3_5__f_clk/X (sky130_fd_sc_hd__clkbuf_16)
     7    0.02                           clknet_3_5__leaf_clk (net)
                  0.04    0.00   25.37 ^ _470_/CLK (sky130_fd_sc_hd__dfrtp_1)
                         -0.25   25.12   clock uncertainty
                          0.02   25.15   clock reconvergence pessimism
                         -0.11   25.04   library setup time
                                 25.04   data required time
-----------------------------------------------------------------------------
                                 25.04   data required time
                                 -2.95   data arrival time
-----------------------------------------------------------------------------
                                 22.09   slack (MET)


Startpoint: _475_ (rising edge-triggered flip-flop clocked by clk)
Endpoint: _474_ (rising edge-triggered flip-flop clocked by clk)
Path Group: clk
Path Type: max

Fanout     Cap    Slew   Delay    Time   Description
-----------------------------------------------------------------------------
                          0.00    0.00   clock clk (rise edge)
                          0.00    0.00   clock source latency
                  0.08    0.06    0.06 ^ clk (in)
     1    0.02                           clk (net)
                  0.08    0.00    0.06 ^ clkbuf_0_clk/A (sky130_fd_sc_hd__clkbuf_16)
                  0.10    0.20    0.26 ^ clkbuf_0_clk/X (sky130_fd_sc_hd__clkbuf_16)
     8    0.08                           clknet_0_clk (net)
                  0.10    0.00    0.26 ^ clkbuf_3_7__f_clk/A (sky130_fd_sc_hd__clkbuf_16)
                  0.05    0.16    0.42 ^ clkbuf_3_7__f_clk/X (sky130_fd_sc_hd__clkbuf_16)
    11    0.03                           clknet_3_7__leaf_clk (net)
                  0.05    0.00    0.42 ^ _475_/CLK (sky130_fd_sc_hd__dfrtp_4)
                  0.09    0.55    0.97 v _475_/Q (sky130_fd_sc_hd__dfrtp_4)
     7    0.03                           u_sort.bucket_counter[0] (net)
                  0.09    0.00    0.97 v _217_/A (sky130_fd_sc_hd__inv_2)
                  0.19    0.19    1.16 ^ _217_/Y (sky130_fd_sc_hd__inv_2)
     9    0.04                           _070_ (net)
                  0.19    0.00    1.16 ^ _240_/A1 (sky130_fd_sc_hd__o21ai_1)
                  0.06    0.10    1.27 v _240_/Y (sky130_fd_sc_hd__o21ai_1)
     1    0.00                           _093_ (net)
                  0.06    0.00    1.27 v _243_/B1 (sky130_fd_sc_hd__a2111o_2)
                  0.11    0.53    1.80 v _243_/X (sky130_fd_sc_hd__a2111o_2)
     7    0.02                           _096_ (net)
                  0.11    0.00    1.80 v _244_/D (sky130_fd_sc_hd__and4_1)
                  0.06    0.26    2.06 v _244_/X (sky130_fd_sc_hd__and4_1)
     2    0.01                           _097_ (net)
                  0.06    0.00    2.06 v _247_/A_N (sky130_fd_sc_hd__and3b_1)
                  0.05    0.22    2.28 ^ _247_/X (sky130_fd_sc_hd__and3b_1)
     1    0.00                           _100_ (net)
                  0.05    0.00    2.28 ^ _248_/A (sky130_fd_sc_hd__clkbuf_4)
                  0.15    0.23    2.50 ^ _248_/X (sky130_fd_sc_hd__clkbuf_4)
     7    0.05                           _002_ (net)
                  0.15    0.00    2.51 ^ _389_/S (sky130_fd_sc_hd__mux2_1)
                  0.05    0.35    2.85 v _389_/X (sky130_fd_sc_hd__mux2_1)
     1    0.00                           _190_ (net)
                  0.05    0.00    2.85 v _390_/A (sky130_fd_sc_hd__clkbuf_1)
                  0.03    0.10    2.95 v _390_/X (sky130_fd_sc_hd__clkbuf_1)
     1    0.00                           _053_ (net)
                  0.03    0.00    2.95 v _474_/D (sky130_fd_sc_hd__dfrtp_1)
                                  2.95   data arrival time

                         25.00   25.00   clock clk (rise edge)
                          0.00   25.00   clock source latency
                  0.08    0.05   25.05 ^ clk (in)
     1    0.02                           clk (net)
                  0.08    0.00   25.05 ^ clkbuf_0_clk/A (sky130_fd_sc_hd__clkbuf_16)
                  0.10    0.18   25.23 ^ clkbuf_0_clk/X (sky130_fd_sc_hd__clkbuf_16)
     8    0.08                           clknet_0_clk (net)
                  0.10    0.00   25.23 ^ clkbuf_3_4__f_clk/A (sky130_fd_sc_hd__clkbuf_16)
                  0.04    0.14   25.37 ^ clkbuf_3_4__f_clk/X (sky130_fd_sc_hd__clkbuf_16)
     6    0.02                           clknet_3_4__leaf_clk (net)
                  0.04    0.00   25.37 ^ _474_/CLK (sky130_fd_sc_hd__dfrtp_1)
                         -0.25   25.12   clock uncertainty
                          0.02   25.14   clock reconvergence pessimism
                         -0.11   25.04   library setup time
                                 25.04   data required time
-----------------------------------------------------------------------------
                                 25.04   data required time
                                 -2.95   data arrival time
-----------------------------------------------------------------------------
                                 22.09   slack (MET)


Startpoint: _475_ (rising edge-triggered flip-flop clocked by clk)
Endpoint: _468_ (rising edge-triggered flip-flop clocked by clk)
Path Group: clk
Path Type: max

Fanout     Cap    Slew   Delay    Time   Description
-----------------------------------------------------------------------------
                          0.00    0.00   clock clk (rise edge)
                          0.00    0.00   clock source latency
                  0.08    0.06    0.06 ^ clk (in)
     1    0.02                           clk (net)
                  0.08    0.00    0.06 ^ clkbuf_0_clk/A (sky130_fd_sc_hd__clkbuf_16)
                  0.10    0.20    0.26 ^ clkbuf_0_clk/X (sky130_fd_sc_hd__clkbuf_16)
     8    0.08                           clknet_0_clk (net)
                  0.10    0.00    0.26 ^ clkbuf_3_7__f_clk/A (sky130_fd_sc_hd__clkbuf_16)
                  0.05    0.16    0.42 ^ clkbuf_3_7__f_clk/X (sky130_fd_sc_hd__clkbuf_16)
    11    0.03                           clknet_3_7__leaf_clk (net)
                  0.05    0.00    0.42 ^ _475_/CLK (sky130_fd_sc_hd__dfrtp_4)
                  0.09    0.55    0.97 v _475_/Q (sky130_fd_sc_hd__dfrtp_4)
     7    0.03                           u_sort.bucket_counter[0] (net)
                  0.09    0.00    0.97 v _217_/A (sky130_fd_sc_hd__inv_2)
                  0.19    0.19    1.16 ^ _217_/Y (sky130_fd_sc_hd__inv_2)
     9    0.04                           _070_ (net)
                  0.19    0.00    1.16 ^ _240_/A1 (sky130_fd_sc_hd__o21ai_1)
                  0.06    0.10    1.27 v _240_/Y (sky130_fd_sc_hd__o21ai_1)
     1    0.00                           _093_ (net)
                  0.06    0.00    1.27 v _243_/B1 (sky130_fd_sc_hd__a2111o_2)
                  0.11    0.53    1.80 v _243_/X (sky130_fd_sc_hd__a2111o_2)
     7    0.02                           _096_ (net)
                  0.11    0.00    1.80 v _244_/D (sky130_fd_sc_hd__and4_1)
                  0.06    0.26    2.06 v _244_/X (sky130_fd_sc_hd__and4_1)
     2    0.01                           _097_ (net)
                  0.06    0.00    2.06 v _247_/A_N (sky130_fd_sc_hd__and3b_1)
                  0.05    0.22    2.28 ^ _247_/X (sky130_fd_sc_hd__and3b_1)
     1    0.00                           _100_ (net)
                  0.05    0.00    2.28 ^ _248_/A (sky130_fd_sc_hd__clkbuf_4)
                  0.15    0.23    2.50 ^ _248_/X (sky130_fd_sc_hd__clkbuf_4)
     7    0.05                           _002_ (net)
                  0.15    0.00    2.51 ^ _376_/S (sky130_fd_sc_hd__mux2_1)
                  0.05    0.35    2.85 v _376_/X (sky130_fd_sc_hd__mux2_1)
     1    0.00                           _182_ (net)
                  0.05    0.00    2.85 v _377_/A (sky130_fd_sc_hd__clkbuf_1)
                  0.03    0.10    2.95 v _377_/X (sky130_fd_sc_hd__clkbuf_1)
     1    0.00                           _048_ (net)
                  0.03    0.00    2.95 v _468_/D (sky130_fd_sc_hd__dfrtp_1)
                                  2.95   data arrival time

                         25.00   25.00   clock clk (rise edge)
                          0.00   25.00   clock source latency
                  0.08    0.05   25.05 ^ clk (in)
     1    0.02                           clk (net)
                  0.08    0.00   25.05 ^ clkbuf_0_clk/A (sky130_fd_sc_hd__clkbuf_16)
                  0.10    0.18   25.23 ^ clkbuf_0_clk/X (sky130_fd_sc_hd__clkbuf_16)
     8    0.08                           clknet_0_clk (net)
                  0.10    0.00   25.23 ^ clkbuf_3_6__f_clk/A (sky130_fd_sc_hd__clkbuf_16)
                  0.05    0.14   25.38 ^ clkbuf_3_6__f_clk/X (sky130_fd_sc_hd__clkbuf_16)
     8    0.03                           clknet_3_6__leaf_clk (net)
                  0.05    0.00   25.38 ^ _468_/CLK (sky130_fd_sc_hd__dfrtp_1)
                         -0.25   25.13   clock uncertainty
                          0.02   25.15   clock reconvergence pessimism
                         -0.11   25.04   library setup time
                                 25.04   data required time
-----------------------------------------------------------------------------
                                 25.04   data required time
                                 -2.95   data arrival time
-----------------------------------------------------------------------------
                                 22.09   slack (MET)


Startpoint: _475_ (rising edge-triggered flip-flop clocked by clk)
Endpoint: _472_ (rising edge-triggered flip-flop clocked by clk)
Path Group: clk
Path Type: max

Fanout     Cap    Slew   Delay    Time   Description
-----------------------------------------------------------------------------
                          0.00    0.00   clock clk (rise edge)
                          0.00    0.00   clock source latency
                  0.08    0.06    0.06 ^ clk (in)
     1    0.02                           clk (net)
                  0.08    0.00    0.06 ^ clkbuf_0_clk/A (sky130_fd_sc_hd__clkbuf_16)
                  0.10    0.20    0.26 ^ clkbuf_0_clk/X (sky130_fd_sc_hd__clkbuf_16)
     8    0.08                           clknet_0_clk (net)
                  0.10    0.00    0.26 ^ clkbuf_3_7__f_clk/A (sky130_fd_sc_hd__clkbuf_16)
                  0.05    0.16    0.42 ^ clkbuf_3_7__f_clk/X (sky130_fd_sc_hd__clkbuf_16)
    11    0.03                           clknet_3_7__leaf_clk (net)
                  0.05    0.00    0.42 ^ _475_/CLK (sky130_fd_sc_hd__dfrtp_4)
                  0.09    0.55    0.97 v _475_/Q (sky130_fd_sc_hd__dfrtp_4)
     7    0.03                           u_sort.bucket_counter[0] (net)
                  0.09    0.00    0.97 v _217_/A (sky130_fd_sc_hd__inv_2)
                  0.19    0.19    1.16 ^ _217_/Y (sky130_fd_sc_hd__inv_2)
     9    0.04                           _070_ (net)
                  0.19    0.00    1.16 ^ _240_/A1 (sky130_fd_sc_hd__o21ai_1)
                  0.06    0.10    1.27 v _240_/Y (sky130_fd_sc_hd__o21ai_1)
     1    0.00                           _093_ (net)
                  0.06    0.00    1.27 v _243_/B1 (sky130_fd_sc_hd__a2111o_2)
                  0.11    0.53    1.80 v _243_/X (sky130_fd_sc_hd__a2111o_2)
     7    0.02                           _096_ (net)
                  0.11    0.00    1.80 v _244_/D (sky130_fd_sc_hd__and4_1)
                  0.06    0.26    2.06 v _244_/X (sky130_fd_sc_hd__and4_1)
     2    0.01                           _097_ (net)
                  0.06    0.00    2.06 v _247_/A_N (sky130_fd_sc_hd__and3b_1)
                  0.05    0.22    2.28 ^ _247_/X (sky130_fd_sc_hd__and3b_1)
     1    0.00                           _100_ (net)
                  0.05    0.00    2.28 ^ _248_/A (sky130_fd_sc_hd__clkbuf_4)
                  0.15    0.23    2.50 ^ _248_/X (sky130_fd_sc_hd__clkbuf_4)
     7    0.05                           _002_ (net)
                  0.15    0.00    2.51 ^ _384_/S (sky130_fd_sc_hd__mux2_1)
                  0.05    0.35    2.85 v _384_/X (sky130_fd_sc_hd__mux2_1)
     1    0.00                           _187_ (net)
                  0.05    0.00    2.85 v _385_/A (sky130_fd_sc_hd__clkbuf_1)
                  0.03    0.09    2.95 v _385_/X (sky130_fd_sc_hd__clkbuf_1)
     1    0.00                           _051_ (net)
                  0.03    0.00    2.95 v _472_/D (sky130_fd_sc_hd__dfrtp_1)
                                  2.95   data arrival time

                         25.00   25.00   clock clk (rise edge)
                          0.00   25.00   clock source latency
                  0.08    0.05   25.05 ^ clk (in)
     1    0.02                           clk (net)
                  0.08    0.00   25.05 ^ clkbuf_0_clk/A (sky130_fd_sc_hd__clkbuf_16)
                  0.10    0.18   25.23 ^ clkbuf_0_clk/X (sky130_fd_sc_hd__clkbuf_16)
     8    0.08                           clknet_0_clk (net)
                  0.10    0.00   25.23 ^ clkbuf_3_7__f_clk/A (sky130_fd_sc_hd__clkbuf_16)
                  0.05    0.15   25.38 ^ clkbuf_3_7__f_clk/X (sky130_fd_sc_hd__clkbuf_16)
    11    0.03                           clknet_3_7__leaf_clk (net)
                  0.05    0.00   25.38 ^ _472_/CLK (sky130_fd_sc_hd__dfrtp_1)
                         -0.25   25.13   clock uncertainty
                          0.04   25.17   clock reconvergence pessimism
                         -0.10   25.07   library setup time
                                 25.07   data required time
-----------------------------------------------------------------------------
                                 25.07   data required time
                                 -2.95   data arrival time
-----------------------------------------------------------------------------
                                 22.12   slack (MET)


Startpoint: _475_ (rising edge-triggered flip-flop clocked by clk)
Endpoint: _469_ (rising edge-triggered flip-flop clocked by clk)
Path Group: clk
Path Type: max

Fanout     Cap    Slew   Delay    Time   Description
-----------------------------------------------------------------------------
                          0.00    0.00   clock clk (rise edge)
                          0.00    0.00   clock source latency
                  0.08    0.06    0.06 ^ clk (in)
     1    0.02                           clk (net)
                  0.08    0.00    0.06 ^ clkbuf_0_clk/A (sky130_fd_sc_hd__clkbuf_16)
                  0.10    0.20    0.26 ^ clkbuf_0_clk/X (sky130_fd_sc_hd__clkbuf_16)
     8    0.08                           clknet_0_clk (net)
                  0.10    0.00    0.26 ^ clkbuf_3_7__f_clk/A (sky130_fd_sc_hd__clkbuf_16)
                  0.05    0.16    0.42 ^ clkbuf_3_7__f_clk/X (sky130_fd_sc_hd__clkbuf_16)
    11    0.03                           clknet_3_7__leaf_clk (net)
                  0.05    0.00    0.42 ^ _475_/CLK (sky130_fd_sc_hd__dfrtp_4)
                  0.09    0.55    0.97 v _475_/Q (sky130_fd_sc_hd__dfrtp_4)
     7    0.03                           u_sort.bucket_counter[0] (net)
                  0.09    0.00    0.97 v _217_/A (sky130_fd_sc_hd__inv_2)
                  0.19    0.19    1.16 ^ _217_/Y (sky130_fd_sc_hd__inv_2)
     9    0.04                           _070_ (net)
                  0.19    0.00    1.16 ^ _240_/A1 (sky130_fd_sc_hd__o21ai_1)
                  0.06    0.10    1.27 v _240_/Y (sky130_fd_sc_hd__o21ai_1)
     1    0.00                           _093_ (net)
                  0.06    0.00    1.27 v _243_/B1 (sky130_fd_sc_hd__a2111o_2)
                  0.11    0.53    1.80 v _243_/X (sky130_fd_sc_hd__a2111o_2)
     7    0.02                           _096_ (net)
                  0.11    0.00    1.80 v _244_/D (sky130_fd_sc_hd__and4_1)
                  0.06    0.26    2.06 v _244_/X (sky130_fd_sc_hd__and4_1)
     2    0.01                           _097_ (net)
                  0.06    0.00    2.06 v _247_/A_N (sky130_fd_sc_hd__and3b_1)
                  0.05    0.22    2.28 ^ _247_/X (sky130_fd_sc_hd__and3b_1)
     1    0.00                           _100_ (net)
                  0.05    0.00    2.28 ^ _248_/A (sky130_fd_sc_hd__clkbuf_4)
                  0.15    0.23    2.50 ^ _248_/X (sky130_fd_sc_hd__clkbuf_4)
     7    0.05                           _002_ (net)
                  0.15    0.00    2.51 ^ _378_/S (sky130_fd_sc_hd__mux2_1)
                  0.06    0.35    2.86 v _378_/X (sky130_fd_sc_hd__mux2_1)
     1    0.00                           _183_ (net)
                  0.06    0.00    2.86 v _379_/A (sky130_fd_sc_hd__clkbuf_1)
                  0.02    0.09    2.95 v _379_/X (sky130_fd_sc_hd__clkbuf_1)
     1    0.00                           _049_ (net)
                  0.02    0.00    2.95 v _469_/D (sky130_fd_sc_hd__dfrtp_1)
                                  2.95   data arrival time

                         25.00   25.00   clock clk (rise edge)
                          0.00   25.00   clock source latency
                  0.08    0.05   25.05 ^ clk (in)
     1    0.02                           clk (net)
                  0.08    0.00   25.05 ^ clkbuf_0_clk/A (sky130_fd_sc_hd__clkbuf_16)
                  0.10    0.18   25.23 ^ clkbuf_0_clk/X (sky130_fd_sc_hd__clkbuf_16)
     8    0.08                           clknet_0_clk (net)
                  0.10    0.00   25.23 ^ clkbuf_3_7__f_clk/A (sky130_fd_sc_hd__clkbuf_16)
                  0.05    0.15   25.38 ^ clkbuf_3_7__f_clk/X (sky130_fd_sc_hd__clkbuf_16)
    11    0.03                           clknet_3_7__leaf_clk (net)
                  0.05    0.00   25.38 ^ _469_/CLK (sky130_fd_sc_hd__dfrtp_1)
                         -0.25   25.13   clock uncertainty
                          0.04   25.17   clock reconvergence pessimism
                         -0.10   25.07   library setup time
                                 25.07   data required time
-----------------------------------------------------------------------------
                                 25.07   data required time
                                 -2.95   data arrival time
-----------------------------------------------------------------------------
                                 22.12   slack (MET)


Startpoint: _475_ (rising edge-triggered flip-flop clocked by clk)
Endpoint: _476_ (rising edge-triggered flip-flop clocked by clk)
Path Group: clk
Path Type: max

Fanout     Cap    Slew   Delay    Time   Description
-----------------------------------------------------------------------------
                          0.00    0.00   clock clk (rise edge)
                          0.00    0.00   clock source latency
                  0.08    0.06    0.06 ^ clk (in)
     1    0.02                           clk (net)
                  0.08    0.00    0.06 ^ clkbuf_0_clk/A (sky130_fd_sc_hd__clkbuf_16)
                  0.10    0.20    0.26 ^ clkbuf_0_clk/X (sky130_fd_sc_hd__clkbuf_16)
     8    0.08                           clknet_0_clk (net)
                  0.10    0.00    0.26 ^ clkbuf_3_7__f_clk/A (sky130_fd_sc_hd__clkbuf_16)
                  0.05    0.16    0.42 ^ clkbuf_3_7__f_clk/X (sky130_fd_sc_hd__clkbuf_16)
    11    0.03                           clknet_3_7__leaf_clk (net)
                  0.05    0.00    0.42 ^ _475_/CLK (sky130_fd_sc_hd__dfrtp_4)
                  0.09    0.55    0.97 v _475_/Q (sky130_fd_sc_hd__dfrtp_4)
     7    0.03                           u_sort.bucket_counter[0] (net)
                  0.09    0.00    0.97 v _217_/A (sky130_fd_sc_hd__inv_2)
                  0.19    0.19    1.16 ^ _217_/Y (sky130_fd_sc_hd__inv_2)
     9    0.04                           _070_ (net)
                  0.19    0.00    1.16 ^ _240_/A1 (sky130_fd_sc_hd__o21ai_1)
                  0.06    0.10    1.27 v _240_/Y (sky130_fd_sc_hd__o21ai_1)
     1    0.00                           _093_ (net)
                  0.06    0.00    1.27 v _243_/B1 (sky130_fd_sc_hd__a2111o_2)
                  0.11    0.53    1.80 v _243_/X (sky130_fd_sc_hd__a2111o_2)
     7    0.02                           _096_ (net)
                  0.11    0.00    1.80 v _250_/D (sky130_fd_sc_hd__and4b_1)
                  0.09    0.29    2.09 v _250_/X (sky130_fd_sc_hd__and4b_1)
     3    0.01                           _102_ (net)
                  0.09    0.00    2.09 v _259_/A2 (sky130_fd_sc_hd__o2111a_2)
                  0.08    0.33    2.42 v _259_/X (sky130_fd_sc_hd__o2111a_2)
     7    0.02                           _111_ (net)
                  0.08    0.00    2.43 v _399_/B1 (sky130_fd_sc_hd__a211o_1)
                  0.05    0.29    2.71 v _399_/X (sky130_fd_sc_hd__a211o_1)
     1    0.00                           _198_ (net)
                  0.05    0.00    2.71 v _400_/B1 (sky130_fd_sc_hd__o211a_1)
                  0.04    0.12    2.84 v _400_/X (sky130_fd_sc_hd__o211a_1)
     1    0.00                           _055_ (net)
                  0.04    0.00    2.84 v _476_/D (sky130_fd_sc_hd__dfrtp_1)
                                  2.84   data arrival time

                         25.00   25.00   clock clk (rise edge)
                          0.00   25.00   clock source latency
                  0.08    0.05   25.05 ^ clk (in)
     1    0.02                           clk (net)
                  0.08    0.00   25.05 ^ clkbuf_0_clk/A (sky130_fd_sc_hd__clkbuf_16)
                  0.10    0.18   25.23 ^ clkbuf_0_clk/X (sky130_fd_sc_hd__clkbuf_16)
     8    0.08                           clknet_0_clk (net)
                  0.10    0.00   25.23 ^ clkbuf_3_7__f_clk/A (sky130_fd_sc_hd__clkbuf_16)
                  0.05    0.15   25.38 ^ clkbuf_3_7__f_clk/X (sky130_fd_sc_hd__clkbuf_16)
    11    0.03                           clknet_3_7__leaf_clk (net)
                  0.05    0.00   25.38 ^ _476_/CLK (sky130_fd_sc_hd__dfrtp_1)
                         -0.25   25.13   clock uncertainty
                          0.04   25.17   clock reconvergence pessimism
                         -0.11   25.06   library setup time
                                 25.06   data required time
-----------------------------------------------------------------------------
                                 25.06   data required time
                                 -2.84   data arrival time
-----------------------------------------------------------------------------
                                 22.23   slack (MET)


Startpoint: _476_ (rising edge-triggered flip-flop clocked by clk)
Endpoint: _483_ (rising edge-triggered flip-flop clocked by clk)
Path Group: clk
Path Type: max

Fanout     Cap    Slew   Delay    Time   Description
-----------------------------------------------------------------------------
                          0.00    0.00   clock clk (rise edge)
                          0.00    0.00   clock source latency
                  0.08    0.06    0.06 ^ clk (in)
     1    0.02                           clk (net)
                  0.08    0.00    0.06 ^ clkbuf_0_clk/A (sky130_fd_sc_hd__clkbuf_16)
                  0.10    0.20    0.26 ^ clkbuf_0_clk/X (sky130_fd_sc_hd__clkbuf_16)
     8    0.08                           clknet_0_clk (net)
                  0.10    0.00    0.26 ^ clkbuf_3_7__f_clk/A (sky130_fd_sc_hd__clkbuf_16)
                  0.05    0.16    0.42 ^ clkbuf_3_7__f_clk/X (sky130_fd_sc_hd__clkbuf_16)
    11    0.03                           clknet_3_7__leaf_clk (net)
                  0.05    0.00    0.42 ^ _476_/CLK (sky130_fd_sc_hd__dfrtp_1)
                  0.04    0.37    0.79 v _476_/Q (sky130_fd_sc_hd__dfrtp_1)
     1    0.00                           u_sort.bucket_counter[1] (net)
                  0.04    0.00    0.79 v _218_/A (sky130_fd_sc_hd__clkbuf_4)
                  0.11    0.21    1.01 v _218_/X (sky130_fd_sc_hd__clkbuf_4)
    10    0.05                           _071_ (net)
                  0.11    0.00    1.01 v _219_/A (sky130_fd_sc_hd__or2_1)
                  0.05    0.25    1.26 v _219_/X (sky130_fd_sc_hd__or2_1)
     1    0.00                           _072_ (net)
                  0.05    0.00    1.26 v _223_/B1 (sky130_fd_sc_hd__a221o_1)
                  0.05    0.30    1.57 v _223_/X (sky130_fd_sc_hd__a221o_1)
     1    0.00                           _076_ (net)
                  0.05    0.00    1.57 v _224_/C1 (sky130_fd_sc_hd__a211o_1)
                  0.06    0.26    1.83 v _224_/X (sky130_fd_sc_hd__a211o_1)
     2    0.01                           _077_ (net)
                  0.06    0.00    1.83 v _250_/A_N (sky130_fd_sc_hd__and4b_1)
                  0.16    0.35    2.18 ^ _250_/X (sky130_fd_sc_hd__and4b_1)
     3    0.01                           _102_ (net)
                  0.16    0.00    2.18 ^ _414_/A2 (sky130_fd_sc_hd__a21oi_1)
                  0.05    0.09    2.26 v _414_/Y (sky130_fd_sc_hd__a21oi_1)
     1    0.00                           _207_ (net)
                  0.05    0.00    2.26 v _415_/B (sky130_fd_sc_hd__or2_1)
                  0.05    0.22    2.49 v _415_/X (sky130_fd_sc_hd__or2_1)
     1    0.00                           _208_ (net)
                  0.05    0.00    2.49 v _416_/A (sky130_fd_sc_hd__clkbuf_1)
                  0.03    0.10    2.59 v _416_/X (sky130_fd_sc_hd__clkbuf_1)
     1    0.00                           _061_ (net)
                  0.03    0.00    2.59 v _483_/D (sky130_fd_sc_hd__dfrtp_1)
                                  2.59   data arrival time

                         25.00   25.00   clock clk (rise edge)
                          0.00   25.00   clock source latency
                  0.08    0.05   25.05 ^ clk (in)
     1    0.02                           clk (net)
                  0.08    0.00   25.05 ^ clkbuf_0_clk/A (sky130_fd_sc_hd__clkbuf_16)
                  0.10    0.18   25.23 ^ clkbuf_0_clk/X (sky130_fd_sc_hd__clkbuf_16)
     8    0.08                           clknet_0_clk (net)
                  0.10    0.00   25.23 ^ clkbuf_3_6__f_clk/A (sky130_fd_sc_hd__clkbuf_16)
                  0.05    0.14   25.38 ^ clkbuf_3_6__f_clk/X (sky130_fd_sc_hd__clkbuf_16)
     8    0.03                           clknet_3_6__leaf_clk (net)
                  0.05    0.00   25.38 ^ _483_/CLK (sky130_fd_sc_hd__dfrtp_1)
                         -0.25   25.13   clock uncertainty
                          0.02   25.15   clock reconvergence pessimism
                         -0.11   25.04   library setup time
                                 25.04   data required time
-----------------------------------------------------------------------------
                                 25.04   data required time
                                 -2.59   data arrival time
-----------------------------------------------------------------------------
                                 22.46   slack (MET)


Startpoint: _476_ (rising edge-triggered flip-flop clocked by clk)
Endpoint: _478_ (rising edge-triggered flip-flop clocked by clk)
Path Group: clk
Path Type: max

Fanout     Cap    Slew   Delay    Time   Description
-----------------------------------------------------------------------------
                          0.00    0.00   clock clk (rise edge)
                          0.00    0.00   clock source latency
                  0.08    0.06    0.06 ^ clk (in)
     1    0.02                           clk (net)
                  0.08    0.00    0.06 ^ clkbuf_0_clk/A (sky130_fd_sc_hd__clkbuf_16)
                  0.10    0.20    0.26 ^ clkbuf_0_clk/X (sky130_fd_sc_hd__clkbuf_16)
     8    0.08                           clknet_0_clk (net)
                  0.10    0.00    0.26 ^ clkbuf_3_7__f_clk/A (sky130_fd_sc_hd__clkbuf_16)
                  0.05    0.16    0.42 ^ clkbuf_3_7__f_clk/X (sky130_fd_sc_hd__clkbuf_16)
    11    0.03                           clknet_3_7__leaf_clk (net)
                  0.05    0.00    0.42 ^ _476_/CLK (sky130_fd_sc_hd__dfrtp_1)
                  0.04    0.37    0.79 v _476_/Q (sky130_fd_sc_hd__dfrtp_1)
     1    0.00                           u_sort.bucket_counter[1] (net)
                  0.04    0.00    0.79 v _218_/A (sky130_fd_sc_hd__clkbuf_4)
                  0.11    0.21    1.01 v _218_/X (sky130_fd_sc_hd__clkbuf_4)
    10    0.05                           _071_ (net)
                  0.11    0.00    1.01 v _219_/A (sky130_fd_sc_hd__or2_1)
                  0.05    0.25    1.26 v _219_/X (sky130_fd_sc_hd__or2_1)
     1    0.00                           _072_ (net)
                  0.05    0.00    1.26 v _223_/B1 (sky130_fd_sc_hd__a221o_1)
                  0.05    0.30    1.57 v _223_/X (sky130_fd_sc_hd__a221o_1)
     1    0.00                           _076_ (net)
                  0.05    0.00    1.57 v _224_/C1 (sky130_fd_sc_hd__a211o_1)
                  0.06    0.26    1.83 v _224_/X (sky130_fd_sc_hd__a211o_1)
     2    0.01                           _077_ (net)
                  0.06    0.00    1.83 v _250_/A_N (sky130_fd_sc_hd__and4b_1)
                  0.16    0.35    2.18 ^ _250_/X (sky130_fd_sc_hd__and4b_1)
     3    0.01                           _102_ (net)
                  0.16    0.00    2.18 ^ _259_/A2 (sky130_fd_sc_hd__o2111a_2)
                  0.14    0.30    2.47 ^ _259_/X (sky130_fd_sc_hd__o2111a_2)
     7    0.02                           _111_ (net)
                  0.14    0.00    2.47 ^ _260_/A2 (sky130_fd_sc_hd__o21ai_1)
                  0.04    0.07    2.54 v _260_/Y (sky130_fd_sc_hd__o21ai_1)
     1    0.00                           _001_ (net)
                  0.04    0.00    2.54 v _478_/D (sky130_fd_sc_hd__dfrtp_1)
                                  2.54   data arrival time

                         25.00   25.00   clock clk (rise edge)
                          0.00   25.00   clock source latency
                  0.08    0.05   25.05 ^ clk (in)
     1    0.02                           clk (net)
                  0.08    0.00   25.05 ^ clkbuf_0_clk/A (sky130_fd_sc_hd__clkbuf_16)
                  0.10    0.18   25.23 ^ clkbuf_0_clk/X (sky130_fd_sc_hd__clkbuf_16)
     8    0.08                           clknet_0_clk (net)
                  0.10    0.00   25.23 ^ clkbuf_3_6__f_clk/A (sky130_fd_sc_hd__clkbuf_16)
                  0.05    0.14   25.38 ^ clkbuf_3_6__f_clk/X (sky130_fd_sc_hd__clkbuf_16)
     8    0.03                           clknet_3_6__leaf_clk (net)
                  0.05    0.00   25.38 ^ _478_/CLK (sky130_fd_sc_hd__dfrtp_1)
                         -0.25   25.13   clock uncertainty
                          0.02   25.15   clock reconvergence pessimism
                         -0.11   25.04   library setup time
                                 25.04   data required time
-----------------------------------------------------------------------------
                                 25.04   data required time
                                 -2.54   data arrival time
-----------------------------------------------------------------------------
                                 22.49   slack (MET)


Startpoint: _475_ (rising edge-triggered flip-flop clocked by clk)
Endpoint: _471_ (rising edge-triggered flip-flop clocked by clk)
Path Group: clk
Path Type: max

Fanout     Cap    Slew   Delay    Time   Description
-----------------------------------------------------------------------------
                          0.00    0.00   clock clk (rise edge)
                          0.00    0.00   clock source latency
                  0.08    0.06    0.06 ^ clk (in)
     1    0.02                           clk (net)
                  0.08    0.00    0.06 ^ clkbuf_0_clk/A (sky130_fd_sc_hd__clkbuf_16)
                  0.10    0.20    0.26 ^ clkbuf_0_clk/X (sky130_fd_sc_hd__clkbuf_16)
     8    0.08                           clknet_0_clk (net)
                  0.10    0.00    0.26 ^ clkbuf_3_7__f_clk/A (sky130_fd_sc_hd__clkbuf_16)
                  0.05    0.16    0.42 ^ clkbuf_3_7__f_clk/X (sky130_fd_sc_hd__clkbuf_16)
    11    0.03                           clknet_3_7__leaf_clk (net)
                  0.05    0.00    0.42 ^ _475_/CLK (sky130_fd_sc_hd__dfrtp_4)
                  0.09    0.55    0.97 v _475_/Q (sky130_fd_sc_hd__dfrtp_4)
     7    0.03                           u_sort.bucket_counter[0] (net)
                  0.09    0.00    0.97 v _217_/A (sky130_fd_sc_hd__inv_2)
                  0.19    0.19    1.16 ^ _217_/Y (sky130_fd_sc_hd__inv_2)
     9    0.04                           _070_ (net)
                  0.19    0.00    1.16 ^ _240_/A1 (sky130_fd_sc_hd__o21ai_1)
                  0.06    0.10    1.27 v _240_/Y (sky130_fd_sc_hd__o21ai_1)
     1    0.00                           _093_ (net)
                  0.06    0.00    1.27 v _243_/B1 (sky130_fd_sc_hd__a2111o_2)
                  0.11    0.53    1.80 v _243_/X (sky130_fd_sc_hd__a2111o_2)
     7    0.02                           _096_ (net)
                  0.11    0.00    1.80 v _244_/D (sky130_fd_sc_hd__and4_1)
                  0.06    0.26    2.06 v _244_/X (sky130_fd_sc_hd__and4_1)
     2    0.01                           _097_ (net)
                  0.06    0.00    2.06 v _247_/A_N (sky130_fd_sc_hd__and3b_1)
                  0.05    0.22    2.28 ^ _247_/X (sky130_fd_sc_hd__and3b_1)
     1    0.00                           _100_ (net)
                  0.05    0.00    2.28 ^ _248_/A (sky130_fd_sc_hd__clkbuf_4)
                  0.15    0.23    2.50 ^ _248_/X (sky130_fd_sc_hd__clkbuf_4)
     7    0.05                           _002_ (net)
                  0.15    0.00    2.51 ^ _471_/D (sky130_fd_sc_hd__dfrtp_1)
                                  2.51   data arrival time

                         25.00   25.00   clock clk (rise edge)
                          0.00   25.00   clock source latency
                  0.08    0.05   25.05 ^ clk (in)
     1    0.02                           clk (net)
                  0.08    0.00   25.05 ^ clkbuf_0_clk/A (sky130_fd_sc_hd__clkbuf_16)
                  0.10    0.18   25.23 ^ clkbuf_0_clk/X (sky130_fd_sc_hd__clkbuf_16)
     8    0.08                           clknet_0_clk (net)
                  0.10    0.00   25.23 ^ clkbuf_3_5__f_clk/A (sky130_fd_sc_hd__clkbuf_16)
                  0.04    0.14   25.37 ^ clkbuf_3_5__f_clk/X (sky130_fd_sc_hd__clkbuf_16)
     7    0.02                           clknet_3_5__leaf_clk (net)
                  0.04    0.00   25.37 ^ _471_/CLK (sky130_fd_sc_hd__dfrtp_1)
                         -0.25   25.12   clock uncertainty
                          0.02   25.15   clock reconvergence pessimism
                         -0.08   25.06   library setup time
                                 25.06   data required time
-----------------------------------------------------------------------------
                                 25.06   data required time
                                 -2.51   data arrival time
-----------------------------------------------------------------------------
                                 22.56   slack (MET)


Startpoint: _475_ (rising edge-triggered flip-flop clocked by clk)
Endpoint: _482_ (rising edge-triggered flip-flop clocked by clk)
Path Group: clk
Path Type: max

Fanout     Cap    Slew   Delay    Time   Description
-----------------------------------------------------------------------------
                          0.00    0.00   clock clk (rise edge)
                          0.00    0.00   clock source latency
                  0.08    0.06    0.06 ^ clk (in)
     1    0.02                           clk (net)
                  0.08    0.00    0.06 ^ clkbuf_0_clk/A (sky130_fd_sc_hd__clkbuf_16)
                  0.10    0.20    0.26 ^ clkbuf_0_clk/X (sky130_fd_sc_hd__clkbuf_16)
     8    0.08                           clknet_0_clk (net)
                  0.10    0.00    0.26 ^ clkbuf_3_7__f_clk/A (sky130_fd_sc_hd__clkbuf_16)
                  0.05    0.16    0.42 ^ clkbuf_3_7__f_clk/X (sky130_fd_sc_hd__clkbuf_16)
    11    0.03                           clknet_3_7__leaf_clk (net)
                  0.05    0.00    0.42 ^ _475_/CLK (sky130_fd_sc_hd__dfrtp_4)
                  0.09    0.55    0.97 v _475_/Q (sky130_fd_sc_hd__dfrtp_4)
     7    0.03                           u_sort.bucket_counter[0] (net)
                  0.09    0.00    0.97 v _217_/A (sky130_fd_sc_hd__inv_2)
                  0.19    0.19    1.16 ^ _217_/Y (sky130_fd_sc_hd__inv_2)
     9    0.04                           _070_ (net)
                  0.19    0.00    1.16 ^ _236_/A1 (sky130_fd_sc_hd__o21ai_1)
                  0.08    0.13    1.29 v _236_/Y (sky130_fd_sc_hd__o21ai_1)
     2    0.01                           _089_ (net)
                  0.08    0.00    1.29 v _251_/B1 (sky130_fd_sc_hd__a2111oi_1)
                  0.33    0.40    1.69 ^ _251_/Y (sky130_fd_sc_hd__a2111oi_1)
     1    0.00                           _103_ (net)
                  0.33    0.00    1.69 ^ wire26/A (sky130_fd_sc_hd__clkbuf_1)
                  0.08    0.16    1.85 ^ wire26/X (sky130_fd_sc_hd__clkbuf_1)
     2    0.01                           net26 (net)
                  0.08    0.00    1.85 ^ _382_/A (sky130_fd_sc_hd__nand2_1)
                  0.07    0.09    1.94 v _382_/Y (sky130_fd_sc_hd__nand2_1)
     2    0.01                           _185_ (net)
                  0.07    0.00    1.94 v _411_/A3 (sky130_fd_sc_hd__o31a_1)
                  0.04    0.24    2.18 v _411_/X (sky130_fd_sc_hd__o31a_1)
     1    0.00                           _205_ (net)
                  0.04    0.00    2.18 v _412_/B (sky130_fd_sc_hd__or2_1)
                  0.05    0.21    2.38 v _412_/X (sky130_fd_sc_hd__or2_1)
     1    0.00                           _206_ (net)
                  0.05    0.00    2.39 v _413_/A (sky130_fd_sc_hd__clkbuf_1)
                  0.03    0.10    2.48 v _413_/X (sky130_fd_sc_hd__clkbuf_1)
     1    0.00                           _060_ (net)
                  0.03    0.00    2.48 v _482_/D (sky130_fd_sc_hd__dfrtp_1)
                                  2.48   data arrival time

                         25.00   25.00   clock clk (rise edge)
                          0.00   25.00   clock source latency
                  0.08    0.05   25.05 ^ clk (in)
     1    0.02                           clk (net)
                  0.08    0.00   25.05 ^ clkbuf_0_clk/A (sky130_fd_sc_hd__clkbuf_16)
                  0.10    0.18   25.23 ^ clkbuf_0_clk/X (sky130_fd_sc_hd__clkbuf_16)
     8    0.08                           clknet_0_clk (net)
                  0.10    0.00   25.23 ^ clkbuf_3_3__f_clk/A (sky130_fd_sc_hd__clkbuf_16)
                  0.05    0.14   25.38 ^ clkbuf_3_3__f_clk/X (sky130_fd_sc_hd__clkbuf_16)
     8    0.02                           clknet_3_3__leaf_clk (net)
                  0.05    0.00   25.38 ^ _482_/CLK (sky130_fd_sc_hd__dfrtp_1)
                         -0.25   25.13   clock uncertainty
                          0.02   25.15   clock reconvergence pessimism
                         -0.11   25.04   library setup time
                                 25.04   data required time
-----------------------------------------------------------------------------
                                 25.04   data required time
                                 -2.48   data arrival time
-----------------------------------------------------------------------------
                                 22.56   slack (MET)


Startpoint: _475_ (rising edge-triggered flip-flop clocked by clk)
Endpoint: _481_ (rising edge-triggered flip-flop clocked by clk)
Path Group: clk
Path Type: max

Fanout     Cap    Slew   Delay    Time   Description
-----------------------------------------------------------------------------
                          0.00    0.00   clock clk (rise edge)
                          0.00    0.00   clock source latency
                  0.08    0.06    0.06 ^ clk (in)
     1    0.02                           clk (net)
                  0.08    0.00    0.06 ^ clkbuf_0_clk/A (sky130_fd_sc_hd__clkbuf_16)
                  0.10    0.20    0.26 ^ clkbuf_0_clk/X (sky130_fd_sc_hd__clkbuf_16)
     8    0.08                           clknet_0_clk (net)
                  0.10    0.00    0.26 ^ clkbuf_3_7__f_clk/A (sky130_fd_sc_hd__clkbuf_16)
                  0.05    0.16    0.42 ^ clkbuf_3_7__f_clk/X (sky130_fd_sc_hd__clkbuf_16)
    11    0.03                           clknet_3_7__leaf_clk (net)
                  0.05    0.00    0.42 ^ _475_/CLK (sky130_fd_sc_hd__dfrtp_4)
                  0.09    0.55    0.97 v _475_/Q (sky130_fd_sc_hd__dfrtp_4)
     7    0.03                           u_sort.bucket_counter[0] (net)
                  0.09    0.00    0.97 v _217_/A (sky130_fd_sc_hd__inv_2)
                  0.19    0.19    1.16 ^ _217_/Y (sky130_fd_sc_hd__inv_2)
     9    0.04                           _070_ (net)
                  0.19    0.00    1.16 ^ _240_/A1 (sky130_fd_sc_hd__o21ai_1)
                  0.06    0.10    1.27 v _240_/Y (sky130_fd_sc_hd__o21ai_1)
     1    0.00                           _093_ (net)
                  0.06    0.00    1.27 v _243_/B1 (sky130_fd_sc_hd__a2111o_2)
                  0.11    0.53    1.80 v _243_/X (sky130_fd_sc_hd__a2111o_2)
     7    0.02                           _096_ (net)
                  0.11    0.00    1.80 v _408_/A3 (sky130_fd_sc_hd__o31a_1)
                  0.04    0.26    2.06 v _408_/X (sky130_fd_sc_hd__o31a_1)
     1    0.00                           _203_ (net)
                  0.04    0.00    2.06 v _409_/B (sky130_fd_sc_hd__or2_1)
                  0.05    0.21    2.27 v _409_/X (sky130_fd_sc_hd__or2_1)
     1    0.00                           _204_ (net)
                  0.05    0.00    2.27 v _410_/A (sky130_fd_sc_hd__clkbuf_1)
                  0.03    0.09    2.36 v _410_/X (sky130_fd_sc_hd__clkbuf_1)
     1    0.00                           _059_ (net)
                  0.03    0.00    2.36 v _481_/D (sky130_fd_sc_hd__dfrtp_1)
                                  2.36   data arrival time

                         25.00   25.00   clock clk (rise edge)
                          0.00   25.00   clock source latency
                  0.08    0.05   25.05 ^ clk (in)
     1    0.02                           clk (net)
                  0.08    0.00   25.05 ^ clkbuf_0_clk/A (sky130_fd_sc_hd__clkbuf_16)
                  0.10    0.18   25.23 ^ clkbuf_0_clk/X (sky130_fd_sc_hd__clkbuf_16)
     8    0.08                           clknet_0_clk (net)
                  0.10    0.00   25.23 ^ clkbuf_3_4__f_clk/A (sky130_fd_sc_hd__clkbuf_16)
                  0.04    0.14   25.37 ^ clkbuf_3_4__f_clk/X (sky130_fd_sc_hd__clkbuf_16)
     6    0.02                           clknet_3_4__leaf_clk (net)
                  0.04    0.00   25.37 ^ _481_/CLK (sky130_fd_sc_hd__dfrtp_1)
                         -0.25   25.12   clock uncertainty
                          0.02   25.14   clock reconvergence pessimism
                         -0.11   25.04   library setup time
                                 25.04   data required time
-----------------------------------------------------------------------------
                                 25.04   data required time
                                 -2.36   data arrival time
-----------------------------------------------------------------------------
                                 22.68   slack (MET)


Startpoint: _440_ (rising edge-triggered flip-flop clocked by clk)
Endpoint: _464_ (rising edge-triggered flip-flop clocked by clk)
Path Group: clk
Path Type: max

Fanout     Cap    Slew   Delay    Time   Description
-----------------------------------------------------------------------------
                          0.00    0.00   clock clk (rise edge)
                          0.00    0.00   clock source latency
                  0.08    0.06    0.06 ^ clk (in)
     1    0.02                           clk (net)
                  0.08    0.00    0.06 ^ clkbuf_0_clk/A (sky130_fd_sc_hd__clkbuf_16)
                  0.10    0.20    0.26 ^ clkbuf_0_clk/X (sky130_fd_sc_hd__clkbuf_16)
     8    0.08                           clknet_0_clk (net)
                  0.10    0.00    0.26 ^ clkbuf_3_4__f_clk/A (sky130_fd_sc_hd__clkbuf_16)
                  0.04    0.15    0.41 ^ clkbuf_3_4__f_clk/X (sky130_fd_sc_hd__clkbuf_16)
     6    0.02                           clknet_3_4__leaf_clk (net)
                  0.04    0.00    0.41 ^ _440_/CLK (sky130_fd_sc_hd__dfrtp_1)
                  0.04    0.37    0.78 v _440_/Q (sky130_fd_sc_hd__dfrtp_1)
     1    0.00                           u_am1.b_i[2] (net)
                  0.04    0.00    0.78 v hold12/A (sky130_fd_sc_hd__dlygate4sd3_1)
                  0.06    0.59    1.37 v hold12/X (sky130_fd_sc_hd__dlygate4sd3_1)
     2    0.00                           net38 (net)
                  0.06    0.00    1.37 v _368_/A1 (sky130_fd_sc_hd__mux2_1)
                  0.05    0.30    1.67 v _368_/X (sky130_fd_sc_hd__mux2_1)
     1    0.00                           _178_ (net)
                  0.05    0.00    1.67 v hold13/A (sky130_fd_sc_hd__dlygate4sd3_1)
                  0.05    0.58    2.25 v hold13/X (sky130_fd_sc_hd__dlygate4sd3_1)
     1    0.00                           net39 (net)
                  0.05    0.00    2.25 v _369_/A (sky130_fd_sc_hd__clkbuf_1)
                  0.02    0.09    2.35 v _369_/X (sky130_fd_sc_hd__clkbuf_1)
     1    0.00                           _044_ (net)
                  0.02    0.00    2.35 v _464_/D (sky130_fd_sc_hd__dfrtp_1)
                                  2.35   data arrival time

                         25.00   25.00   clock clk (rise edge)
                          0.00   25.00   clock source latency
                  0.08    0.05   25.05 ^ clk (in)
     1    0.02                           clk (net)
                  0.08    0.00   25.05 ^ clkbuf_0_clk/A (sky130_fd_sc_hd__clkbuf_16)
                  0.10    0.18   25.23 ^ clkbuf_0_clk/X (sky130_fd_sc_hd__clkbuf_16)
     8    0.08                           clknet_0_clk (net)
                  0.10    0.00   25.23 ^ clkbuf_3_4__f_clk/A (sky130_fd_sc_hd__clkbuf_16)
                  0.04    0.14   25.37 ^ clkbuf_3_4__f_clk/X (sky130_fd_sc_hd__clkbuf_16)
     6    0.02                           clknet_3_4__leaf_clk (net)
                  0.04    0.00   25.37 ^ _464_/CLK (sky130_fd_sc_hd__dfrtp_1)
                         -0.25   25.12   clock uncertainty
                          0.04   25.16   clock reconvergence pessimism
                         -0.11   25.05   library setup time
                                 25.05   data required time
-----------------------------------------------------------------------------
                                 25.05   data required time
                                 -2.35   data arrival time
-----------------------------------------------------------------------------
                                 22.71   slack (MET)


Startpoint: _445_ (rising edge-triggered flip-flop clocked by clk)
Endpoint: _460_ (rising edge-triggered flip-flop clocked by clk)
Path Group: clk
Path Type: max

Fanout     Cap    Slew   Delay    Time   Description
-----------------------------------------------------------------------------
                          0.00    0.00   clock clk (rise edge)
                          0.00    0.00   clock source latency
                  0.08    0.06    0.06 ^ clk (in)
     1    0.02                           clk (net)
                  0.08    0.00    0.06 ^ clkbuf_0_clk/A (sky130_fd_sc_hd__clkbuf_16)
                  0.10    0.20    0.26 ^ clkbuf_0_clk/X (sky130_fd_sc_hd__clkbuf_16)
     8    0.08                           clknet_0_clk (net)
                  0.10    0.00    0.26 ^ clkbuf_3_1__f_clk/A (sky130_fd_sc_hd__clkbuf_16)
                  0.04    0.15    0.41 ^ clkbuf_3_1__f_clk/X (sky130_fd_sc_hd__clkbuf_16)
     6    0.02                           clknet_3_1__leaf_clk (net)
                  0.04    0.00    0.41 ^ _445_/CLK (sky130_fd_sc_hd__dfrtp_1)
                  0.04    0.37    0.77 v _445_/Q (sky130_fd_sc_hd__dfrtp_1)
     1    0.00                           u_am2.b_i[1] (net)
                  0.04    0.00    0.77 v hold8/A (sky130_fd_sc_hd__dlygate4sd3_1)
                  0.06    0.59    1.36 v hold8/X (sky130_fd_sc_hd__dlygate4sd3_1)
     2    0.00                           net34 (net)
                  0.06    0.00    1.36 v _360_/A1 (sky130_fd_sc_hd__mux2_1)
                  0.05    0.30    1.66 v _360_/X (sky130_fd_sc_hd__mux2_1)
     1    0.00                           _174_ (net)
                  0.05    0.00    1.66 v hold9/A (sky130_fd_sc_hd__dlygate4sd3_1)
                  0.05    0.58    2.24 v hold9/X (sky130_fd_sc_hd__dlygate4sd3_1)
     1    0.00                           net35 (net)
                  0.05    0.00    2.24 v _361_/A (sky130_fd_sc_hd__clkbuf_1)
                  0.02    0.09    2.33 v _361_/X (sky130_fd_sc_hd__clkbuf_1)
     1    0.00                           _040_ (net)
                  0.02    0.00    2.33 v _460_/D (sky130_fd_sc_hd__dfrtp_1)
                                  2.33   data arrival time

                         25.00   25.00   clock clk (rise edge)
                          0.00   25.00   clock source latency
                  0.08    0.05   25.05 ^ clk (in)
     1    0.02                           clk (net)
                  0.08    0.00   25.05 ^ clkbuf_0_clk/A (sky130_fd_sc_hd__clkbuf_16)
                  0.10    0.18   25.23 ^ clkbuf_0_clk/X (sky130_fd_sc_hd__clkbuf_16)
     8    0.08                           clknet_0_clk (net)
                  0.10    0.00   25.23 ^ clkbuf_3_0__f_clk/A (sky130_fd_sc_hd__clkbuf_16)
                  0.05    0.15   25.38 ^ clkbuf_3_0__f_clk/X (sky130_fd_sc_hd__clkbuf_16)
    11    0.03                           clknet_3_0__leaf_clk (net)
                  0.05    0.00   25.38 ^ _460_/CLK (sky130_fd_sc_hd__dfrtp_1)
                         -0.25   25.13   clock uncertainty
                          0.02   25.16   clock reconvergence pessimism
                         -0.10   25.05   library setup time
                                 25.05   data required time
-----------------------------------------------------------------------------
                                 25.05   data required time
                                 -2.33   data arrival time
-----------------------------------------------------------------------------
                                 22.72   slack (MET)


Startpoint: _476_ (rising edge-triggered flip-flop clocked by clk)
Endpoint: _480_ (rising edge-triggered flip-flop clocked by clk)
Path Group: clk
Path Type: max

Fanout     Cap    Slew   Delay    Time   Description
-----------------------------------------------------------------------------
                          0.00    0.00   clock clk (rise edge)
                          0.00    0.00   clock source latency
                  0.08    0.06    0.06 ^ clk (in)
     1    0.02                           clk (net)
                  0.08    0.00    0.06 ^ clkbuf_0_clk/A (sky130_fd_sc_hd__clkbuf_16)
                  0.10    0.20    0.26 ^ clkbuf_0_clk/X (sky130_fd_sc_hd__clkbuf_16)
     8    0.08                           clknet_0_clk (net)
                  0.10    0.00    0.26 ^ clkbuf_3_7__f_clk/A (sky130_fd_sc_hd__clkbuf_16)
                  0.05    0.16    0.42 ^ clkbuf_3_7__f_clk/X (sky130_fd_sc_hd__clkbuf_16)
    11    0.03                           clknet_3_7__leaf_clk (net)
                  0.05    0.00    0.42 ^ _476_/CLK (sky130_fd_sc_hd__dfrtp_1)
                  0.04    0.37    0.79 v _476_/Q (sky130_fd_sc_hd__dfrtp_1)
     1    0.00                           u_sort.bucket_counter[1] (net)
                  0.04    0.00    0.79 v _218_/A (sky130_fd_sc_hd__clkbuf_4)
                  0.11    0.21    1.01 v _218_/X (sky130_fd_sc_hd__clkbuf_4)
    10    0.05                           _071_ (net)
                  0.11    0.00    1.01 v _232_/B (sky130_fd_sc_hd__xnor2_1)
                  0.08    0.18    1.19 v _232_/Y (sky130_fd_sc_hd__xnor2_1)
     2    0.01                           _085_ (net)
                  0.08    0.00    1.19 v _234_/C (sky130_fd_sc_hd__and4_1)
                  0.08    0.25    1.45 v _234_/X (sky130_fd_sc_hd__and4_1)
     4    0.01                           _087_ (net)
                  0.08    0.00    1.45 v _255_/A_N (sky130_fd_sc_hd__nand3b_1)
                  0.12    0.21    1.66 v _255_/Y (sky130_fd_sc_hd__nand3b_1)
     3    0.01                           _107_ (net)
                  0.12    0.00    1.66 v _406_/A2 (sky130_fd_sc_hd__o21ai_1)
                  0.10    0.15    1.80 ^ _406_/Y (sky130_fd_sc_hd__o21ai_1)
     1    0.00                           _202_ (net)
                  0.10    0.00    1.80 ^ _407_/B (sky130_fd_sc_hd__nand2_1)
                  0.04    0.06    1.86 v _407_/Y (sky130_fd_sc_hd__nand2_1)
     1    0.00                           _058_ (net)
                  0.04    0.00    1.86 v _480_/D (sky130_fd_sc_hd__dfrtp_1)
                                  1.86   data arrival time

                         25.00   25.00   clock clk (rise edge)
                          0.00   25.00   clock source latency
                  0.08    0.05   25.05 ^ clk (in)
     1    0.02                           clk (net)
                  0.08    0.00   25.05 ^ clkbuf_0_clk/A (sky130_fd_sc_hd__clkbuf_16)
                  0.10    0.18   25.23 ^ clkbuf_0_clk/X (sky130_fd_sc_hd__clkbuf_16)
     8    0.08                           clknet_0_clk (net)
                  0.10    0.00   25.23 ^ clkbuf_3_7__f_clk/A (sky130_fd_sc_hd__clkbuf_16)
                  0.05    0.15   25.38 ^ clkbuf_3_7__f_clk/X (sky130_fd_sc_hd__clkbuf_16)
    11    0.03                           clknet_3_7__leaf_clk (net)
                  0.05    0.00   25.38 ^ _480_/CLK (sky130_fd_sc_hd__dfrtp_1)
                         -0.25   25.13   clock uncertainty
                          0.04   25.17   clock reconvergence pessimism
                         -0.11   25.06   library setup time
                                 25.06   data required time
-----------------------------------------------------------------------------
                                 25.06   data required time
                                 -1.86   data arrival time
-----------------------------------------------------------------------------
                                 23.20   slack (MET)


Startpoint: _450_ (rising edge-triggered flip-flop clocked by clk)
Endpoint: _456_ (rising edge-triggered flip-flop clocked by clk)
Path Group: clk
Path Type: max

Fanout     Cap    Slew   Delay    Time   Description
-----------------------------------------------------------------------------
                          0.00    0.00   clock clk (rise edge)
                          0.00    0.00   clock source latency
                  0.08    0.06    0.06 ^ clk (in)
     1    0.02                           clk (net)
                  0.08    0.00    0.06 ^ clkbuf_0_clk/A (sky130_fd_sc_hd__clkbuf_16)
                  0.10    0.20    0.26 ^ clkbuf_0_clk/X (sky130_fd_sc_hd__clkbuf_16)
     8    0.08                           clknet_0_clk (net)
                  0.10    0.00    0.26 ^ clkbuf_3_0__f_clk/A (sky130_fd_sc_hd__clkbuf_16)
                  0.05    0.16    0.42 ^ clkbuf_3_0__f_clk/X (sky130_fd_sc_hd__clkbuf_16)
    11    0.03                           clknet_3_0__leaf_clk (net)
                  0.05    0.00    0.42 ^ _450_/CLK (sky130_fd_sc_hd__dfrtp_1)
                  0.04    0.37    0.80 v _450_/Q (sky130_fd_sc_hd__dfrtp_1)
     1    0.00                           u_am3.b_i[0] (net)
                  0.04    0.00    0.80 v hold32/A (sky130_fd_sc_hd__dlygate4sd3_1)
                  0.07    0.60    1.39 v hold32/X (sky130_fd_sc_hd__dlygate4sd3_1)
     2    0.01                           net58 (net)
                  0.07    0.00    1.39 v _352_/A1 (sky130_fd_sc_hd__mux2_1)
                  0.05    0.31    1.70 v _352_/X (sky130_fd_sc_hd__mux2_1)
     1    0.00                           _170_ (net)
                  0.05    0.00    1.70 v _353_/A (sky130_fd_sc_hd__clkbuf_1)
                  0.02    0.09    1.79 v _353_/X (sky130_fd_sc_hd__clkbuf_1)
     1    0.00                           _036_ (net)
                  0.02    0.00    1.79 v _456_/D (sky130_fd_sc_hd__dfrtp_1)
                                  1.79   data arrival time

                         25.00   25.00   clock clk (rise edge)
                          0.00   25.00   clock source latency
                  0.08    0.05   25.05 ^ clk (in)
     1    0.02                           clk (net)
                  0.08    0.00   25.05 ^ clkbuf_0_clk/A (sky130_fd_sc_hd__clkbuf_16)
                  0.10    0.18   25.23 ^ clkbuf_0_clk/X (sky130_fd_sc_hd__clkbuf_16)
     8    0.08                           clknet_0_clk (net)
                  0.10    0.00   25.23 ^ clkbuf_3_2__f_clk/A (sky130_fd_sc_hd__clkbuf_16)
                  0.05    0.14   25.38 ^ clkbuf_3_2__f_clk/X (sky130_fd_sc_hd__clkbuf_16)
     8    0.02                           clknet_3_2__leaf_clk (net)
                  0.05    0.00   25.38 ^ _456_/CLK (sky130_fd_sc_hd__dfrtp_1)
                         -0.25   25.13   clock uncertainty
                          0.02   25.15   clock reconvergence pessimism
                         -0.10   25.05   library setup time
                                 25.05   data required time
-----------------------------------------------------------------------------
                                 25.05   data required time
                                 -1.79   data arrival time
-----------------------------------------------------------------------------
                                 23.25   slack (MET)


Startpoint: _439_ (rising edge-triggered flip-flop clocked by clk)
Endpoint: _463_ (rising edge-triggered flip-flop clocked by clk)
Path Group: clk
Path Type: max

Fanout     Cap    Slew   Delay    Time   Description
-----------------------------------------------------------------------------
                          0.00    0.00   clock clk (rise edge)
                          0.00    0.00   clock source latency
                  0.08    0.06    0.06 ^ clk (in)
     1    0.02                           clk (net)
                  0.08    0.00    0.06 ^ clkbuf_0_clk/A (sky130_fd_sc_hd__clkbuf_16)
                  0.10    0.20    0.26 ^ clkbuf_0_clk/X (sky130_fd_sc_hd__clkbuf_16)
     8    0.08                           clknet_0_clk (net)
                  0.10    0.00    0.26 ^ clkbuf_3_4__f_clk/A (sky130_fd_sc_hd__clkbuf_16)
                  0.04    0.15    0.41 ^ clkbuf_3_4__f_clk/X (sky130_fd_sc_hd__clkbuf_16)
     6    0.02                           clknet_3_4__leaf_clk (net)
                  0.04    0.00    0.41 ^ _439_/CLK (sky130_fd_sc_hd__dfrtp_1)
                  0.04    0.36    0.77 v _439_/Q (sky130_fd_sc_hd__dfrtp_1)
     1    0.00                           u_am1.b_i[1] (net)
                  0.04    0.00    0.77 v hold27/A (sky130_fd_sc_hd__dlygate4sd3_1)
                  0.07    0.59    1.36 v hold27/X (sky130_fd_sc_hd__dlygate4sd3_1)
     2    0.01                           net53 (net)
                  0.07    0.00    1.36 v _366_/A1 (sky130_fd_sc_hd__mux2_1)
                  0.06    0.32    1.68 v _366_/X (sky130_fd_sc_hd__mux2_1)
     1    0.00                           _177_ (net)
                  0.06    0.00    1.68 v _367_/A (sky130_fd_sc_hd__clkbuf_1)
                  0.03    0.10    1.79 v _367_/X (sky130_fd_sc_hd__clkbuf_1)
     1    0.00                           _043_ (net)
                  0.03    0.00    1.79 v _463_/D (sky130_fd_sc_hd__dfrtp_1)
                                  1.79   data arrival time

                         25.00   25.00   clock clk (rise edge)
                          0.00   25.00   clock source latency
                  0.08    0.05   25.05 ^ clk (in)
     1    0.02                           clk (net)
                  0.08    0.00   25.05 ^ clkbuf_0_clk/A (sky130_fd_sc_hd__clkbuf_16)
                  0.10    0.18   25.23 ^ clkbuf_0_clk/X (sky130_fd_sc_hd__clkbuf_16)
     8    0.08                           clknet_0_clk (net)
                  0.10    0.00   25.23 ^ clkbuf_3_4__f_clk/A (sky130_fd_sc_hd__clkbuf_16)
                  0.04    0.14   25.37 ^ clkbuf_3_4__f_clk/X (sky130_fd_sc_hd__clkbuf_16)
     6    0.02                           clknet_3_4__leaf_clk (net)
                  0.04    0.00   25.37 ^ _463_/CLK (sky130_fd_sc_hd__dfrtp_1)
                         -0.25   25.12   clock uncertainty
                          0.04   25.16   clock reconvergence pessimism
                         -0.11   25.05   library setup time
                                 25.05   data required time
-----------------------------------------------------------------------------
                                 25.05   data required time
                                 -1.79   data arrival time
-----------------------------------------------------------------------------
                                 23.26   slack (MET)


Startpoint: _457_ (rising edge-triggered flip-flop clocked by clk)
Endpoint: _457_ (rising edge-triggered flip-flop clocked by clk)
Path Group: clk
Path Type: max

Fanout     Cap    Slew   Delay    Time   Description
-----------------------------------------------------------------------------
                          0.00    0.00   clock clk (rise edge)
                          0.00    0.00   clock source latency
                  0.08    0.06    0.06 ^ clk (in)
     1    0.02                           clk (net)
                  0.08    0.00    0.06 ^ clkbuf_0_clk/A (sky130_fd_sc_hd__clkbuf_16)
                  0.10    0.20    0.26 ^ clkbuf_0_clk/X (sky130_fd_sc_hd__clkbuf_16)
     8    0.08                           clknet_0_clk (net)
                  0.10    0.00    0.26 ^ clkbuf_3_0__f_clk/A (sky130_fd_sc_hd__clkbuf_16)
                  0.05    0.16    0.42 ^ clkbuf_3_0__f_clk/X (sky130_fd_sc_hd__clkbuf_16)
    11    0.03                           clknet_3_0__leaf_clk (net)
                  0.05    0.00    0.42 ^ _457_/CLK (sky130_fd_sc_hd__dfrtp_1)
                  0.06    0.40    0.83 v _457_/Q (sky130_fd_sc_hd__dfrtp_1)
     2    0.01                           u_sort.bucket_reg[3][1] (net)
                  0.06    0.00    0.83 v hold26/A (sky130_fd_sc_hd__dlygate4sd3_1)
                  0.06    0.59    1.41 v hold26/X (sky130_fd_sc_hd__dlygate4sd3_1)
     1    0.00                           net52 (net)
                  0.06    0.00    1.41 v _354_/A0 (sky130_fd_sc_hd__mux2_1)
                  0.05    0.29    1.70 v _354_/X (sky130_fd_sc_hd__mux2_1)
     1    0.00                           _171_ (net)
                  0.05    0.00    1.70 v _355_/A (sky130_fd_sc_hd__clkbuf_1)
                  0.03    0.09    1.80 v _355_/X (sky130_fd_sc_hd__clkbuf_1)
     1    0.00                           _037_ (net)
                  0.03    0.00    1.80 v _457_/D (sky130_fd_sc_hd__dfrtp_1)
                                  1.80   data arrival time

                         25.00   25.00   clock clk (rise edge)
                          0.00   25.00   clock source latency
                  0.08    0.05   25.05 ^ clk (in)
     1    0.02                           clk (net)
                  0.08    0.00   25.05 ^ clkbuf_0_clk/A (sky130_fd_sc_hd__clkbuf_16)
                  0.10    0.18   25.23 ^ clkbuf_0_clk/X (sky130_fd_sc_hd__clkbuf_16)
     8    0.08                           clknet_0_clk (net)
                  0.10    0.00   25.23 ^ clkbuf_3_0__f_clk/A (sky130_fd_sc_hd__clkbuf_16)
                  0.05    0.15   25.38 ^ clkbuf_3_0__f_clk/X (sky130_fd_sc_hd__clkbuf_16)
    11    0.03                           clknet_3_0__leaf_clk (net)
                  0.05    0.00   25.38 ^ _457_/CLK (sky130_fd_sc_hd__dfrtp_1)
                         -0.25   25.13   clock uncertainty
                          0.04   25.17   clock reconvergence pessimism
                         -0.10   25.07   library setup time
                                 25.07   data required time
-----------------------------------------------------------------------------
                                 25.07   data required time
                                 -1.80   data arrival time
-----------------------------------------------------------------------------
                                 23.27   slack (MET)


Startpoint: _455_ (rising edge-triggered flip-flop clocked by clk)
Endpoint: _455_ (rising edge-triggered flip-flop clocked by clk)
Path Group: clk
Path Type: max

Fanout     Cap    Slew   Delay    Time   Description
-----------------------------------------------------------------------------
                          0.00    0.00   clock clk (rise edge)
                          0.00    0.00   clock source latency
                  0.08    0.06    0.06 ^ clk (in)
     1    0.02                           clk (net)
                  0.08    0.00    0.06 ^ clkbuf_0_clk/A (sky130_fd_sc_hd__clkbuf_16)
                  0.10    0.20    0.26 ^ clkbuf_0_clk/X (sky130_fd_sc_hd__clkbuf_16)
     8    0.08                           clknet_0_clk (net)
                  0.10    0.00    0.26 ^ clkbuf_3_3__f_clk/A (sky130_fd_sc_hd__clkbuf_16)
                  0.05    0.16    0.41 ^ clkbuf_3_3__f_clk/X (sky130_fd_sc_hd__clkbuf_16)
     8    0.02                           clknet_3_3__leaf_clk (net)
                  0.05    0.00    0.42 ^ _455_/CLK (sky130_fd_sc_hd__dfrtp_1)
                  0.06    0.40    0.82 v _455_/Q (sky130_fd_sc_hd__dfrtp_1)
     2    0.01                           u_sort.bucket_reg[4][2] (net)
                  0.06    0.00    0.82 v hold28/A (sky130_fd_sc_hd__dlygate4sd3_1)
                  0.05    0.58    1.39 v hold28/X (sky130_fd_sc_hd__dlygate4sd3_1)
     1    0.00                           net54 (net)
                  0.05    0.00    1.39 v _350_/A0 (sky130_fd_sc_hd__mux2_1)
                  0.06    0.30    1.69 v _350_/X (sky130_fd_sc_hd__mux2_1)
     1    0.00                           _169_ (net)
                  0.06    0.00    1.69 v _351_/A (sky130_fd_sc_hd__clkbuf_1)
                  0.03    0.10    1.79 v _351_/X (sky130_fd_sc_hd__clkbuf_1)
     1    0.00                           _035_ (net)
                  0.03    0.00    1.79 v _455_/D (sky130_fd_sc_hd__dfrtp_1)
                                  1.79   data arrival time

                         25.00   25.00   clock clk (rise edge)
                          0.00   25.00   clock source latency
                  0.08    0.05   25.05 ^ clk (in)
     1    0.02                           clk (net)
                  0.08    0.00   25.05 ^ clkbuf_0_clk/A (sky130_fd_sc_hd__clkbuf_16)
                  0.10    0.18   25.23 ^ clkbuf_0_clk/X (sky130_fd_sc_hd__clkbuf_16)
     8    0.08                           clknet_0_clk (net)
                  0.10    0.00   25.23 ^ clkbuf_3_3__f_clk/A (sky130_fd_sc_hd__clkbuf_16)
                  0.05    0.14   25.38 ^ clkbuf_3_3__f_clk/X (sky130_fd_sc_hd__clkbuf_16)
     8    0.02                           clknet_3_3__leaf_clk (net)
                  0.05    0.00   25.38 ^ _455_/CLK (sky130_fd_sc_hd__dfrtp_1)
                         -0.25   25.13   clock uncertainty
                          0.04   25.17   clock reconvergence pessimism
                         -0.11   25.06   library setup time
                                 25.06   data required time
-----------------------------------------------------------------------------
                                 25.06   data required time
                                 -1.79   data arrival time
-----------------------------------------------------------------------------
                                 23.27   slack (MET)


Startpoint: _454_ (rising edge-triggered flip-flop clocked by clk)
Endpoint: _454_ (rising edge-triggered flip-flop clocked by clk)
Path Group: clk
Path Type: max

Fanout     Cap    Slew   Delay    Time   Description
-----------------------------------------------------------------------------
                          0.00    0.00   clock clk (rise edge)
                          0.00    0.00   clock source latency
                  0.08    0.06    0.06 ^ clk (in)
     1    0.02                           clk (net)
                  0.08    0.00    0.06 ^ clkbuf_0_clk/A (sky130_fd_sc_hd__clkbuf_16)
                  0.10    0.20    0.26 ^ clkbuf_0_clk/X (sky130_fd_sc_hd__clkbuf_16)
     8    0.08                           clknet_0_clk (net)
                  0.10    0.00    0.26 ^ clkbuf_3_3__f_clk/A (sky130_fd_sc_hd__clkbuf_16)
                  0.05    0.16    0.41 ^ clkbuf_3_3__f_clk/X (sky130_fd_sc_hd__clkbuf_16)
     8    0.02                           clknet_3_3__leaf_clk (net)
                  0.05    0.00    0.42 ^ _454_/CLK (sky130_fd_sc_hd__dfrtp_1)
                  0.07    0.40    0.82 v _454_/Q (sky130_fd_sc_hd__dfrtp_1)
     3    0.01                           u_sort.bucket_reg[4][1] (net)
                  0.07    0.00    0.82 v hold22/A (sky130_fd_sc_hd__dlygate4sd3_1)
                  0.05    0.58    1.40 v hold22/X (sky130_fd_sc_hd__dlygate4sd3_1)
     1    0.00                           net48 (net)
                  0.05    0.00    1.40 v _348_/A0 (sky130_fd_sc_hd__mux2_1)
                  0.05    0.29    1.69 v _348_/X (sky130_fd_sc_hd__mux2_1)
     1    0.00                           _168_ (net)
                  0.05    0.00    1.69 v _349_/A (sky130_fd_sc_hd__clkbuf_1)
                  0.03    0.09    1.78 v _349_/X (sky130_fd_sc_hd__clkbuf_1)
     1    0.00                           _034_ (net)
                  0.03    0.00    1.78 v _454_/D (sky130_fd_sc_hd__dfrtp_1)
                                  1.78   data arrival time

                         25.00   25.00   clock clk (rise edge)
                          0.00   25.00   clock source latency
                  0.08    0.05   25.05 ^ clk (in)
     1    0.02                           clk (net)
                  0.08    0.00   25.05 ^ clkbuf_0_clk/A (sky130_fd_sc_hd__clkbuf_16)
                  0.10    0.18   25.23 ^ clkbuf_0_clk/X (sky130_fd_sc_hd__clkbuf_16)
     8    0.08                           clknet_0_clk (net)
                  0.10    0.00   25.23 ^ clkbuf_3_3__f_clk/A (sky130_fd_sc_hd__clkbuf_16)
                  0.05    0.14   25.38 ^ clkbuf_3_3__f_clk/X (sky130_fd_sc_hd__clkbuf_16)
     8    0.02                           clknet_3_3__leaf_clk (net)
                  0.05    0.00   25.38 ^ _454_/CLK (sky130_fd_sc_hd__dfrtp_1)
                         -0.25   25.13   clock uncertainty
                          0.04   25.17   clock reconvergence pessimism
                         -0.11   25.06   library setup time
                                 25.06   data required time
-----------------------------------------------------------------------------
                                 25.06   data required time
                                 -1.78   data arrival time
-----------------------------------------------------------------------------
                                 23.28   slack (MET)


Startpoint: _458_ (rising edge-triggered flip-flop clocked by clk)
Endpoint: _458_ (rising edge-triggered flip-flop clocked by clk)
Path Group: clk
Path Type: max

Fanout     Cap    Slew   Delay    Time   Description
-----------------------------------------------------------------------------
                          0.00    0.00   clock clk (rise edge)
                          0.00    0.00   clock source latency
                  0.08    0.06    0.06 ^ clk (in)
     1    0.02                           clk (net)
                  0.08    0.00    0.06 ^ clkbuf_0_clk/A (sky130_fd_sc_hd__clkbuf_16)
                  0.10    0.20    0.26 ^ clkbuf_0_clk/X (sky130_fd_sc_hd__clkbuf_16)
     8    0.08                           clknet_0_clk (net)
                  0.10    0.00    0.26 ^ clkbuf_3_0__f_clk/A (sky130_fd_sc_hd__clkbuf_16)
                  0.05    0.16    0.42 ^ clkbuf_3_0__f_clk/X (sky130_fd_sc_hd__clkbuf_16)
    11    0.03                           clknet_3_0__leaf_clk (net)
                  0.05    0.00    0.42 ^ _458_/CLK (sky130_fd_sc_hd__dfrtp_1)
                  0.06    0.40    0.82 v _458_/Q (sky130_fd_sc_hd__dfrtp_1)
     2    0.01                           u_sort.bucket_reg[3][2] (net)
                  0.06    0.00    0.82 v hold29/A (sky130_fd_sc_hd__dlygate4sd3_1)
                  0.06    0.59    1.41 v hold29/X (sky130_fd_sc_hd__dlygate4sd3_1)
     1    0.00                           net55 (net)
                  0.06    0.00    1.41 v _356_/A0 (sky130_fd_sc_hd__mux2_1)
                  0.05    0.29    1.70 v _356_/X (sky130_fd_sc_hd__mux2_1)
     1    0.00                           _172_ (net)
                  0.05    0.00    1.70 v _357_/A (sky130_fd_sc_hd__clkbuf_1)
                  0.02    0.09    1.79 v _357_/X (sky130_fd_sc_hd__clkbuf_1)
     1    0.00                           _038_ (net)
                  0.02    0.00    1.79 v _458_/D (sky130_fd_sc_hd__dfrtp_1)
                                  1.79   data arrival time

                         25.00   25.00   clock clk (rise edge)
                          0.00   25.00   clock source latency
                  0.08    0.05   25.05 ^ clk (in)
     1    0.02                           clk (net)
                  0.08    0.00   25.05 ^ clkbuf_0_clk/A (sky130_fd_sc_hd__clkbuf_16)
                  0.10    0.18   25.23 ^ clkbuf_0_clk/X (sky130_fd_sc_hd__clkbuf_16)
     8    0.08                           clknet_0_clk (net)
                  0.10    0.00   25.23 ^ clkbuf_3_0__f_clk/A (sky130_fd_sc_hd__clkbuf_16)
                  0.05    0.15   25.38 ^ clkbuf_3_0__f_clk/X (sky130_fd_sc_hd__clkbuf_16)
    11    0.03                           clknet_3_0__leaf_clk (net)
                  0.05    0.00   25.38 ^ _458_/CLK (sky130_fd_sc_hd__dfrtp_1)
                         -0.25   25.13   clock uncertainty
                          0.04   25.17   clock reconvergence pessimism
                         -0.10   25.07   library setup time
                                 25.07   data required time
-----------------------------------------------------------------------------
                                 25.07   data required time
                                 -1.79   data arrival time
-----------------------------------------------------------------------------
                                 23.28   slack (MET)


Startpoint: _434_ (rising edge-triggered flip-flop clocked by clk)
Endpoint: _467_ (rising edge-triggered flip-flop clocked by clk)
Path Group: clk
Path Type: max

Fanout     Cap    Slew   Delay    Time   Description
-----------------------------------------------------------------------------
                          0.00    0.00   clock clk (rise edge)
                          0.00    0.00   clock source latency
                  0.08    0.06    0.06 ^ clk (in)
     1    0.02                           clk (net)
                  0.08    0.00    0.06 ^ clkbuf_0_clk/A (sky130_fd_sc_hd__clkbuf_16)
                  0.10    0.20    0.26 ^ clkbuf_0_clk/X (sky130_fd_sc_hd__clkbuf_16)
     8    0.08                           clknet_0_clk (net)
                  0.10    0.00    0.26 ^ clkbuf_3_6__f_clk/A (sky130_fd_sc_hd__clkbuf_16)
                  0.05    0.16    0.42 ^ clkbuf_3_6__f_clk/X (sky130_fd_sc_hd__clkbuf_16)
     8    0.03                           clknet_3_6__leaf_clk (net)
                  0.05    0.00    0.42 ^ _434_/CLK (sky130_fd_sc_hd__dfrtp_1)
                  0.03    0.36    0.78 v _434_/Q (sky130_fd_sc_hd__dfrtp_1)
     1    0.00                           u_am0.b_i[2] (net)
                  0.03    0.00    0.78 v hold25/A (sky130_fd_sc_hd__dlygate4sd3_1)
                  0.06    0.59    1.37 v hold25/X (sky130_fd_sc_hd__dlygate4sd3_1)
     2    0.01                           net51 (net)
                  0.06    0.00    1.37 v _374_/A1 (sky130_fd_sc_hd__mux2_1)
                  0.06    0.32    1.68 v _374_/X (sky130_fd_sc_hd__mux2_1)
     1    0.00                           _181_ (net)
                  0.06    0.00    1.68 v _375_/A (sky130_fd_sc_hd__clkbuf_1)
                  0.02    0.10    1.78 v _375_/X (sky130_fd_sc_hd__clkbuf_1)
     1    0.00                           _047_ (net)
                  0.02    0.00    1.78 v _467_/D (sky130_fd_sc_hd__dfrtp_1)
                                  1.78   data arrival time

                         25.00   25.00   clock clk (rise edge)
                          0.00   25.00   clock source latency
                  0.08    0.05   25.05 ^ clk (in)
     1    0.02                           clk (net)
                  0.08    0.00   25.05 ^ clkbuf_0_clk/A (sky130_fd_sc_hd__clkbuf_16)
                  0.10    0.18   25.23 ^ clkbuf_0_clk/X (sky130_fd_sc_hd__clkbuf_16)
     8    0.08                           clknet_0_clk (net)
                  0.10    0.00   25.23 ^ clkbuf_3_6__f_clk/A (sky130_fd_sc_hd__clkbuf_16)
                  0.05    0.14   25.38 ^ clkbuf_3_6__f_clk/X (sky130_fd_sc_hd__clkbuf_16)
     8    0.03                           clknet_3_6__leaf_clk (net)
                  0.05    0.00   25.38 ^ _467_/CLK (sky130_fd_sc_hd__dfrtp_1)
                         -0.25   25.13   clock uncertainty
                          0.04   25.17   clock reconvergence pessimism
                         -0.10   25.06   library setup time
                                 25.06   data required time
-----------------------------------------------------------------------------
                                 25.06   data required time
                                 -1.78   data arrival time
-----------------------------------------------------------------------------
                                 23.28   slack (MET)


Startpoint: _423_ (rising edge-triggered flip-flop clocked by clk)
Endpoint: _453_ (rising edge-triggered flip-flop clocked by clk)
Path Group: clk
Path Type: max

Fanout     Cap    Slew   Delay    Time   Description
-----------------------------------------------------------------------------
                          0.00    0.00   clock clk (rise edge)
                          0.00    0.00   clock source latency
                  0.08    0.06    0.06 ^ clk (in)
     1    0.02                           clk (net)
                  0.08    0.00    0.06 ^ clkbuf_0_clk/A (sky130_fd_sc_hd__clkbuf_16)
                  0.10    0.20    0.26 ^ clkbuf_0_clk/X (sky130_fd_sc_hd__clkbuf_16)
     8    0.08                           clknet_0_clk (net)
                  0.10    0.00    0.26 ^ clkbuf_3_3__f_clk/A (sky130_fd_sc_hd__clkbuf_16)
                  0.05    0.16    0.41 ^ clkbuf_3_3__f_clk/X (sky130_fd_sc_hd__clkbuf_16)
     8    0.02                           clknet_3_3__leaf_clk (net)
                  0.05    0.00    0.42 ^ _423_/CLK (sky130_fd_sc_hd__dfrtp_1)
                  0.04    0.36    0.78 v _423_/Q (sky130_fd_sc_hd__dfrtp_1)
     1    0.00                           u_am4.b_i[0] (net)
                  0.04    0.00    0.78 v hold31/A (sky130_fd_sc_hd__dlygate4sd3_1)
                  0.06    0.59    1.37 v hold31/X (sky130_fd_sc_hd__dlygate4sd3_1)
     2    0.01                           net57 (net)
                  0.06    0.00    1.37 v _346_/A1 (sky130_fd_sc_hd__mux2_1)
                  0.06    0.31    1.68 v _346_/X (sky130_fd_sc_hd__mux2_1)
     1    0.00                           _167_ (net)
                  0.06    0.00    1.68 v _347_/A (sky130_fd_sc_hd__clkbuf_1)
                  0.02    0.09    1.78 v _347_/X (sky130_fd_sc_hd__clkbuf_1)
     1    0.00                           _033_ (net)
                  0.02    0.00    1.78 v _453_/D (sky130_fd_sc_hd__dfrtp_1)
                                  1.78   data arrival time

                         25.00   25.00   clock clk (rise edge)
                          0.00   25.00   clock source latency
                  0.08    0.05   25.05 ^ clk (in)
     1    0.02                           clk (net)
                  0.08    0.00   25.05 ^ clkbuf_0_clk/A (sky130_fd_sc_hd__clkbuf_16)
                  0.10    0.18   25.23 ^ clkbuf_0_clk/X (sky130_fd_sc_hd__clkbuf_16)
     8    0.08                           clknet_0_clk (net)
                  0.10    0.00   25.23 ^ clkbuf_3_3__f_clk/A (sky130_fd_sc_hd__clkbuf_16)
                  0.05    0.14   25.38 ^ clkbuf_3_3__f_clk/X (sky130_fd_sc_hd__clkbuf_16)
     8    0.02                           clknet_3_3__leaf_clk (net)
                  0.05    0.00   25.38 ^ _453_/CLK (sky130_fd_sc_hd__dfrtp_1)
                         -0.25   25.13   clock uncertainty
                          0.04   25.17   clock reconvergence pessimism
                         -0.10   25.06   library setup time
                                 25.06   data required time
-----------------------------------------------------------------------------
                                 25.06   data required time
                                 -1.78   data arrival time
-----------------------------------------------------------------------------
                                 23.28   slack (MET)


Startpoint: _465_ (rising edge-triggered flip-flop clocked by clk)
Endpoint: _465_ (rising edge-triggered flip-flop clocked by clk)
Path Group: clk
Path Type: max

Fanout     Cap    Slew   Delay    Time   Description
-----------------------------------------------------------------------------
                          0.00    0.00   clock clk (rise edge)
                          0.00    0.00   clock source latency
                  0.08    0.06    0.06 ^ clk (in)
     1    0.02                           clk (net)
                  0.08    0.00    0.06 ^ clkbuf_0_clk/A (sky130_fd_sc_hd__clkbuf_16)
                  0.10    0.20    0.26 ^ clkbuf_0_clk/X (sky130_fd_sc_hd__clkbuf_16)
     8    0.08                           clknet_0_clk (net)
                  0.10    0.00    0.26 ^ clkbuf_3_7__f_clk/A (sky130_fd_sc_hd__clkbuf_16)
                  0.05    0.16    0.42 ^ clkbuf_3_7__f_clk/X (sky130_fd_sc_hd__clkbuf_16)
    11    0.03                           clknet_3_7__leaf_clk (net)
                  0.05    0.00    0.42 ^ _465_/CLK (sky130_fd_sc_hd__dfrtp_1)
                  0.06    0.40    0.83 v _465_/Q (sky130_fd_sc_hd__dfrtp_1)
     2    0.01                           u_sort.bucket_reg[0][0] (net)
                  0.06    0.00    0.83 v hold34/A (sky130_fd_sc_hd__dlygate4sd3_1)
                  0.05    0.57    1.40 v hold34/X (sky130_fd_sc_hd__dlygate4sd3_1)
     1    0.00                           net60 (net)
                  0.05    0.00    1.40 v _370_/A0 (sky130_fd_sc_hd__mux2_1)
                  0.05    0.29    1.69 v _370_/X (sky130_fd_sc_hd__mux2_1)
     1    0.00                           _179_ (net)
                  0.05    0.00    1.69 v _371_/A (sky130_fd_sc_hd__clkbuf_1)
                  0.03    0.10    1.78 v _371_/X (sky130_fd_sc_hd__clkbuf_1)
     1    0.00                           _045_ (net)
                  0.03    0.00    1.78 v _465_/D (sky130_fd_sc_hd__dfrtp_1)
                                  1.78   data arrival time

                         25.00   25.00   clock clk (rise edge)
                          0.00   25.00   clock source latency
                  0.08    0.05   25.05 ^ clk (in)
     1    0.02                           clk (net)
                  0.08    0.00   25.05 ^ clkbuf_0_clk/A (sky130_fd_sc_hd__clkbuf_16)
                  0.10    0.18   25.23 ^ clkbuf_0_clk/X (sky130_fd_sc_hd__clkbuf_16)
     8    0.08                           clknet_0_clk (net)
                  0.10    0.00   25.23 ^ clkbuf_3_7__f_clk/A (sky130_fd_sc_hd__clkbuf_16)
                  0.05    0.15   25.38 ^ clkbuf_3_7__f_clk/X (sky130_fd_sc_hd__clkbuf_16)
    11    0.03                           clknet_3_7__leaf_clk (net)
                  0.05    0.00   25.38 ^ _465_/CLK (sky130_fd_sc_hd__dfrtp_1)
                         -0.25   25.13   clock uncertainty
                          0.04   25.17   clock reconvergence pessimism
                         -0.10   25.07   library setup time
                                 25.07   data required time
-----------------------------------------------------------------------------
                                 25.07   data required time
                                 -1.78   data arrival time
-----------------------------------------------------------------------------
                                 23.29   slack (MET)


Startpoint: _466_ (rising edge-triggered flip-flop clocked by clk)
Endpoint: _466_ (rising edge-triggered flip-flop clocked by clk)
Path Group: clk
Path Type: max

Fanout     Cap    Slew   Delay    Time   Description
-----------------------------------------------------------------------------
                          0.00    0.00   clock clk (rise edge)
                          0.00    0.00   clock source latency
                  0.08    0.06    0.06 ^ clk (in)
     1    0.02                           clk (net)
                  0.08    0.00    0.06 ^ clkbuf_0_clk/A (sky130_fd_sc_hd__clkbuf_16)
                  0.10    0.20    0.26 ^ clkbuf_0_clk/X (sky130_fd_sc_hd__clkbuf_16)
     8    0.08                           clknet_0_clk (net)
                  0.10    0.00    0.26 ^ clkbuf_3_6__f_clk/A (sky130_fd_sc_hd__clkbuf_16)
                  0.05    0.16    0.42 ^ clkbuf_3_6__f_clk/X (sky130_fd_sc_hd__clkbuf_16)
     8    0.03                           clknet_3_6__leaf_clk (net)
                  0.05    0.00    0.42 ^ _466_/CLK (sky130_fd_sc_hd__dfrtp_1)
                  0.06    0.40    0.81 v _466_/Q (sky130_fd_sc_hd__dfrtp_1)
     2    0.01                           u_sort.bucket_reg[0][1] (net)
                  0.06    0.00    0.81 v hold35/A (sky130_fd_sc_hd__dlygate4sd3_1)
                  0.05    0.57    1.38 v hold35/X (sky130_fd_sc_hd__dlygate4sd3_1)
     1    0.00                           net61 (net)
                  0.05    0.00    1.38 v _372_/A0 (sky130_fd_sc_hd__mux2_1)
                  0.05    0.29    1.67 v _372_/X (sky130_fd_sc_hd__mux2_1)
     1    0.00                           _180_ (net)
                  0.05    0.00    1.67 v _373_/A (sky130_fd_sc_hd__clkbuf_1)
                  0.03    0.10    1.77 v _373_/X (sky130_fd_sc_hd__clkbuf_1)
     1    0.00                           _046_ (net)
                  0.03    0.00    1.77 v _466_/D (sky130_fd_sc_hd__dfrtp_1)
                                  1.77   data arrival time

                         25.00   25.00   clock clk (rise edge)
                          0.00   25.00   clock source latency
                  0.08    0.05   25.05 ^ clk (in)
     1    0.02                           clk (net)
                  0.08    0.00   25.05 ^ clkbuf_0_clk/A (sky130_fd_sc_hd__clkbuf_16)
                  0.10    0.18   25.23 ^ clkbuf_0_clk/X (sky130_fd_sc_hd__clkbuf_16)
     8    0.08                           clknet_0_clk (net)
                  0.10    0.00   25.23 ^ clkbuf_3_6__f_clk/A (sky130_fd_sc_hd__clkbuf_16)
                  0.05    0.14   25.38 ^ clkbuf_3_6__f_clk/X (sky130_fd_sc_hd__clkbuf_16)
     8    0.03                           clknet_3_6__leaf_clk (net)
                  0.05    0.00   25.38 ^ _466_/CLK (sky130_fd_sc_hd__dfrtp_1)
                         -0.25   25.13   clock uncertainty
                          0.04   25.17   clock reconvergence pessimism
                         -0.11   25.06   library setup time
                                 25.06   data required time
-----------------------------------------------------------------------------
                                 25.06   data required time
                                 -1.77   data arrival time
-----------------------------------------------------------------------------
                                 23.29   slack (MET)


Startpoint: _446_ (rising edge-triggered flip-flop clocked by clk)
Endpoint: _461_ (rising edge-triggered flip-flop clocked by clk)
Path Group: clk
Path Type: max

Fanout     Cap    Slew   Delay    Time   Description
-----------------------------------------------------------------------------
                          0.00    0.00   clock clk (rise edge)
                          0.00    0.00   clock source latency
                  0.08    0.06    0.06 ^ clk (in)
     1    0.02                           clk (net)
                  0.08    0.00    0.06 ^ clkbuf_0_clk/A (sky130_fd_sc_hd__clkbuf_16)
                  0.10    0.20    0.26 ^ clkbuf_0_clk/X (sky130_fd_sc_hd__clkbuf_16)
     8    0.08                           clknet_0_clk (net)
                  0.10    0.00    0.26 ^ clkbuf_3_1__f_clk/A (sky130_fd_sc_hd__clkbuf_16)
                  0.04    0.15    0.41 ^ clkbuf_3_1__f_clk/X (sky130_fd_sc_hd__clkbuf_16)
     6    0.02                           clknet_3_1__leaf_clk (net)
                  0.04    0.00    0.41 ^ _446_/CLK (sky130_fd_sc_hd__dfrtp_1)
                  0.04    0.36    0.77 v _446_/Q (sky130_fd_sc_hd__dfrtp_1)
     1    0.00                           u_am2.b_i[2] (net)
                  0.04    0.00    0.77 v hold10/A (sky130_fd_sc_hd__dlygate4sd3_1)
                  0.06    0.59    1.36 v hold10/X (sky130_fd_sc_hd__dlygate4sd3_1)
     2    0.00                           net36 (net)
                  0.06    0.00    1.36 v _362_/A1 (sky130_fd_sc_hd__mux2_1)
                  0.06    0.31    1.67 v _362_/X (sky130_fd_sc_hd__mux2_1)
     1    0.00                           _175_ (net)
                  0.06    0.00    1.67 v _363_/A (sky130_fd_sc_hd__clkbuf_1)
                  0.02    0.09    1.76 v _363_/X (sky130_fd_sc_hd__clkbuf_1)
     1    0.00                           _041_ (net)
                  0.02    0.00    1.76 v _461_/D (sky130_fd_sc_hd__dfrtp_1)
                                  1.76   data arrival time

                         25.00   25.00   clock clk (rise edge)
                          0.00   25.00   clock source latency
                  0.08    0.05   25.05 ^ clk (in)
     1    0.02                           clk (net)
                  0.08    0.00   25.05 ^ clkbuf_0_clk/A (sky130_fd_sc_hd__clkbuf_16)
                  0.10    0.18   25.23 ^ clkbuf_0_clk/X (sky130_fd_sc_hd__clkbuf_16)
     8    0.08                           clknet_0_clk (net)
                  0.10    0.00   25.23 ^ clkbuf_3_1__f_clk/A (sky130_fd_sc_hd__clkbuf_16)
                  0.04    0.14   25.37 ^ clkbuf_3_1__f_clk/X (sky130_fd_sc_hd__clkbuf_16)
     6    0.02                           clknet_3_1__leaf_clk (net)
                  0.04    0.00   25.37 ^ _461_/CLK (sky130_fd_sc_hd__dfrtp_1)
                         -0.25   25.12   clock uncertainty
                          0.04   25.16   clock reconvergence pessimism
                         -0.11   25.05   library setup time
                                 25.05   data required time
-----------------------------------------------------------------------------
                                 25.05   data required time
                                 -1.76   data arrival time
-----------------------------------------------------------------------------
                                 23.29   slack (MET)


Startpoint: _438_ (rising edge-triggered flip-flop clocked by clk)
Endpoint: _462_ (rising edge-triggered flip-flop clocked by clk)
Path Group: clk
Path Type: max

Fanout     Cap    Slew   Delay    Time   Description
-----------------------------------------------------------------------------
                          0.00    0.00   clock clk (rise edge)
                          0.00    0.00   clock source latency
                  0.08    0.06    0.06 ^ clk (in)
     1    0.02                           clk (net)
                  0.08    0.00    0.06 ^ clkbuf_0_clk/A (sky130_fd_sc_hd__clkbuf_16)
                  0.10    0.20    0.26 ^ clkbuf_0_clk/X (sky130_fd_sc_hd__clkbuf_16)
     8    0.08                           clknet_0_clk (net)
                  0.10    0.00    0.26 ^ clkbuf_3_5__f_clk/A (sky130_fd_sc_hd__clkbuf_16)
                  0.04    0.15    0.41 ^ clkbuf_3_5__f_clk/X (sky130_fd_sc_hd__clkbuf_16)
     7    0.02                           clknet_3_5__leaf_clk (net)
                  0.04    0.00    0.41 ^ _438_/CLK (sky130_fd_sc_hd__dfrtp_1)
                  0.04    0.36    0.77 v _438_/Q (sky130_fd_sc_hd__dfrtp_1)
     1    0.00                           u_am1.b_i[0] (net)
                  0.04    0.00    0.77 v hold16/A (sky130_fd_sc_hd__dlygate4sd3_1)
                  0.06    0.59    1.36 v hold16/X (sky130_fd_sc_hd__dlygate4sd3_1)
     2    0.01                           net42 (net)
                  0.06    0.00    1.36 v _364_/A1 (sky130_fd_sc_hd__mux2_1)
                  0.06    0.31    1.67 v _364_/X (sky130_fd_sc_hd__mux2_1)
     1    0.00                           _176_ (net)
                  0.06    0.00    1.67 v _365_/A (sky130_fd_sc_hd__clkbuf_1)
                  0.02    0.09    1.77 v _365_/X (sky130_fd_sc_hd__clkbuf_1)
     1    0.00                           _042_ (net)
                  0.02    0.00    1.77 v _462_/D (sky130_fd_sc_hd__dfrtp_1)
                                  1.77   data arrival time

                         25.00   25.00   clock clk (rise edge)
                          0.00   25.00   clock source latency
                  0.08    0.05   25.05 ^ clk (in)
     1    0.02                           clk (net)
                  0.08    0.00   25.05 ^ clkbuf_0_clk/A (sky130_fd_sc_hd__clkbuf_16)
                  0.10    0.18   25.23 ^ clkbuf_0_clk/X (sky130_fd_sc_hd__clkbuf_16)
     8    0.08                           clknet_0_clk (net)
                  0.10    0.00   25.23 ^ clkbuf_3_5__f_clk/A (sky130_fd_sc_hd__clkbuf_16)
                  0.04    0.14   25.37 ^ clkbuf_3_5__f_clk/X (sky130_fd_sc_hd__clkbuf_16)
     7    0.02                           clknet_3_5__leaf_clk (net)
                  0.04    0.00   25.37 ^ _462_/CLK (sky130_fd_sc_hd__dfrtp_1)
                         -0.25   25.12   clock uncertainty
                          0.04   25.16   clock reconvergence pessimism
                         -0.11   25.06   library setup time
                                 25.06   data required time
-----------------------------------------------------------------------------
                                 25.06   data required time
                                 -1.77   data arrival time
-----------------------------------------------------------------------------
                                 23.29   slack (MET)


Startpoint: _444_ (rising edge-triggered flip-flop clocked by clk)
Endpoint: _459_ (rising edge-triggered flip-flop clocked by clk)
Path Group: clk
Path Type: max

Fanout     Cap    Slew   Delay    Time   Description
-----------------------------------------------------------------------------
                          0.00    0.00   clock clk (rise edge)
                          0.00    0.00   clock source latency
                  0.08    0.06    0.06 ^ clk (in)
     1    0.02                           clk (net)
                  0.08    0.00    0.06 ^ clkbuf_0_clk/A (sky130_fd_sc_hd__clkbuf_16)
                  0.10    0.20    0.26 ^ clkbuf_0_clk/X (sky130_fd_sc_hd__clkbuf_16)
     8    0.08                           clknet_0_clk (net)
                  0.10    0.00    0.26 ^ clkbuf_3_1__f_clk/A (sky130_fd_sc_hd__clkbuf_16)
                  0.04    0.15    0.41 ^ clkbuf_3_1__f_clk/X (sky130_fd_sc_hd__clkbuf_16)
     6    0.02                           clknet_3_1__leaf_clk (net)
                  0.04    0.00    0.41 ^ _444_/CLK (sky130_fd_sc_hd__dfrtp_1)
                  0.03    0.36    0.77 v _444_/Q (sky130_fd_sc_hd__dfrtp_1)
     1    0.00                           u_am2.b_i[0] (net)
                  0.03    0.00    0.77 v hold11/A (sky130_fd_sc_hd__dlygate4sd3_1)
                  0.07    0.59    1.36 v hold11/X (sky130_fd_sc_hd__dlygate4sd3_1)
     2    0.01                           net37 (net)
                  0.07    0.00    1.36 v _358_/A1 (sky130_fd_sc_hd__mux2_1)
                  0.05    0.31    1.66 v _358_/X (sky130_fd_sc_hd__mux2_1)
     1    0.00                           _173_ (net)
                  0.05    0.00    1.67 v _359_/A (sky130_fd_sc_hd__clkbuf_1)
                  0.02    0.09    1.76 v _359_/X (sky130_fd_sc_hd__clkbuf_1)
     1    0.00                           _039_ (net)
                  0.02    0.00    1.76 v _459_/D (sky130_fd_sc_hd__dfrtp_1)
                                  1.76   data arrival time

                         25.00   25.00   clock clk (rise edge)
                          0.00   25.00   clock source latency
                  0.08    0.05   25.05 ^ clk (in)
     1    0.02                           clk (net)
                  0.08    0.00   25.05 ^ clkbuf_0_clk/A (sky130_fd_sc_hd__clkbuf_16)
                  0.10    0.18   25.23 ^ clkbuf_0_clk/X (sky130_fd_sc_hd__clkbuf_16)
     8    0.08                           clknet_0_clk (net)
                  0.10    0.00   25.23 ^ clkbuf_3_1__f_clk/A (sky130_fd_sc_hd__clkbuf_16)
                  0.04    0.14   25.37 ^ clkbuf_3_1__f_clk/X (sky130_fd_sc_hd__clkbuf_16)
     6    0.02                           clknet_3_1__leaf_clk (net)
                  0.04    0.00   25.37 ^ _459_/CLK (sky130_fd_sc_hd__dfrtp_1)
                         -0.25   25.12   clock uncertainty
                          0.04   25.16   clock reconvergence pessimism
                         -0.11   25.05   library setup time
                                 25.05   data required time
-----------------------------------------------------------------------------
                                 25.05   data required time
                                 -1.76   data arrival time
-----------------------------------------------------------------------------
                                 23.30   slack (MET)


Startpoint: _476_ (rising edge-triggered flip-flop clocked by clk)
Endpoint: _479_ (rising edge-triggered flip-flop clocked by clk)
Path Group: clk
Path Type: max

Fanout     Cap    Slew   Delay    Time   Description
-----------------------------------------------------------------------------
                          0.00    0.00   clock clk (rise edge)
                          0.00    0.00   clock source latency
                  0.08    0.06    0.06 ^ clk (in)
     1    0.02                           clk (net)
                  0.08    0.00    0.06 ^ clkbuf_0_clk/A (sky130_fd_sc_hd__clkbuf_16)
                  0.10    0.20    0.26 ^ clkbuf_0_clk/X (sky130_fd_sc_hd__clkbuf_16)
     8    0.08                           clknet_0_clk (net)
                  0.10    0.00    0.26 ^ clkbuf_3_7__f_clk/A (sky130_fd_sc_hd__clkbuf_16)
                  0.05    0.16    0.42 ^ clkbuf_3_7__f_clk/X (sky130_fd_sc_hd__clkbuf_16)
    11    0.03                           clknet_3_7__leaf_clk (net)
                  0.05    0.00    0.42 ^ _476_/CLK (sky130_fd_sc_hd__dfrtp_1)
                  0.04    0.37    0.79 v _476_/Q (sky130_fd_sc_hd__dfrtp_1)
     1    0.00                           u_sort.bucket_counter[1] (net)
                  0.04    0.00    0.79 v _218_/A (sky130_fd_sc_hd__clkbuf_4)
                  0.11    0.21    1.01 v _218_/X (sky130_fd_sc_hd__clkbuf_4)
    10    0.05                           _071_ (net)
                  0.11    0.00    1.01 v _232_/B (sky130_fd_sc_hd__xnor2_1)
                  0.23    0.25    1.26 ^ _232_/Y (sky130_fd_sc_hd__xnor2_1)
     2    0.01                           _085_ (net)
                  0.23    0.00    1.26 ^ _254_/B (sky130_fd_sc_hd__nand3_1)
                  0.11    0.16    1.41 v _254_/Y (sky130_fd_sc_hd__nand3_1)
     2    0.01                           _106_ (net)
                  0.11    0.00    1.42 v _404_/A2 (sky130_fd_sc_hd__o21ai_1)
                  0.10    0.14    1.56 ^ _404_/Y (sky130_fd_sc_hd__o21ai_1)
     1    0.00                           _201_ (net)
                  0.10    0.00    1.56 ^ _405_/B (sky130_fd_sc_hd__nand2_1)
                  0.04    0.07    1.63 v _405_/Y (sky130_fd_sc_hd__nand2_1)
     1    0.00                           _057_ (net)
                  0.04    0.00    1.63 v _479_/D (sky130_fd_sc_hd__dfrtp_1)
                                  1.63   data arrival time

                         25.00   25.00   clock clk (rise edge)
                          0.00   25.00   clock source latency
                  0.08    0.05   25.05 ^ clk (in)
     1    0.02                           clk (net)
                  0.08    0.00   25.05 ^ clkbuf_0_clk/A (sky130_fd_sc_hd__clkbuf_16)
                  0.10    0.18   25.23 ^ clkbuf_0_clk/X (sky130_fd_sc_hd__clkbuf_16)
     8    0.08                           clknet_0_clk (net)
                  0.10    0.00   25.23 ^ clkbuf_3_6__f_clk/A (sky130_fd_sc_hd__clkbuf_16)
                  0.05    0.14   25.38 ^ clkbuf_3_6__f_clk/X (sky130_fd_sc_hd__clkbuf_16)
     8    0.03                           clknet_3_6__leaf_clk (net)
                  0.05    0.00   25.38 ^ _479_/CLK (sky130_fd_sc_hd__dfrtp_1)
                         -0.25   25.13   clock uncertainty
                          0.02   25.15   clock reconvergence pessimism
                         -0.11   25.04   library setup time
                                 25.04   data required time
-----------------------------------------------------------------------------
                                 25.04   data required time
                                 -1.63   data arrival time
-----------------------------------------------------------------------------
                                 23.41   slack (MET)



