
===========================================================================
report_checks -path_delay min (Hold)
============================================================================
======================= Typical Corner ===================================

Startpoint: _449_ (rising edge-triggered flip-flop clocked by clk)
Endpoint: _449_ (rising edge-triggered flip-flop clocked by clk)
Path Group: clk
Path Type: min

Fanout     Cap    Slew   Delay    Time   Description
-----------------------------------------------------------------------------
                          0.00    0.00   clock clk (rise edge)
                          0.00    0.00   clock source latency
                  0.07    0.04    0.04 ^ clk (in)
     1    0.01                           clk (net)
                  0.07    0.00    0.04 ^ clkbuf_0_clk/A (sky130_fd_sc_hd__clkbuf_16)
                  0.09    0.17    0.21 ^ clkbuf_0_clk/X (sky130_fd_sc_hd__clkbuf_16)
     8    0.07                           clknet_0_clk (net)
                  0.09    0.00    0.21 ^ clkbuf_3_2__f_clk/A (sky130_fd_sc_hd__clkbuf_16)
                  0.04    0.14    0.35 ^ clkbuf_3_2__f_clk/X (sky130_fd_sc_hd__clkbuf_16)
     8    0.02                           clknet_3_2__leaf_clk (net)
                  0.04    0.00    0.35 ^ _449_/CLK (sky130_fd_sc_hd__dfrtp_1)
                  0.09    0.33    0.68 ^ _449_/Q (sky130_fd_sc_hd__dfrtp_1)
     2    0.01                           u_am4.max[2] (net)
                  0.09    0.00    0.68 ^ _339_/B1 (sky130_fd_sc_hd__a21o_1)
                  0.03    0.08    0.76 ^ _339_/X (sky130_fd_sc_hd__a21o_1)
     1    0.00                           _029_ (net)
                  0.03    0.00    0.76 ^ _449_/D (sky130_fd_sc_hd__dfrtp_1)
                                  0.76   data arrival time

                          0.00    0.00   clock clk (rise edge)
                          0.00    0.00   clock source latency
                  0.07    0.05    0.05 ^ clk (in)
     1    0.01                           clk (net)
                  0.07    0.00    0.05 ^ clkbuf_0_clk/A (sky130_fd_sc_hd__clkbuf_16)
                  0.09    0.18    0.23 ^ clkbuf_0_clk/X (sky130_fd_sc_hd__clkbuf_16)
     8    0.07                           clknet_0_clk (net)
                  0.09    0.00    0.23 ^ clkbuf_3_2__f_clk/A (sky130_fd_sc_hd__clkbuf_16)
                  0.04    0.15    0.38 ^ clkbuf_3_2__f_clk/X (sky130_fd_sc_hd__clkbuf_16)
     8    0.02                           clknet_3_2__leaf_clk (net)
                  0.04    0.00    0.38 ^ _449_/CLK (sky130_fd_sc_hd__dfrtp_1)
                          0.25    0.63   clock uncertainty
                         -0.04    0.60   clock reconvergence pessimism
                         -0.03    0.56   library hold time
                                  0.56   data required time
-----------------------------------------------------------------------------
                                  0.56   data required time
                                 -0.76   data arrival time
-----------------------------------------------------------------------------
                                  0.19   slack (MET)


Startpoint: _431_ (rising edge-triggered flip-flop clocked by clk)
Endpoint: _431_ (rising edge-triggered flip-flop clocked by clk)
Path Group: clk
Path Type: min

Fanout     Cap    Slew   Delay    Time   Description
-----------------------------------------------------------------------------
                          0.00    0.00   clock clk (rise edge)
                          0.00    0.00   clock source latency
                  0.07    0.04    0.04 ^ clk (in)
     1    0.01                           clk (net)
                  0.07    0.00    0.04 ^ clkbuf_0_clk/A (sky130_fd_sc_hd__clkbuf_16)
                  0.09    0.17    0.21 ^ clkbuf_0_clk/X (sky130_fd_sc_hd__clkbuf_16)
     8    0.07                           clknet_0_clk (net)
                  0.09    0.00    0.21 ^ clkbuf_3_5__f_clk/A (sky130_fd_sc_hd__clkbuf_16)
                  0.04    0.13    0.34 ^ clkbuf_3_5__f_clk/X (sky130_fd_sc_hd__clkbuf_16)
     7    0.02                           clknet_3_5__leaf_clk (net)
                  0.04    0.00    0.34 ^ _431_/CLK (sky130_fd_sc_hd__dfrtp_1)
                  0.09    0.33    0.68 ^ _431_/Q (sky130_fd_sc_hd__dfrtp_1)
     2    0.01                           u_am1.max[2] (net)
                  0.09    0.00    0.68 ^ _294_/B1 (sky130_fd_sc_hd__a21o_1)
                  0.03    0.08    0.76 ^ _294_/X (sky130_fd_sc_hd__a21o_1)
     1    0.00                           _011_ (net)
                  0.03    0.00    0.76 ^ _431_/D (sky130_fd_sc_hd__dfrtp_1)
                                  0.76   data arrival time

                          0.00    0.00   clock clk (rise edge)
                          0.00    0.00   clock source latency
                  0.07    0.05    0.05 ^ clk (in)
     1    0.01                           clk (net)
                  0.07    0.00    0.05 ^ clkbuf_0_clk/A (sky130_fd_sc_hd__clkbuf_16)
                  0.09    0.18    0.23 ^ clkbuf_0_clk/X (sky130_fd_sc_hd__clkbuf_16)
     8    0.07                           clknet_0_clk (net)
                  0.09    0.00    0.23 ^ clkbuf_3_5__f_clk/A (sky130_fd_sc_hd__clkbuf_16)
                  0.04    0.15    0.38 ^ clkbuf_3_5__f_clk/X (sky130_fd_sc_hd__clkbuf_16)
     7    0.02                           clknet_3_5__leaf_clk (net)
                  0.04    0.00    0.38 ^ _431_/CLK (sky130_fd_sc_hd__dfrtp_1)
                          0.25    0.63   clock uncertainty
                         -0.04    0.59   clock reconvergence pessimism
                         -0.03    0.56   library hold time
                                  0.56   data required time
-----------------------------------------------------------------------------
                                  0.56   data required time
                                 -0.76   data arrival time
-----------------------------------------------------------------------------
                                  0.19   slack (MET)


Startpoint: _443_ (rising edge-triggered flip-flop clocked by clk)
Endpoint: _443_ (rising edge-triggered flip-flop clocked by clk)
Path Group: clk
Path Type: min

Fanout     Cap    Slew   Delay    Time   Description
-----------------------------------------------------------------------------
                          0.00    0.00   clock clk (rise edge)
                          0.00    0.00   clock source latency
                  0.07    0.04    0.04 ^ clk (in)
     1    0.01                           clk (net)
                  0.07    0.00    0.04 ^ clkbuf_0_clk/A (sky130_fd_sc_hd__clkbuf_16)
                  0.09    0.17    0.21 ^ clkbuf_0_clk/X (sky130_fd_sc_hd__clkbuf_16)
     8    0.07                           clknet_0_clk (net)
                  0.09    0.00    0.21 ^ clkbuf_3_0__f_clk/A (sky130_fd_sc_hd__clkbuf_16)
                  0.05    0.14    0.35 ^ clkbuf_3_0__f_clk/X (sky130_fd_sc_hd__clkbuf_16)
    11    0.03                           clknet_3_0__leaf_clk (net)
                  0.05    0.00    0.35 ^ _443_/CLK (sky130_fd_sc_hd__dfrtp_1)
                  0.09    0.33    0.69 ^ _443_/Q (sky130_fd_sc_hd__dfrtp_1)
     2    0.01                           u_am3.max[2] (net)
                  0.09    0.00    0.69 ^ _328_/B1 (sky130_fd_sc_hd__a21o_1)
                  0.03    0.08    0.77 ^ _328_/X (sky130_fd_sc_hd__a21o_1)
     1    0.00                           _023_ (net)
                  0.03    0.00    0.77 ^ _443_/D (sky130_fd_sc_hd__dfrtp_1)
                                  0.77   data arrival time

                          0.00    0.00   clock clk (rise edge)
                          0.00    0.00   clock source latency
                  0.07    0.05    0.05 ^ clk (in)
     1    0.01                           clk (net)
                  0.07    0.00    0.05 ^ clkbuf_0_clk/A (sky130_fd_sc_hd__clkbuf_16)
                  0.09    0.18    0.23 ^ clkbuf_0_clk/X (sky130_fd_sc_hd__clkbuf_16)
     8    0.07                           clknet_0_clk (net)
                  0.09    0.00    0.23 ^ clkbuf_3_0__f_clk/A (sky130_fd_sc_hd__clkbuf_16)
                  0.05    0.16    0.39 ^ clkbuf_3_0__f_clk/X (sky130_fd_sc_hd__clkbuf_16)
    11    0.03                           clknet_3_0__leaf_clk (net)
                  0.05    0.00    0.39 ^ _443_/CLK (sky130_fd_sc_hd__dfrtp_1)
                          0.25    0.64   clock uncertainty
                         -0.04    0.60   clock reconvergence pessimism
                         -0.03    0.57   library hold time
                                  0.57   data required time
-----------------------------------------------------------------------------
                                  0.57   data required time
                                 -0.77   data arrival time
-----------------------------------------------------------------------------
                                  0.20   slack (MET)


Startpoint: _437_ (rising edge-triggered flip-flop clocked by clk)
Endpoint: _437_ (rising edge-triggered flip-flop clocked by clk)
Path Group: clk
Path Type: min

Fanout     Cap    Slew   Delay    Time   Description
-----------------------------------------------------------------------------
                          0.00    0.00   clock clk (rise edge)
                          0.00    0.00   clock source latency
                  0.07    0.04    0.04 ^ clk (in)
     1    0.01                           clk (net)
                  0.07    0.00    0.04 ^ clkbuf_0_clk/A (sky130_fd_sc_hd__clkbuf_16)
                  0.09    0.17    0.21 ^ clkbuf_0_clk/X (sky130_fd_sc_hd__clkbuf_16)
     8    0.07                           clknet_0_clk (net)
                  0.09    0.00    0.21 ^ clkbuf_3_0__f_clk/A (sky130_fd_sc_hd__clkbuf_16)
                  0.05    0.14    0.35 ^ clkbuf_3_0__f_clk/X (sky130_fd_sc_hd__clkbuf_16)
    11    0.03                           clknet_3_0__leaf_clk (net)
                  0.05    0.00    0.35 ^ _437_/CLK (sky130_fd_sc_hd__dfrtp_1)
                  0.09    0.34    0.69 ^ _437_/Q (sky130_fd_sc_hd__dfrtp_1)
     2    0.01                           u_am2.max[2] (net)
                  0.09    0.00    0.69 ^ _311_/B1 (sky130_fd_sc_hd__a21o_1)
                  0.03    0.08    0.77 ^ _311_/X (sky130_fd_sc_hd__a21o_1)
     1    0.00                           _017_ (net)
                  0.03    0.00    0.77 ^ _437_/D (sky130_fd_sc_hd__dfrtp_1)
                                  0.77   data arrival time

                          0.00    0.00   clock clk (rise edge)
                          0.00    0.00   clock source latency
                  0.07    0.05    0.05 ^ clk (in)
     1    0.01                           clk (net)
                  0.07    0.00    0.05 ^ clkbuf_0_clk/A (sky130_fd_sc_hd__clkbuf_16)
                  0.09    0.18    0.23 ^ clkbuf_0_clk/X (sky130_fd_sc_hd__clkbuf_16)
     8    0.07                           clknet_0_clk (net)
                  0.09    0.00    0.23 ^ clkbuf_3_0__f_clk/A (sky130_fd_sc_hd__clkbuf_16)
                  0.05    0.16    0.39 ^ clkbuf_3_0__f_clk/X (sky130_fd_sc_hd__clkbuf_16)
    11    0.03                           clknet_3_0__leaf_clk (net)
                  0.05    0.00    0.39 ^ _437_/CLK (sky130_fd_sc_hd__dfrtp_1)
                          0.25    0.64   clock uncertainty
                         -0.04    0.60   clock reconvergence pessimism
                         -0.03    0.57   library hold time
                                  0.57   data required time
-----------------------------------------------------------------------------
                                  0.57   data required time
                                 -0.77   data arrival time
-----------------------------------------------------------------------------
                                  0.20   slack (MET)


Startpoint: _428_ (rising edge-triggered flip-flop clocked by clk)
Endpoint: _428_ (rising edge-triggered flip-flop clocked by clk)
Path Group: clk
Path Type: min

Fanout     Cap    Slew   Delay    Time   Description
-----------------------------------------------------------------------------
                          0.00    0.00   clock clk (rise edge)
                          0.00    0.00   clock source latency
                  0.07    0.04    0.04 ^ clk (in)
     1    0.01                           clk (net)
                  0.07    0.00    0.04 ^ clkbuf_0_clk/A (sky130_fd_sc_hd__clkbuf_16)
                  0.09    0.17    0.21 ^ clkbuf_0_clk/X (sky130_fd_sc_hd__clkbuf_16)
     8    0.07                           clknet_0_clk (net)
                  0.09    0.00    0.21 ^ clkbuf_3_7__f_clk/A (sky130_fd_sc_hd__clkbuf_16)
                  0.05    0.14    0.35 ^ clkbuf_3_7__f_clk/X (sky130_fd_sc_hd__clkbuf_16)
    11    0.03                           clknet_3_7__leaf_clk (net)
                  0.05    0.00    0.35 ^ _428_/CLK (sky130_fd_sc_hd__dfrtp_1)
                  0.09    0.34    0.69 ^ _428_/Q (sky130_fd_sc_hd__dfrtp_1)
     2    0.01                           u_am0.max[2] (net)
                  0.09    0.00    0.69 ^ _283_/B1 (sky130_fd_sc_hd__a21o_1)
                  0.03    0.08    0.77 ^ _283_/X (sky130_fd_sc_hd__a21o_1)
     1    0.00                           _008_ (net)
                  0.03    0.00    0.77 ^ _428_/D (sky130_fd_sc_hd__dfrtp_1)
                                  0.77   data arrival time

                          0.00    0.00   clock clk (rise edge)
                          0.00    0.00   clock source latency
                  0.07    0.05    0.05 ^ clk (in)
     1    0.01                           clk (net)
                  0.07    0.00    0.05 ^ clkbuf_0_clk/A (sky130_fd_sc_hd__clkbuf_16)
                  0.09    0.18    0.23 ^ clkbuf_0_clk/X (sky130_fd_sc_hd__clkbuf_16)
     8    0.07                           clknet_0_clk (net)
                  0.09    0.00    0.23 ^ clkbuf_3_7__f_clk/A (sky130_fd_sc_hd__clkbuf_16)
                  0.05    0.16    0.39 ^ clkbuf_3_7__f_clk/X (sky130_fd_sc_hd__clkbuf_16)
    11    0.03                           clknet_3_7__leaf_clk (net)
                  0.05    0.00    0.39 ^ _428_/CLK (sky130_fd_sc_hd__dfrtp_1)
                          0.25    0.64   clock uncertainty
                         -0.04    0.60   clock reconvergence pessimism
                         -0.03    0.57   library hold time
                                  0.57   data required time
-----------------------------------------------------------------------------
                                  0.57   data required time
                                 -0.77   data arrival time
-----------------------------------------------------------------------------
                                  0.20   slack (MET)


Startpoint: _479_ (rising edge-triggered flip-flop clocked by clk)
Endpoint: _479_ (rising edge-triggered flip-flop clocked by clk)
Path Group: clk
Path Type: min

Fanout     Cap    Slew   Delay    Time   Description
-----------------------------------------------------------------------------
                          0.00    0.00   clock clk (rise edge)
                          0.00    0.00   clock source latency
                  0.07    0.04    0.04 ^ clk (in)
     1    0.01                           clk (net)
                  0.07    0.00    0.04 ^ clkbuf_0_clk/A (sky130_fd_sc_hd__clkbuf_16)
                  0.09    0.17    0.21 ^ clkbuf_0_clk/X (sky130_fd_sc_hd__clkbuf_16)
     8    0.07                           clknet_0_clk (net)
                  0.09    0.00    0.21 ^ clkbuf_3_6__f_clk/A (sky130_fd_sc_hd__clkbuf_16)
                  0.04    0.14    0.35 ^ clkbuf_3_6__f_clk/X (sky130_fd_sc_hd__clkbuf_16)
     8    0.02                           clknet_3_6__leaf_clk (net)
                  0.04    0.00    0.35 ^ _479_/CLK (sky130_fd_sc_hd__dfrtp_1)
                  0.08    0.33    0.67 ^ _479_/Q (sky130_fd_sc_hd__dfrtp_1)
     3    0.01                           u_sort.valid_reg[0] (net)
                  0.08    0.00    0.67 ^ _404_/B1 (sky130_fd_sc_hd__o21ai_1)
                  0.03    0.06    0.73 v _404_/Y (sky130_fd_sc_hd__o21ai_1)
     1    0.00                           _201_ (net)
                  0.03    0.00    0.73 v _405_/B (sky130_fd_sc_hd__nand2_1)
                  0.04    0.05    0.78 ^ _405_/Y (sky130_fd_sc_hd__nand2_1)
     1    0.00                           _057_ (net)
                  0.04    0.00    0.78 ^ _479_/D (sky130_fd_sc_hd__dfrtp_1)
                                  0.78   data arrival time

                          0.00    0.00   clock clk (rise edge)
                          0.00    0.00   clock source latency
                  0.07    0.05    0.05 ^ clk (in)
     1    0.01                           clk (net)
                  0.07    0.00    0.05 ^ clkbuf_0_clk/A (sky130_fd_sc_hd__clkbuf_16)
                  0.09    0.18    0.23 ^ clkbuf_0_clk/X (sky130_fd_sc_hd__clkbuf_16)
     8    0.07                           clknet_0_clk (net)
                  0.09    0.00    0.23 ^ clkbuf_3_6__f_clk/A (sky130_fd_sc_hd__clkbuf_16)
                  0.04    0.15    0.38 ^ clkbuf_3_6__f_clk/X (sky130_fd_sc_hd__clkbuf_16)
     8    0.02                           clknet_3_6__leaf_clk (net)
                  0.04    0.00    0.38 ^ _479_/CLK (sky130_fd_sc_hd__dfrtp_1)
                          0.25    0.63   clock uncertainty
                         -0.04    0.60   clock reconvergence pessimism
                         -0.03    0.56   library hold time
                                  0.56   data required time
-----------------------------------------------------------------------------
                                  0.56   data required time
                                 -0.78   data arrival time
-----------------------------------------------------------------------------
                                  0.22   slack (MET)


Startpoint: _480_ (rising edge-triggered flip-flop clocked by clk)
Endpoint: _480_ (rising edge-triggered flip-flop clocked by clk)
Path Group: clk
Path Type: min

Fanout     Cap    Slew   Delay    Time   Description
-----------------------------------------------------------------------------
                          0.00    0.00   clock clk (rise edge)
                          0.00    0.00   clock source latency
                  0.07    0.04    0.04 ^ clk (in)
     1    0.01                           clk (net)
                  0.07    0.00    0.04 ^ clkbuf_0_clk/A (sky130_fd_sc_hd__clkbuf_16)
                  0.09    0.17    0.21 ^ clkbuf_0_clk/X (sky130_fd_sc_hd__clkbuf_16)
     8    0.07                           clknet_0_clk (net)
                  0.09    0.00    0.21 ^ clkbuf_3_7__f_clk/A (sky130_fd_sc_hd__clkbuf_16)
                  0.05    0.14    0.35 ^ clkbuf_3_7__f_clk/X (sky130_fd_sc_hd__clkbuf_16)
    11    0.03                           clknet_3_7__leaf_clk (net)
                  0.05    0.00    0.35 ^ _480_/CLK (sky130_fd_sc_hd__dfrtp_1)
                  0.09    0.34    0.69 ^ _480_/Q (sky130_fd_sc_hd__dfrtp_1)
     3    0.01                           u_sort.valid_reg[1] (net)
                  0.09    0.00    0.69 ^ _406_/B1 (sky130_fd_sc_hd__o21ai_1)
                  0.03    0.07    0.76 v _406_/Y (sky130_fd_sc_hd__o21ai_1)
     1    0.00                           _202_ (net)
                  0.03    0.00    0.76 v _407_/B (sky130_fd_sc_hd__nand2_1)
                  0.04    0.05    0.81 ^ _407_/Y (sky130_fd_sc_hd__nand2_1)
     1    0.00                           _058_ (net)
                  0.04    0.00    0.81 ^ _480_/D (sky130_fd_sc_hd__dfrtp_1)
                                  0.81   data arrival time

                          0.00    0.00   clock clk (rise edge)
                          0.00    0.00   clock source latency
                  0.07    0.05    0.05 ^ clk (in)
     1    0.01                           clk (net)
                  0.07    0.00    0.05 ^ clkbuf_0_clk/A (sky130_fd_sc_hd__clkbuf_16)
                  0.09    0.18    0.23 ^ clkbuf_0_clk/X (sky130_fd_sc_hd__clkbuf_16)
     8    0.07                           clknet_0_clk (net)
                  0.09    0.00    0.23 ^ clkbuf_3_7__f_clk/A (sky130_fd_sc_hd__clkbuf_16)
                  0.05    0.16    0.39 ^ clkbuf_3_7__f_clk/X (sky130_fd_sc_hd__clkbuf_16)
    11    0.03                           clknet_3_7__leaf_clk (net)
                  0.05    0.00    0.39 ^ _480_/CLK (sky130_fd_sc_hd__dfrtp_1)
                          0.25    0.64   clock uncertainty
                         -0.04    0.60   clock reconvergence pessimism
                         -0.03    0.57   library hold time
                                  0.57   data required time
-----------------------------------------------------------------------------
                                  0.57   data required time
                                 -0.81   data arrival time
-----------------------------------------------------------------------------
                                  0.24   slack (MET)


Startpoint: _445_ (rising edge-triggered flip-flop clocked by clk)
Endpoint: _460_ (rising edge-triggered flip-flop clocked by clk)
Path Group: clk
Path Type: min

Fanout     Cap    Slew   Delay    Time   Description
-----------------------------------------------------------------------------
                          0.00    0.00   clock clk (rise edge)
                          0.00    0.00   clock source latency
                  0.07    0.04    0.04 ^ clk (in)
     1    0.01                           clk (net)
                  0.07    0.00    0.04 ^ clkbuf_0_clk/A (sky130_fd_sc_hd__clkbuf_16)
                  0.09    0.17    0.21 ^ clkbuf_0_clk/X (sky130_fd_sc_hd__clkbuf_16)
     8    0.07                           clknet_0_clk (net)
                  0.09    0.00    0.21 ^ clkbuf_3_1__f_clk/A (sky130_fd_sc_hd__clkbuf_16)
                  0.04    0.13    0.34 ^ clkbuf_3_1__f_clk/X (sky130_fd_sc_hd__clkbuf_16)
     6    0.02                           clknet_3_1__leaf_clk (net)
                  0.04    0.00    0.34 ^ _445_/CLK (sky130_fd_sc_hd__dfrtp_1)
                  0.06    0.31    0.65 ^ _445_/Q (sky130_fd_sc_hd__dfrtp_1)
     2    0.00                           u_am2.b_i[1] (net)
                  0.06    0.00    0.65 ^ _360_/A1 (sky130_fd_sc_hd__mux2_1)
                  0.04    0.11    0.76 ^ _360_/X (sky130_fd_sc_hd__mux2_1)
     1    0.00                           _174_ (net)
                  0.04    0.00    0.76 ^ _361_/A (sky130_fd_sc_hd__clkbuf_1)
                  0.04    0.07    0.83 ^ _361_/X (sky130_fd_sc_hd__clkbuf_1)
     1    0.00                           _040_ (net)
                  0.04    0.00    0.83 ^ _460_/D (sky130_fd_sc_hd__dfrtp_1)
                                  0.83   data arrival time

                          0.00    0.00   clock clk (rise edge)
                          0.00    0.00   clock source latency
                  0.07    0.05    0.05 ^ clk (in)
     1    0.01                           clk (net)
                  0.07    0.00    0.05 ^ clkbuf_0_clk/A (sky130_fd_sc_hd__clkbuf_16)
                  0.09    0.18    0.23 ^ clkbuf_0_clk/X (sky130_fd_sc_hd__clkbuf_16)
     8    0.07                           clknet_0_clk (net)
                  0.09    0.00    0.23 ^ clkbuf_3_0__f_clk/A (sky130_fd_sc_hd__clkbuf_16)
                  0.05    0.16    0.39 ^ clkbuf_3_0__f_clk/X (sky130_fd_sc_hd__clkbuf_16)
    11    0.03                           clknet_3_0__leaf_clk (net)
                  0.05    0.00    0.39 ^ _460_/CLK (sky130_fd_sc_hd__dfrtp_1)
                          0.25    0.64   clock uncertainty
                         -0.02    0.62   clock reconvergence pessimism
                         -0.03    0.59   library hold time
                                  0.59   data required time
-----------------------------------------------------------------------------
                                  0.59   data required time
                                 -0.83   data arrival time
-----------------------------------------------------------------------------
                                  0.25   slack (MET)


Startpoint: _445_ (rising edge-triggered flip-flop clocked by clk)
Endpoint: _445_ (rising edge-triggered flip-flop clocked by clk)
Path Group: clk
Path Type: min

Fanout     Cap    Slew   Delay    Time   Description
-----------------------------------------------------------------------------
                          0.00    0.00   clock clk (rise edge)
                          0.00    0.00   clock source latency
                  0.07    0.04    0.04 ^ clk (in)
     1    0.01                           clk (net)
                  0.07    0.00    0.04 ^ clkbuf_0_clk/A (sky130_fd_sc_hd__clkbuf_16)
                  0.09    0.17    0.21 ^ clkbuf_0_clk/X (sky130_fd_sc_hd__clkbuf_16)
     8    0.07                           clknet_0_clk (net)
                  0.09    0.00    0.21 ^ clkbuf_3_1__f_clk/A (sky130_fd_sc_hd__clkbuf_16)
                  0.04    0.13    0.34 ^ clkbuf_3_1__f_clk/X (sky130_fd_sc_hd__clkbuf_16)
     6    0.02                           clknet_3_1__leaf_clk (net)
                  0.04    0.00    0.34 ^ _445_/CLK (sky130_fd_sc_hd__dfrtp_1)
                  0.06    0.31    0.65 ^ _445_/Q (sky130_fd_sc_hd__dfrtp_1)
     2    0.00                           u_am2.b_i[1] (net)
                  0.06    0.00    0.65 ^ _331_/A0 (sky130_fd_sc_hd__mux2_1)
                  0.04    0.11    0.76 ^ _331_/X (sky130_fd_sc_hd__mux2_1)
     1    0.00                           _160_ (net)
                  0.04    0.00    0.76 ^ _332_/A (sky130_fd_sc_hd__clkbuf_1)
                  0.04    0.07    0.83 ^ _332_/X (sky130_fd_sc_hd__clkbuf_1)
     1    0.00                           _025_ (net)
                  0.04    0.00    0.83 ^ _445_/D (sky130_fd_sc_hd__dfrtp_1)
                                  0.83   data arrival time

                          0.00    0.00   clock clk (rise edge)
                          0.00    0.00   clock source latency
                  0.07    0.05    0.05 ^ clk (in)
     1    0.01                           clk (net)
                  0.07    0.00    0.05 ^ clkbuf_0_clk/A (sky130_fd_sc_hd__clkbuf_16)
                  0.09    0.18    0.23 ^ clkbuf_0_clk/X (sky130_fd_sc_hd__clkbuf_16)
     8    0.07                           clknet_0_clk (net)
                  0.09    0.00    0.23 ^ clkbuf_3_1__f_clk/A (sky130_fd_sc_hd__clkbuf_16)
                  0.04    0.15    0.38 ^ clkbuf_3_1__f_clk/X (sky130_fd_sc_hd__clkbuf_16)
     6    0.02                           clknet_3_1__leaf_clk (net)
                  0.04    0.00    0.38 ^ _445_/CLK (sky130_fd_sc_hd__dfrtp_1)
                          0.25    0.63   clock uncertainty
                         -0.04    0.59   clock reconvergence pessimism
                         -0.03    0.56   library hold time
                                  0.56   data required time
-----------------------------------------------------------------------------
                                  0.56   data required time
                                 -0.83   data arrival time
-----------------------------------------------------------------------------
                                  0.27   slack (MET)


Startpoint: _446_ (rising edge-triggered flip-flop clocked by clk)
Endpoint: _446_ (rising edge-triggered flip-flop clocked by clk)
Path Group: clk
Path Type: min

Fanout     Cap    Slew   Delay    Time   Description
-----------------------------------------------------------------------------
                          0.00    0.00   clock clk (rise edge)
                          0.00    0.00   clock source latency
                  0.07    0.04    0.04 ^ clk (in)
     1    0.01                           clk (net)
                  0.07    0.00    0.04 ^ clkbuf_0_clk/A (sky130_fd_sc_hd__clkbuf_16)
                  0.09    0.17    0.21 ^ clkbuf_0_clk/X (sky130_fd_sc_hd__clkbuf_16)
     8    0.07                           clknet_0_clk (net)
                  0.09    0.00    0.21 ^ clkbuf_3_1__f_clk/A (sky130_fd_sc_hd__clkbuf_16)
                  0.04    0.13    0.34 ^ clkbuf_3_1__f_clk/X (sky130_fd_sc_hd__clkbuf_16)
     6    0.02                           clknet_3_1__leaf_clk (net)
                  0.04    0.00    0.34 ^ _446_/CLK (sky130_fd_sc_hd__dfrtp_1)
                  0.06    0.30    0.65 ^ _446_/Q (sky130_fd_sc_hd__dfrtp_1)
     2    0.00                           u_am2.b_i[2] (net)
                  0.06    0.00    0.65 ^ _333_/A0 (sky130_fd_sc_hd__mux2_1)
                  0.04    0.11    0.76 ^ _333_/X (sky130_fd_sc_hd__mux2_1)
     1    0.00                           _161_ (net)
                  0.04    0.00    0.76 ^ _334_/A (sky130_fd_sc_hd__clkbuf_1)
                  0.04    0.07    0.83 ^ _334_/X (sky130_fd_sc_hd__clkbuf_1)
     1    0.00                           _026_ (net)
                  0.04    0.00    0.83 ^ _446_/D (sky130_fd_sc_hd__dfrtp_1)
                                  0.83   data arrival time

                          0.00    0.00   clock clk (rise edge)
                          0.00    0.00   clock source latency
                  0.07    0.05    0.05 ^ clk (in)
     1    0.01                           clk (net)
                  0.07    0.00    0.05 ^ clkbuf_0_clk/A (sky130_fd_sc_hd__clkbuf_16)
                  0.09    0.18    0.23 ^ clkbuf_0_clk/X (sky130_fd_sc_hd__clkbuf_16)
     8    0.07                           clknet_0_clk (net)
                  0.09    0.00    0.23 ^ clkbuf_3_1__f_clk/A (sky130_fd_sc_hd__clkbuf_16)
                  0.04    0.15    0.38 ^ clkbuf_3_1__f_clk/X (sky130_fd_sc_hd__clkbuf_16)
     6    0.02                           clknet_3_1__leaf_clk (net)
                  0.04    0.00    0.38 ^ _446_/CLK (sky130_fd_sc_hd__dfrtp_1)
                          0.25    0.63   clock uncertainty
                         -0.04    0.59   clock reconvergence pessimism
                         -0.03    0.56   library hold time
                                  0.56   data required time
-----------------------------------------------------------------------------
                                  0.56   data required time
                                 -0.83   data arrival time
-----------------------------------------------------------------------------
                                  0.27   slack (MET)


Startpoint: _444_ (rising edge-triggered flip-flop clocked by clk)
Endpoint: _444_ (rising edge-triggered flip-flop clocked by clk)
Path Group: clk
Path Type: min

Fanout     Cap    Slew   Delay    Time   Description
-----------------------------------------------------------------------------
                          0.00    0.00   clock clk (rise edge)
                          0.00    0.00   clock source latency
                  0.07    0.04    0.04 ^ clk (in)
     1    0.01                           clk (net)
                  0.07    0.00    0.04 ^ clkbuf_0_clk/A (sky130_fd_sc_hd__clkbuf_16)
                  0.09    0.17    0.21 ^ clkbuf_0_clk/X (sky130_fd_sc_hd__clkbuf_16)
     8    0.07                           clknet_0_clk (net)
                  0.09    0.00    0.21 ^ clkbuf_3_1__f_clk/A (sky130_fd_sc_hd__clkbuf_16)
                  0.04    0.13    0.34 ^ clkbuf_3_1__f_clk/X (sky130_fd_sc_hd__clkbuf_16)
     6    0.02                           clknet_3_1__leaf_clk (net)
                  0.04    0.00    0.34 ^ _444_/CLK (sky130_fd_sc_hd__dfrtp_1)
                  0.06    0.31    0.65 ^ _444_/Q (sky130_fd_sc_hd__dfrtp_1)
     2    0.00                           u_am2.b_i[0] (net)
                  0.06    0.00    0.65 ^ _329_/A0 (sky130_fd_sc_hd__mux2_1)
                  0.04    0.11    0.76 ^ _329_/X (sky130_fd_sc_hd__mux2_1)
     1    0.00                           _159_ (net)
                  0.04    0.00    0.76 ^ _330_/A (sky130_fd_sc_hd__clkbuf_1)
                  0.04    0.07    0.83 ^ _330_/X (sky130_fd_sc_hd__clkbuf_1)
     1    0.00                           _024_ (net)
                  0.04    0.00    0.83 ^ _444_/D (sky130_fd_sc_hd__dfrtp_1)
                                  0.83   data arrival time

                          0.00    0.00   clock clk (rise edge)
                          0.00    0.00   clock source latency
                  0.07    0.05    0.05 ^ clk (in)
     1    0.01                           clk (net)
                  0.07    0.00    0.05 ^ clkbuf_0_clk/A (sky130_fd_sc_hd__clkbuf_16)
                  0.09    0.18    0.23 ^ clkbuf_0_clk/X (sky130_fd_sc_hd__clkbuf_16)
     8    0.07                           clknet_0_clk (net)
                  0.09    0.00    0.23 ^ clkbuf_3_1__f_clk/A (sky130_fd_sc_hd__clkbuf_16)
                  0.04    0.15    0.38 ^ clkbuf_3_1__f_clk/X (sky130_fd_sc_hd__clkbuf_16)
     6    0.02                           clknet_3_1__leaf_clk (net)
                  0.04    0.00    0.38 ^ _444_/CLK (sky130_fd_sc_hd__dfrtp_1)
                          0.25    0.63   clock uncertainty
                         -0.04    0.59   clock reconvergence pessimism
                         -0.03    0.56   library hold time
                                  0.56   data required time
-----------------------------------------------------------------------------
                                  0.56   data required time
                                 -0.83   data arrival time
-----------------------------------------------------------------------------
                                  0.27   slack (MET)


Startpoint: _451_ (rising edge-triggered flip-flop clocked by clk)
Endpoint: _451_ (rising edge-triggered flip-flop clocked by clk)
Path Group: clk
Path Type: min

Fanout     Cap    Slew   Delay    Time   Description
-----------------------------------------------------------------------------
                          0.00    0.00   clock clk (rise edge)
                          0.00    0.00   clock source latency
                  0.07    0.04    0.04 ^ clk (in)
     1    0.01                           clk (net)
                  0.07    0.00    0.04 ^ clkbuf_0_clk/A (sky130_fd_sc_hd__clkbuf_16)
                  0.09    0.17    0.21 ^ clkbuf_0_clk/X (sky130_fd_sc_hd__clkbuf_16)
     8    0.07                           clknet_0_clk (net)
                  0.09    0.00    0.21 ^ clkbuf_3_0__f_clk/A (sky130_fd_sc_hd__clkbuf_16)
                  0.05    0.14    0.35 ^ clkbuf_3_0__f_clk/X (sky130_fd_sc_hd__clkbuf_16)
    11    0.03                           clknet_3_0__leaf_clk (net)
                  0.05    0.00    0.35 ^ _451_/CLK (sky130_fd_sc_hd__dfrtp_1)
                  0.06    0.31    0.66 ^ _451_/Q (sky130_fd_sc_hd__dfrtp_1)
     2    0.00                           u_am3.b_i[1] (net)
                  0.06    0.00    0.66 ^ _342_/A0 (sky130_fd_sc_hd__mux2_1)
                  0.04    0.11    0.77 ^ _342_/X (sky130_fd_sc_hd__mux2_1)
     1    0.00                           _165_ (net)
                  0.04    0.00    0.77 ^ _343_/A (sky130_fd_sc_hd__clkbuf_1)
                  0.04    0.07    0.84 ^ _343_/X (sky130_fd_sc_hd__clkbuf_1)
     1    0.00                           _031_ (net)
                  0.04    0.00    0.84 ^ _451_/D (sky130_fd_sc_hd__dfrtp_1)
                                  0.84   data arrival time

                          0.00    0.00   clock clk (rise edge)
                          0.00    0.00   clock source latency
                  0.07    0.05    0.05 ^ clk (in)
     1    0.01                           clk (net)
                  0.07    0.00    0.05 ^ clkbuf_0_clk/A (sky130_fd_sc_hd__clkbuf_16)
                  0.09    0.18    0.23 ^ clkbuf_0_clk/X (sky130_fd_sc_hd__clkbuf_16)
     8    0.07                           clknet_0_clk (net)
                  0.09    0.00    0.23 ^ clkbuf_3_0__f_clk/A (sky130_fd_sc_hd__clkbuf_16)
                  0.05    0.16    0.39 ^ clkbuf_3_0__f_clk/X (sky130_fd_sc_hd__clkbuf_16)
    11    0.03                           clknet_3_0__leaf_clk (net)
                  0.05    0.00    0.39 ^ _451_/CLK (sky130_fd_sc_hd__dfrtp_1)
                          0.25    0.64   clock uncertainty
                         -0.04    0.60   clock reconvergence pessimism
                         -0.03    0.57   library hold time
                                  0.57   data required time
-----------------------------------------------------------------------------
                                  0.57   data required time
                                 -0.84   data arrival time
-----------------------------------------------------------------------------
                                  0.27   slack (MET)


Startpoint: _468_ (rising edge-triggered flip-flop clocked by clk)
Endpoint: _468_ (rising edge-triggered flip-flop clocked by clk)
Path Group: clk
Path Type: min

Fanout     Cap    Slew   Delay    Time   Description
-----------------------------------------------------------------------------
                          0.00    0.00   clock clk (rise edge)
                          0.00    0.00   clock source latency
                  0.07    0.04    0.04 ^ clk (in)
     1    0.01                           clk (net)
                  0.07    0.00    0.04 ^ clkbuf_0_clk/A (sky130_fd_sc_hd__clkbuf_16)
                  0.09    0.17    0.21 ^ clkbuf_0_clk/X (sky130_fd_sc_hd__clkbuf_16)
     8    0.07                           clknet_0_clk (net)
                  0.09    0.00    0.21 ^ clkbuf_3_6__f_clk/A (sky130_fd_sc_hd__clkbuf_16)
                  0.04    0.14    0.35 ^ clkbuf_3_6__f_clk/X (sky130_fd_sc_hd__clkbuf_16)
     8    0.02                           clknet_3_6__leaf_clk (net)
                  0.04    0.00    0.35 ^ _468_/CLK (sky130_fd_sc_hd__dfrtp_1)
                  0.05    0.31    0.65 ^ _468_/Q (sky130_fd_sc_hd__dfrtp_1)
     2    0.00                           net18 (net)
                  0.05    0.00    0.65 ^ _376_/A0 (sky130_fd_sc_hd__mux2_1)
                  0.04    0.11    0.76 ^ _376_/X (sky130_fd_sc_hd__mux2_1)
     1    0.00                           _182_ (net)
                  0.04    0.00    0.76 ^ _377_/A (sky130_fd_sc_hd__clkbuf_1)
                  0.04    0.07    0.83 ^ _377_/X (sky130_fd_sc_hd__clkbuf_1)
     1    0.00                           _048_ (net)
                  0.04    0.00    0.83 ^ _468_/D (sky130_fd_sc_hd__dfrtp_1)
                                  0.83   data arrival time

                          0.00    0.00   clock clk (rise edge)
                          0.00    0.00   clock source latency
                  0.07    0.05    0.05 ^ clk (in)
     1    0.01                           clk (net)
                  0.07    0.00    0.05 ^ clkbuf_0_clk/A (sky130_fd_sc_hd__clkbuf_16)
                  0.09    0.18    0.23 ^ clkbuf_0_clk/X (sky130_fd_sc_hd__clkbuf_16)
     8    0.07                           clknet_0_clk (net)
                  0.09    0.00    0.23 ^ clkbuf_3_6__f_clk/A (sky130_fd_sc_hd__clkbuf_16)
                  0.04    0.15    0.38 ^ clkbuf_3_6__f_clk/X (sky130_fd_sc_hd__clkbuf_16)
     8    0.02                           clknet_3_6__leaf_clk (net)
                  0.04    0.00    0.38 ^ _468_/CLK (sky130_fd_sc_hd__dfrtp_1)
                          0.25    0.63   clock uncertainty
                         -0.04    0.60   clock reconvergence pessimism
                         -0.03    0.56   library hold time
                                  0.56   data required time
-----------------------------------------------------------------------------
                                  0.56   data required time
                                 -0.83   data arrival time
-----------------------------------------------------------------------------
                                  0.27   slack (MET)


Startpoint: _469_ (rising edge-triggered flip-flop clocked by clk)
Endpoint: _469_ (rising edge-triggered flip-flop clocked by clk)
Path Group: clk
Path Type: min

Fanout     Cap    Slew   Delay    Time   Description
-----------------------------------------------------------------------------
                          0.00    0.00   clock clk (rise edge)
                          0.00    0.00   clock source latency
                  0.07    0.04    0.04 ^ clk (in)
     1    0.01                           clk (net)
                  0.07    0.00    0.04 ^ clkbuf_0_clk/A (sky130_fd_sc_hd__clkbuf_16)
                  0.09    0.17    0.21 ^ clkbuf_0_clk/X (sky130_fd_sc_hd__clkbuf_16)
     8    0.07                           clknet_0_clk (net)
                  0.09    0.00    0.21 ^ clkbuf_3_7__f_clk/A (sky130_fd_sc_hd__clkbuf_16)
                  0.05    0.14    0.35 ^ clkbuf_3_7__f_clk/X (sky130_fd_sc_hd__clkbuf_16)
    11    0.03                           clknet_3_7__leaf_clk (net)
                  0.05    0.00    0.35 ^ _469_/CLK (sky130_fd_sc_hd__dfrtp_1)
                  0.06    0.31    0.66 ^ _469_/Q (sky130_fd_sc_hd__dfrtp_1)
     2    0.00                           net19 (net)
                  0.06    0.00    0.66 ^ _378_/A0 (sky130_fd_sc_hd__mux2_1)
                  0.04    0.11    0.77 ^ _378_/X (sky130_fd_sc_hd__mux2_1)
     1    0.00                           _183_ (net)
                  0.04    0.00    0.77 ^ _379_/A (sky130_fd_sc_hd__clkbuf_1)
                  0.04    0.07    0.84 ^ _379_/X (sky130_fd_sc_hd__clkbuf_1)
     1    0.00                           _049_ (net)
                  0.04    0.00    0.84 ^ _469_/D (sky130_fd_sc_hd__dfrtp_1)
                                  0.84   data arrival time

                          0.00    0.00   clock clk (rise edge)
                          0.00    0.00   clock source latency
                  0.07    0.05    0.05 ^ clk (in)
     1    0.01                           clk (net)
                  0.07    0.00    0.05 ^ clkbuf_0_clk/A (sky130_fd_sc_hd__clkbuf_16)
                  0.09    0.18    0.23 ^ clkbuf_0_clk/X (sky130_fd_sc_hd__clkbuf_16)
     8    0.07                           clknet_0_clk (net)
                  0.09    0.00    0.23 ^ clkbuf_3_7__f_clk/A (sky130_fd_sc_hd__clkbuf_16)
                  0.05    0.16    0.39 ^ clkbuf_3_7__f_clk/X (sky130_fd_sc_hd__clkbuf_16)
    11    0.03                           clknet_3_7__leaf_clk (net)
                  0.05    0.00    0.39 ^ _469_/CLK (sky130_fd_sc_hd__dfrtp_1)
                          0.25    0.64   clock uncertainty
                         -0.04    0.60   clock reconvergence pessimism
                         -0.03    0.57   library hold time
                                  0.57   data required time
-----------------------------------------------------------------------------
                                  0.57   data required time
                                 -0.84   data arrival time
-----------------------------------------------------------------------------
                                  0.27   slack (MET)


Startpoint: _438_ (rising edge-triggered flip-flop clocked by clk)
Endpoint: _438_ (rising edge-triggered flip-flop clocked by clk)
Path Group: clk
Path Type: min

Fanout     Cap    Slew   Delay    Time   Description
-----------------------------------------------------------------------------
                          0.00    0.00   clock clk (rise edge)
                          0.00    0.00   clock source latency
                  0.07    0.04    0.04 ^ clk (in)
     1    0.01                           clk (net)
                  0.07    0.00    0.04 ^ clkbuf_0_clk/A (sky130_fd_sc_hd__clkbuf_16)
                  0.09    0.17    0.21 ^ clkbuf_0_clk/X (sky130_fd_sc_hd__clkbuf_16)
     8    0.07                           clknet_0_clk (net)
                  0.09    0.00    0.21 ^ clkbuf_3_5__f_clk/A (sky130_fd_sc_hd__clkbuf_16)
                  0.04    0.13    0.34 ^ clkbuf_3_5__f_clk/X (sky130_fd_sc_hd__clkbuf_16)
     7    0.02                           clknet_3_5__leaf_clk (net)
                  0.04    0.00    0.34 ^ _438_/CLK (sky130_fd_sc_hd__dfrtp_1)
                  0.06    0.31    0.65 ^ _438_/Q (sky130_fd_sc_hd__dfrtp_1)
     2    0.00                           u_am1.b_i[0] (net)
                  0.06    0.00    0.65 ^ _312_/A0 (sky130_fd_sc_hd__mux2_1)
                  0.04    0.11    0.76 ^ _312_/X (sky130_fd_sc_hd__mux2_1)
     1    0.00                           _148_ (net)
                  0.04    0.00    0.76 ^ _313_/A (sky130_fd_sc_hd__clkbuf_1)
                  0.04    0.07    0.83 ^ _313_/X (sky130_fd_sc_hd__clkbuf_1)
     1    0.00                           _018_ (net)
                  0.04    0.00    0.83 ^ _438_/D (sky130_fd_sc_hd__dfrtp_1)
                                  0.83   data arrival time

                          0.00    0.00   clock clk (rise edge)
                          0.00    0.00   clock source latency
                  0.07    0.05    0.05 ^ clk (in)
     1    0.01                           clk (net)
                  0.07    0.00    0.05 ^ clkbuf_0_clk/A (sky130_fd_sc_hd__clkbuf_16)
                  0.09    0.18    0.23 ^ clkbuf_0_clk/X (sky130_fd_sc_hd__clkbuf_16)
     8    0.07                           clknet_0_clk (net)
                  0.09    0.00    0.23 ^ clkbuf_3_5__f_clk/A (sky130_fd_sc_hd__clkbuf_16)
                  0.04    0.15    0.38 ^ clkbuf_3_5__f_clk/X (sky130_fd_sc_hd__clkbuf_16)
     7    0.02                           clknet_3_5__leaf_clk (net)
                  0.04    0.00    0.38 ^ _438_/CLK (sky130_fd_sc_hd__dfrtp_1)
                          0.25    0.63   clock uncertainty
                         -0.04    0.59   clock reconvergence pessimism
                         -0.03    0.56   library hold time
                                  0.56   data required time
-----------------------------------------------------------------------------
                                  0.56   data required time
                                 -0.83   data arrival time
-----------------------------------------------------------------------------
                                  0.27   slack (MET)


Startpoint: _470_ (rising edge-triggered flip-flop clocked by clk)
Endpoint: _470_ (rising edge-triggered flip-flop clocked by clk)
Path Group: clk
Path Type: min

Fanout     Cap    Slew   Delay    Time   Description
-----------------------------------------------------------------------------
                          0.00    0.00   clock clk (rise edge)
                          0.00    0.00   clock source latency
                  0.07    0.04    0.04 ^ clk (in)
     1    0.01                           clk (net)
                  0.07    0.00    0.04 ^ clkbuf_0_clk/A (sky130_fd_sc_hd__clkbuf_16)
                  0.09    0.17    0.21 ^ clkbuf_0_clk/X (sky130_fd_sc_hd__clkbuf_16)
     8    0.07                           clknet_0_clk (net)
                  0.09    0.00    0.21 ^ clkbuf_3_5__f_clk/A (sky130_fd_sc_hd__clkbuf_16)
                  0.04    0.13    0.34 ^ clkbuf_3_5__f_clk/X (sky130_fd_sc_hd__clkbuf_16)
     7    0.02                           clknet_3_5__leaf_clk (net)
                  0.04    0.00    0.34 ^ _470_/CLK (sky130_fd_sc_hd__dfrtp_1)
                  0.06    0.31    0.65 ^ _470_/Q (sky130_fd_sc_hd__dfrtp_1)
     2    0.00                           net20 (net)
                  0.06    0.00    0.65 ^ _380_/A0 (sky130_fd_sc_hd__mux2_1)
                  0.04    0.11    0.76 ^ _380_/X (sky130_fd_sc_hd__mux2_1)
     1    0.00                           _184_ (net)
                  0.04    0.00    0.76 ^ _381_/A (sky130_fd_sc_hd__clkbuf_1)
                  0.04    0.07    0.83 ^ _381_/X (sky130_fd_sc_hd__clkbuf_1)
     1    0.00                           _050_ (net)
                  0.04    0.00    0.83 ^ _470_/D (sky130_fd_sc_hd__dfrtp_1)
                                  0.83   data arrival time

                          0.00    0.00   clock clk (rise edge)
                          0.00    0.00   clock source latency
                  0.07    0.05    0.05 ^ clk (in)
     1    0.01                           clk (net)
                  0.07    0.00    0.05 ^ clkbuf_0_clk/A (sky130_fd_sc_hd__clkbuf_16)
                  0.09    0.18    0.23 ^ clkbuf_0_clk/X (sky130_fd_sc_hd__clkbuf_16)
     8    0.07                           clknet_0_clk (net)
                  0.09    0.00    0.23 ^ clkbuf_3_5__f_clk/A (sky130_fd_sc_hd__clkbuf_16)
                  0.04    0.15    0.38 ^ clkbuf_3_5__f_clk/X (sky130_fd_sc_hd__clkbuf_16)
     7    0.02                           clknet_3_5__leaf_clk (net)
                  0.04    0.00    0.38 ^ _470_/CLK (sky130_fd_sc_hd__dfrtp_1)
                          0.25    0.63   clock uncertainty
                         -0.04    0.59   clock reconvergence pessimism
                         -0.03    0.56   library hold time
                                  0.56   data required time
-----------------------------------------------------------------------------
                                  0.56   data required time
                                 -0.83   data arrival time
-----------------------------------------------------------------------------
                                  0.27   slack (MET)


Startpoint: _446_ (rising edge-triggered flip-flop clocked by clk)
Endpoint: _461_ (rising edge-triggered flip-flop clocked by clk)
Path Group: clk
Path Type: min

Fanout     Cap    Slew   Delay    Time   Description
-----------------------------------------------------------------------------
                          0.00    0.00   clock clk (rise edge)
                          0.00    0.00   clock source latency
                  0.07    0.04    0.04 ^ clk (in)
     1    0.01                           clk (net)
                  0.07    0.00    0.04 ^ clkbuf_0_clk/A (sky130_fd_sc_hd__clkbuf_16)
                  0.09    0.17    0.21 ^ clkbuf_0_clk/X (sky130_fd_sc_hd__clkbuf_16)
     8    0.07                           clknet_0_clk (net)
                  0.09    0.00    0.21 ^ clkbuf_3_1__f_clk/A (sky130_fd_sc_hd__clkbuf_16)
                  0.04    0.13    0.34 ^ clkbuf_3_1__f_clk/X (sky130_fd_sc_hd__clkbuf_16)
     6    0.02                           clknet_3_1__leaf_clk (net)
                  0.04    0.00    0.34 ^ _446_/CLK (sky130_fd_sc_hd__dfrtp_1)
                  0.06    0.30    0.65 ^ _446_/Q (sky130_fd_sc_hd__dfrtp_1)
     2    0.00                           u_am2.b_i[2] (net)
                  0.06    0.00    0.65 ^ _362_/A1 (sky130_fd_sc_hd__mux2_1)
                  0.04    0.11    0.76 ^ _362_/X (sky130_fd_sc_hd__mux2_1)
     1    0.00                           _175_ (net)
                  0.04    0.00    0.76 ^ _363_/A (sky130_fd_sc_hd__clkbuf_1)
                  0.04    0.07    0.83 ^ _363_/X (sky130_fd_sc_hd__clkbuf_1)
     1    0.00                           _041_ (net)
                  0.04    0.00    0.83 ^ _461_/D (sky130_fd_sc_hd__dfrtp_1)
                                  0.83   data arrival time

                          0.00    0.00   clock clk (rise edge)
                          0.00    0.00   clock source latency
                  0.07    0.05    0.05 ^ clk (in)
     1    0.01                           clk (net)
                  0.07    0.00    0.05 ^ clkbuf_0_clk/A (sky130_fd_sc_hd__clkbuf_16)
                  0.09    0.18    0.23 ^ clkbuf_0_clk/X (sky130_fd_sc_hd__clkbuf_16)
     8    0.07                           clknet_0_clk (net)
                  0.09    0.00    0.23 ^ clkbuf_3_1__f_clk/A (sky130_fd_sc_hd__clkbuf_16)
                  0.04    0.15    0.38 ^ clkbuf_3_1__f_clk/X (sky130_fd_sc_hd__clkbuf_16)
     6    0.02                           clknet_3_1__leaf_clk (net)
                  0.04    0.00    0.38 ^ _461_/CLK (sky130_fd_sc_hd__dfrtp_1)
                          0.25    0.63   clock uncertainty
                         -0.04    0.59   clock reconvergence pessimism
                         -0.03    0.56   library hold time
                                  0.56   data required time
-----------------------------------------------------------------------------
                                  0.56   data required time
                                 -0.83   data arrival time
-----------------------------------------------------------------------------
                                  0.27   slack (MET)


Startpoint: _474_ (rising edge-triggered flip-flop clocked by clk)
Endpoint: _474_ (rising edge-triggered flip-flop clocked by clk)
Path Group: clk
Path Type: min

Fanout     Cap    Slew   Delay    Time   Description
-----------------------------------------------------------------------------
                          0.00    0.00   clock clk (rise edge)
                          0.00    0.00   clock source latency
                  0.07    0.04    0.04 ^ clk (in)
     1    0.01                           clk (net)
                  0.07    0.00    0.04 ^ clkbuf_0_clk/A (sky130_fd_sc_hd__clkbuf_16)
                  0.09    0.17    0.21 ^ clkbuf_0_clk/X (sky130_fd_sc_hd__clkbuf_16)
     8    0.07                           clknet_0_clk (net)
                  0.09    0.00    0.21 ^ clkbuf_3_4__f_clk/A (sky130_fd_sc_hd__clkbuf_16)
                  0.04    0.13    0.34 ^ clkbuf_3_4__f_clk/X (sky130_fd_sc_hd__clkbuf_16)
     6    0.01                           clknet_3_4__leaf_clk (net)
                  0.04    0.00    0.34 ^ _474_/CLK (sky130_fd_sc_hd__dfrtp_1)
                  0.06    0.31    0.65 ^ _474_/Q (sky130_fd_sc_hd__dfrtp_1)
     2    0.00                           net23 (net)
                  0.06    0.00    0.65 ^ _389_/A0 (sky130_fd_sc_hd__mux2_1)
                  0.04    0.11    0.76 ^ _389_/X (sky130_fd_sc_hd__mux2_1)
     1    0.00                           _190_ (net)
                  0.04    0.00    0.76 ^ _390_/A (sky130_fd_sc_hd__clkbuf_1)
                  0.04    0.07    0.83 ^ _390_/X (sky130_fd_sc_hd__clkbuf_1)
     1    0.00                           _053_ (net)
                  0.04    0.00    0.83 ^ _474_/D (sky130_fd_sc_hd__dfrtp_1)
                                  0.83   data arrival time

                          0.00    0.00   clock clk (rise edge)
                          0.00    0.00   clock source latency
                  0.07    0.05    0.05 ^ clk (in)
     1    0.01                           clk (net)
                  0.07    0.00    0.05 ^ clkbuf_0_clk/A (sky130_fd_sc_hd__clkbuf_16)
                  0.09    0.18    0.23 ^ clkbuf_0_clk/X (sky130_fd_sc_hd__clkbuf_16)
     8    0.07                           clknet_0_clk (net)
                  0.09    0.00    0.23 ^ clkbuf_3_4__f_clk/A (sky130_fd_sc_hd__clkbuf_16)
                  0.04    0.15    0.38 ^ clkbuf_3_4__f_clk/X (sky130_fd_sc_hd__clkbuf_16)
     6    0.01                           clknet_3_4__leaf_clk (net)
                  0.04    0.00    0.38 ^ _474_/CLK (sky130_fd_sc_hd__dfrtp_1)
                          0.25    0.63   clock uncertainty
                         -0.04    0.59   clock reconvergence pessimism
                         -0.03    0.56   library hold time
                                  0.56   data required time
-----------------------------------------------------------------------------
                                  0.56   data required time
                                 -0.83   data arrival time
-----------------------------------------------------------------------------
                                  0.27   slack (MET)


Startpoint: _440_ (rising edge-triggered flip-flop clocked by clk)
Endpoint: _464_ (rising edge-triggered flip-flop clocked by clk)
Path Group: clk
Path Type: min

Fanout     Cap    Slew   Delay    Time   Description
-----------------------------------------------------------------------------
                          0.00    0.00   clock clk (rise edge)
                          0.00    0.00   clock source latency
                  0.07    0.04    0.04 ^ clk (in)
     1    0.01                           clk (net)
                  0.07    0.00    0.04 ^ clkbuf_0_clk/A (sky130_fd_sc_hd__clkbuf_16)
                  0.09    0.17    0.21 ^ clkbuf_0_clk/X (sky130_fd_sc_hd__clkbuf_16)
     8    0.07                           clknet_0_clk (net)
                  0.09    0.00    0.21 ^ clkbuf_3_4__f_clk/A (sky130_fd_sc_hd__clkbuf_16)
                  0.04    0.13    0.34 ^ clkbuf_3_4__f_clk/X (sky130_fd_sc_hd__clkbuf_16)
     6    0.01                           clknet_3_4__leaf_clk (net)
                  0.04    0.00    0.34 ^ _440_/CLK (sky130_fd_sc_hd__dfrtp_1)
                  0.06    0.31    0.65 ^ _440_/Q (sky130_fd_sc_hd__dfrtp_1)
     2    0.00                           u_am1.b_i[2] (net)
                  0.06    0.00    0.65 ^ _368_/A1 (sky130_fd_sc_hd__mux2_1)
                  0.04    0.11    0.76 ^ _368_/X (sky130_fd_sc_hd__mux2_1)
     1    0.00                           _178_ (net)
                  0.04    0.00    0.76 ^ _369_/A (sky130_fd_sc_hd__clkbuf_1)
                  0.04    0.07    0.83 ^ _369_/X (sky130_fd_sc_hd__clkbuf_1)
     1    0.00                           _044_ (net)
                  0.04    0.00    0.83 ^ _464_/D (sky130_fd_sc_hd__dfrtp_1)
                                  0.83   data arrival time

                          0.00    0.00   clock clk (rise edge)
                          0.00    0.00   clock source latency
                  0.07    0.05    0.05 ^ clk (in)
     1    0.01                           clk (net)
                  0.07    0.00    0.05 ^ clkbuf_0_clk/A (sky130_fd_sc_hd__clkbuf_16)
                  0.09    0.18    0.23 ^ clkbuf_0_clk/X (sky130_fd_sc_hd__clkbuf_16)
     8    0.07                           clknet_0_clk (net)
                  0.09    0.00    0.23 ^ clkbuf_3_4__f_clk/A (sky130_fd_sc_hd__clkbuf_16)
                  0.04    0.15    0.38 ^ clkbuf_3_4__f_clk/X (sky130_fd_sc_hd__clkbuf_16)
     6    0.01                           clknet_3_4__leaf_clk (net)
                  0.04    0.00    0.38 ^ _464_/CLK (sky130_fd_sc_hd__dfrtp_1)
                          0.25    0.63   clock uncertainty
                         -0.04    0.59   clock reconvergence pessimism
                         -0.03    0.56   library hold time
                                  0.56   data required time
-----------------------------------------------------------------------------
                                  0.56   data required time
                                 -0.83   data arrival time
-----------------------------------------------------------------------------
                                  0.27   slack (MET)


Startpoint: _424_ (rising edge-triggered flip-flop clocked by clk)
Endpoint: _424_ (rising edge-triggered flip-flop clocked by clk)
Path Group: clk
Path Type: min

Fanout     Cap    Slew   Delay    Time   Description
-----------------------------------------------------------------------------
                          0.00    0.00   clock clk (rise edge)
                          0.00    0.00   clock source latency
                  0.07    0.04    0.04 ^ clk (in)
     1    0.01                           clk (net)
                  0.07    0.00    0.04 ^ clkbuf_0_clk/A (sky130_fd_sc_hd__clkbuf_16)
                  0.09    0.17    0.21 ^ clkbuf_0_clk/X (sky130_fd_sc_hd__clkbuf_16)
     8    0.07                           clknet_0_clk (net)
                  0.09    0.00    0.21 ^ clkbuf_3_3__f_clk/A (sky130_fd_sc_hd__clkbuf_16)
                  0.04    0.14    0.35 ^ clkbuf_3_3__f_clk/X (sky130_fd_sc_hd__clkbuf_16)
     8    0.02                           clknet_3_3__leaf_clk (net)
                  0.04    0.00    0.35 ^ _424_/CLK (sky130_fd_sc_hd__dfrtp_1)
                  0.06    0.31    0.66 ^ _424_/Q (sky130_fd_sc_hd__dfrtp_1)
     2    0.00                           u_am4.b_i[1] (net)
                  0.06    0.00    0.66 ^ _269_/A0 (sky130_fd_sc_hd__mux2_1)
                  0.04    0.11    0.77 ^ _269_/X (sky130_fd_sc_hd__mux2_1)
     1    0.00                           _119_ (net)
                  0.04    0.00    0.77 ^ _270_/A (sky130_fd_sc_hd__clkbuf_1)
                  0.04    0.07    0.84 ^ _270_/X (sky130_fd_sc_hd__clkbuf_1)
     1    0.00                           _004_ (net)
                  0.04    0.00    0.84 ^ _424_/D (sky130_fd_sc_hd__dfrtp_1)
                                  0.84   data arrival time

                          0.00    0.00   clock clk (rise edge)
                          0.00    0.00   clock source latency
                  0.07    0.05    0.05 ^ clk (in)
     1    0.01                           clk (net)
                  0.07    0.00    0.05 ^ clkbuf_0_clk/A (sky130_fd_sc_hd__clkbuf_16)
                  0.09    0.18    0.23 ^ clkbuf_0_clk/X (sky130_fd_sc_hd__clkbuf_16)
     8    0.07                           clknet_0_clk (net)
                  0.09    0.00    0.23 ^ clkbuf_3_3__f_clk/A (sky130_fd_sc_hd__clkbuf_16)
                  0.04    0.15    0.38 ^ clkbuf_3_3__f_clk/X (sky130_fd_sc_hd__clkbuf_16)
     8    0.02                           clknet_3_3__leaf_clk (net)
                  0.04    0.00    0.38 ^ _424_/CLK (sky130_fd_sc_hd__dfrtp_1)
                          0.25    0.63   clock uncertainty
                         -0.04    0.60   clock reconvergence pessimism
                         -0.03    0.56   library hold time
                                  0.56   data required time
-----------------------------------------------------------------------------
                                  0.56   data required time
                                 -0.84   data arrival time
-----------------------------------------------------------------------------
                                  0.28   slack (MET)


Startpoint: _440_ (rising edge-triggered flip-flop clocked by clk)
Endpoint: _440_ (rising edge-triggered flip-flop clocked by clk)
Path Group: clk
Path Type: min

Fanout     Cap    Slew   Delay    Time   Description
-----------------------------------------------------------------------------
                          0.00    0.00   clock clk (rise edge)
                          0.00    0.00   clock source latency
                  0.07    0.04    0.04 ^ clk (in)
     1    0.01                           clk (net)
                  0.07    0.00    0.04 ^ clkbuf_0_clk/A (sky130_fd_sc_hd__clkbuf_16)
                  0.09    0.17    0.21 ^ clkbuf_0_clk/X (sky130_fd_sc_hd__clkbuf_16)
     8    0.07                           clknet_0_clk (net)
                  0.09    0.00    0.21 ^ clkbuf_3_4__f_clk/A (sky130_fd_sc_hd__clkbuf_16)
                  0.04    0.13    0.34 ^ clkbuf_3_4__f_clk/X (sky130_fd_sc_hd__clkbuf_16)
     6    0.01                           clknet_3_4__leaf_clk (net)
                  0.04    0.00    0.34 ^ _440_/CLK (sky130_fd_sc_hd__dfrtp_1)
                  0.06    0.31    0.65 ^ _440_/Q (sky130_fd_sc_hd__dfrtp_1)
     2    0.00                           u_am1.b_i[2] (net)
                  0.06    0.00    0.65 ^ _316_/A0 (sky130_fd_sc_hd__mux2_1)
                  0.04    0.11    0.76 ^ _316_/X (sky130_fd_sc_hd__mux2_1)
     1    0.00                           _150_ (net)
                  0.04    0.00    0.76 ^ _317_/A (sky130_fd_sc_hd__clkbuf_1)
                  0.04    0.07    0.83 ^ _317_/X (sky130_fd_sc_hd__clkbuf_1)
     1    0.00                           _020_ (net)
                  0.04    0.00    0.83 ^ _440_/D (sky130_fd_sc_hd__dfrtp_1)
                                  0.83   data arrival time

                          0.00    0.00   clock clk (rise edge)
                          0.00    0.00   clock source latency
                  0.07    0.05    0.05 ^ clk (in)
     1    0.01                           clk (net)
                  0.07    0.00    0.05 ^ clkbuf_0_clk/A (sky130_fd_sc_hd__clkbuf_16)
                  0.09    0.18    0.23 ^ clkbuf_0_clk/X (sky130_fd_sc_hd__clkbuf_16)
     8    0.07                           clknet_0_clk (net)
                  0.09    0.00    0.23 ^ clkbuf_3_4__f_clk/A (sky130_fd_sc_hd__clkbuf_16)
                  0.04    0.15    0.38 ^ clkbuf_3_4__f_clk/X (sky130_fd_sc_hd__clkbuf_16)
     6    0.01                           clknet_3_4__leaf_clk (net)
                  0.04    0.00    0.38 ^ _440_/CLK (sky130_fd_sc_hd__dfrtp_1)
                          0.25    0.63   clock uncertainty
                         -0.04    0.59   clock reconvergence pessimism
                         -0.03    0.56   library hold time
                                  0.56   data required time
-----------------------------------------------------------------------------
                                  0.56   data required time
                                 -0.83   data arrival time
-----------------------------------------------------------------------------
                                  0.28   slack (MET)


Startpoint: _452_ (rising edge-triggered flip-flop clocked by clk)
Endpoint: _452_ (rising edge-triggered flip-flop clocked by clk)
Path Group: clk
Path Type: min

Fanout     Cap    Slew   Delay    Time   Description
-----------------------------------------------------------------------------
                          0.00    0.00   clock clk (rise edge)
                          0.00    0.00   clock source latency
                  0.07    0.04    0.04 ^ clk (in)
     1    0.01                           clk (net)
                  0.07    0.00    0.04 ^ clkbuf_0_clk/A (sky130_fd_sc_hd__clkbuf_16)
                  0.09    0.17    0.21 ^ clkbuf_0_clk/X (sky130_fd_sc_hd__clkbuf_16)
     8    0.07                           clknet_0_clk (net)
                  0.09    0.00    0.21 ^ clkbuf_3_0__f_clk/A (sky130_fd_sc_hd__clkbuf_16)
                  0.05    0.14    0.35 ^ clkbuf_3_0__f_clk/X (sky130_fd_sc_hd__clkbuf_16)
    11    0.03                           clknet_3_0__leaf_clk (net)
                  0.05    0.00    0.35 ^ _452_/CLK (sky130_fd_sc_hd__dfrtp_1)
                  0.06    0.31    0.67 ^ _452_/Q (sky130_fd_sc_hd__dfrtp_1)
     2    0.00                           u_am3.b_i[2] (net)
                  0.06    0.00    0.67 ^ _344_/A0 (sky130_fd_sc_hd__mux2_1)
                  0.04    0.11    0.78 ^ _344_/X (sky130_fd_sc_hd__mux2_1)
     1    0.00                           _166_ (net)
                  0.04    0.00    0.78 ^ _345_/A (sky130_fd_sc_hd__clkbuf_1)
                  0.04    0.07    0.85 ^ _345_/X (sky130_fd_sc_hd__clkbuf_1)
     1    0.00                           _032_ (net)
                  0.04    0.00    0.85 ^ _452_/D (sky130_fd_sc_hd__dfrtp_1)
                                  0.85   data arrival time

                          0.00    0.00   clock clk (rise edge)
                          0.00    0.00   clock source latency
                  0.07    0.05    0.05 ^ clk (in)
     1    0.01                           clk (net)
                  0.07    0.00    0.05 ^ clkbuf_0_clk/A (sky130_fd_sc_hd__clkbuf_16)
                  0.09    0.18    0.23 ^ clkbuf_0_clk/X (sky130_fd_sc_hd__clkbuf_16)
     8    0.07                           clknet_0_clk (net)
                  0.09    0.00    0.23 ^ clkbuf_3_0__f_clk/A (sky130_fd_sc_hd__clkbuf_16)
                  0.05    0.16    0.39 ^ clkbuf_3_0__f_clk/X (sky130_fd_sc_hd__clkbuf_16)
    11    0.03                           clknet_3_0__leaf_clk (net)
                  0.05    0.00    0.39 ^ _452_/CLK (sky130_fd_sc_hd__dfrtp_1)
                          0.25    0.64   clock uncertainty
                         -0.04    0.60   clock reconvergence pessimism
                         -0.03    0.57   library hold time
                                  0.57   data required time
-----------------------------------------------------------------------------
                                  0.57   data required time
                                 -0.85   data arrival time
-----------------------------------------------------------------------------
                                  0.28   slack (MET)


Startpoint: _438_ (rising edge-triggered flip-flop clocked by clk)
Endpoint: _462_ (rising edge-triggered flip-flop clocked by clk)
Path Group: clk
Path Type: min

Fanout     Cap    Slew   Delay    Time   Description
-----------------------------------------------------------------------------
                          0.00    0.00   clock clk (rise edge)
                          0.00    0.00   clock source latency
                  0.07    0.04    0.04 ^ clk (in)
     1    0.01                           clk (net)
                  0.07    0.00    0.04 ^ clkbuf_0_clk/A (sky130_fd_sc_hd__clkbuf_16)
                  0.09    0.17    0.21 ^ clkbuf_0_clk/X (sky130_fd_sc_hd__clkbuf_16)
     8    0.07                           clknet_0_clk (net)
                  0.09    0.00    0.21 ^ clkbuf_3_5__f_clk/A (sky130_fd_sc_hd__clkbuf_16)
                  0.04    0.13    0.34 ^ clkbuf_3_5__f_clk/X (sky130_fd_sc_hd__clkbuf_16)
     7    0.02                           clknet_3_5__leaf_clk (net)
                  0.04    0.00    0.34 ^ _438_/CLK (sky130_fd_sc_hd__dfrtp_1)
                  0.06    0.31    0.65 ^ _438_/Q (sky130_fd_sc_hd__dfrtp_1)
     2    0.00                           u_am1.b_i[0] (net)
                  0.06    0.00    0.65 ^ _364_/A1 (sky130_fd_sc_hd__mux2_1)
                  0.04    0.11    0.77 ^ _364_/X (sky130_fd_sc_hd__mux2_1)
     1    0.00                           _176_ (net)
                  0.04    0.00    0.77 ^ _365_/A (sky130_fd_sc_hd__clkbuf_1)
                  0.04    0.07    0.84 ^ _365_/X (sky130_fd_sc_hd__clkbuf_1)
     1    0.00                           _042_ (net)
                  0.04    0.00    0.84 ^ _462_/D (sky130_fd_sc_hd__dfrtp_1)
                                  0.84   data arrival time

                          0.00    0.00   clock clk (rise edge)
                          0.00    0.00   clock source latency
                  0.07    0.05    0.05 ^ clk (in)
     1    0.01                           clk (net)
                  0.07    0.00    0.05 ^ clkbuf_0_clk/A (sky130_fd_sc_hd__clkbuf_16)
                  0.09    0.18    0.23 ^ clkbuf_0_clk/X (sky130_fd_sc_hd__clkbuf_16)
     8    0.07                           clknet_0_clk (net)
                  0.09    0.00    0.23 ^ clkbuf_3_5__f_clk/A (sky130_fd_sc_hd__clkbuf_16)
                  0.04    0.15    0.38 ^ clkbuf_3_5__f_clk/X (sky130_fd_sc_hd__clkbuf_16)
     7    0.02                           clknet_3_5__leaf_clk (net)
                  0.04    0.00    0.38 ^ _462_/CLK (sky130_fd_sc_hd__dfrtp_1)
                          0.25    0.63   clock uncertainty
                         -0.04    0.59   clock reconvergence pessimism
                         -0.03    0.56   library hold time
                                  0.56   data required time
-----------------------------------------------------------------------------
                                  0.56   data required time
                                 -0.84   data arrival time
-----------------------------------------------------------------------------
                                  0.28   slack (MET)


Startpoint: _424_ (rising edge-triggered flip-flop clocked by clk)
Endpoint: _454_ (rising edge-triggered flip-flop clocked by clk)
Path Group: clk
Path Type: min

Fanout     Cap    Slew   Delay    Time   Description
-----------------------------------------------------------------------------
                          0.00    0.00   clock clk (rise edge)
                          0.00    0.00   clock source latency
                  0.07    0.04    0.04 ^ clk (in)
     1    0.01                           clk (net)
                  0.07    0.00    0.04 ^ clkbuf_0_clk/A (sky130_fd_sc_hd__clkbuf_16)
                  0.09    0.17    0.21 ^ clkbuf_0_clk/X (sky130_fd_sc_hd__clkbuf_16)
     8    0.07                           clknet_0_clk (net)
                  0.09    0.00    0.21 ^ clkbuf_3_3__f_clk/A (sky130_fd_sc_hd__clkbuf_16)
                  0.04    0.14    0.35 ^ clkbuf_3_3__f_clk/X (sky130_fd_sc_hd__clkbuf_16)
     8    0.02                           clknet_3_3__leaf_clk (net)
                  0.04    0.00    0.35 ^ _424_/CLK (sky130_fd_sc_hd__dfrtp_1)
                  0.06    0.31    0.66 ^ _424_/Q (sky130_fd_sc_hd__dfrtp_1)
     2    0.00                           u_am4.b_i[1] (net)
                  0.06    0.00    0.66 ^ _348_/A1 (sky130_fd_sc_hd__mux2_1)
                  0.04    0.11    0.77 ^ _348_/X (sky130_fd_sc_hd__mux2_1)
     1    0.00                           _168_ (net)
                  0.04    0.00    0.77 ^ _349_/A (sky130_fd_sc_hd__clkbuf_1)
                  0.04    0.07    0.84 ^ _349_/X (sky130_fd_sc_hd__clkbuf_1)
     1    0.00                           _034_ (net)
                  0.04    0.00    0.84 ^ _454_/D (sky130_fd_sc_hd__dfrtp_1)
                                  0.84   data arrival time

                          0.00    0.00   clock clk (rise edge)
                          0.00    0.00   clock source latency
                  0.07    0.05    0.05 ^ clk (in)
     1    0.01                           clk (net)
                  0.07    0.00    0.05 ^ clkbuf_0_clk/A (sky130_fd_sc_hd__clkbuf_16)
                  0.09    0.18    0.23 ^ clkbuf_0_clk/X (sky130_fd_sc_hd__clkbuf_16)
     8    0.07                           clknet_0_clk (net)
                  0.09    0.00    0.23 ^ clkbuf_3_3__f_clk/A (sky130_fd_sc_hd__clkbuf_16)
                  0.04    0.15    0.38 ^ clkbuf_3_3__f_clk/X (sky130_fd_sc_hd__clkbuf_16)
     8    0.02                           clknet_3_3__leaf_clk (net)
                  0.04    0.00    0.38 ^ _454_/CLK (sky130_fd_sc_hd__dfrtp_1)
                          0.25    0.63   clock uncertainty
                         -0.04    0.60   clock reconvergence pessimism
                         -0.03    0.56   library hold time
                                  0.56   data required time
-----------------------------------------------------------------------------
                                  0.56   data required time
                                 -0.84   data arrival time
-----------------------------------------------------------------------------
                                  0.28   slack (MET)


Startpoint: _451_ (rising edge-triggered flip-flop clocked by clk)
Endpoint: _457_ (rising edge-triggered flip-flop clocked by clk)
Path Group: clk
Path Type: min

Fanout     Cap    Slew   Delay    Time   Description
-----------------------------------------------------------------------------
                          0.00    0.00   clock clk (rise edge)
                          0.00    0.00   clock source latency
                  0.07    0.04    0.04 ^ clk (in)
     1    0.01                           clk (net)
                  0.07    0.00    0.04 ^ clkbuf_0_clk/A (sky130_fd_sc_hd__clkbuf_16)
                  0.09    0.17    0.21 ^ clkbuf_0_clk/X (sky130_fd_sc_hd__clkbuf_16)
     8    0.07                           clknet_0_clk (net)
                  0.09    0.00    0.21 ^ clkbuf_3_0__f_clk/A (sky130_fd_sc_hd__clkbuf_16)
                  0.05    0.14    0.35 ^ clkbuf_3_0__f_clk/X (sky130_fd_sc_hd__clkbuf_16)
    11    0.03                           clknet_3_0__leaf_clk (net)
                  0.05    0.00    0.35 ^ _451_/CLK (sky130_fd_sc_hd__dfrtp_1)
                  0.06    0.31    0.66 ^ _451_/Q (sky130_fd_sc_hd__dfrtp_1)
     2    0.00                           u_am3.b_i[1] (net)
                  0.06    0.00    0.66 ^ _354_/A1 (sky130_fd_sc_hd__mux2_1)
                  0.04    0.11    0.78 ^ _354_/X (sky130_fd_sc_hd__mux2_1)
     1    0.00                           _171_ (net)
                  0.04    0.00    0.78 ^ _355_/A (sky130_fd_sc_hd__clkbuf_1)
                  0.04    0.07    0.85 ^ _355_/X (sky130_fd_sc_hd__clkbuf_1)
     1    0.00                           _037_ (net)
                  0.04    0.00    0.85 ^ _457_/D (sky130_fd_sc_hd__dfrtp_1)
                                  0.85   data arrival time

                          0.00    0.00   clock clk (rise edge)
                          0.00    0.00   clock source latency
                  0.07    0.05    0.05 ^ clk (in)
     1    0.01                           clk (net)
                  0.07    0.00    0.05 ^ clkbuf_0_clk/A (sky130_fd_sc_hd__clkbuf_16)
                  0.09    0.18    0.23 ^ clkbuf_0_clk/X (sky130_fd_sc_hd__clkbuf_16)
     8    0.07                           clknet_0_clk (net)
                  0.09    0.00    0.23 ^ clkbuf_3_0__f_clk/A (sky130_fd_sc_hd__clkbuf_16)
                  0.05    0.16    0.39 ^ clkbuf_3_0__f_clk/X (sky130_fd_sc_hd__clkbuf_16)
    11    0.03                           clknet_3_0__leaf_clk (net)
                  0.05    0.00    0.39 ^ _457_/CLK (sky130_fd_sc_hd__dfrtp_1)
                          0.25    0.64   clock uncertainty
                         -0.04    0.60   clock reconvergence pessimism
                         -0.03    0.57   library hold time
                                  0.57   data required time
-----------------------------------------------------------------------------
                                  0.57   data required time
                                 -0.85   data arrival time
-----------------------------------------------------------------------------
                                  0.28   slack (MET)


Startpoint: _425_ (rising edge-triggered flip-flop clocked by clk)
Endpoint: _425_ (rising edge-triggered flip-flop clocked by clk)
Path Group: clk
Path Type: min

Fanout     Cap    Slew   Delay    Time   Description
-----------------------------------------------------------------------------
                          0.00    0.00   clock clk (rise edge)
                          0.00    0.00   clock source latency
                  0.07    0.04    0.04 ^ clk (in)
     1    0.01                           clk (net)
                  0.07    0.00    0.04 ^ clkbuf_0_clk/A (sky130_fd_sc_hd__clkbuf_16)
                  0.09    0.17    0.21 ^ clkbuf_0_clk/X (sky130_fd_sc_hd__clkbuf_16)
     8    0.07                           clknet_0_clk (net)
                  0.09    0.00    0.21 ^ clkbuf_3_3__f_clk/A (sky130_fd_sc_hd__clkbuf_16)
                  0.04    0.14    0.35 ^ clkbuf_3_3__f_clk/X (sky130_fd_sc_hd__clkbuf_16)
     8    0.02                           clknet_3_3__leaf_clk (net)
                  0.04    0.00    0.35 ^ _425_/CLK (sky130_fd_sc_hd__dfrtp_1)
                  0.06    0.31    0.65 ^ _425_/Q (sky130_fd_sc_hd__dfrtp_1)
     2    0.00                           u_am4.b_i[2] (net)
                  0.06    0.00    0.65 ^ _271_/A0 (sky130_fd_sc_hd__mux2_1)
                  0.04    0.11    0.77 ^ _271_/X (sky130_fd_sc_hd__mux2_1)
     1    0.00                           _120_ (net)
                  0.04    0.00    0.77 ^ _272_/A (sky130_fd_sc_hd__clkbuf_1)
                  0.04    0.07    0.84 ^ _272_/X (sky130_fd_sc_hd__clkbuf_1)
     1    0.00                           _005_ (net)
                  0.04    0.00    0.84 ^ _425_/D (sky130_fd_sc_hd__dfrtp_1)
                                  0.84   data arrival time

                          0.00    0.00   clock clk (rise edge)
                          0.00    0.00   clock source latency
                  0.07    0.05    0.05 ^ clk (in)
     1    0.01                           clk (net)
                  0.07    0.00    0.05 ^ clkbuf_0_clk/A (sky130_fd_sc_hd__clkbuf_16)
                  0.09    0.18    0.23 ^ clkbuf_0_clk/X (sky130_fd_sc_hd__clkbuf_16)
     8    0.07                           clknet_0_clk (net)
                  0.09    0.00    0.23 ^ clkbuf_3_3__f_clk/A (sky130_fd_sc_hd__clkbuf_16)
                  0.04    0.15    0.38 ^ clkbuf_3_3__f_clk/X (sky130_fd_sc_hd__clkbuf_16)
     8    0.02                           clknet_3_3__leaf_clk (net)
                  0.04    0.00    0.38 ^ _425_/CLK (sky130_fd_sc_hd__dfrtp_1)
                          0.25    0.63   clock uncertainty
                         -0.04    0.60   clock reconvergence pessimism
                         -0.03    0.56   library hold time
                                  0.56   data required time
-----------------------------------------------------------------------------
                                  0.56   data required time
                                 -0.84   data arrival time
-----------------------------------------------------------------------------
                                  0.28   slack (MET)


Startpoint: _444_ (rising edge-triggered flip-flop clocked by clk)
Endpoint: _459_ (rising edge-triggered flip-flop clocked by clk)
Path Group: clk
Path Type: min

Fanout     Cap    Slew   Delay    Time   Description
-----------------------------------------------------------------------------
                          0.00    0.00   clock clk (rise edge)
                          0.00    0.00   clock source latency
                  0.07    0.04    0.04 ^ clk (in)
     1    0.01                           clk (net)
                  0.07    0.00    0.04 ^ clkbuf_0_clk/A (sky130_fd_sc_hd__clkbuf_16)
                  0.09    0.17    0.21 ^ clkbuf_0_clk/X (sky130_fd_sc_hd__clkbuf_16)
     8    0.07                           clknet_0_clk (net)
                  0.09    0.00    0.21 ^ clkbuf_3_1__f_clk/A (sky130_fd_sc_hd__clkbuf_16)
                  0.04    0.13    0.34 ^ clkbuf_3_1__f_clk/X (sky130_fd_sc_hd__clkbuf_16)
     6    0.02                           clknet_3_1__leaf_clk (net)
                  0.04    0.00    0.34 ^ _444_/CLK (sky130_fd_sc_hd__dfrtp_1)
                  0.06    0.31    0.65 ^ _444_/Q (sky130_fd_sc_hd__dfrtp_1)
     2    0.00                           u_am2.b_i[0] (net)
                  0.06    0.00    0.65 ^ _358_/A1 (sky130_fd_sc_hd__mux2_1)
                  0.04    0.11    0.76 ^ _358_/X (sky130_fd_sc_hd__mux2_1)
     1    0.00                           _173_ (net)
                  0.04    0.00    0.76 ^ _359_/A (sky130_fd_sc_hd__clkbuf_1)
                  0.04    0.07    0.84 ^ _359_/X (sky130_fd_sc_hd__clkbuf_1)
     1    0.00                           _039_ (net)
                  0.04    0.00    0.84 ^ _459_/D (sky130_fd_sc_hd__dfrtp_1)
                                  0.84   data arrival time

                          0.00    0.00   clock clk (rise edge)
                          0.00    0.00   clock source latency
                  0.07    0.05    0.05 ^ clk (in)
     1    0.01                           clk (net)
                  0.07    0.00    0.05 ^ clkbuf_0_clk/A (sky130_fd_sc_hd__clkbuf_16)
                  0.09    0.18    0.23 ^ clkbuf_0_clk/X (sky130_fd_sc_hd__clkbuf_16)
     8    0.07                           clknet_0_clk (net)
                  0.09    0.00    0.23 ^ clkbuf_3_1__f_clk/A (sky130_fd_sc_hd__clkbuf_16)
                  0.04    0.15    0.38 ^ clkbuf_3_1__f_clk/X (sky130_fd_sc_hd__clkbuf_16)
     6    0.02                           clknet_3_1__leaf_clk (net)
                  0.04    0.00    0.38 ^ _459_/CLK (sky130_fd_sc_hd__dfrtp_1)
                          0.25    0.63   clock uncertainty
                         -0.04    0.59   clock reconvergence pessimism
                         -0.03    0.56   library hold time
                                  0.56   data required time
-----------------------------------------------------------------------------
                                  0.56   data required time
                                 -0.84   data arrival time
-----------------------------------------------------------------------------
                                  0.28   slack (MET)


Startpoint: _439_ (rising edge-triggered flip-flop clocked by clk)
Endpoint: _439_ (rising edge-triggered flip-flop clocked by clk)
Path Group: clk
Path Type: min

Fanout     Cap    Slew   Delay    Time   Description
-----------------------------------------------------------------------------
                          0.00    0.00   clock clk (rise edge)
                          0.00    0.00   clock source latency
                  0.07    0.04    0.04 ^ clk (in)
     1    0.01                           clk (net)
                  0.07    0.00    0.04 ^ clkbuf_0_clk/A (sky130_fd_sc_hd__clkbuf_16)
                  0.09    0.17    0.21 ^ clkbuf_0_clk/X (sky130_fd_sc_hd__clkbuf_16)
     8    0.07                           clknet_0_clk (net)
                  0.09    0.00    0.21 ^ clkbuf_3_4__f_clk/A (sky130_fd_sc_hd__clkbuf_16)
                  0.04    0.13    0.34 ^ clkbuf_3_4__f_clk/X (sky130_fd_sc_hd__clkbuf_16)
     6    0.01                           clknet_3_4__leaf_clk (net)
                  0.04    0.00    0.34 ^ _439_/CLK (sky130_fd_sc_hd__dfrtp_1)
                  0.06    0.31    0.65 ^ _439_/Q (sky130_fd_sc_hd__dfrtp_1)
     2    0.00                           u_am1.b_i[1] (net)
                  0.06    0.00    0.65 ^ _314_/A0 (sky130_fd_sc_hd__mux2_1)
                  0.04    0.11    0.76 ^ _314_/X (sky130_fd_sc_hd__mux2_1)
     1    0.00                           _149_ (net)
                  0.04    0.00    0.76 ^ _315_/A (sky130_fd_sc_hd__clkbuf_1)
                  0.04    0.07    0.83 ^ _315_/X (sky130_fd_sc_hd__clkbuf_1)
     1    0.00                           _019_ (net)
                  0.04    0.00    0.83 ^ _439_/D (sky130_fd_sc_hd__dfrtp_1)
                                  0.83   data arrival time

                          0.00    0.00   clock clk (rise edge)
                          0.00    0.00   clock source latency
                  0.07    0.05    0.05 ^ clk (in)
     1    0.01                           clk (net)
                  0.07    0.00    0.05 ^ clkbuf_0_clk/A (sky130_fd_sc_hd__clkbuf_16)
                  0.09    0.18    0.23 ^ clkbuf_0_clk/X (sky130_fd_sc_hd__clkbuf_16)
     8    0.07                           clknet_0_clk (net)
                  0.09    0.00    0.23 ^ clkbuf_3_4__f_clk/A (sky130_fd_sc_hd__clkbuf_16)
                  0.04    0.15    0.38 ^ clkbuf_3_4__f_clk/X (sky130_fd_sc_hd__clkbuf_16)
     6    0.01                           clknet_3_4__leaf_clk (net)
                  0.04    0.00    0.38 ^ _439_/CLK (sky130_fd_sc_hd__dfrtp_1)
                          0.25    0.63   clock uncertainty
                         -0.04    0.59   clock reconvergence pessimism
                         -0.03    0.56   library hold time
                                  0.56   data required time
-----------------------------------------------------------------------------
                                  0.56   data required time
                                 -0.83   data arrival time
-----------------------------------------------------------------------------
                                  0.28   slack (MET)


Startpoint: _434_ (rising edge-triggered flip-flop clocked by clk)
Endpoint: _467_ (rising edge-triggered flip-flop clocked by clk)
Path Group: clk
Path Type: min

Fanout     Cap    Slew   Delay    Time   Description
-----------------------------------------------------------------------------
                          0.00    0.00   clock clk (rise edge)
                          0.00    0.00   clock source latency
                  0.07    0.04    0.04 ^ clk (in)
     1    0.01                           clk (net)
                  0.07    0.00    0.04 ^ clkbuf_0_clk/A (sky130_fd_sc_hd__clkbuf_16)
                  0.09    0.17    0.21 ^ clkbuf_0_clk/X (sky130_fd_sc_hd__clkbuf_16)
     8    0.07                           clknet_0_clk (net)
                  0.09    0.00    0.21 ^ clkbuf_3_6__f_clk/A (sky130_fd_sc_hd__clkbuf_16)
                  0.04    0.14    0.35 ^ clkbuf_3_6__f_clk/X (sky130_fd_sc_hd__clkbuf_16)
     8    0.02                           clknet_3_6__leaf_clk (net)
                  0.04    0.00    0.35 ^ _434_/CLK (sky130_fd_sc_hd__dfrtp_1)
                  0.06    0.31    0.65 ^ _434_/Q (sky130_fd_sc_hd__dfrtp_1)
     2    0.00                           u_am0.b_i[2] (net)
                  0.06    0.00    0.65 ^ _374_/A1 (sky130_fd_sc_hd__mux2_1)
                  0.04    0.12    0.77 ^ _374_/X (sky130_fd_sc_hd__mux2_1)
     1    0.00                           _181_ (net)
                  0.04    0.00    0.77 ^ _375_/A (sky130_fd_sc_hd__clkbuf_1)
                  0.04    0.07    0.84 ^ _375_/X (sky130_fd_sc_hd__clkbuf_1)
     1    0.00                           _047_ (net)
                  0.04    0.00    0.84 ^ _467_/D (sky130_fd_sc_hd__dfrtp_1)
                                  0.84   data arrival time

                          0.00    0.00   clock clk (rise edge)
                          0.00    0.00   clock source latency
                  0.07    0.05    0.05 ^ clk (in)
     1    0.01                           clk (net)
                  0.07    0.00    0.05 ^ clkbuf_0_clk/A (sky130_fd_sc_hd__clkbuf_16)
                  0.09    0.18    0.23 ^ clkbuf_0_clk/X (sky130_fd_sc_hd__clkbuf_16)
     8    0.07                           clknet_0_clk (net)
                  0.09    0.00    0.23 ^ clkbuf_3_6__f_clk/A (sky130_fd_sc_hd__clkbuf_16)
                  0.04    0.15    0.38 ^ clkbuf_3_6__f_clk/X (sky130_fd_sc_hd__clkbuf_16)
     8    0.02                           clknet_3_6__leaf_clk (net)
                  0.04    0.00    0.38 ^ _467_/CLK (sky130_fd_sc_hd__dfrtp_1)
                          0.25    0.63   clock uncertainty
                         -0.04    0.60   clock reconvergence pessimism
                         -0.03    0.56   library hold time
                                  0.56   data required time
-----------------------------------------------------------------------------
                                  0.56   data required time
                                 -0.84   data arrival time
-----------------------------------------------------------------------------
                                  0.28   slack (MET)


Startpoint: _434_ (rising edge-triggered flip-flop clocked by clk)
Endpoint: _434_ (rising edge-triggered flip-flop clocked by clk)
Path Group: clk
Path Type: min

Fanout     Cap    Slew   Delay    Time   Description
-----------------------------------------------------------------------------
                          0.00    0.00   clock clk (rise edge)
                          0.00    0.00   clock source latency
                  0.07    0.04    0.04 ^ clk (in)
     1    0.01                           clk (net)
                  0.07    0.00    0.04 ^ clkbuf_0_clk/A (sky130_fd_sc_hd__clkbuf_16)
                  0.09    0.17    0.21 ^ clkbuf_0_clk/X (sky130_fd_sc_hd__clkbuf_16)
     8    0.07                           clknet_0_clk (net)
                  0.09    0.00    0.21 ^ clkbuf_3_6__f_clk/A (sky130_fd_sc_hd__clkbuf_16)
                  0.04    0.14    0.35 ^ clkbuf_3_6__f_clk/X (sky130_fd_sc_hd__clkbuf_16)
     8    0.02                           clknet_3_6__leaf_clk (net)
                  0.04    0.00    0.35 ^ _434_/CLK (sky130_fd_sc_hd__dfrtp_1)
                  0.06    0.31    0.65 ^ _434_/Q (sky130_fd_sc_hd__dfrtp_1)
     2    0.00                           u_am0.b_i[2] (net)
                  0.06    0.00    0.65 ^ _299_/A0 (sky130_fd_sc_hd__mux2_1)
                  0.04    0.11    0.77 ^ _299_/X (sky130_fd_sc_hd__mux2_1)
     1    0.00                           _139_ (net)
                  0.04    0.00    0.77 ^ _300_/A (sky130_fd_sc_hd__clkbuf_1)
                  0.04    0.07    0.84 ^ _300_/X (sky130_fd_sc_hd__clkbuf_1)
     1    0.00                           _014_ (net)
                  0.04    0.00    0.84 ^ _434_/D (sky130_fd_sc_hd__dfrtp_1)
                                  0.84   data arrival time

                          0.00    0.00   clock clk (rise edge)
                          0.00    0.00   clock source latency
                  0.07    0.05    0.05 ^ clk (in)
     1    0.01                           clk (net)
                  0.07    0.00    0.05 ^ clkbuf_0_clk/A (sky130_fd_sc_hd__clkbuf_16)
                  0.09    0.18    0.23 ^ clkbuf_0_clk/X (sky130_fd_sc_hd__clkbuf_16)
     8    0.07                           clknet_0_clk (net)
                  0.09    0.00    0.23 ^ clkbuf_3_6__f_clk/A (sky130_fd_sc_hd__clkbuf_16)
                  0.04    0.15    0.38 ^ clkbuf_3_6__f_clk/X (sky130_fd_sc_hd__clkbuf_16)
     8    0.02                           clknet_3_6__leaf_clk (net)
                  0.04    0.00    0.38 ^ _434_/CLK (sky130_fd_sc_hd__dfrtp_1)
                          0.25    0.63   clock uncertainty
                         -0.04    0.60   clock reconvergence pessimism
                         -0.03    0.56   library hold time
                                  0.56   data required time
-----------------------------------------------------------------------------
                                  0.56   data required time
                                 -0.84   data arrival time
-----------------------------------------------------------------------------
                                  0.28   slack (MET)


Startpoint: _452_ (rising edge-triggered flip-flop clocked by clk)
Endpoint: _458_ (rising edge-triggered flip-flop clocked by clk)
Path Group: clk
Path Type: min

Fanout     Cap    Slew   Delay    Time   Description
-----------------------------------------------------------------------------
                          0.00    0.00   clock clk (rise edge)
                          0.00    0.00   clock source latency
                  0.07    0.04    0.04 ^ clk (in)
     1    0.01                           clk (net)
                  0.07    0.00    0.04 ^ clkbuf_0_clk/A (sky130_fd_sc_hd__clkbuf_16)
                  0.09    0.17    0.21 ^ clkbuf_0_clk/X (sky130_fd_sc_hd__clkbuf_16)
     8    0.07                           clknet_0_clk (net)
                  0.09    0.00    0.21 ^ clkbuf_3_0__f_clk/A (sky130_fd_sc_hd__clkbuf_16)
                  0.05    0.14    0.35 ^ clkbuf_3_0__f_clk/X (sky130_fd_sc_hd__clkbuf_16)
    11    0.03                           clknet_3_0__leaf_clk (net)
                  0.05    0.00    0.35 ^ _452_/CLK (sky130_fd_sc_hd__dfrtp_1)
                  0.06    0.31    0.67 ^ _452_/Q (sky130_fd_sc_hd__dfrtp_1)
     2    0.00                           u_am3.b_i[2] (net)
                  0.06    0.00    0.67 ^ _356_/A1 (sky130_fd_sc_hd__mux2_1)
                  0.04    0.11    0.78 ^ _356_/X (sky130_fd_sc_hd__mux2_1)
     1    0.00                           _172_ (net)
                  0.04    0.00    0.78 ^ _357_/A (sky130_fd_sc_hd__clkbuf_1)
                  0.04    0.07    0.85 ^ _357_/X (sky130_fd_sc_hd__clkbuf_1)
     1    0.00                           _038_ (net)
                  0.04    0.00    0.85 ^ _458_/D (sky130_fd_sc_hd__dfrtp_1)
                                  0.85   data arrival time

                          0.00    0.00   clock clk (rise edge)
                          0.00    0.00   clock source latency
                  0.07    0.05    0.05 ^ clk (in)
     1    0.01                           clk (net)
                  0.07    0.00    0.05 ^ clkbuf_0_clk/A (sky130_fd_sc_hd__clkbuf_16)
                  0.09    0.18    0.23 ^ clkbuf_0_clk/X (sky130_fd_sc_hd__clkbuf_16)
     8    0.07                           clknet_0_clk (net)
                  0.09    0.00    0.23 ^ clkbuf_3_0__f_clk/A (sky130_fd_sc_hd__clkbuf_16)
                  0.05    0.16    0.39 ^ clkbuf_3_0__f_clk/X (sky130_fd_sc_hd__clkbuf_16)
    11    0.03                           clknet_3_0__leaf_clk (net)
                  0.05    0.00    0.39 ^ _458_/CLK (sky130_fd_sc_hd__dfrtp_1)
                          0.25    0.64   clock uncertainty
                         -0.04    0.60   clock reconvergence pessimism
                         -0.03    0.57   library hold time
                                  0.57   data required time
-----------------------------------------------------------------------------
                                  0.57   data required time
                                 -0.85   data arrival time
-----------------------------------------------------------------------------
                                  0.28   slack (MET)


Startpoint: _450_ (rising edge-triggered flip-flop clocked by clk)
Endpoint: _456_ (rising edge-triggered flip-flop clocked by clk)
Path Group: clk
Path Type: min

Fanout     Cap    Slew   Delay    Time   Description
-----------------------------------------------------------------------------
                          0.00    0.00   clock clk (rise edge)
                          0.00    0.00   clock source latency
                  0.07    0.04    0.04 ^ clk (in)
     1    0.01                           clk (net)
                  0.07    0.00    0.04 ^ clkbuf_0_clk/A (sky130_fd_sc_hd__clkbuf_16)
                  0.09    0.17    0.21 ^ clkbuf_0_clk/X (sky130_fd_sc_hd__clkbuf_16)
     8    0.07                           clknet_0_clk (net)
                  0.09    0.00    0.21 ^ clkbuf_3_0__f_clk/A (sky130_fd_sc_hd__clkbuf_16)
                  0.05    0.14    0.35 ^ clkbuf_3_0__f_clk/X (sky130_fd_sc_hd__clkbuf_16)
    11    0.03                           clknet_3_0__leaf_clk (net)
                  0.05    0.00    0.35 ^ _450_/CLK (sky130_fd_sc_hd__dfrtp_1)
                  0.06    0.32    0.67 ^ _450_/Q (sky130_fd_sc_hd__dfrtp_1)
     2    0.01                           u_am3.b_i[0] (net)
                  0.06    0.00    0.67 ^ _352_/A1 (sky130_fd_sc_hd__mux2_1)
                  0.04    0.12    0.79 ^ _352_/X (sky130_fd_sc_hd__mux2_1)
     1    0.00                           _170_ (net)
                  0.04    0.00    0.79 ^ _353_/A (sky130_fd_sc_hd__clkbuf_1)
                  0.04    0.07    0.86 ^ _353_/X (sky130_fd_sc_hd__clkbuf_1)
     1    0.00                           _036_ (net)
                  0.04    0.00    0.86 ^ _456_/D (sky130_fd_sc_hd__dfrtp_1)
                                  0.86   data arrival time

                          0.00    0.00   clock clk (rise edge)
                          0.00    0.00   clock source latency
                  0.07    0.05    0.05 ^ clk (in)
     1    0.01                           clk (net)
                  0.07    0.00    0.05 ^ clkbuf_0_clk/A (sky130_fd_sc_hd__clkbuf_16)
                  0.09    0.18    0.23 ^ clkbuf_0_clk/X (sky130_fd_sc_hd__clkbuf_16)
     8    0.07                           clknet_0_clk (net)
                  0.09    0.00    0.23 ^ clkbuf_3_2__f_clk/A (sky130_fd_sc_hd__clkbuf_16)
                  0.04    0.15    0.38 ^ clkbuf_3_2__f_clk/X (sky130_fd_sc_hd__clkbuf_16)
     8    0.02                           clknet_3_2__leaf_clk (net)
                  0.04    0.00    0.38 ^ _456_/CLK (sky130_fd_sc_hd__dfrtp_1)
                          0.25    0.63   clock uncertainty
                         -0.02    0.61   clock reconvergence pessimism
                         -0.03    0.58   library hold time
                                  0.58   data required time
-----------------------------------------------------------------------------
                                  0.58   data required time
                                 -0.86   data arrival time
-----------------------------------------------------------------------------
                                  0.28   slack (MET)


Startpoint: _425_ (rising edge-triggered flip-flop clocked by clk)
Endpoint: _455_ (rising edge-triggered flip-flop clocked by clk)
Path Group: clk
Path Type: min

Fanout     Cap    Slew   Delay    Time   Description
-----------------------------------------------------------------------------
                          0.00    0.00   clock clk (rise edge)
                          0.00    0.00   clock source latency
                  0.07    0.04    0.04 ^ clk (in)
     1    0.01                           clk (net)
                  0.07    0.00    0.04 ^ clkbuf_0_clk/A (sky130_fd_sc_hd__clkbuf_16)
                  0.09    0.17    0.21 ^ clkbuf_0_clk/X (sky130_fd_sc_hd__clkbuf_16)
     8    0.07                           clknet_0_clk (net)
                  0.09    0.00    0.21 ^ clkbuf_3_3__f_clk/A (sky130_fd_sc_hd__clkbuf_16)
                  0.04    0.14    0.35 ^ clkbuf_3_3__f_clk/X (sky130_fd_sc_hd__clkbuf_16)
     8    0.02                           clknet_3_3__leaf_clk (net)
                  0.04    0.00    0.35 ^ _425_/CLK (sky130_fd_sc_hd__dfrtp_1)
                  0.06    0.31    0.65 ^ _425_/Q (sky130_fd_sc_hd__dfrtp_1)
     2    0.00                           u_am4.b_i[2] (net)
                  0.06    0.00    0.65 ^ _350_/A1 (sky130_fd_sc_hd__mux2_1)
                  0.04    0.12    0.77 ^ _350_/X (sky130_fd_sc_hd__mux2_1)
     1    0.00                           _169_ (net)
                  0.04    0.00    0.77 ^ _351_/A (sky130_fd_sc_hd__clkbuf_1)
                  0.04    0.07    0.84 ^ _351_/X (sky130_fd_sc_hd__clkbuf_1)
     1    0.00                           _035_ (net)
                  0.04    0.00    0.84 ^ _455_/D (sky130_fd_sc_hd__dfrtp_1)
                                  0.84   data arrival time

                          0.00    0.00   clock clk (rise edge)
                          0.00    0.00   clock source latency
                  0.07    0.05    0.05 ^ clk (in)
     1    0.01                           clk (net)
                  0.07    0.00    0.05 ^ clkbuf_0_clk/A (sky130_fd_sc_hd__clkbuf_16)
                  0.09    0.18    0.23 ^ clkbuf_0_clk/X (sky130_fd_sc_hd__clkbuf_16)
     8    0.07                           clknet_0_clk (net)
                  0.09    0.00    0.23 ^ clkbuf_3_3__f_clk/A (sky130_fd_sc_hd__clkbuf_16)
                  0.04    0.15    0.38 ^ clkbuf_3_3__f_clk/X (sky130_fd_sc_hd__clkbuf_16)
     8    0.02                           clknet_3_3__leaf_clk (net)
                  0.04    0.00    0.38 ^ _455_/CLK (sky130_fd_sc_hd__dfrtp_1)
                          0.25    0.63   clock uncertainty
                         -0.04    0.60   clock reconvergence pessimism
                         -0.03    0.56   library hold time
                                  0.56   data required time
-----------------------------------------------------------------------------
                                  0.56   data required time
                                 -0.84   data arrival time
-----------------------------------------------------------------------------
                                  0.28   slack (MET)


Startpoint: _433_ (rising edge-triggered flip-flop clocked by clk)
Endpoint: _433_ (rising edge-triggered flip-flop clocked by clk)
Path Group: clk
Path Type: min

Fanout     Cap    Slew   Delay    Time   Description
-----------------------------------------------------------------------------
                          0.00    0.00   clock clk (rise edge)
                          0.00    0.00   clock source latency
                  0.07    0.04    0.04 ^ clk (in)
     1    0.01                           clk (net)
                  0.07    0.00    0.04 ^ clkbuf_0_clk/A (sky130_fd_sc_hd__clkbuf_16)
                  0.09    0.17    0.21 ^ clkbuf_0_clk/X (sky130_fd_sc_hd__clkbuf_16)
     8    0.07                           clknet_0_clk (net)
                  0.09    0.00    0.21 ^ clkbuf_3_6__f_clk/A (sky130_fd_sc_hd__clkbuf_16)
                  0.04    0.14    0.35 ^ clkbuf_3_6__f_clk/X (sky130_fd_sc_hd__clkbuf_16)
     8    0.02                           clknet_3_6__leaf_clk (net)
                  0.04    0.00    0.35 ^ _433_/CLK (sky130_fd_sc_hd__dfrtp_1)
                  0.06    0.31    0.66 ^ _433_/Q (sky130_fd_sc_hd__dfrtp_1)
     2    0.00                           u_am0.b_i[1] (net)
                  0.06    0.00    0.66 ^ _297_/A0 (sky130_fd_sc_hd__mux2_1)
                  0.04    0.11    0.77 ^ _297_/X (sky130_fd_sc_hd__mux2_1)
     1    0.00                           _138_ (net)
                  0.04    0.00    0.77 ^ _298_/A (sky130_fd_sc_hd__clkbuf_1)
                  0.04    0.07    0.84 ^ _298_/X (sky130_fd_sc_hd__clkbuf_1)
     1    0.00                           _013_ (net)
                  0.04    0.00    0.84 ^ _433_/D (sky130_fd_sc_hd__dfrtp_1)
                                  0.84   data arrival time

                          0.00    0.00   clock clk (rise edge)
                          0.00    0.00   clock source latency
                  0.07    0.05    0.05 ^ clk (in)
     1    0.01                           clk (net)
                  0.07    0.00    0.05 ^ clkbuf_0_clk/A (sky130_fd_sc_hd__clkbuf_16)
                  0.09    0.18    0.23 ^ clkbuf_0_clk/X (sky130_fd_sc_hd__clkbuf_16)
     8    0.07                           clknet_0_clk (net)
                  0.09    0.00    0.23 ^ clkbuf_3_6__f_clk/A (sky130_fd_sc_hd__clkbuf_16)
                  0.04    0.15    0.38 ^ clkbuf_3_6__f_clk/X (sky130_fd_sc_hd__clkbuf_16)
     8    0.02                           clknet_3_6__leaf_clk (net)
                  0.04    0.00    0.38 ^ _433_/CLK (sky130_fd_sc_hd__dfrtp_1)
                          0.25    0.63   clock uncertainty
                         -0.04    0.60   clock reconvergence pessimism
                         -0.03    0.56   library hold time
                                  0.56   data required time
-----------------------------------------------------------------------------
                                  0.56   data required time
                                 -0.84   data arrival time
-----------------------------------------------------------------------------
                                  0.28   slack (MET)


Startpoint: _432_ (rising edge-triggered flip-flop clocked by clk)
Endpoint: _432_ (rising edge-triggered flip-flop clocked by clk)
Path Group: clk
Path Type: min

Fanout     Cap    Slew   Delay    Time   Description
-----------------------------------------------------------------------------
                          0.00    0.00   clock clk (rise edge)
                          0.00    0.00   clock source latency
                  0.07    0.04    0.04 ^ clk (in)
     1    0.01                           clk (net)
                  0.07    0.00    0.04 ^ clkbuf_0_clk/A (sky130_fd_sc_hd__clkbuf_16)
                  0.09    0.17    0.21 ^ clkbuf_0_clk/X (sky130_fd_sc_hd__clkbuf_16)
     8    0.07                           clknet_0_clk (net)
                  0.09    0.00    0.21 ^ clkbuf_3_7__f_clk/A (sky130_fd_sc_hd__clkbuf_16)
                  0.05    0.14    0.35 ^ clkbuf_3_7__f_clk/X (sky130_fd_sc_hd__clkbuf_16)
    11    0.03                           clknet_3_7__leaf_clk (net)
                  0.05    0.00    0.35 ^ _432_/CLK (sky130_fd_sc_hd__dfrtp_1)
                  0.06    0.32    0.67 ^ _432_/Q (sky130_fd_sc_hd__dfrtp_1)
     2    0.00                           u_am0.b_i[0] (net)
                  0.06    0.00    0.67 ^ _295_/A0 (sky130_fd_sc_hd__mux2_1)
                  0.04    0.11    0.78 ^ _295_/X (sky130_fd_sc_hd__mux2_1)
     1    0.00                           _137_ (net)
                  0.04    0.00    0.78 ^ _296_/A (sky130_fd_sc_hd__clkbuf_1)
                  0.04    0.07    0.85 ^ _296_/X (sky130_fd_sc_hd__clkbuf_1)
     1    0.00                           _012_ (net)
                  0.04    0.00    0.85 ^ _432_/D (sky130_fd_sc_hd__dfrtp_1)
                                  0.85   data arrival time

                          0.00    0.00   clock clk (rise edge)
                          0.00    0.00   clock source latency
                  0.07    0.05    0.05 ^ clk (in)
     1    0.01                           clk (net)
                  0.07    0.00    0.05 ^ clkbuf_0_clk/A (sky130_fd_sc_hd__clkbuf_16)
                  0.09    0.18    0.23 ^ clkbuf_0_clk/X (sky130_fd_sc_hd__clkbuf_16)
     8    0.07                           clknet_0_clk (net)
                  0.09    0.00    0.23 ^ clkbuf_3_7__f_clk/A (sky130_fd_sc_hd__clkbuf_16)
                  0.05    0.16    0.39 ^ clkbuf_3_7__f_clk/X (sky130_fd_sc_hd__clkbuf_16)
    11    0.03                           clknet_3_7__leaf_clk (net)
                  0.05    0.00    0.39 ^ _432_/CLK (sky130_fd_sc_hd__dfrtp_1)
                          0.25    0.64   clock uncertainty
                         -0.04    0.60   clock reconvergence pessimism
                         -0.03    0.57   library hold time
                                  0.57   data required time
-----------------------------------------------------------------------------
                                  0.57   data required time
                                 -0.85   data arrival time
-----------------------------------------------------------------------------
                                  0.28   slack (MET)


Startpoint: _423_ (rising edge-triggered flip-flop clocked by clk)
Endpoint: _423_ (rising edge-triggered flip-flop clocked by clk)
Path Group: clk
Path Type: min

Fanout     Cap    Slew   Delay    Time   Description
-----------------------------------------------------------------------------
                          0.00    0.00   clock clk (rise edge)
                          0.00    0.00   clock source latency
                  0.07    0.04    0.04 ^ clk (in)
     1    0.01                           clk (net)
                  0.07    0.00    0.04 ^ clkbuf_0_clk/A (sky130_fd_sc_hd__clkbuf_16)
                  0.09    0.17    0.21 ^ clkbuf_0_clk/X (sky130_fd_sc_hd__clkbuf_16)
     8    0.07                           clknet_0_clk (net)
                  0.09    0.00    0.21 ^ clkbuf_3_3__f_clk/A (sky130_fd_sc_hd__clkbuf_16)
                  0.04    0.14    0.35 ^ clkbuf_3_3__f_clk/X (sky130_fd_sc_hd__clkbuf_16)
     8    0.02                           clknet_3_3__leaf_clk (net)
                  0.04    0.00    0.35 ^ _423_/CLK (sky130_fd_sc_hd__dfrtp_1)
                  0.06    0.31    0.66 ^ _423_/Q (sky130_fd_sc_hd__dfrtp_1)
     2    0.00                           u_am4.b_i[0] (net)
                  0.06    0.00    0.66 ^ _267_/A0 (sky130_fd_sc_hd__mux2_1)
                  0.04    0.11    0.77 ^ _267_/X (sky130_fd_sc_hd__mux2_1)
     1    0.00                           _118_ (net)
                  0.04    0.00    0.77 ^ _268_/A (sky130_fd_sc_hd__clkbuf_1)
                  0.04    0.07    0.84 ^ _268_/X (sky130_fd_sc_hd__clkbuf_1)
     1    0.00                           _003_ (net)
                  0.04    0.00    0.84 ^ _423_/D (sky130_fd_sc_hd__dfrtp_1)
                                  0.84   data arrival time

                          0.00    0.00   clock clk (rise edge)
                          0.00    0.00   clock source latency
                  0.07    0.05    0.05 ^ clk (in)
     1    0.01                           clk (net)
                  0.07    0.00    0.05 ^ clkbuf_0_clk/A (sky130_fd_sc_hd__clkbuf_16)
                  0.09    0.18    0.23 ^ clkbuf_0_clk/X (sky130_fd_sc_hd__clkbuf_16)
     8    0.07                           clknet_0_clk (net)
                  0.09    0.00    0.23 ^ clkbuf_3_3__f_clk/A (sky130_fd_sc_hd__clkbuf_16)
                  0.04    0.15    0.38 ^ clkbuf_3_3__f_clk/X (sky130_fd_sc_hd__clkbuf_16)
     8    0.02                           clknet_3_3__leaf_clk (net)
                  0.04    0.00    0.38 ^ _423_/CLK (sky130_fd_sc_hd__dfrtp_1)
                          0.25    0.63   clock uncertainty
                         -0.04    0.60   clock reconvergence pessimism
                         -0.03    0.56   library hold time
                                  0.56   data required time
-----------------------------------------------------------------------------
                                  0.56   data required time
                                 -0.84   data arrival time
-----------------------------------------------------------------------------
                                  0.28   slack (MET)


Startpoint: _432_ (rising edge-triggered flip-flop clocked by clk)
Endpoint: _465_ (rising edge-triggered flip-flop clocked by clk)
Path Group: clk
Path Type: min

Fanout     Cap    Slew   Delay    Time   Description
-----------------------------------------------------------------------------
                          0.00    0.00   clock clk (rise edge)
                          0.00    0.00   clock source latency
                  0.07    0.04    0.04 ^ clk (in)
     1    0.01                           clk (net)
                  0.07    0.00    0.04 ^ clkbuf_0_clk/A (sky130_fd_sc_hd__clkbuf_16)
                  0.09    0.17    0.21 ^ clkbuf_0_clk/X (sky130_fd_sc_hd__clkbuf_16)
     8    0.07                           clknet_0_clk (net)
                  0.09    0.00    0.21 ^ clkbuf_3_7__f_clk/A (sky130_fd_sc_hd__clkbuf_16)
                  0.05    0.14    0.35 ^ clkbuf_3_7__f_clk/X (sky130_fd_sc_hd__clkbuf_16)
    11    0.03                           clknet_3_7__leaf_clk (net)
                  0.05    0.00    0.35 ^ _432_/CLK (sky130_fd_sc_hd__dfrtp_1)
                  0.06    0.32    0.67 ^ _432_/Q (sky130_fd_sc_hd__dfrtp_1)
     2    0.00                           u_am0.b_i[0] (net)
                  0.06    0.00    0.67 ^ _370_/A1 (sky130_fd_sc_hd__mux2_1)
                  0.04    0.11    0.78 ^ _370_/X (sky130_fd_sc_hd__mux2_1)
     1    0.00                           _179_ (net)
                  0.04    0.00    0.78 ^ _371_/A (sky130_fd_sc_hd__clkbuf_1)
                  0.04    0.07    0.85 ^ _371_/X (sky130_fd_sc_hd__clkbuf_1)
     1    0.00                           _045_ (net)
                  0.04    0.00    0.85 ^ _465_/D (sky130_fd_sc_hd__dfrtp_1)
                                  0.85   data arrival time

                          0.00    0.00   clock clk (rise edge)
                          0.00    0.00   clock source latency
                  0.07    0.05    0.05 ^ clk (in)
     1    0.01                           clk (net)
                  0.07    0.00    0.05 ^ clkbuf_0_clk/A (sky130_fd_sc_hd__clkbuf_16)
                  0.09    0.18    0.23 ^ clkbuf_0_clk/X (sky130_fd_sc_hd__clkbuf_16)
     8    0.07                           clknet_0_clk (net)
                  0.09    0.00    0.23 ^ clkbuf_3_7__f_clk/A (sky130_fd_sc_hd__clkbuf_16)
                  0.05    0.16    0.39 ^ clkbuf_3_7__f_clk/X (sky130_fd_sc_hd__clkbuf_16)
    11    0.03                           clknet_3_7__leaf_clk (net)
                  0.05    0.00    0.39 ^ _465_/CLK (sky130_fd_sc_hd__dfrtp_1)
                          0.25    0.64   clock uncertainty
                         -0.04    0.60   clock reconvergence pessimism
                         -0.03    0.57   library hold time
                                  0.57   data required time
-----------------------------------------------------------------------------
                                  0.57   data required time
                                 -0.85   data arrival time
-----------------------------------------------------------------------------
                                  0.28   slack (MET)


Startpoint: _450_ (rising edge-triggered flip-flop clocked by clk)
Endpoint: _450_ (rising edge-triggered flip-flop clocked by clk)
Path Group: clk
Path Type: min

Fanout     Cap    Slew   Delay    Time   Description
-----------------------------------------------------------------------------
                          0.00    0.00   clock clk (rise edge)
                          0.00    0.00   clock source latency
                  0.07    0.04    0.04 ^ clk (in)
     1    0.01                           clk (net)
                  0.07    0.00    0.04 ^ clkbuf_0_clk/A (sky130_fd_sc_hd__clkbuf_16)
                  0.09    0.17    0.21 ^ clkbuf_0_clk/X (sky130_fd_sc_hd__clkbuf_16)
     8    0.07                           clknet_0_clk (net)
                  0.09    0.00    0.21 ^ clkbuf_3_0__f_clk/A (sky130_fd_sc_hd__clkbuf_16)
                  0.05    0.14    0.35 ^ clkbuf_3_0__f_clk/X (sky130_fd_sc_hd__clkbuf_16)
    11    0.03                           clknet_3_0__leaf_clk (net)
                  0.05    0.00    0.35 ^ _450_/CLK (sky130_fd_sc_hd__dfrtp_1)
                  0.06    0.32    0.67 ^ _450_/Q (sky130_fd_sc_hd__dfrtp_1)
     2    0.01                           u_am3.b_i[0] (net)
                  0.06    0.00    0.67 ^ _340_/A0 (sky130_fd_sc_hd__mux2_1)
                  0.04    0.11    0.78 ^ _340_/X (sky130_fd_sc_hd__mux2_1)
     1    0.00                           _164_ (net)
                  0.04    0.00    0.78 ^ _341_/A (sky130_fd_sc_hd__clkbuf_1)
                  0.04    0.07    0.85 ^ _341_/X (sky130_fd_sc_hd__clkbuf_1)
     1    0.00                           _030_ (net)
                  0.04    0.00    0.85 ^ _450_/D (sky130_fd_sc_hd__dfrtp_1)
                                  0.85   data arrival time

                          0.00    0.00   clock clk (rise edge)
                          0.00    0.00   clock source latency
                  0.07    0.05    0.05 ^ clk (in)
     1    0.01                           clk (net)
                  0.07    0.00    0.05 ^ clkbuf_0_clk/A (sky130_fd_sc_hd__clkbuf_16)
                  0.09    0.18    0.23 ^ clkbuf_0_clk/X (sky130_fd_sc_hd__clkbuf_16)
     8    0.07                           clknet_0_clk (net)
                  0.09    0.00    0.23 ^ clkbuf_3_0__f_clk/A (sky130_fd_sc_hd__clkbuf_16)
                  0.05    0.16    0.39 ^ clkbuf_3_0__f_clk/X (sky130_fd_sc_hd__clkbuf_16)
    11    0.03                           clknet_3_0__leaf_clk (net)
                  0.05    0.00    0.39 ^ _450_/CLK (sky130_fd_sc_hd__dfrtp_1)
                          0.25    0.64   clock uncertainty
                         -0.04    0.60   clock reconvergence pessimism
                         -0.03    0.57   library hold time
                                  0.57   data required time
-----------------------------------------------------------------------------
                                  0.57   data required time
                                 -0.85   data arrival time
-----------------------------------------------------------------------------
                                  0.28   slack (MET)


Startpoint: _423_ (rising edge-triggered flip-flop clocked by clk)
Endpoint: _453_ (rising edge-triggered flip-flop clocked by clk)
Path Group: clk
Path Type: min

Fanout     Cap    Slew   Delay    Time   Description
-----------------------------------------------------------------------------
                          0.00    0.00   clock clk (rise edge)
                          0.00    0.00   clock source latency
                  0.07    0.04    0.04 ^ clk (in)
     1    0.01                           clk (net)
                  0.07    0.00    0.04 ^ clkbuf_0_clk/A (sky130_fd_sc_hd__clkbuf_16)
                  0.09    0.17    0.21 ^ clkbuf_0_clk/X (sky130_fd_sc_hd__clkbuf_16)
     8    0.07                           clknet_0_clk (net)
                  0.09    0.00    0.21 ^ clkbuf_3_3__f_clk/A (sky130_fd_sc_hd__clkbuf_16)
                  0.04    0.14    0.35 ^ clkbuf_3_3__f_clk/X (sky130_fd_sc_hd__clkbuf_16)
     8    0.02                           clknet_3_3__leaf_clk (net)
                  0.04    0.00    0.35 ^ _423_/CLK (sky130_fd_sc_hd__dfrtp_1)
                  0.06    0.31    0.66 ^ _423_/Q (sky130_fd_sc_hd__dfrtp_1)
     2    0.00                           u_am4.b_i[0] (net)
                  0.06    0.00    0.66 ^ _346_/A1 (sky130_fd_sc_hd__mux2_1)
                  0.04    0.12    0.77 ^ _346_/X (sky130_fd_sc_hd__mux2_1)
     1    0.00                           _167_ (net)
                  0.04    0.00    0.77 ^ _347_/A (sky130_fd_sc_hd__clkbuf_1)
                  0.04    0.07    0.85 ^ _347_/X (sky130_fd_sc_hd__clkbuf_1)
     1    0.00                           _033_ (net)
                  0.04    0.00    0.85 ^ _453_/D (sky130_fd_sc_hd__dfrtp_1)
                                  0.85   data arrival time

                          0.00    0.00   clock clk (rise edge)
                          0.00    0.00   clock source latency
                  0.07    0.05    0.05 ^ clk (in)
     1    0.01                           clk (net)
                  0.07    0.00    0.05 ^ clkbuf_0_clk/A (sky130_fd_sc_hd__clkbuf_16)
                  0.09    0.18    0.23 ^ clkbuf_0_clk/X (sky130_fd_sc_hd__clkbuf_16)
     8    0.07                           clknet_0_clk (net)
                  0.09    0.00    0.23 ^ clkbuf_3_3__f_clk/A (sky130_fd_sc_hd__clkbuf_16)
                  0.04    0.15    0.38 ^ clkbuf_3_3__f_clk/X (sky130_fd_sc_hd__clkbuf_16)
     8    0.02                           clknet_3_3__leaf_clk (net)
                  0.04    0.00    0.38 ^ _453_/CLK (sky130_fd_sc_hd__dfrtp_1)
                          0.25    0.63   clock uncertainty
                         -0.04    0.60   clock reconvergence pessimism
                         -0.03    0.56   library hold time
                                  0.56   data required time
-----------------------------------------------------------------------------
                                  0.56   data required time
                                 -0.85   data arrival time
-----------------------------------------------------------------------------
                                  0.28   slack (MET)


Startpoint: _433_ (rising edge-triggered flip-flop clocked by clk)
Endpoint: _466_ (rising edge-triggered flip-flop clocked by clk)
Path Group: clk
Path Type: min

Fanout     Cap    Slew   Delay    Time   Description
-----------------------------------------------------------------------------
                          0.00    0.00   clock clk (rise edge)
                          0.00    0.00   clock source latency
                  0.07    0.04    0.04 ^ clk (in)
     1    0.01                           clk (net)
                  0.07    0.00    0.04 ^ clkbuf_0_clk/A (sky130_fd_sc_hd__clkbuf_16)
                  0.09    0.17    0.21 ^ clkbuf_0_clk/X (sky130_fd_sc_hd__clkbuf_16)
     8    0.07                           clknet_0_clk (net)
                  0.09    0.00    0.21 ^ clkbuf_3_6__f_clk/A (sky130_fd_sc_hd__clkbuf_16)
                  0.04    0.14    0.35 ^ clkbuf_3_6__f_clk/X (sky130_fd_sc_hd__clkbuf_16)
     8    0.02                           clknet_3_6__leaf_clk (net)
                  0.04    0.00    0.35 ^ _433_/CLK (sky130_fd_sc_hd__dfrtp_1)
                  0.06    0.31    0.66 ^ _433_/Q (sky130_fd_sc_hd__dfrtp_1)
     2    0.00                           u_am0.b_i[1] (net)
                  0.06    0.00    0.66 ^ _372_/A1 (sky130_fd_sc_hd__mux2_1)
                  0.04    0.11    0.77 ^ _372_/X (sky130_fd_sc_hd__mux2_1)
     1    0.00                           _180_ (net)
                  0.04    0.00    0.77 ^ _373_/A (sky130_fd_sc_hd__clkbuf_1)
                  0.04    0.07    0.84 ^ _373_/X (sky130_fd_sc_hd__clkbuf_1)
     1    0.00                           _046_ (net)
                  0.04    0.00    0.84 ^ _466_/D (sky130_fd_sc_hd__dfrtp_1)
                                  0.84   data arrival time

                          0.00    0.00   clock clk (rise edge)
                          0.00    0.00   clock source latency
                  0.07    0.05    0.05 ^ clk (in)
     1    0.01                           clk (net)
                  0.07    0.00    0.05 ^ clkbuf_0_clk/A (sky130_fd_sc_hd__clkbuf_16)
                  0.09    0.18    0.23 ^ clkbuf_0_clk/X (sky130_fd_sc_hd__clkbuf_16)
     8    0.07                           clknet_0_clk (net)
                  0.09    0.00    0.23 ^ clkbuf_3_6__f_clk/A (sky130_fd_sc_hd__clkbuf_16)
                  0.04    0.15    0.38 ^ clkbuf_3_6__f_clk/X (sky130_fd_sc_hd__clkbuf_16)
     8    0.02                           clknet_3_6__leaf_clk (net)
                  0.04    0.00    0.38 ^ _466_/CLK (sky130_fd_sc_hd__dfrtp_1)
                          0.25    0.63   clock uncertainty
                         -0.04    0.60   clock reconvergence pessimism
                         -0.03    0.56   library hold time
                                  0.56   data required time
-----------------------------------------------------------------------------
                                  0.56   data required time
                                 -0.84   data arrival time
-----------------------------------------------------------------------------
                                  0.28   slack (MET)


Startpoint: _472_ (rising edge-triggered flip-flop clocked by clk)
Endpoint: _472_ (rising edge-triggered flip-flop clocked by clk)
Path Group: clk
Path Type: min

Fanout     Cap    Slew   Delay    Time   Description
-----------------------------------------------------------------------------
                          0.00    0.00   clock clk (rise edge)
                          0.00    0.00   clock source latency
                  0.07    0.04    0.04 ^ clk (in)
     1    0.01                           clk (net)
                  0.07    0.00    0.04 ^ clkbuf_0_clk/A (sky130_fd_sc_hd__clkbuf_16)
                  0.09    0.17    0.21 ^ clkbuf_0_clk/X (sky130_fd_sc_hd__clkbuf_16)
     8    0.07                           clknet_0_clk (net)
                  0.09    0.00    0.21 ^ clkbuf_3_7__f_clk/A (sky130_fd_sc_hd__clkbuf_16)
                  0.05    0.14    0.35 ^ clkbuf_3_7__f_clk/X (sky130_fd_sc_hd__clkbuf_16)
    11    0.03                           clknet_3_7__leaf_clk (net)
                  0.05    0.00    0.35 ^ _472_/CLK (sky130_fd_sc_hd__dfrtp_1)
                  0.06    0.32    0.67 ^ _472_/Q (sky130_fd_sc_hd__dfrtp_1)
     2    0.01                           net21 (net)
                  0.06    0.00    0.67 ^ _384_/A0 (sky130_fd_sc_hd__mux2_1)
                  0.04    0.11    0.78 ^ _384_/X (sky130_fd_sc_hd__mux2_1)
     1    0.00                           _187_ (net)
                  0.04    0.00    0.78 ^ _385_/A (sky130_fd_sc_hd__clkbuf_1)
                  0.04    0.07    0.85 ^ _385_/X (sky130_fd_sc_hd__clkbuf_1)
     1    0.00                           _051_ (net)
                  0.04    0.00    0.85 ^ _472_/D (sky130_fd_sc_hd__dfrtp_1)
                                  0.85   data arrival time

                          0.00    0.00   clock clk (rise edge)
                          0.00    0.00   clock source latency
                  0.07    0.05    0.05 ^ clk (in)
     1    0.01                           clk (net)
                  0.07    0.00    0.05 ^ clkbuf_0_clk/A (sky130_fd_sc_hd__clkbuf_16)
                  0.09    0.18    0.23 ^ clkbuf_0_clk/X (sky130_fd_sc_hd__clkbuf_16)
     8    0.07                           clknet_0_clk (net)
                  0.09    0.00    0.23 ^ clkbuf_3_7__f_clk/A (sky130_fd_sc_hd__clkbuf_16)
                  0.05    0.16    0.39 ^ clkbuf_3_7__f_clk/X (sky130_fd_sc_hd__clkbuf_16)
    11    0.03                           clknet_3_7__leaf_clk (net)
                  0.05    0.00    0.39 ^ _472_/CLK (sky130_fd_sc_hd__dfrtp_1)
                          0.25    0.64   clock uncertainty
                         -0.04    0.60   clock reconvergence pessimism
                         -0.03    0.57   library hold time
                                  0.57   data required time
-----------------------------------------------------------------------------
                                  0.57   data required time
                                 -0.85   data arrival time
-----------------------------------------------------------------------------
                                  0.28   slack (MET)


Startpoint: _439_ (rising edge-triggered flip-flop clocked by clk)
Endpoint: _463_ (rising edge-triggered flip-flop clocked by clk)
Path Group: clk
Path Type: min

Fanout     Cap    Slew   Delay    Time   Description
-----------------------------------------------------------------------------
                          0.00    0.00   clock clk (rise edge)
                          0.00    0.00   clock source latency
                  0.07    0.04    0.04 ^ clk (in)
     1    0.01                           clk (net)
                  0.07    0.00    0.04 ^ clkbuf_0_clk/A (sky130_fd_sc_hd__clkbuf_16)
                  0.09    0.17    0.21 ^ clkbuf_0_clk/X (sky130_fd_sc_hd__clkbuf_16)
     8    0.07                           clknet_0_clk (net)
                  0.09    0.00    0.21 ^ clkbuf_3_4__f_clk/A (sky130_fd_sc_hd__clkbuf_16)
                  0.04    0.13    0.34 ^ clkbuf_3_4__f_clk/X (sky130_fd_sc_hd__clkbuf_16)
     6    0.01                           clknet_3_4__leaf_clk (net)
                  0.04    0.00    0.34 ^ _439_/CLK (sky130_fd_sc_hd__dfrtp_1)
                  0.06    0.31    0.65 ^ _439_/Q (sky130_fd_sc_hd__dfrtp_1)
     2    0.00                           u_am1.b_i[1] (net)
                  0.06    0.00    0.65 ^ _366_/A1 (sky130_fd_sc_hd__mux2_1)
                  0.04    0.12    0.77 ^ _366_/X (sky130_fd_sc_hd__mux2_1)
     1    0.00                           _177_ (net)
                  0.04    0.00    0.77 ^ _367_/A (sky130_fd_sc_hd__clkbuf_1)
                  0.04    0.07    0.84 ^ _367_/X (sky130_fd_sc_hd__clkbuf_1)
     1    0.00                           _043_ (net)
                  0.04    0.00    0.84 ^ _463_/D (sky130_fd_sc_hd__dfrtp_1)
                                  0.84   data arrival time

                          0.00    0.00   clock clk (rise edge)
                          0.00    0.00   clock source latency
                  0.07    0.05    0.05 ^ clk (in)
     1    0.01                           clk (net)
                  0.07    0.00    0.05 ^ clkbuf_0_clk/A (sky130_fd_sc_hd__clkbuf_16)
                  0.09    0.18    0.23 ^ clkbuf_0_clk/X (sky130_fd_sc_hd__clkbuf_16)
     8    0.07                           clknet_0_clk (net)
                  0.09    0.00    0.23 ^ clkbuf_3_4__f_clk/A (sky130_fd_sc_hd__clkbuf_16)
                  0.04    0.15    0.38 ^ clkbuf_3_4__f_clk/X (sky130_fd_sc_hd__clkbuf_16)
     6    0.01                           clknet_3_4__leaf_clk (net)
                  0.04    0.00    0.38 ^ _463_/CLK (sky130_fd_sc_hd__dfrtp_1)
                          0.25    0.63   clock uncertainty
                         -0.04    0.59   clock reconvergence pessimism
                         -0.03    0.56   library hold time
                                  0.56   data required time
-----------------------------------------------------------------------------
                                  0.56   data required time
                                 -0.84   data arrival time
-----------------------------------------------------------------------------
                                  0.29   slack (MET)


Startpoint: _435_ (rising edge-triggered flip-flop clocked by clk)
Endpoint: _435_ (rising edge-triggered flip-flop clocked by clk)
Path Group: clk
Path Type: min

Fanout     Cap    Slew   Delay    Time   Description
-----------------------------------------------------------------------------
                          0.00    0.00   clock clk (rise edge)
                          0.00    0.00   clock source latency
                  0.07    0.04    0.04 ^ clk (in)
     1    0.01                           clk (net)
                  0.07    0.00    0.04 ^ clkbuf_0_clk/A (sky130_fd_sc_hd__clkbuf_16)
                  0.09    0.17    0.21 ^ clkbuf_0_clk/X (sky130_fd_sc_hd__clkbuf_16)
     8    0.07                           clknet_0_clk (net)
                  0.09    0.00    0.21 ^ clkbuf_3_1__f_clk/A (sky130_fd_sc_hd__clkbuf_16)
                  0.04    0.13    0.34 ^ clkbuf_3_1__f_clk/X (sky130_fd_sc_hd__clkbuf_16)
     6    0.02                           clknet_3_1__leaf_clk (net)
                  0.04    0.00    0.34 ^ _435_/CLK (sky130_fd_sc_hd__dfrtp_1)
                  0.08    0.32    0.66 ^ _435_/Q (sky130_fd_sc_hd__dfrtp_1)
     2    0.01                           u_am2.max[0] (net)
                  0.08    0.00    0.66 ^ _307_/A0 (sky130_fd_sc_hd__mux2_1)
                  0.04    0.12    0.78 ^ _307_/X (sky130_fd_sc_hd__mux2_1)
     1    0.00                           _146_ (net)
                  0.04    0.00    0.78 ^ _308_/A (sky130_fd_sc_hd__clkbuf_1)
                  0.04    0.07    0.85 ^ _308_/X (sky130_fd_sc_hd__clkbuf_1)
     1    0.00                           _015_ (net)
                  0.04    0.00    0.85 ^ _435_/D (sky130_fd_sc_hd__dfrtp_1)
                                  0.85   data arrival time

                          0.00    0.00   clock clk (rise edge)
                          0.00    0.00   clock source latency
                  0.07    0.05    0.05 ^ clk (in)
     1    0.01                           clk (net)
                  0.07    0.00    0.05 ^ clkbuf_0_clk/A (sky130_fd_sc_hd__clkbuf_16)
                  0.09    0.18    0.23 ^ clkbuf_0_clk/X (sky130_fd_sc_hd__clkbuf_16)
     8    0.07                           clknet_0_clk (net)
                  0.09    0.00    0.23 ^ clkbuf_3_1__f_clk/A (sky130_fd_sc_hd__clkbuf_16)
                  0.04    0.15    0.38 ^ clkbuf_3_1__f_clk/X (sky130_fd_sc_hd__clkbuf_16)
     6    0.02                           clknet_3_1__leaf_clk (net)
                  0.04    0.00    0.38 ^ _435_/CLK (sky130_fd_sc_hd__dfrtp_1)
                          0.25    0.63   clock uncertainty
                         -0.04    0.59   clock reconvergence pessimism
                         -0.03    0.56   library hold time
                                  0.56   data required time
-----------------------------------------------------------------------------
                                  0.56   data required time
                                 -0.85   data arrival time
-----------------------------------------------------------------------------
                                  0.29   slack (MET)


Startpoint: _484_ (rising edge-triggered flip-flop clocked by clk)
Endpoint: _484_ (rising edge-triggered flip-flop clocked by clk)
Path Group: clk
Path Type: min

Fanout     Cap    Slew   Delay    Time   Description
-----------------------------------------------------------------------------
                          0.00    0.00   clock clk (rise edge)
                          0.00    0.00   clock source latency
                  0.07    0.04    0.04 ^ clk (in)
     1    0.01                           clk (net)
                  0.07    0.00    0.04 ^ clkbuf_0_clk/A (sky130_fd_sc_hd__clkbuf_16)
                  0.09    0.17    0.21 ^ clkbuf_0_clk/X (sky130_fd_sc_hd__clkbuf_16)
     8    0.07                           clknet_0_clk (net)
                  0.09    0.00    0.21 ^ clkbuf_3_2__f_clk/A (sky130_fd_sc_hd__clkbuf_16)
                  0.04    0.14    0.35 ^ clkbuf_3_2__f_clk/X (sky130_fd_sc_hd__clkbuf_16)
     8    0.02                           clknet_3_2__leaf_clk (net)
                  0.04    0.00    0.35 ^ _484_/CLK (sky130_fd_sc_hd__dfrtp_4)
                  0.12    0.44    0.78 ^ _484_/Q (sky130_fd_sc_hd__dfrtp_4)
     8    0.03                           u_am0.i_index[0] (net)
                  0.12    0.00    0.78 ^ _417_/B (sky130_fd_sc_hd__xor2_1)
                  0.03    0.07    0.85 v _417_/X (sky130_fd_sc_hd__xor2_1)
     1    0.00                           _062_ (net)
                  0.03    0.00    0.85 v _484_/D (sky130_fd_sc_hd__dfrtp_4)
                                  0.85   data arrival time

                          0.00    0.00   clock clk (rise edge)
                          0.00    0.00   clock source latency
                  0.07    0.05    0.05 ^ clk (in)
     1    0.01                           clk (net)
                  0.07    0.00    0.05 ^ clkbuf_0_clk/A (sky130_fd_sc_hd__clkbuf_16)
                  0.09    0.18    0.23 ^ clkbuf_0_clk/X (sky130_fd_sc_hd__clkbuf_16)
     8    0.07                           clknet_0_clk (net)
                  0.09    0.00    0.23 ^ clkbuf_3_2__f_clk/A (sky130_fd_sc_hd__clkbuf_16)
                  0.04    0.15    0.38 ^ clkbuf_3_2__f_clk/X (sky130_fd_sc_hd__clkbuf_16)
     8    0.02                           clknet_3_2__leaf_clk (net)
                  0.04    0.00    0.38 ^ _484_/CLK (sky130_fd_sc_hd__dfrtp_4)
                          0.25    0.63   clock uncertainty
                         -0.04    0.60   clock reconvergence pessimism
                         -0.04    0.56   library hold time
                                  0.56   data required time
-----------------------------------------------------------------------------
                                  0.56   data required time
                                 -0.85   data arrival time
-----------------------------------------------------------------------------
                                  0.29   slack (MET)


Startpoint: _447_ (rising edge-triggered flip-flop clocked by clk)
Endpoint: _447_ (rising edge-triggered flip-flop clocked by clk)
Path Group: clk
Path Type: min

Fanout     Cap    Slew   Delay    Time   Description
-----------------------------------------------------------------------------
                          0.00    0.00   clock clk (rise edge)
                          0.00    0.00   clock source latency
                  0.07    0.04    0.04 ^ clk (in)
     1    0.01                           clk (net)
                  0.07    0.00    0.04 ^ clkbuf_0_clk/A (sky130_fd_sc_hd__clkbuf_16)
                  0.09    0.17    0.21 ^ clkbuf_0_clk/X (sky130_fd_sc_hd__clkbuf_16)
     8    0.07                           clknet_0_clk (net)
                  0.09    0.00    0.21 ^ clkbuf_3_2__f_clk/A (sky130_fd_sc_hd__clkbuf_16)
                  0.04    0.14    0.35 ^ clkbuf_3_2__f_clk/X (sky130_fd_sc_hd__clkbuf_16)
     8    0.02                           clknet_3_2__leaf_clk (net)
                  0.04    0.00    0.35 ^ _447_/CLK (sky130_fd_sc_hd__dfrtp_1)
                  0.08    0.32    0.67 ^ _447_/Q (sky130_fd_sc_hd__dfrtp_1)
     2    0.01                           u_am4.max[0] (net)
                  0.08    0.00    0.67 ^ _335_/A0 (sky130_fd_sc_hd__mux2_1)
                  0.04    0.12    0.79 ^ _335_/X (sky130_fd_sc_hd__mux2_1)
     1    0.00                           _162_ (net)
                  0.04    0.00    0.79 ^ _336_/A (sky130_fd_sc_hd__clkbuf_1)
                  0.04    0.07    0.86 ^ _336_/X (sky130_fd_sc_hd__clkbuf_1)
     1    0.00                           _027_ (net)
                  0.04    0.00    0.86 ^ _447_/D (sky130_fd_sc_hd__dfrtp_1)
                                  0.86   data arrival time

                          0.00    0.00   clock clk (rise edge)
                          0.00    0.00   clock source latency
                  0.07    0.05    0.05 ^ clk (in)
     1    0.01                           clk (net)
                  0.07    0.00    0.05 ^ clkbuf_0_clk/A (sky130_fd_sc_hd__clkbuf_16)
                  0.09    0.18    0.23 ^ clkbuf_0_clk/X (sky130_fd_sc_hd__clkbuf_16)
     8    0.07                           clknet_0_clk (net)
                  0.09    0.00    0.23 ^ clkbuf_3_2__f_clk/A (sky130_fd_sc_hd__clkbuf_16)
                  0.04    0.15    0.38 ^ clkbuf_3_2__f_clk/X (sky130_fd_sc_hd__clkbuf_16)
     8    0.02                           clknet_3_2__leaf_clk (net)
                  0.04    0.00    0.38 ^ _447_/CLK (sky130_fd_sc_hd__dfrtp_1)
                          0.25    0.63   clock uncertainty
                         -0.04    0.60   clock reconvergence pessimism
                         -0.03    0.56   library hold time
                                  0.56   data required time
-----------------------------------------------------------------------------
                                  0.56   data required time
                                 -0.86   data arrival time
-----------------------------------------------------------------------------
                                  0.29   slack (MET)


Startpoint: _473_ (rising edge-triggered flip-flop clocked by clk)
Endpoint: _473_ (rising edge-triggered flip-flop clocked by clk)
Path Group: clk
Path Type: min

Fanout     Cap    Slew   Delay    Time   Description
-----------------------------------------------------------------------------
                          0.00    0.00   clock clk (rise edge)
                          0.00    0.00   clock source latency
                  0.07    0.04    0.04 ^ clk (in)
     1    0.01                           clk (net)
                  0.07    0.00    0.04 ^ clkbuf_0_clk/A (sky130_fd_sc_hd__clkbuf_16)
                  0.09    0.17    0.21 ^ clkbuf_0_clk/X (sky130_fd_sc_hd__clkbuf_16)
     8    0.07                           clknet_0_clk (net)
                  0.09    0.00    0.21 ^ clkbuf_3_3__f_clk/A (sky130_fd_sc_hd__clkbuf_16)
                  0.04    0.14    0.35 ^ clkbuf_3_3__f_clk/X (sky130_fd_sc_hd__clkbuf_16)
     8    0.02                           clknet_3_3__leaf_clk (net)
                  0.04    0.00    0.35 ^ _473_/CLK (sky130_fd_sc_hd__dfrtp_1)
                  0.07    0.32    0.67 ^ _473_/Q (sky130_fd_sc_hd__dfrtp_1)
     2    0.01                           net22 (net)
                  0.07    0.00    0.67 ^ _387_/A0 (sky130_fd_sc_hd__mux2_1)
                  0.04    0.12    0.79 ^ _387_/X (sky130_fd_sc_hd__mux2_1)
     1    0.00                           _189_ (net)
                  0.04    0.00    0.79 ^ _388_/A (sky130_fd_sc_hd__clkbuf_1)
                  0.04    0.07    0.86 ^ _388_/X (sky130_fd_sc_hd__clkbuf_1)
     1    0.00                           _052_ (net)
                  0.04    0.00    0.86 ^ _473_/D (sky130_fd_sc_hd__dfrtp_1)
                                  0.86   data arrival time

                          0.00    0.00   clock clk (rise edge)
                          0.00    0.00   clock source latency
                  0.07    0.05    0.05 ^ clk (in)
     1    0.01                           clk (net)
                  0.07    0.00    0.05 ^ clkbuf_0_clk/A (sky130_fd_sc_hd__clkbuf_16)
                  0.09    0.18    0.23 ^ clkbuf_0_clk/X (sky130_fd_sc_hd__clkbuf_16)
     8    0.07                           clknet_0_clk (net)
                  0.09    0.00    0.23 ^ clkbuf_3_3__f_clk/A (sky130_fd_sc_hd__clkbuf_16)
                  0.04    0.15    0.38 ^ clkbuf_3_3__f_clk/X (sky130_fd_sc_hd__clkbuf_16)
     8    0.02                           clknet_3_3__leaf_clk (net)
                  0.04    0.00    0.38 ^ _473_/CLK (sky130_fd_sc_hd__dfrtp_1)
                          0.25    0.63   clock uncertainty
                         -0.04    0.60   clock reconvergence pessimism
                         -0.03    0.56   library hold time
                                  0.56   data required time
-----------------------------------------------------------------------------
                                  0.56   data required time
                                 -0.86   data arrival time
-----------------------------------------------------------------------------
                                  0.30   slack (MET)


Startpoint: _426_ (rising edge-triggered flip-flop clocked by clk)
Endpoint: _426_ (rising edge-triggered flip-flop clocked by clk)
Path Group: clk
Path Type: min

Fanout     Cap    Slew   Delay    Time   Description
-----------------------------------------------------------------------------
                          0.00    0.00   clock clk (rise edge)
                          0.00    0.00   clock source latency
                  0.07    0.04    0.04 ^ clk (in)
     1    0.01                           clk (net)
                  0.07    0.00    0.04 ^ clkbuf_0_clk/A (sky130_fd_sc_hd__clkbuf_16)
                  0.09    0.17    0.21 ^ clkbuf_0_clk/X (sky130_fd_sc_hd__clkbuf_16)
     8    0.07                           clknet_0_clk (net)
                  0.09    0.00    0.21 ^ clkbuf_3_7__f_clk/A (sky130_fd_sc_hd__clkbuf_16)
                  0.05    0.14    0.35 ^ clkbuf_3_7__f_clk/X (sky130_fd_sc_hd__clkbuf_16)
    11    0.03                           clknet_3_7__leaf_clk (net)
                  0.05    0.00    0.35 ^ _426_/CLK (sky130_fd_sc_hd__dfrtp_1)
                  0.08    0.33    0.68 ^ _426_/Q (sky130_fd_sc_hd__dfrtp_1)
     2    0.01                           u_am0.max[0] (net)
                  0.08    0.00    0.68 ^ _279_/A0 (sky130_fd_sc_hd__mux2_1)
                  0.04    0.12    0.79 ^ _279_/X (sky130_fd_sc_hd__mux2_1)
     1    0.00                           _127_ (net)
                  0.04    0.00    0.79 ^ _280_/A (sky130_fd_sc_hd__clkbuf_1)
                  0.04    0.07    0.87 ^ _280_/X (sky130_fd_sc_hd__clkbuf_1)
     1    0.00                           _006_ (net)
                  0.04    0.00    0.87 ^ _426_/D (sky130_fd_sc_hd__dfrtp_1)
                                  0.87   data arrival time

                          0.00    0.00   clock clk (rise edge)
                          0.00    0.00   clock source latency
                  0.07    0.05    0.05 ^ clk (in)
     1    0.01                           clk (net)
                  0.07    0.00    0.05 ^ clkbuf_0_clk/A (sky130_fd_sc_hd__clkbuf_16)
                  0.09    0.18    0.23 ^ clkbuf_0_clk/X (sky130_fd_sc_hd__clkbuf_16)
     8    0.07                           clknet_0_clk (net)
                  0.09    0.00    0.23 ^ clkbuf_3_7__f_clk/A (sky130_fd_sc_hd__clkbuf_16)
                  0.05    0.16    0.39 ^ clkbuf_3_7__f_clk/X (sky130_fd_sc_hd__clkbuf_16)
    11    0.03                           clknet_3_7__leaf_clk (net)
                  0.05    0.00    0.39 ^ _426_/CLK (sky130_fd_sc_hd__dfrtp_1)
                          0.25    0.64   clock uncertainty
                         -0.04    0.60   clock reconvergence pessimism
                         -0.03    0.57   library hold time
                                  0.57   data required time
-----------------------------------------------------------------------------
                                  0.57   data required time
                                 -0.87   data arrival time
-----------------------------------------------------------------------------
                                  0.30   slack (MET)


Startpoint: _429_ (rising edge-triggered flip-flop clocked by clk)
Endpoint: _429_ (rising edge-triggered flip-flop clocked by clk)
Path Group: clk
Path Type: min

Fanout     Cap    Slew   Delay    Time   Description
-----------------------------------------------------------------------------
                          0.00    0.00   clock clk (rise edge)
                          0.00    0.00   clock source latency
                  0.07    0.04    0.04 ^ clk (in)
     1    0.01                           clk (net)
                  0.07    0.00    0.04 ^ clkbuf_0_clk/A (sky130_fd_sc_hd__clkbuf_16)
                  0.09    0.17    0.21 ^ clkbuf_0_clk/X (sky130_fd_sc_hd__clkbuf_16)
     8    0.07                           clknet_0_clk (net)
                  0.09    0.00    0.21 ^ clkbuf_3_5__f_clk/A (sky130_fd_sc_hd__clkbuf_16)
                  0.04    0.13    0.34 ^ clkbuf_3_5__f_clk/X (sky130_fd_sc_hd__clkbuf_16)
     7    0.02                           clknet_3_5__leaf_clk (net)
                  0.04    0.00    0.34 ^ _429_/CLK (sky130_fd_sc_hd__dfrtp_1)
                  0.08    0.32    0.67 ^ _429_/Q (sky130_fd_sc_hd__dfrtp_1)
     2    0.01                           u_am1.max[0] (net)
                  0.08    0.00    0.67 ^ _290_/A0 (sky130_fd_sc_hd__mux2_1)
                  0.04    0.12    0.79 ^ _290_/X (sky130_fd_sc_hd__mux2_1)
     1    0.00                           _135_ (net)
                  0.04    0.00    0.79 ^ _291_/A (sky130_fd_sc_hd__clkbuf_1)
                  0.04    0.07    0.86 ^ _291_/X (sky130_fd_sc_hd__clkbuf_1)
     1    0.00                           _009_ (net)
                  0.04    0.00    0.86 ^ _429_/D (sky130_fd_sc_hd__dfrtp_1)
                                  0.86   data arrival time

                          0.00    0.00   clock clk (rise edge)
                          0.00    0.00   clock source latency
                  0.07    0.05    0.05 ^ clk (in)
     1    0.01                           clk (net)
                  0.07    0.00    0.05 ^ clkbuf_0_clk/A (sky130_fd_sc_hd__clkbuf_16)
                  0.09    0.18    0.23 ^ clkbuf_0_clk/X (sky130_fd_sc_hd__clkbuf_16)
     8    0.07                           clknet_0_clk (net)
                  0.09    0.00    0.23 ^ clkbuf_3_5__f_clk/A (sky130_fd_sc_hd__clkbuf_16)
                  0.04    0.15    0.38 ^ clkbuf_3_5__f_clk/X (sky130_fd_sc_hd__clkbuf_16)
     7    0.02                           clknet_3_5__leaf_clk (net)
                  0.04    0.00    0.38 ^ _429_/CLK (sky130_fd_sc_hd__dfrtp_1)
                          0.25    0.63   clock uncertainty
                         -0.04    0.59   clock reconvergence pessimism
                         -0.03    0.56   library hold time
                                  0.56   data required time
-----------------------------------------------------------------------------
                                  0.56   data required time
                                 -0.86   data arrival time
-----------------------------------------------------------------------------
                                  0.30   slack (MET)


Startpoint: _441_ (rising edge-triggered flip-flop clocked by clk)
Endpoint: _441_ (rising edge-triggered flip-flop clocked by clk)
Path Group: clk
Path Type: min

Fanout     Cap    Slew   Delay    Time   Description
-----------------------------------------------------------------------------
                          0.00    0.00   clock clk (rise edge)
                          0.00    0.00   clock source latency
                  0.07    0.04    0.04 ^ clk (in)
     1    0.01                           clk (net)
                  0.07    0.00    0.04 ^ clkbuf_0_clk/A (sky130_fd_sc_hd__clkbuf_16)
                  0.09    0.17    0.21 ^ clkbuf_0_clk/X (sky130_fd_sc_hd__clkbuf_16)
     8    0.07                           clknet_0_clk (net)
                  0.09    0.00    0.21 ^ clkbuf_3_0__f_clk/A (sky130_fd_sc_hd__clkbuf_16)
                  0.05    0.14    0.35 ^ clkbuf_3_0__f_clk/X (sky130_fd_sc_hd__clkbuf_16)
    11    0.03                           clknet_3_0__leaf_clk (net)
                  0.05    0.00    0.35 ^ _441_/CLK (sky130_fd_sc_hd__dfrtp_1)
                  0.08    0.33    0.68 ^ _441_/Q (sky130_fd_sc_hd__dfrtp_1)
     2    0.01                           u_am3.max[0] (net)
                  0.08    0.00    0.68 ^ _324_/A0 (sky130_fd_sc_hd__mux2_1)
                  0.04    0.12    0.80 ^ _324_/X (sky130_fd_sc_hd__mux2_1)
     1    0.00                           _157_ (net)
                  0.04    0.00    0.80 ^ _325_/A (sky130_fd_sc_hd__clkbuf_1)
                  0.04    0.07    0.87 ^ _325_/X (sky130_fd_sc_hd__clkbuf_1)
     1    0.00                           _021_ (net)
                  0.04    0.00    0.87 ^ _441_/D (sky130_fd_sc_hd__dfrtp_1)
                                  0.87   data arrival time

                          0.00    0.00   clock clk (rise edge)
                          0.00    0.00   clock source latency
                  0.07    0.05    0.05 ^ clk (in)
     1    0.01                           clk (net)
                  0.07    0.00    0.05 ^ clkbuf_0_clk/A (sky130_fd_sc_hd__clkbuf_16)
                  0.09    0.18    0.23 ^ clkbuf_0_clk/X (sky130_fd_sc_hd__clkbuf_16)
     8    0.07                           clknet_0_clk (net)
                  0.09    0.00    0.23 ^ clkbuf_3_0__f_clk/A (sky130_fd_sc_hd__clkbuf_16)
                  0.05    0.16    0.39 ^ clkbuf_3_0__f_clk/X (sky130_fd_sc_hd__clkbuf_16)
    11    0.03                           clknet_3_0__leaf_clk (net)
                  0.05    0.00    0.39 ^ _441_/CLK (sky130_fd_sc_hd__dfrtp_1)
                          0.25    0.64   clock uncertainty
                         -0.04    0.60   clock reconvergence pessimism
                         -0.03    0.57   library hold time
                                  0.57   data required time
-----------------------------------------------------------------------------
                                  0.57   data required time
                                 -0.87   data arrival time
-----------------------------------------------------------------------------
                                  0.30   slack (MET)


Startpoint: _436_ (rising edge-triggered flip-flop clocked by clk)
Endpoint: _436_ (rising edge-triggered flip-flop clocked by clk)
Path Group: clk
Path Type: min

Fanout     Cap    Slew   Delay    Time   Description
-----------------------------------------------------------------------------
                          0.00    0.00   clock clk (rise edge)
                          0.00    0.00   clock source latency
                  0.07    0.04    0.04 ^ clk (in)
     1    0.01                           clk (net)
                  0.07    0.00    0.04 ^ clkbuf_0_clk/A (sky130_fd_sc_hd__clkbuf_16)
                  0.09    0.17    0.21 ^ clkbuf_0_clk/X (sky130_fd_sc_hd__clkbuf_16)
     8    0.07                           clknet_0_clk (net)
                  0.09    0.00    0.21 ^ clkbuf_3_0__f_clk/A (sky130_fd_sc_hd__clkbuf_16)
                  0.05    0.14    0.35 ^ clkbuf_3_0__f_clk/X (sky130_fd_sc_hd__clkbuf_16)
    11    0.03                           clknet_3_0__leaf_clk (net)
                  0.05    0.00    0.35 ^ _436_/CLK (sky130_fd_sc_hd__dfrtp_1)
                  0.08    0.33    0.68 ^ _436_/Q (sky130_fd_sc_hd__dfrtp_1)
     2    0.01                           u_am2.max[1] (net)
                  0.08    0.00    0.68 ^ _309_/A0 (sky130_fd_sc_hd__mux2_1)
                  0.04    0.12    0.80 ^ _309_/X (sky130_fd_sc_hd__mux2_1)
     1    0.00                           _147_ (net)
                  0.04    0.00    0.80 ^ _310_/A (sky130_fd_sc_hd__clkbuf_1)
                  0.04    0.07    0.87 ^ _310_/X (sky130_fd_sc_hd__clkbuf_1)
     1    0.00                           _016_ (net)
                  0.04    0.00    0.87 ^ _436_/D (sky130_fd_sc_hd__dfrtp_1)
                                  0.87   data arrival time

                          0.00    0.00   clock clk (rise edge)
                          0.00    0.00   clock source latency
                  0.07    0.05    0.05 ^ clk (in)
     1    0.01                           clk (net)
                  0.07    0.00    0.05 ^ clkbuf_0_clk/A (sky130_fd_sc_hd__clkbuf_16)
                  0.09    0.18    0.23 ^ clkbuf_0_clk/X (sky130_fd_sc_hd__clkbuf_16)
     8    0.07                           clknet_0_clk (net)
                  0.09    0.00    0.23 ^ clkbuf_3_0__f_clk/A (sky130_fd_sc_hd__clkbuf_16)
                  0.05    0.16    0.39 ^ clkbuf_3_0__f_clk/X (sky130_fd_sc_hd__clkbuf_16)
    11    0.03                           clknet_3_0__leaf_clk (net)
                  0.05    0.00    0.39 ^ _436_/CLK (sky130_fd_sc_hd__dfrtp_1)
                          0.25    0.64   clock uncertainty
                         -0.04    0.60   clock reconvergence pessimism
                         -0.03    0.57   library hold time
                                  0.57   data required time
-----------------------------------------------------------------------------
                                  0.57   data required time
                                 -0.87   data arrival time
-----------------------------------------------------------------------------
                                  0.30   slack (MET)


Startpoint: _430_ (rising edge-triggered flip-flop clocked by clk)
Endpoint: _430_ (rising edge-triggered flip-flop clocked by clk)
Path Group: clk
Path Type: min

Fanout     Cap    Slew   Delay    Time   Description
-----------------------------------------------------------------------------
                          0.00    0.00   clock clk (rise edge)
                          0.00    0.00   clock source latency
                  0.07    0.04    0.04 ^ clk (in)
     1    0.01                           clk (net)
                  0.07    0.00    0.04 ^ clkbuf_0_clk/A (sky130_fd_sc_hd__clkbuf_16)
                  0.09    0.17    0.21 ^ clkbuf_0_clk/X (sky130_fd_sc_hd__clkbuf_16)
     8    0.07                           clknet_0_clk (net)
                  0.09    0.00    0.21 ^ clkbuf_3_5__f_clk/A (sky130_fd_sc_hd__clkbuf_16)
                  0.04    0.13    0.34 ^ clkbuf_3_5__f_clk/X (sky130_fd_sc_hd__clkbuf_16)
     7    0.02                           clknet_3_5__leaf_clk (net)
                  0.04    0.00    0.34 ^ _430_/CLK (sky130_fd_sc_hd__dfrtp_1)
                  0.08    0.33    0.67 ^ _430_/Q (sky130_fd_sc_hd__dfrtp_1)
     2    0.01                           u_am1.max[1] (net)
                  0.08    0.00    0.67 ^ _292_/A0 (sky130_fd_sc_hd__mux2_1)
                  0.04    0.12    0.79 ^ _292_/X (sky130_fd_sc_hd__mux2_1)
     1    0.00                           _136_ (net)
                  0.04    0.00    0.79 ^ _293_/A (sky130_fd_sc_hd__clkbuf_1)
                  0.04    0.07    0.86 ^ _293_/X (sky130_fd_sc_hd__clkbuf_1)
     1    0.00                           _010_ (net)
                  0.04    0.00    0.86 ^ _430_/D (sky130_fd_sc_hd__dfrtp_1)
                                  0.86   data arrival time

                          0.00    0.00   clock clk (rise edge)
                          0.00    0.00   clock source latency
                  0.07    0.05    0.05 ^ clk (in)
     1    0.01                           clk (net)
                  0.07    0.00    0.05 ^ clkbuf_0_clk/A (sky130_fd_sc_hd__clkbuf_16)
                  0.09    0.18    0.23 ^ clkbuf_0_clk/X (sky130_fd_sc_hd__clkbuf_16)
     8    0.07                           clknet_0_clk (net)
                  0.09    0.00    0.23 ^ clkbuf_3_5__f_clk/A (sky130_fd_sc_hd__clkbuf_16)
                  0.04    0.15    0.38 ^ clkbuf_3_5__f_clk/X (sky130_fd_sc_hd__clkbuf_16)
     7    0.02                           clknet_3_5__leaf_clk (net)
                  0.04    0.00    0.38 ^ _430_/CLK (sky130_fd_sc_hd__dfrtp_1)
                          0.25    0.63   clock uncertainty
                         -0.04    0.59   clock reconvergence pessimism
                         -0.03    0.56   library hold time
                                  0.56   data required time
-----------------------------------------------------------------------------
                                  0.56   data required time
                                 -0.86   data arrival time
-----------------------------------------------------------------------------
                                  0.30   slack (MET)


Startpoint: _427_ (rising edge-triggered flip-flop clocked by clk)
Endpoint: _427_ (rising edge-triggered flip-flop clocked by clk)
Path Group: clk
Path Type: min

Fanout     Cap    Slew   Delay    Time   Description
-----------------------------------------------------------------------------
                          0.00    0.00   clock clk (rise edge)
                          0.00    0.00   clock source latency
                  0.07    0.04    0.04 ^ clk (in)
     1    0.01                           clk (net)
                  0.07    0.00    0.04 ^ clkbuf_0_clk/A (sky130_fd_sc_hd__clkbuf_16)
                  0.09    0.17    0.21 ^ clkbuf_0_clk/X (sky130_fd_sc_hd__clkbuf_16)
     8    0.07                           clknet_0_clk (net)
                  0.09    0.00    0.21 ^ clkbuf_3_7__f_clk/A (sky130_fd_sc_hd__clkbuf_16)
                  0.05    0.14    0.35 ^ clkbuf_3_7__f_clk/X (sky130_fd_sc_hd__clkbuf_16)
    11    0.03                           clknet_3_7__leaf_clk (net)
                  0.05    0.00    0.35 ^ _427_/CLK (sky130_fd_sc_hd__dfrtp_1)
                  0.08    0.33    0.68 ^ _427_/Q (sky130_fd_sc_hd__dfrtp_1)
     2    0.01                           u_am0.max[1] (net)
                  0.08    0.00    0.68 ^ _281_/A0 (sky130_fd_sc_hd__mux2_1)
                  0.04    0.12    0.80 ^ _281_/X (sky130_fd_sc_hd__mux2_1)
     1    0.00                           _128_ (net)
                  0.04    0.00    0.80 ^ _282_/A (sky130_fd_sc_hd__clkbuf_1)
                  0.04    0.07    0.87 ^ _282_/X (sky130_fd_sc_hd__clkbuf_1)
     1    0.00                           _007_ (net)
                  0.04    0.00    0.87 ^ _427_/D (sky130_fd_sc_hd__dfrtp_1)
                                  0.87   data arrival time

                          0.00    0.00   clock clk (rise edge)
                          0.00    0.00   clock source latency
                  0.07    0.05    0.05 ^ clk (in)
     1    0.01                           clk (net)
                  0.07    0.00    0.05 ^ clkbuf_0_clk/A (sky130_fd_sc_hd__clkbuf_16)
                  0.09    0.18    0.23 ^ clkbuf_0_clk/X (sky130_fd_sc_hd__clkbuf_16)
     8    0.07                           clknet_0_clk (net)
                  0.09    0.00    0.23 ^ clkbuf_3_7__f_clk/A (sky130_fd_sc_hd__clkbuf_16)
                  0.05    0.16    0.39 ^ clkbuf_3_7__f_clk/X (sky130_fd_sc_hd__clkbuf_16)
    11    0.03                           clknet_3_7__leaf_clk (net)
                  0.05    0.00    0.39 ^ _427_/CLK (sky130_fd_sc_hd__dfrtp_1)
                          0.25    0.64   clock uncertainty
                         -0.04    0.60   clock reconvergence pessimism
                         -0.03    0.57   library hold time
                                  0.57   data required time
-----------------------------------------------------------------------------
                                  0.57   data required time
                                 -0.87   data arrival time
-----------------------------------------------------------------------------
                                  0.30   slack (MET)


Startpoint: _448_ (rising edge-triggered flip-flop clocked by clk)
Endpoint: _448_ (rising edge-triggered flip-flop clocked by clk)
Path Group: clk
Path Type: min

Fanout     Cap    Slew   Delay    Time   Description
-----------------------------------------------------------------------------
                          0.00    0.00   clock clk (rise edge)
                          0.00    0.00   clock source latency
                  0.07    0.04    0.04 ^ clk (in)
     1    0.01                           clk (net)
                  0.07    0.00    0.04 ^ clkbuf_0_clk/A (sky130_fd_sc_hd__clkbuf_16)
                  0.09    0.17    0.21 ^ clkbuf_0_clk/X (sky130_fd_sc_hd__clkbuf_16)
     8    0.07                           clknet_0_clk (net)
                  0.09    0.00    0.21 ^ clkbuf_3_2__f_clk/A (sky130_fd_sc_hd__clkbuf_16)
                  0.04    0.14    0.35 ^ clkbuf_3_2__f_clk/X (sky130_fd_sc_hd__clkbuf_16)
     8    0.02                           clknet_3_2__leaf_clk (net)
                  0.04    0.00    0.35 ^ _448_/CLK (sky130_fd_sc_hd__dfrtp_1)
                  0.08    0.33    0.67 ^ _448_/Q (sky130_fd_sc_hd__dfrtp_1)
     2    0.01                           u_am4.max[1] (net)
                  0.08    0.00    0.67 ^ _337_/A0 (sky130_fd_sc_hd__mux2_1)
                  0.04    0.12    0.79 ^ _337_/X (sky130_fd_sc_hd__mux2_1)
     1    0.00                           _163_ (net)
                  0.04    0.00    0.79 ^ _338_/A (sky130_fd_sc_hd__clkbuf_1)
                  0.04    0.07    0.86 ^ _338_/X (sky130_fd_sc_hd__clkbuf_1)
     1    0.00                           _028_ (net)
                  0.04    0.00    0.86 ^ _448_/D (sky130_fd_sc_hd__dfrtp_1)
                                  0.86   data arrival time

                          0.00    0.00   clock clk (rise edge)
                          0.00    0.00   clock source latency
                  0.07    0.05    0.05 ^ clk (in)
     1    0.01                           clk (net)
                  0.07    0.00    0.05 ^ clkbuf_0_clk/A (sky130_fd_sc_hd__clkbuf_16)
                  0.09    0.18    0.23 ^ clkbuf_0_clk/X (sky130_fd_sc_hd__clkbuf_16)
     8    0.07                           clknet_0_clk (net)
                  0.09    0.00    0.23 ^ clkbuf_3_2__f_clk/A (sky130_fd_sc_hd__clkbuf_16)
                  0.04    0.15    0.38 ^ clkbuf_3_2__f_clk/X (sky130_fd_sc_hd__clkbuf_16)
     8    0.02                           clknet_3_2__leaf_clk (net)
                  0.04    0.00    0.38 ^ _448_/CLK (sky130_fd_sc_hd__dfrtp_1)
                          0.25    0.63   clock uncertainty
                         -0.04    0.60   clock reconvergence pessimism
                         -0.03    0.56   library hold time
                                  0.56   data required time
-----------------------------------------------------------------------------
                                  0.56   data required time
                                 -0.86   data arrival time
-----------------------------------------------------------------------------
                                  0.30   slack (MET)


Startpoint: _442_ (rising edge-triggered flip-flop clocked by clk)
Endpoint: _442_ (rising edge-triggered flip-flop clocked by clk)
Path Group: clk
Path Type: min

Fanout     Cap    Slew   Delay    Time   Description
-----------------------------------------------------------------------------
                          0.00    0.00   clock clk (rise edge)
                          0.00    0.00   clock source latency
                  0.07    0.04    0.04 ^ clk (in)
     1    0.01                           clk (net)
                  0.07    0.00    0.04 ^ clkbuf_0_clk/A (sky130_fd_sc_hd__clkbuf_16)
                  0.09    0.17    0.21 ^ clkbuf_0_clk/X (sky130_fd_sc_hd__clkbuf_16)
     8    0.07                           clknet_0_clk (net)
                  0.09    0.00    0.21 ^ clkbuf_3_0__f_clk/A (sky130_fd_sc_hd__clkbuf_16)
                  0.05    0.14    0.35 ^ clkbuf_3_0__f_clk/X (sky130_fd_sc_hd__clkbuf_16)
    11    0.03                           clknet_3_0__leaf_clk (net)
                  0.05    0.00    0.35 ^ _442_/CLK (sky130_fd_sc_hd__dfrtp_1)
                  0.08    0.33    0.68 ^ _442_/Q (sky130_fd_sc_hd__dfrtp_1)
     2    0.01                           u_am3.max[1] (net)
                  0.08    0.00    0.68 ^ _326_/A0 (sky130_fd_sc_hd__mux2_1)
                  0.04    0.12    0.80 ^ _326_/X (sky130_fd_sc_hd__mux2_1)
     1    0.00                           _158_ (net)
                  0.04    0.00    0.80 ^ _327_/A (sky130_fd_sc_hd__clkbuf_1)
                  0.04    0.07    0.87 ^ _327_/X (sky130_fd_sc_hd__clkbuf_1)
     1    0.00                           _022_ (net)
                  0.04    0.00    0.87 ^ _442_/D (sky130_fd_sc_hd__dfrtp_1)
                                  0.87   data arrival time

                          0.00    0.00   clock clk (rise edge)
                          0.00    0.00   clock source latency
                  0.07    0.05    0.05 ^ clk (in)
     1    0.01                           clk (net)
                  0.07    0.00    0.05 ^ clkbuf_0_clk/A (sky130_fd_sc_hd__clkbuf_16)
                  0.09    0.18    0.23 ^ clkbuf_0_clk/X (sky130_fd_sc_hd__clkbuf_16)
     8    0.07                           clknet_0_clk (net)
                  0.09    0.00    0.23 ^ clkbuf_3_0__f_clk/A (sky130_fd_sc_hd__clkbuf_16)
                  0.05    0.16    0.39 ^ clkbuf_3_0__f_clk/X (sky130_fd_sc_hd__clkbuf_16)
    11    0.03                           clknet_3_0__leaf_clk (net)
                  0.05    0.00    0.39 ^ _442_/CLK (sky130_fd_sc_hd__dfrtp_1)
                          0.25    0.64   clock uncertainty
                         -0.04    0.60   clock reconvergence pessimism
                         -0.03    0.57   library hold time
                                  0.57   data required time
-----------------------------------------------------------------------------
                                  0.57   data required time
                                 -0.87   data arrival time
-----------------------------------------------------------------------------
                                  0.30   slack (MET)


Startpoint: _478_ (rising edge-triggered flip-flop clocked by clk)
Endpoint: _478_ (rising edge-triggered flip-flop clocked by clk)
Path Group: clk
Path Type: min

Fanout     Cap    Slew   Delay    Time   Description
-----------------------------------------------------------------------------
                          0.00    0.00   clock clk (rise edge)
                          0.00    0.00   clock source latency
                  0.07    0.04    0.04 ^ clk (in)
     1    0.01                           clk (net)
                  0.07    0.00    0.04 ^ clkbuf_0_clk/A (sky130_fd_sc_hd__clkbuf_16)
                  0.09    0.17    0.21 ^ clkbuf_0_clk/X (sky130_fd_sc_hd__clkbuf_16)
     8    0.07                           clknet_0_clk (net)
                  0.09    0.00    0.21 ^ clkbuf_3_6__f_clk/A (sky130_fd_sc_hd__clkbuf_16)
                  0.04    0.14    0.35 ^ clkbuf_3_6__f_clk/X (sky130_fd_sc_hd__clkbuf_16)
     8    0.02                           clknet_3_6__leaf_clk (net)
                  0.04    0.00    0.35 ^ _478_/CLK (sky130_fd_sc_hd__dfrtp_1)
                  0.08    0.38    0.72 v _478_/Q (sky130_fd_sc_hd__dfrtp_1)
     4    0.01                           u_sort.busy (net)
                  0.08    0.00    0.72 v _249_/A (sky130_fd_sc_hd__inv_2)
                  0.08    0.09    0.81 ^ _249_/Y (sky130_fd_sc_hd__inv_2)
     5    0.02                           _101_ (net)
                  0.08    0.00    0.81 ^ _260_/A1 (sky130_fd_sc_hd__o21ai_1)
                  0.03    0.06    0.88 v _260_/Y (sky130_fd_sc_hd__o21ai_1)
     1    0.00                           _001_ (net)
                  0.03    0.00    0.88 v _478_/D (sky130_fd_sc_hd__dfrtp_1)
                                  0.88   data arrival time

                          0.00    0.00   clock clk (rise edge)
                          0.00    0.00   clock source latency
                  0.07    0.05    0.05 ^ clk (in)
     1    0.01                           clk (net)
                  0.07    0.00    0.05 ^ clkbuf_0_clk/A (sky130_fd_sc_hd__clkbuf_16)
                  0.09    0.18    0.23 ^ clkbuf_0_clk/X (sky130_fd_sc_hd__clkbuf_16)
     8    0.07                           clknet_0_clk (net)
                  0.09    0.00    0.23 ^ clkbuf_3_6__f_clk/A (sky130_fd_sc_hd__clkbuf_16)
                  0.04    0.15    0.38 ^ clkbuf_3_6__f_clk/X (sky130_fd_sc_hd__clkbuf_16)
     8    0.02                           clknet_3_6__leaf_clk (net)
                  0.04    0.00    0.38 ^ _478_/CLK (sky130_fd_sc_hd__dfrtp_1)
                          0.25    0.63   clock uncertainty
                         -0.04    0.60   clock reconvergence pessimism
                         -0.04    0.55   library hold time
                                  0.55   data required time
-----------------------------------------------------------------------------
                                  0.55   data required time
                                 -0.88   data arrival time
-----------------------------------------------------------------------------
                                  0.32   slack (MET)


Startpoint: _422_ (rising edge-triggered flip-flop clocked by clk)
Endpoint: _477_ (rising edge-triggered flip-flop clocked by clk)
Path Group: clk
Path Type: min

Fanout     Cap    Slew   Delay    Time   Description
-----------------------------------------------------------------------------
                          0.00    0.00   clock clk (rise edge)
                          0.00    0.00   clock source latency
                  0.07    0.04    0.04 ^ clk (in)
     1    0.01                           clk (net)
                  0.07    0.00    0.04 ^ clkbuf_0_clk/A (sky130_fd_sc_hd__clkbuf_16)
                  0.09    0.17    0.21 ^ clkbuf_0_clk/X (sky130_fd_sc_hd__clkbuf_16)
     8    0.07                           clknet_0_clk (net)
                  0.09    0.00    0.21 ^ clkbuf_3_2__f_clk/A (sky130_fd_sc_hd__clkbuf_16)
                  0.04    0.14    0.35 ^ clkbuf_3_2__f_clk/X (sky130_fd_sc_hd__clkbuf_16)
     8    0.02                           clknet_3_2__leaf_clk (net)
                  0.04    0.00    0.35 ^ _422_/CLK (sky130_fd_sc_hd__dfrtp_1)
                  0.06    0.32    0.66 ^ _422_/Q (sky130_fd_sc_hd__dfrtp_1)
     1    0.01                           u_control.o_start_sort (net)
                  0.06    0.00    0.66 ^ _245_/A (sky130_fd_sc_hd__buf_6)
                  0.17    0.19    0.85 ^ _245_/X (sky130_fd_sc_hd__buf_6)
    20    0.08                           _098_ (net)
                  0.17    0.00    0.85 ^ _403_/B1 (sky130_fd_sc_hd__a21oi_1)
                  0.04    0.05    0.90 v _403_/Y (sky130_fd_sc_hd__a21oi_1)
     1    0.00                           _056_ (net)
                  0.04    0.00    0.90 v _477_/D (sky130_fd_sc_hd__dfrtp_1)
                                  0.90   data arrival time

                          0.00    0.00   clock clk (rise edge)
                          0.00    0.00   clock source latency
                  0.07    0.05    0.05 ^ clk (in)
     1    0.01                           clk (net)
                  0.07    0.00    0.05 ^ clkbuf_0_clk/A (sky130_fd_sc_hd__clkbuf_16)
                  0.09    0.18    0.23 ^ clkbuf_0_clk/X (sky130_fd_sc_hd__clkbuf_16)
     8    0.07                           clknet_0_clk (net)
                  0.09    0.00    0.23 ^ clkbuf_3_7__f_clk/A (sky130_fd_sc_hd__clkbuf_16)
                  0.05    0.16    0.39 ^ clkbuf_3_7__f_clk/X (sky130_fd_sc_hd__clkbuf_16)
    11    0.03                           clknet_3_7__leaf_clk (net)
                  0.05    0.00    0.39 ^ _477_/CLK (sky130_fd_sc_hd__dfrtp_1)
                          0.25    0.64   clock uncertainty
                         -0.02    0.62   clock reconvergence pessimism
                         -0.04    0.58   library hold time
                                  0.58   data required time
-----------------------------------------------------------------------------
                                  0.58   data required time
                                 -0.90   data arrival time
-----------------------------------------------------------------------------
                                  0.33   slack (MET)


Startpoint: _486_ (rising edge-triggered flip-flop clocked by clk)
Endpoint: _486_ (rising edge-triggered flip-flop clocked by clk)
Path Group: clk
Path Type: min

Fanout     Cap    Slew   Delay    Time   Description
-----------------------------------------------------------------------------
                          0.00    0.00   clock clk (rise edge)
                          0.00    0.00   clock source latency
                  0.07    0.04    0.04 ^ clk (in)
     1    0.01                           clk (net)
                  0.07    0.00    0.04 ^ clkbuf_0_clk/A (sky130_fd_sc_hd__clkbuf_16)
                  0.09    0.17    0.21 ^ clkbuf_0_clk/X (sky130_fd_sc_hd__clkbuf_16)
     8    0.07                           clknet_0_clk (net)
                  0.09    0.00    0.21 ^ clkbuf_3_2__f_clk/A (sky130_fd_sc_hd__clkbuf_16)
                  0.04    0.14    0.35 ^ clkbuf_3_2__f_clk/X (sky130_fd_sc_hd__clkbuf_16)
     8    0.02                           clknet_3_2__leaf_clk (net)
                  0.04    0.00    0.35 ^ _486_/CLK (sky130_fd_sc_hd__dfrtp_4)
                  0.10    0.42    0.77 ^ _486_/Q (sky130_fd_sc_hd__dfrtp_4)
     7    0.03                           u_am0.i_index[2] (net)
                  0.10    0.00    0.77 ^ _420_/A (sky130_fd_sc_hd__nor2_1)
                  0.03    0.05    0.82 v _420_/Y (sky130_fd_sc_hd__nor2_1)
     1    0.00                           _210_ (net)
                  0.03    0.00    0.82 v _421_/B (sky130_fd_sc_hd__nor2_1)
                  0.07    0.07    0.89 ^ _421_/Y (sky130_fd_sc_hd__nor2_1)
     1    0.00                           _064_ (net)
                  0.07    0.00    0.89 ^ _486_/D (sky130_fd_sc_hd__dfrtp_4)
                                  0.89   data arrival time

                          0.00    0.00   clock clk (rise edge)
                          0.00    0.00   clock source latency
                  0.07    0.05    0.05 ^ clk (in)
     1    0.01                           clk (net)
                  0.07    0.00    0.05 ^ clkbuf_0_clk/A (sky130_fd_sc_hd__clkbuf_16)
                  0.09    0.18    0.23 ^ clkbuf_0_clk/X (sky130_fd_sc_hd__clkbuf_16)
     8    0.07                           clknet_0_clk (net)
                  0.09    0.00    0.23 ^ clkbuf_3_2__f_clk/A (sky130_fd_sc_hd__clkbuf_16)
                  0.04    0.15    0.38 ^ clkbuf_3_2__f_clk/X (sky130_fd_sc_hd__clkbuf_16)
     8    0.02                           clknet_3_2__leaf_clk (net)
                  0.04    0.00    0.38 ^ _486_/CLK (sky130_fd_sc_hd__dfrtp_4)
                          0.25    0.63   clock uncertainty
                         -0.04    0.60   clock reconvergence pessimism
                         -0.04    0.56   library hold time
                                  0.56   data required time
-----------------------------------------------------------------------------
                                  0.56   data required time
                                 -0.89   data arrival time
-----------------------------------------------------------------------------
                                  0.33   slack (MET)


Startpoint: _485_ (rising edge-triggered flip-flop clocked by clk)
Endpoint: _485_ (rising edge-triggered flip-flop clocked by clk)
Path Group: clk
Path Type: min

Fanout     Cap    Slew   Delay    Time   Description
-----------------------------------------------------------------------------
                          0.00    0.00   clock clk (rise edge)
                          0.00    0.00   clock source latency
                  0.07    0.04    0.04 ^ clk (in)
     1    0.01                           clk (net)
                  0.07    0.00    0.04 ^ clkbuf_0_clk/A (sky130_fd_sc_hd__clkbuf_16)
                  0.09    0.17    0.21 ^ clkbuf_0_clk/X (sky130_fd_sc_hd__clkbuf_16)
     8    0.07                           clknet_0_clk (net)
                  0.09    0.00    0.21 ^ clkbuf_3_2__f_clk/A (sky130_fd_sc_hd__clkbuf_16)
                  0.04    0.14    0.35 ^ clkbuf_3_2__f_clk/X (sky130_fd_sc_hd__clkbuf_16)
     8    0.02                           clknet_3_2__leaf_clk (net)
                  0.04    0.00    0.35 ^ _485_/CLK (sky130_fd_sc_hd__dfrtp_4)
                  0.10    0.42    0.77 ^ _485_/Q (sky130_fd_sc_hd__dfrtp_4)
     7    0.03                           u_am0.i_index[1] (net)
                  0.10    0.00    0.77 ^ _418_/B1 (sky130_fd_sc_hd__a21oi_1)
                  0.04    0.05    0.82 v _418_/Y (sky130_fd_sc_hd__a21oi_1)
     1    0.00                           _209_ (net)
                  0.04    0.00    0.82 v _419_/B (sky130_fd_sc_hd__nor2_1)
                  0.08    0.07    0.89 ^ _419_/Y (sky130_fd_sc_hd__nor2_1)
     1    0.00                           _063_ (net)
                  0.08    0.00    0.89 ^ _485_/D (sky130_fd_sc_hd__dfrtp_4)
                                  0.89   data arrival time

                          0.00    0.00   clock clk (rise edge)
                          0.00    0.00   clock source latency
                  0.07    0.05    0.05 ^ clk (in)
     1    0.01                           clk (net)
                  0.07    0.00    0.05 ^ clkbuf_0_clk/A (sky130_fd_sc_hd__clkbuf_16)
                  0.09    0.18    0.23 ^ clkbuf_0_clk/X (sky130_fd_sc_hd__clkbuf_16)
     8    0.07                           clknet_0_clk (net)
                  0.09    0.00    0.23 ^ clkbuf_3_2__f_clk/A (sky130_fd_sc_hd__clkbuf_16)
                  0.04    0.15    0.38 ^ clkbuf_3_2__f_clk/X (sky130_fd_sc_hd__clkbuf_16)
     8    0.02                           clknet_3_2__leaf_clk (net)
                  0.04    0.00    0.38 ^ _485_/CLK (sky130_fd_sc_hd__dfrtp_4)
                          0.25    0.63   clock uncertainty
                         -0.04    0.60   clock reconvergence pessimism
                         -0.04    0.56   library hold time
                                  0.56   data required time
-----------------------------------------------------------------------------
                                  0.56   data required time
                                 -0.89   data arrival time
-----------------------------------------------------------------------------
                                  0.34   slack (MET)


Startpoint: _481_ (rising edge-triggered flip-flop clocked by clk)
Endpoint: _481_ (rising edge-triggered flip-flop clocked by clk)
Path Group: clk
Path Type: min

Fanout     Cap    Slew   Delay    Time   Description
-----------------------------------------------------------------------------
                          0.00    0.00   clock clk (rise edge)
                          0.00    0.00   clock source latency
                  0.07    0.04    0.04 ^ clk (in)
     1    0.01                           clk (net)
                  0.07    0.00    0.04 ^ clkbuf_0_clk/A (sky130_fd_sc_hd__clkbuf_16)
                  0.09    0.17    0.21 ^ clkbuf_0_clk/X (sky130_fd_sc_hd__clkbuf_16)
     8    0.07                           clknet_0_clk (net)
                  0.09    0.00    0.21 ^ clkbuf_3_4__f_clk/A (sky130_fd_sc_hd__clkbuf_16)
                  0.04    0.13    0.34 ^ clkbuf_3_4__f_clk/X (sky130_fd_sc_hd__clkbuf_16)
     6    0.01                           clknet_3_4__leaf_clk (net)
                  0.04    0.00    0.34 ^ _481_/CLK (sky130_fd_sc_hd__dfrtp_1)
                  0.08    0.32    0.66 ^ _481_/Q (sky130_fd_sc_hd__dfrtp_1)
     3    0.01                           u_sort.valid_reg[2] (net)
                  0.08    0.00    0.66 ^ _408_/B1 (sky130_fd_sc_hd__o31a_1)
                  0.04    0.11    0.78 ^ _408_/X (sky130_fd_sc_hd__o31a_1)
     1    0.00                           _203_ (net)
                  0.04    0.00    0.78 ^ _409_/B (sky130_fd_sc_hd__or2_1)
                  0.04    0.08    0.86 ^ _409_/X (sky130_fd_sc_hd__or2_1)
     1    0.00                           _204_ (net)
                  0.04    0.00    0.86 ^ _410_/A (sky130_fd_sc_hd__clkbuf_1)
                  0.04    0.07    0.93 ^ _410_/X (sky130_fd_sc_hd__clkbuf_1)
     1    0.00                           _059_ (net)
                  0.04    0.00    0.93 ^ _481_/D (sky130_fd_sc_hd__dfrtp_1)
                                  0.93   data arrival time

                          0.00    0.00   clock clk (rise edge)
                          0.00    0.00   clock source latency
                  0.07    0.05    0.05 ^ clk (in)
     1    0.01                           clk (net)
                  0.07    0.00    0.05 ^ clkbuf_0_clk/A (sky130_fd_sc_hd__clkbuf_16)
                  0.09    0.18    0.23 ^ clkbuf_0_clk/X (sky130_fd_sc_hd__clkbuf_16)
     8    0.07                           clknet_0_clk (net)
                  0.09    0.00    0.23 ^ clkbuf_3_4__f_clk/A (sky130_fd_sc_hd__clkbuf_16)
                  0.04    0.15    0.38 ^ clkbuf_3_4__f_clk/X (sky130_fd_sc_hd__clkbuf_16)
     6    0.01                           clknet_3_4__leaf_clk (net)
                  0.04    0.00    0.38 ^ _481_/CLK (sky130_fd_sc_hd__dfrtp_1)
                          0.25    0.63   clock uncertainty
                         -0.04    0.59   clock reconvergence pessimism
                         -0.03    0.56   library hold time
                                  0.56   data required time
-----------------------------------------------------------------------------
                                  0.56   data required time
                                 -0.93   data arrival time
-----------------------------------------------------------------------------
                                  0.37   slack (MET)


Startpoint: _483_ (rising edge-triggered flip-flop clocked by clk)
Endpoint: _483_ (rising edge-triggered flip-flop clocked by clk)
Path Group: clk
Path Type: min

Fanout     Cap    Slew   Delay    Time   Description
-----------------------------------------------------------------------------
                          0.00    0.00   clock clk (rise edge)
                          0.00    0.00   clock source latency
                  0.07    0.04    0.04 ^ clk (in)
     1    0.01                           clk (net)
                  0.07    0.00    0.04 ^ clkbuf_0_clk/A (sky130_fd_sc_hd__clkbuf_16)
                  0.09    0.17    0.21 ^ clkbuf_0_clk/X (sky130_fd_sc_hd__clkbuf_16)
     8    0.07                           clknet_0_clk (net)
                  0.09    0.00    0.21 ^ clkbuf_3_6__f_clk/A (sky130_fd_sc_hd__clkbuf_16)
                  0.04    0.14    0.35 ^ clkbuf_3_6__f_clk/X (sky130_fd_sc_hd__clkbuf_16)
     8    0.02                           clknet_3_6__leaf_clk (net)
                  0.04    0.00    0.35 ^ _483_/CLK (sky130_fd_sc_hd__dfrtp_1)
                  0.06    0.31    0.66 ^ _483_/Q (sky130_fd_sc_hd__dfrtp_1)
     1    0.00                           u_sort.valid_reg[4] (net)
                  0.06    0.00    0.66 ^ _216_/A (sky130_fd_sc_hd__inv_2)
                  0.03    0.04    0.70 v _216_/Y (sky130_fd_sc_hd__inv_2)
     3    0.01                           _069_ (net)
                  0.03    0.00    0.70 v _414_/B1 (sky130_fd_sc_hd__a21oi_1)
                  0.07    0.09    0.78 ^ _414_/Y (sky130_fd_sc_hd__a21oi_1)
     1    0.00                           _207_ (net)
                  0.07    0.00    0.78 ^ _415_/B (sky130_fd_sc_hd__or2_1)
                  0.04    0.09    0.88 ^ _415_/X (sky130_fd_sc_hd__or2_1)
     1    0.00                           _208_ (net)
                  0.04    0.00    0.88 ^ _416_/A (sky130_fd_sc_hd__clkbuf_1)
                  0.04    0.07    0.95 ^ _416_/X (sky130_fd_sc_hd__clkbuf_1)
     1    0.00                           _061_ (net)
                  0.04    0.00    0.95 ^ _483_/D (sky130_fd_sc_hd__dfrtp_1)
                                  0.95   data arrival time

                          0.00    0.00   clock clk (rise edge)
                          0.00    0.00   clock source latency
                  0.07    0.05    0.05 ^ clk (in)
     1    0.01                           clk (net)
                  0.07    0.00    0.05 ^ clkbuf_0_clk/A (sky130_fd_sc_hd__clkbuf_16)
                  0.09    0.18    0.23 ^ clkbuf_0_clk/X (sky130_fd_sc_hd__clkbuf_16)
     8    0.07                           clknet_0_clk (net)
                  0.09    0.00    0.23 ^ clkbuf_3_6__f_clk/A (sky130_fd_sc_hd__clkbuf_16)
                  0.04    0.15    0.38 ^ clkbuf_3_6__f_clk/X (sky130_fd_sc_hd__clkbuf_16)
     8    0.02                           clknet_3_6__leaf_clk (net)
                  0.04    0.00    0.38 ^ _483_/CLK (sky130_fd_sc_hd__dfrtp_1)
                          0.25    0.63   clock uncertainty
                         -0.04    0.60   clock reconvergence pessimism
                         -0.03    0.56   library hold time
                                  0.56   data required time
-----------------------------------------------------------------------------
                                  0.56   data required time
                                 -0.95   data arrival time
-----------------------------------------------------------------------------
                                  0.39   slack (MET)


Startpoint: _482_ (rising edge-triggered flip-flop clocked by clk)
Endpoint: _482_ (rising edge-triggered flip-flop clocked by clk)
Path Group: clk
Path Type: min

Fanout     Cap    Slew   Delay    Time   Description
-----------------------------------------------------------------------------
                          0.00    0.00   clock clk (rise edge)
                          0.00    0.00   clock source latency
                  0.07    0.04    0.04 ^ clk (in)
     1    0.01                           clk (net)
                  0.07    0.00    0.04 ^ clkbuf_0_clk/A (sky130_fd_sc_hd__clkbuf_16)
                  0.09    0.17    0.21 ^ clkbuf_0_clk/X (sky130_fd_sc_hd__clkbuf_16)
     8    0.07                           clknet_0_clk (net)
                  0.09    0.00    0.21 ^ clkbuf_3_3__f_clk/A (sky130_fd_sc_hd__clkbuf_16)
                  0.04    0.14    0.35 ^ clkbuf_3_3__f_clk/X (sky130_fd_sc_hd__clkbuf_16)
     8    0.02                           clknet_3_3__leaf_clk (net)
                  0.04    0.00    0.35 ^ _482_/CLK (sky130_fd_sc_hd__dfrtp_1)
                  0.11    0.35    0.70 ^ _482_/Q (sky130_fd_sc_hd__dfrtp_1)
     3    0.01                           u_sort.valid_reg[3] (net)
                  0.11    0.00    0.70 ^ _411_/B1 (sky130_fd_sc_hd__o31a_1)
                  0.04    0.12    0.82 ^ _411_/X (sky130_fd_sc_hd__o31a_1)
     1    0.00                           _205_ (net)
                  0.04    0.00    0.82 ^ _412_/B (sky130_fd_sc_hd__or2_1)
                  0.04    0.08    0.90 ^ _412_/X (sky130_fd_sc_hd__or2_1)
     1    0.00                           _206_ (net)
                  0.04    0.00    0.90 ^ _413_/A (sky130_fd_sc_hd__clkbuf_1)
                  0.04    0.07    0.97 ^ _413_/X (sky130_fd_sc_hd__clkbuf_1)
     1    0.00                           _060_ (net)
                  0.04    0.00    0.97 ^ _482_/D (sky130_fd_sc_hd__dfrtp_1)
                                  0.97   data arrival time

                          0.00    0.00   clock clk (rise edge)
                          0.00    0.00   clock source latency
                  0.07    0.05    0.05 ^ clk (in)
     1    0.01                           clk (net)
                  0.07    0.00    0.05 ^ clkbuf_0_clk/A (sky130_fd_sc_hd__clkbuf_16)
                  0.09    0.18    0.23 ^ clkbuf_0_clk/X (sky130_fd_sc_hd__clkbuf_16)
     8    0.07                           clknet_0_clk (net)
                  0.09    0.00    0.23 ^ clkbuf_3_3__f_clk/A (sky130_fd_sc_hd__clkbuf_16)
                  0.04    0.15    0.38 ^ clkbuf_3_3__f_clk/X (sky130_fd_sc_hd__clkbuf_16)
     8    0.02                           clknet_3_3__leaf_clk (net)
                  0.04    0.00    0.38 ^ _482_/CLK (sky130_fd_sc_hd__dfrtp_1)
                          0.25    0.63   clock uncertainty
                         -0.04    0.60   clock reconvergence pessimism
                         -0.03    0.56   library hold time
                                  0.56   data required time
-----------------------------------------------------------------------------
                                  0.56   data required time
                                 -0.97   data arrival time
-----------------------------------------------------------------------------
                                  0.41   slack (MET)


Startpoint: _486_ (rising edge-triggered flip-flop clocked by clk)
Endpoint: _422_ (rising edge-triggered flip-flop clocked by clk)
Path Group: clk
Path Type: min

Fanout     Cap    Slew   Delay    Time   Description
-----------------------------------------------------------------------------
                          0.00    0.00   clock clk (rise edge)
                          0.00    0.00   clock source latency
                  0.07    0.04    0.04 ^ clk (in)
     1    0.01                           clk (net)
                  0.07    0.00    0.04 ^ clkbuf_0_clk/A (sky130_fd_sc_hd__clkbuf_16)
                  0.09    0.17    0.21 ^ clkbuf_0_clk/X (sky130_fd_sc_hd__clkbuf_16)
     8    0.07                           clknet_0_clk (net)
                  0.09    0.00    0.21 ^ clkbuf_3_2__f_clk/A (sky130_fd_sc_hd__clkbuf_16)
                  0.04    0.14    0.35 ^ clkbuf_3_2__f_clk/X (sky130_fd_sc_hd__clkbuf_16)
     8    0.02                           clknet_3_2__leaf_clk (net)
                  0.04    0.00    0.35 ^ _486_/CLK (sky130_fd_sc_hd__dfrtp_4)
                  0.10    0.42    0.77 ^ _486_/Q (sky130_fd_sc_hd__dfrtp_4)
     7    0.03                           u_am0.i_index[2] (net)
                  0.10    0.00    0.77 ^ _213_/A (sky130_fd_sc_hd__and2_1)
                  0.04    0.12    0.89 ^ _213_/X (sky130_fd_sc_hd__and2_1)
     1    0.00                           _067_ (net)
                  0.04    0.00    0.89 ^ _214_/A (sky130_fd_sc_hd__clkbuf_1)
                  0.07    0.09    0.98 ^ _214_/X (sky130_fd_sc_hd__clkbuf_1)
     2    0.00                           _000_ (net)
                  0.07    0.00    0.98 ^ _422_/D (sky130_fd_sc_hd__dfrtp_1)
                                  0.98   data arrival time

                          0.00    0.00   clock clk (rise edge)
                          0.00    0.00   clock source latency
                  0.07    0.05    0.05 ^ clk (in)
     1    0.01                           clk (net)
                  0.07    0.00    0.05 ^ clkbuf_0_clk/A (sky130_fd_sc_hd__clkbuf_16)
                  0.09    0.18    0.23 ^ clkbuf_0_clk/X (sky130_fd_sc_hd__clkbuf_16)
     8    0.07                           clknet_0_clk (net)
                  0.09    0.00    0.23 ^ clkbuf_3_2__f_clk/A (sky130_fd_sc_hd__clkbuf_16)
                  0.04    0.15    0.38 ^ clkbuf_3_2__f_clk/X (sky130_fd_sc_hd__clkbuf_16)
     8    0.02                           clknet_3_2__leaf_clk (net)
                  0.04    0.00    0.38 ^ _422_/CLK (sky130_fd_sc_hd__dfrtp_1)
                          0.25    0.63   clock uncertainty
                         -0.04    0.60   clock reconvergence pessimism
                         -0.04    0.56   library hold time
                                  0.56   data required time
-----------------------------------------------------------------------------
                                  0.56   data required time
                                 -0.98   data arrival time
-----------------------------------------------------------------------------
                                  0.42   slack (MET)


Startpoint: _476_ (rising edge-triggered flip-flop clocked by clk)
Endpoint: _476_ (rising edge-triggered flip-flop clocked by clk)
Path Group: clk
Path Type: min

Fanout     Cap    Slew   Delay    Time   Description
-----------------------------------------------------------------------------
                          0.00    0.00   clock clk (rise edge)
                          0.00    0.00   clock source latency
                  0.07    0.04    0.04 ^ clk (in)
     1    0.01                           clk (net)
                  0.07    0.00    0.04 ^ clkbuf_0_clk/A (sky130_fd_sc_hd__clkbuf_16)
                  0.09    0.17    0.21 ^ clkbuf_0_clk/X (sky130_fd_sc_hd__clkbuf_16)
     8    0.07                           clknet_0_clk (net)
                  0.09    0.00    0.21 ^ clkbuf_3_7__f_clk/A (sky130_fd_sc_hd__clkbuf_16)
                  0.05    0.14    0.35 ^ clkbuf_3_7__f_clk/X (sky130_fd_sc_hd__clkbuf_16)
    11    0.03                           clknet_3_7__leaf_clk (net)
                  0.05    0.00    0.35 ^ _476_/CLK (sky130_fd_sc_hd__dfrtp_1)
                  0.04    0.30    0.65 ^ _476_/Q (sky130_fd_sc_hd__dfrtp_1)
     1    0.00                           u_sort.bucket_counter[1] (net)
                  0.04    0.00    0.65 ^ _218_/A (sky130_fd_sc_hd__clkbuf_4)
                  0.14    0.19    0.84 ^ _218_/X (sky130_fd_sc_hd__clkbuf_4)
    10    0.04                           _071_ (net)
                  0.14    0.00    0.84 ^ _400_/A1 (sky130_fd_sc_hd__o211a_1)
                  0.04    0.16    1.00 ^ _400_/X (sky130_fd_sc_hd__o211a_1)
     1    0.00                           _055_ (net)
                  0.04    0.00    1.00 ^ _476_/D (sky130_fd_sc_hd__dfrtp_1)
                                  1.00   data arrival time

                          0.00    0.00   clock clk (rise edge)
                          0.00    0.00   clock source latency
                  0.07    0.05    0.05 ^ clk (in)
     1    0.01                           clk (net)
                  0.07    0.00    0.05 ^ clkbuf_0_clk/A (sky130_fd_sc_hd__clkbuf_16)
                  0.09    0.18    0.23 ^ clkbuf_0_clk/X (sky130_fd_sc_hd__clkbuf_16)
     8    0.07                           clknet_0_clk (net)
                  0.09    0.00    0.23 ^ clkbuf_3_7__f_clk/A (sky130_fd_sc_hd__clkbuf_16)
                  0.05    0.16    0.39 ^ clkbuf_3_7__f_clk/X (sky130_fd_sc_hd__clkbuf_16)
    11    0.03                           clknet_3_7__leaf_clk (net)
                  0.05    0.00    0.39 ^ _476_/CLK (sky130_fd_sc_hd__dfrtp_1)
                          0.25    0.64   clock uncertainty
                         -0.04    0.60   clock reconvergence pessimism
                         -0.03    0.57   library hold time
                                  0.57   data required time
-----------------------------------------------------------------------------
                                  0.57   data required time
                                 -1.00   data arrival time
-----------------------------------------------------------------------------
                                  0.43   slack (MET)


Startpoint: _478_ (rising edge-triggered flip-flop clocked by clk)
Endpoint: _471_ (rising edge-triggered flip-flop clocked by clk)
Path Group: clk
Path Type: min

Fanout     Cap    Slew   Delay    Time   Description
-----------------------------------------------------------------------------
                          0.00    0.00   clock clk (rise edge)
                          0.00    0.00   clock source latency
                  0.07    0.04    0.04 ^ clk (in)
     1    0.01                           clk (net)
                  0.07    0.00    0.04 ^ clkbuf_0_clk/A (sky130_fd_sc_hd__clkbuf_16)
                  0.09    0.17    0.21 ^ clkbuf_0_clk/X (sky130_fd_sc_hd__clkbuf_16)
     8    0.07                           clknet_0_clk (net)
                  0.09    0.00    0.21 ^ clkbuf_3_6__f_clk/A (sky130_fd_sc_hd__clkbuf_16)
                  0.04    0.14    0.35 ^ clkbuf_3_6__f_clk/X (sky130_fd_sc_hd__clkbuf_16)
     8    0.02                           clknet_3_6__leaf_clk (net)
                  0.04    0.00    0.35 ^ _478_/CLK (sky130_fd_sc_hd__dfrtp_1)
                  0.12    0.36    0.70 ^ _478_/Q (sky130_fd_sc_hd__dfrtp_1)
     4    0.01                           u_sort.busy (net)
                  0.12    0.00    0.70 ^ _247_/B (sky130_fd_sc_hd__and3b_1)
                  0.05    0.16    0.86 ^ _247_/X (sky130_fd_sc_hd__and3b_1)
     1    0.00                           _100_ (net)
                  0.05    0.00    0.86 ^ _248_/A (sky130_fd_sc_hd__clkbuf_4)
                  0.12    0.18    1.04 ^ _248_/X (sky130_fd_sc_hd__clkbuf_4)
     7    0.04                           _002_ (net)
                  0.12    0.00    1.04 ^ _471_/D (sky130_fd_sc_hd__dfrtp_1)
                                  1.04   data arrival time

                          0.00    0.00   clock clk (rise edge)
                          0.00    0.00   clock source latency
                  0.07    0.05    0.05 ^ clk (in)
     1    0.01                           clk (net)
                  0.07    0.00    0.05 ^ clkbuf_0_clk/A (sky130_fd_sc_hd__clkbuf_16)
                  0.09    0.18    0.23 ^ clkbuf_0_clk/X (sky130_fd_sc_hd__clkbuf_16)
     8    0.07                           clknet_0_clk (net)
                  0.09    0.00    0.23 ^ clkbuf_3_5__f_clk/A (sky130_fd_sc_hd__clkbuf_16)
                  0.04    0.15    0.38 ^ clkbuf_3_5__f_clk/X (sky130_fd_sc_hd__clkbuf_16)
     7    0.02                           clknet_3_5__leaf_clk (net)
                  0.04    0.00    0.38 ^ _471_/CLK (sky130_fd_sc_hd__dfrtp_1)
                          0.25    0.63   clock uncertainty
                         -0.02    0.61   clock reconvergence pessimism
                         -0.05    0.56   library hold time
                                  0.56   data required time
-----------------------------------------------------------------------------
                                  0.56   data required time
                                 -1.04   data arrival time
-----------------------------------------------------------------------------
                                  0.48   slack (MET)


Startpoint: _422_ (rising edge-triggered flip-flop clocked by clk)
Endpoint: _475_ (rising edge-triggered flip-flop clocked by clk)
Path Group: clk
Path Type: min

Fanout     Cap    Slew   Delay    Time   Description
-----------------------------------------------------------------------------
                          0.00    0.00   clock clk (rise edge)
                          0.00    0.00   clock source latency
                  0.07    0.04    0.04 ^ clk (in)
     1    0.01                           clk (net)
                  0.07    0.00    0.04 ^ clkbuf_0_clk/A (sky130_fd_sc_hd__clkbuf_16)
                  0.09    0.17    0.21 ^ clkbuf_0_clk/X (sky130_fd_sc_hd__clkbuf_16)
     8    0.07                           clknet_0_clk (net)
                  0.09    0.00    0.21 ^ clkbuf_3_2__f_clk/A (sky130_fd_sc_hd__clkbuf_16)
                  0.04    0.14    0.35 ^ clkbuf_3_2__f_clk/X (sky130_fd_sc_hd__clkbuf_16)
     8    0.02                           clknet_3_2__leaf_clk (net)
                  0.04    0.00    0.35 ^ _422_/CLK (sky130_fd_sc_hd__dfrtp_1)
                  0.06    0.32    0.66 ^ _422_/Q (sky130_fd_sc_hd__dfrtp_1)
     1    0.01                           u_control.o_start_sort (net)
                  0.06    0.00    0.66 ^ _245_/A (sky130_fd_sc_hd__buf_6)
                  0.17    0.19    0.85 ^ _245_/X (sky130_fd_sc_hd__buf_6)
    20    0.08                           _098_ (net)
                  0.17    0.00    0.85 ^ _246_/A (sky130_fd_sc_hd__inv_2)
                  0.06    0.08    0.93 v _246_/Y (sky130_fd_sc_hd__inv_2)
     6    0.01                           _099_ (net)
                  0.06    0.00    0.93 v _394_/A (sky130_fd_sc_hd__and3_1)
                  0.03    0.13    1.06 v _394_/X (sky130_fd_sc_hd__and3_1)
     1    0.00                           _194_ (net)
                  0.03    0.00    1.06 v _395_/A (sky130_fd_sc_hd__clkbuf_1)
                  0.02    0.07    1.14 v _395_/X (sky130_fd_sc_hd__clkbuf_1)
     1    0.00                           _054_ (net)
                  0.02    0.00    1.14 v _475_/D (sky130_fd_sc_hd__dfrtp_4)
                                  1.14   data arrival time

                          0.00    0.00   clock clk (rise edge)
                          0.00    0.00   clock source latency
                  0.07    0.05    0.05 ^ clk (in)
     1    0.01                           clk (net)
                  0.07    0.00    0.05 ^ clkbuf_0_clk/A (sky130_fd_sc_hd__clkbuf_16)
                  0.09    0.18    0.23 ^ clkbuf_0_clk/X (sky130_fd_sc_hd__clkbuf_16)
     8    0.07                           clknet_0_clk (net)
                  0.09    0.00    0.23 ^ clkbuf_3_7__f_clk/A (sky130_fd_sc_hd__clkbuf_16)
                  0.05    0.16    0.39 ^ clkbuf_3_7__f_clk/X (sky130_fd_sc_hd__clkbuf_16)
    11    0.03                           clknet_3_7__leaf_clk (net)
                  0.05    0.00    0.39 ^ _475_/CLK (sky130_fd_sc_hd__dfrtp_4)
                          0.25    0.64   clock uncertainty
                         -0.02    0.62   clock reconvergence pessimism
                         -0.03    0.59   library hold time
                                  0.59   data required time
-----------------------------------------------------------------------------
                                  0.59   data required time
                                 -1.14   data arrival time
-----------------------------------------------------------------------------
                                  0.55   slack (MET)


Startpoint: rst_n (input port clocked by clk)
Endpoint: _432_ (removal check against rising-edge clock clk)
Path Group: asynchronous
Path Type: min

Fanout     Cap    Slew   Delay    Time   Description
-----------------------------------------------------------------------------
                          0.00    0.00   clock clk (rise edge)
                          0.00    0.00   clock network delay (propagated)
                          5.00    5.00 ^ input external delay
                  0.05    0.03    5.03 ^ rst_n (in)
     1    0.01                           rst_n (net)
                  0.05    0.00    5.03 ^ input17/A (sky130_fd_sc_hd__buf_12)
                  0.32    0.29    5.32 ^ input17/X (sky130_fd_sc_hd__buf_12)
    65    0.28                           net17 (net)
                  0.32    0.00    5.32 ^ _432_/RESET_B (sky130_fd_sc_hd__dfrtp_1)
                                  5.32   data arrival time

                          0.00    0.00   clock clk (rise edge)
                          0.00    0.00   clock source latency
                  0.07    0.05    0.05 ^ clk (in)
     1    0.01                           clk (net)
                  0.07    0.00    0.05 ^ clkbuf_0_clk/A (sky130_fd_sc_hd__clkbuf_16)
                  0.09    0.18    0.23 ^ clkbuf_0_clk/X (sky130_fd_sc_hd__clkbuf_16)
     8    0.07                           clknet_0_clk (net)
                  0.09    0.00    0.23 ^ clkbuf_3_7__f_clk/A (sky130_fd_sc_hd__clkbuf_16)
                  0.05    0.16    0.39 ^ clkbuf_3_7__f_clk/X (sky130_fd_sc_hd__clkbuf_16)
    11    0.03                           clknet_3_7__leaf_clk (net)
                  0.05    0.00    0.39 ^ _432_/CLK (sky130_fd_sc_hd__dfrtp_1)
                          0.25    0.64   clock uncertainty
                          0.00    0.64   clock reconvergence pessimism
                          0.40    1.04   library removal time
                                  1.04   data required time
-----------------------------------------------------------------------------
                                  1.04   data required time
                                 -5.32   data arrival time
-----------------------------------------------------------------------------
                                  4.28   slack (MET)


Startpoint: rst_n (input port clocked by clk)
Endpoint: _469_ (removal check against rising-edge clock clk)
Path Group: asynchronous
Path Type: min

Fanout     Cap    Slew   Delay    Time   Description
-----------------------------------------------------------------------------
                          0.00    0.00   clock clk (rise edge)
                          0.00    0.00   clock network delay (propagated)
                          5.00    5.00 ^ input external delay
                  0.05    0.03    5.03 ^ rst_n (in)
     1    0.01                           rst_n (net)
                  0.05    0.00    5.03 ^ input17/A (sky130_fd_sc_hd__buf_12)
                  0.32    0.29    5.32 ^ input17/X (sky130_fd_sc_hd__buf_12)
    65    0.28                           net17 (net)
                  0.32    0.00    5.32 ^ _469_/RESET_B (sky130_fd_sc_hd__dfrtp_1)
                                  5.32   data arrival time

                          0.00    0.00   clock clk (rise edge)
                          0.00    0.00   clock source latency
                  0.07    0.05    0.05 ^ clk (in)
     1    0.01                           clk (net)
                  0.07    0.00    0.05 ^ clkbuf_0_clk/A (sky130_fd_sc_hd__clkbuf_16)
                  0.09    0.18    0.23 ^ clkbuf_0_clk/X (sky130_fd_sc_hd__clkbuf_16)
     8    0.07                           clknet_0_clk (net)
                  0.09    0.00    0.23 ^ clkbuf_3_7__f_clk/A (sky130_fd_sc_hd__clkbuf_16)
                  0.05    0.16    0.39 ^ clkbuf_3_7__f_clk/X (sky130_fd_sc_hd__clkbuf_16)
    11    0.03                           clknet_3_7__leaf_clk (net)
                  0.05    0.00    0.39 ^ _469_/CLK (sky130_fd_sc_hd__dfrtp_1)
                          0.25    0.64   clock uncertainty
                          0.00    0.64   clock reconvergence pessimism
                          0.40    1.04   library removal time
                                  1.04   data required time
-----------------------------------------------------------------------------
                                  1.04   data required time
                                 -5.32   data arrival time
-----------------------------------------------------------------------------
                                  4.28   slack (MET)


Startpoint: rst_n (input port clocked by clk)
Endpoint: _428_ (removal check against rising-edge clock clk)
Path Group: asynchronous
Path Type: min

Fanout     Cap    Slew   Delay    Time   Description
-----------------------------------------------------------------------------
                          0.00    0.00   clock clk (rise edge)
                          0.00    0.00   clock network delay (propagated)
                          5.00    5.00 ^ input external delay
                  0.05    0.03    5.03 ^ rst_n (in)
     1    0.01                           rst_n (net)
                  0.05    0.00    5.03 ^ input17/A (sky130_fd_sc_hd__buf_12)
                  0.32    0.29    5.32 ^ input17/X (sky130_fd_sc_hd__buf_12)
    65    0.28                           net17 (net)
                  0.32    0.00    5.32 ^ _428_/RESET_B (sky130_fd_sc_hd__dfrtp_1)
                                  5.32   data arrival time

                          0.00    0.00   clock clk (rise edge)
                          0.00    0.00   clock source latency
                  0.07    0.05    0.05 ^ clk (in)
     1    0.01                           clk (net)
                  0.07    0.00    0.05 ^ clkbuf_0_clk/A (sky130_fd_sc_hd__clkbuf_16)
                  0.09    0.18    0.23 ^ clkbuf_0_clk/X (sky130_fd_sc_hd__clkbuf_16)
     8    0.07                           clknet_0_clk (net)
                  0.09    0.00    0.23 ^ clkbuf_3_7__f_clk/A (sky130_fd_sc_hd__clkbuf_16)
                  0.05    0.16    0.39 ^ clkbuf_3_7__f_clk/X (sky130_fd_sc_hd__clkbuf_16)
    11    0.03                           clknet_3_7__leaf_clk (net)
                  0.05    0.00    0.39 ^ _428_/CLK (sky130_fd_sc_hd__dfrtp_1)
                          0.25    0.64   clock uncertainty
                          0.00    0.64   clock reconvergence pessimism
                          0.40    1.04   library removal time
                                  1.04   data required time
-----------------------------------------------------------------------------
                                  1.04   data required time
                                 -5.32   data arrival time
-----------------------------------------------------------------------------
                                  4.28   slack (MET)


Startpoint: rst_n (input port clocked by clk)
Endpoint: _427_ (removal check against rising-edge clock clk)
Path Group: asynchronous
Path Type: min

Fanout     Cap    Slew   Delay    Time   Description
-----------------------------------------------------------------------------
                          0.00    0.00   clock clk (rise edge)
                          0.00    0.00   clock network delay (propagated)
                          5.00    5.00 ^ input external delay
                  0.05    0.03    5.03 ^ rst_n (in)
     1    0.01                           rst_n (net)
                  0.05    0.00    5.03 ^ input17/A (sky130_fd_sc_hd__buf_12)
                  0.32    0.29    5.32 ^ input17/X (sky130_fd_sc_hd__buf_12)
    65    0.28                           net17 (net)
                  0.32    0.00    5.32 ^ _427_/RESET_B (sky130_fd_sc_hd__dfrtp_1)
                                  5.32   data arrival time

                          0.00    0.00   clock clk (rise edge)
                          0.00    0.00   clock source latency
                  0.07    0.05    0.05 ^ clk (in)
     1    0.01                           clk (net)
                  0.07    0.00    0.05 ^ clkbuf_0_clk/A (sky130_fd_sc_hd__clkbuf_16)
                  0.09    0.18    0.23 ^ clkbuf_0_clk/X (sky130_fd_sc_hd__clkbuf_16)
     8    0.07                           clknet_0_clk (net)
                  0.09    0.00    0.23 ^ clkbuf_3_7__f_clk/A (sky130_fd_sc_hd__clkbuf_16)
                  0.05    0.16    0.39 ^ clkbuf_3_7__f_clk/X (sky130_fd_sc_hd__clkbuf_16)
    11    0.03                           clknet_3_7__leaf_clk (net)
                  0.05    0.00    0.39 ^ _427_/CLK (sky130_fd_sc_hd__dfrtp_1)
                          0.25    0.64   clock uncertainty
                          0.00    0.64   clock reconvergence pessimism
                          0.40    1.04   library removal time
                                  1.04   data required time
-----------------------------------------------------------------------------
                                  1.04   data required time
                                 -5.32   data arrival time
-----------------------------------------------------------------------------
                                  4.28   slack (MET)


Startpoint: rst_n (input port clocked by clk)
Endpoint: _426_ (removal check against rising-edge clock clk)
Path Group: asynchronous
Path Type: min

Fanout     Cap    Slew   Delay    Time   Description
-----------------------------------------------------------------------------
                          0.00    0.00   clock clk (rise edge)
                          0.00    0.00   clock network delay (propagated)
                          5.00    5.00 ^ input external delay
                  0.05    0.03    5.03 ^ rst_n (in)
     1    0.01                           rst_n (net)
                  0.05    0.00    5.03 ^ input17/A (sky130_fd_sc_hd__buf_12)
                  0.32    0.29    5.32 ^ input17/X (sky130_fd_sc_hd__buf_12)
    65    0.28                           net17 (net)
                  0.32    0.00    5.32 ^ _426_/RESET_B (sky130_fd_sc_hd__dfrtp_1)
                                  5.32   data arrival time

                          0.00    0.00   clock clk (rise edge)
                          0.00    0.00   clock source latency
                  0.07    0.05    0.05 ^ clk (in)
     1    0.01                           clk (net)
                  0.07    0.00    0.05 ^ clkbuf_0_clk/A (sky130_fd_sc_hd__clkbuf_16)
                  0.09    0.18    0.23 ^ clkbuf_0_clk/X (sky130_fd_sc_hd__clkbuf_16)
     8    0.07                           clknet_0_clk (net)
                  0.09    0.00    0.23 ^ clkbuf_3_7__f_clk/A (sky130_fd_sc_hd__clkbuf_16)
                  0.05    0.16    0.39 ^ clkbuf_3_7__f_clk/X (sky130_fd_sc_hd__clkbuf_16)
    11    0.03                           clknet_3_7__leaf_clk (net)
                  0.05    0.00    0.39 ^ _426_/CLK (sky130_fd_sc_hd__dfrtp_1)
                          0.25    0.64   clock uncertainty
                          0.00    0.64   clock reconvergence pessimism
                          0.40    1.04   library removal time
                                  1.04   data required time
-----------------------------------------------------------------------------
                                  1.04   data required time
                                 -5.32   data arrival time
-----------------------------------------------------------------------------
                                  4.28   slack (MET)


Startpoint: rst_n (input port clocked by clk)
Endpoint: _465_ (removal check against rising-edge clock clk)
Path Group: asynchronous
Path Type: min

Fanout     Cap    Slew   Delay    Time   Description
-----------------------------------------------------------------------------
                          0.00    0.00   clock clk (rise edge)
                          0.00    0.00   clock network delay (propagated)
                          5.00    5.00 ^ input external delay
                  0.05    0.03    5.03 ^ rst_n (in)
     1    0.01                           rst_n (net)
                  0.05    0.00    5.03 ^ input17/A (sky130_fd_sc_hd__buf_12)
                  0.32    0.29    5.32 ^ input17/X (sky130_fd_sc_hd__buf_12)
    65    0.28                           net17 (net)
                  0.32    0.00    5.32 ^ _465_/RESET_B (sky130_fd_sc_hd__dfrtp_1)
                                  5.32   data arrival time

                          0.00    0.00   clock clk (rise edge)
                          0.00    0.00   clock source latency
                  0.07    0.05    0.05 ^ clk (in)
     1    0.01                           clk (net)
                  0.07    0.00    0.05 ^ clkbuf_0_clk/A (sky130_fd_sc_hd__clkbuf_16)
                  0.09    0.18    0.23 ^ clkbuf_0_clk/X (sky130_fd_sc_hd__clkbuf_16)
     8    0.07                           clknet_0_clk (net)
                  0.09    0.00    0.23 ^ clkbuf_3_7__f_clk/A (sky130_fd_sc_hd__clkbuf_16)
                  0.05    0.16    0.39 ^ clkbuf_3_7__f_clk/X (sky130_fd_sc_hd__clkbuf_16)
    11    0.03                           clknet_3_7__leaf_clk (net)
                  0.05    0.00    0.39 ^ _465_/CLK (sky130_fd_sc_hd__dfrtp_1)
                          0.25    0.64   clock uncertainty
                          0.00    0.64   clock reconvergence pessimism
                          0.40    1.04   library removal time
                                  1.04   data required time
-----------------------------------------------------------------------------
                                  1.04   data required time
                                 -5.32   data arrival time
-----------------------------------------------------------------------------
                                  4.28   slack (MET)


Startpoint: rst_n (input port clocked by clk)
Endpoint: _436_ (removal check against rising-edge clock clk)
Path Group: asynchronous
Path Type: min

Fanout     Cap    Slew   Delay    Time   Description
-----------------------------------------------------------------------------
                          0.00    0.00   clock clk (rise edge)
                          0.00    0.00   clock network delay (propagated)
                          5.00    5.00 ^ input external delay
                  0.05    0.03    5.03 ^ rst_n (in)
     1    0.01                           rst_n (net)
                  0.05    0.00    5.03 ^ input17/A (sky130_fd_sc_hd__buf_12)
                  0.32    0.29    5.32 ^ input17/X (sky130_fd_sc_hd__buf_12)
    65    0.28                           net17 (net)
                  0.32    0.00    5.32 ^ _436_/RESET_B (sky130_fd_sc_hd__dfrtp_1)
                                  5.32   data arrival time

                          0.00    0.00   clock clk (rise edge)
                          0.00    0.00   clock source latency
                  0.07    0.05    0.05 ^ clk (in)
     1    0.01                           clk (net)
                  0.07    0.00    0.05 ^ clkbuf_0_clk/A (sky130_fd_sc_hd__clkbuf_16)
                  0.09    0.18    0.23 ^ clkbuf_0_clk/X (sky130_fd_sc_hd__clkbuf_16)
     8    0.07                           clknet_0_clk (net)
                  0.09    0.00    0.23 ^ clkbuf_3_0__f_clk/A (sky130_fd_sc_hd__clkbuf_16)
                  0.05    0.16    0.39 ^ clkbuf_3_0__f_clk/X (sky130_fd_sc_hd__clkbuf_16)
    11    0.03                           clknet_3_0__leaf_clk (net)
                  0.05    0.00    0.39 ^ _436_/CLK (sky130_fd_sc_hd__dfrtp_1)
                          0.25    0.64   clock uncertainty
                          0.00    0.64   clock reconvergence pessimism
                          0.40    1.04   library removal time
                                  1.04   data required time
-----------------------------------------------------------------------------
                                  1.04   data required time
                                 -5.32   data arrival time
-----------------------------------------------------------------------------
                                  4.29   slack (MET)


Startpoint: rst_n (input port clocked by clk)
Endpoint: _437_ (removal check against rising-edge clock clk)
Path Group: asynchronous
Path Type: min

Fanout     Cap    Slew   Delay    Time   Description
-----------------------------------------------------------------------------
                          0.00    0.00   clock clk (rise edge)
                          0.00    0.00   clock network delay (propagated)
                          5.00    5.00 ^ input external delay
                  0.05    0.03    5.03 ^ rst_n (in)
     1    0.01                           rst_n (net)
                  0.05    0.00    5.03 ^ input17/A (sky130_fd_sc_hd__buf_12)
                  0.32    0.29    5.32 ^ input17/X (sky130_fd_sc_hd__buf_12)
    65    0.28                           net17 (net)
                  0.32    0.00    5.32 ^ _437_/RESET_B (sky130_fd_sc_hd__dfrtp_1)
                                  5.32   data arrival time

                          0.00    0.00   clock clk (rise edge)
                          0.00    0.00   clock source latency
                  0.07    0.05    0.05 ^ clk (in)
     1    0.01                           clk (net)
                  0.07    0.00    0.05 ^ clkbuf_0_clk/A (sky130_fd_sc_hd__clkbuf_16)
                  0.09    0.18    0.23 ^ clkbuf_0_clk/X (sky130_fd_sc_hd__clkbuf_16)
     8    0.07                           clknet_0_clk (net)
                  0.09    0.00    0.23 ^ clkbuf_3_0__f_clk/A (sky130_fd_sc_hd__clkbuf_16)
                  0.05    0.16    0.39 ^ clkbuf_3_0__f_clk/X (sky130_fd_sc_hd__clkbuf_16)
    11    0.03                           clknet_3_0__leaf_clk (net)
                  0.05    0.00    0.39 ^ _437_/CLK (sky130_fd_sc_hd__dfrtp_1)
                          0.25    0.64   clock uncertainty
                          0.00    0.64   clock reconvergence pessimism
                          0.40    1.04   library removal time
                                  1.04   data required time
-----------------------------------------------------------------------------
                                  1.04   data required time
                                 -5.32   data arrival time
-----------------------------------------------------------------------------
                                  4.29   slack (MET)


Startpoint: rst_n (input port clocked by clk)
Endpoint: _450_ (removal check against rising-edge clock clk)
Path Group: asynchronous
Path Type: min

Fanout     Cap    Slew   Delay    Time   Description
-----------------------------------------------------------------------------
                          0.00    0.00   clock clk (rise edge)
                          0.00    0.00   clock network delay (propagated)
                          5.00    5.00 ^ input external delay
                  0.05    0.03    5.03 ^ rst_n (in)
     1    0.01                           rst_n (net)
                  0.05    0.00    5.03 ^ input17/A (sky130_fd_sc_hd__buf_12)
                  0.32    0.29    5.32 ^ input17/X (sky130_fd_sc_hd__buf_12)
    65    0.28                           net17 (net)
                  0.32    0.00    5.32 ^ _450_/RESET_B (sky130_fd_sc_hd__dfrtp_1)
                                  5.32   data arrival time

                          0.00    0.00   clock clk (rise edge)
                          0.00    0.00   clock source latency
                  0.07    0.05    0.05 ^ clk (in)
     1    0.01                           clk (net)
                  0.07    0.00    0.05 ^ clkbuf_0_clk/A (sky130_fd_sc_hd__clkbuf_16)
                  0.09    0.18    0.23 ^ clkbuf_0_clk/X (sky130_fd_sc_hd__clkbuf_16)
     8    0.07                           clknet_0_clk (net)
                  0.09    0.00    0.23 ^ clkbuf_3_0__f_clk/A (sky130_fd_sc_hd__clkbuf_16)
                  0.05    0.16    0.39 ^ clkbuf_3_0__f_clk/X (sky130_fd_sc_hd__clkbuf_16)
    11    0.03                           clknet_3_0__leaf_clk (net)
                  0.05    0.00    0.39 ^ _450_/CLK (sky130_fd_sc_hd__dfrtp_1)
                          0.25    0.64   clock uncertainty
                          0.00    0.64   clock reconvergence pessimism
                          0.40    1.04   library removal time
                                  1.04   data required time
-----------------------------------------------------------------------------
                                  1.04   data required time
                                 -5.32   data arrival time
-----------------------------------------------------------------------------
                                  4.29   slack (MET)


Startpoint: rst_n (input port clocked by clk)
Endpoint: _475_ (removal check against rising-edge clock clk)
Path Group: asynchronous
Path Type: min

Fanout     Cap    Slew   Delay    Time   Description
-----------------------------------------------------------------------------
                          0.00    0.00   clock clk (rise edge)
                          0.00    0.00   clock network delay (propagated)
                          5.00    5.00 ^ input external delay
                  0.05    0.03    5.03 ^ rst_n (in)
     1    0.01                           rst_n (net)
                  0.05    0.00    5.03 ^ input17/A (sky130_fd_sc_hd__buf_12)
                  0.32    0.29    5.32 ^ input17/X (sky130_fd_sc_hd__buf_12)
    65    0.28                           net17 (net)
                  0.32    0.00    5.32 ^ _475_/RESET_B (sky130_fd_sc_hd__dfrtp_4)
                                  5.32   data arrival time

                          0.00    0.00   clock clk (rise edge)
                          0.00    0.00   clock source latency
                  0.07    0.05    0.05 ^ clk (in)
     1    0.01                           clk (net)
                  0.07    0.00    0.05 ^ clkbuf_0_clk/A (sky130_fd_sc_hd__clkbuf_16)
                  0.09    0.18    0.23 ^ clkbuf_0_clk/X (sky130_fd_sc_hd__clkbuf_16)
     8    0.07                           clknet_0_clk (net)
                  0.09    0.00    0.23 ^ clkbuf_3_7__f_clk/A (sky130_fd_sc_hd__clkbuf_16)
                  0.05    0.16    0.39 ^ clkbuf_3_7__f_clk/X (sky130_fd_sc_hd__clkbuf_16)
    11    0.03                           clknet_3_7__leaf_clk (net)
                  0.05    0.00    0.39 ^ _475_/CLK (sky130_fd_sc_hd__dfrtp_4)
                          0.25    0.64   clock uncertainty
                          0.00    0.64   clock reconvergence pessimism
                          0.40    1.04   library removal time
                                  1.04   data required time
-----------------------------------------------------------------------------
                                  1.04   data required time
                                 -5.32   data arrival time
-----------------------------------------------------------------------------
                                  4.29   slack (MET)


Startpoint: rst_n (input port clocked by clk)
Endpoint: _457_ (removal check against rising-edge clock clk)
Path Group: asynchronous
Path Type: min

Fanout     Cap    Slew   Delay    Time   Description
-----------------------------------------------------------------------------
                          0.00    0.00   clock clk (rise edge)
                          0.00    0.00   clock network delay (propagated)
                          5.00    5.00 ^ input external delay
                  0.05    0.03    5.03 ^ rst_n (in)
     1    0.01                           rst_n (net)
                  0.05    0.00    5.03 ^ input17/A (sky130_fd_sc_hd__buf_12)
                  0.32    0.29    5.32 ^ input17/X (sky130_fd_sc_hd__buf_12)
    65    0.28                           net17 (net)
                  0.32    0.00    5.32 ^ _457_/RESET_B (sky130_fd_sc_hd__dfrtp_1)
                                  5.32   data arrival time

                          0.00    0.00   clock clk (rise edge)
                          0.00    0.00   clock source latency
                  0.07    0.05    0.05 ^ clk (in)
     1    0.01                           clk (net)
                  0.07    0.00    0.05 ^ clkbuf_0_clk/A (sky130_fd_sc_hd__clkbuf_16)
                  0.09    0.18    0.23 ^ clkbuf_0_clk/X (sky130_fd_sc_hd__clkbuf_16)
     8    0.07                           clknet_0_clk (net)
                  0.09    0.00    0.23 ^ clkbuf_3_0__f_clk/A (sky130_fd_sc_hd__clkbuf_16)
                  0.05    0.16    0.39 ^ clkbuf_3_0__f_clk/X (sky130_fd_sc_hd__clkbuf_16)
    11    0.03                           clknet_3_0__leaf_clk (net)
                  0.05    0.00    0.39 ^ _457_/CLK (sky130_fd_sc_hd__dfrtp_1)
                          0.25    0.64   clock uncertainty
                          0.00    0.64   clock reconvergence pessimism
                          0.40    1.04   library removal time
                                  1.04   data required time
-----------------------------------------------------------------------------
                                  1.04   data required time
                                 -5.32   data arrival time
-----------------------------------------------------------------------------
                                  4.29   slack (MET)


Startpoint: rst_n (input port clocked by clk)
Endpoint: _460_ (removal check against rising-edge clock clk)
Path Group: asynchronous
Path Type: min

Fanout     Cap    Slew   Delay    Time   Description
-----------------------------------------------------------------------------
                          0.00    0.00   clock clk (rise edge)
                          0.00    0.00   clock network delay (propagated)
                          5.00    5.00 ^ input external delay
                  0.05    0.03    5.03 ^ rst_n (in)
     1    0.01                           rst_n (net)
                  0.05    0.00    5.03 ^ input17/A (sky130_fd_sc_hd__buf_12)
                  0.32    0.29    5.32 ^ input17/X (sky130_fd_sc_hd__buf_12)
    65    0.28                           net17 (net)
                  0.32    0.00    5.32 ^ _460_/RESET_B (sky130_fd_sc_hd__dfrtp_1)
                                  5.32   data arrival time

                          0.00    0.00   clock clk (rise edge)
                          0.00    0.00   clock source latency
                  0.07    0.05    0.05 ^ clk (in)
     1    0.01                           clk (net)
                  0.07    0.00    0.05 ^ clkbuf_0_clk/A (sky130_fd_sc_hd__clkbuf_16)
                  0.09    0.18    0.23 ^ clkbuf_0_clk/X (sky130_fd_sc_hd__clkbuf_16)
     8    0.07                           clknet_0_clk (net)
                  0.09    0.00    0.23 ^ clkbuf_3_0__f_clk/A (sky130_fd_sc_hd__clkbuf_16)
                  0.05    0.16    0.39 ^ clkbuf_3_0__f_clk/X (sky130_fd_sc_hd__clkbuf_16)
    11    0.03                           clknet_3_0__leaf_clk (net)
                  0.05    0.00    0.39 ^ _460_/CLK (sky130_fd_sc_hd__dfrtp_1)
                          0.25    0.64   clock uncertainty
                          0.00    0.64   clock reconvergence pessimism
                          0.40    1.04   library removal time
                                  1.04   data required time
-----------------------------------------------------------------------------
                                  1.04   data required time
                                 -5.32   data arrival time
-----------------------------------------------------------------------------
                                  4.29   slack (MET)


Startpoint: rst_n (input port clocked by clk)
Endpoint: _458_ (removal check against rising-edge clock clk)
Path Group: asynchronous
Path Type: min

Fanout     Cap    Slew   Delay    Time   Description
-----------------------------------------------------------------------------
                          0.00    0.00   clock clk (rise edge)
                          0.00    0.00   clock network delay (propagated)
                          5.00    5.00 ^ input external delay
                  0.05    0.03    5.03 ^ rst_n (in)
     1    0.01                           rst_n (net)
                  0.05    0.00    5.03 ^ input17/A (sky130_fd_sc_hd__buf_12)
                  0.32    0.29    5.32 ^ input17/X (sky130_fd_sc_hd__buf_12)
    65    0.28                           net17 (net)
                  0.32    0.00    5.32 ^ _458_/RESET_B (sky130_fd_sc_hd__dfrtp_1)
                                  5.32   data arrival time

                          0.00    0.00   clock clk (rise edge)
                          0.00    0.00   clock source latency
                  0.07    0.05    0.05 ^ clk (in)
     1    0.01                           clk (net)
                  0.07    0.00    0.05 ^ clkbuf_0_clk/A (sky130_fd_sc_hd__clkbuf_16)
                  0.09    0.18    0.23 ^ clkbuf_0_clk/X (sky130_fd_sc_hd__clkbuf_16)
     8    0.07                           clknet_0_clk (net)
                  0.09    0.00    0.23 ^ clkbuf_3_0__f_clk/A (sky130_fd_sc_hd__clkbuf_16)
                  0.05    0.16    0.39 ^ clkbuf_3_0__f_clk/X (sky130_fd_sc_hd__clkbuf_16)
    11    0.03                           clknet_3_0__leaf_clk (net)
                  0.05    0.00    0.39 ^ _458_/CLK (sky130_fd_sc_hd__dfrtp_1)
                          0.25    0.64   clock uncertainty
                          0.00    0.64   clock reconvergence pessimism
                          0.40    1.04   library removal time
                                  1.04   data required time
-----------------------------------------------------------------------------
                                  1.04   data required time
                                 -5.32   data arrival time
-----------------------------------------------------------------------------
                                  4.29   slack (MET)


Startpoint: rst_n (input port clocked by clk)
Endpoint: _477_ (removal check against rising-edge clock clk)
Path Group: asynchronous
Path Type: min

Fanout     Cap    Slew   Delay    Time   Description
-----------------------------------------------------------------------------
                          0.00    0.00   clock clk (rise edge)
                          0.00    0.00   clock network delay (propagated)
                          5.00    5.00 ^ input external delay
                  0.05    0.03    5.03 ^ rst_n (in)
     1    0.01                           rst_n (net)
                  0.05    0.00    5.03 ^ input17/A (sky130_fd_sc_hd__buf_12)
                  0.32    0.29    5.32 ^ input17/X (sky130_fd_sc_hd__buf_12)
    65    0.28                           net17 (net)
                  0.32    0.00    5.32 ^ _477_/RESET_B (sky130_fd_sc_hd__dfrtp_1)
                                  5.32   data arrival time

                          0.00    0.00   clock clk (rise edge)
                          0.00    0.00   clock source latency
                  0.07    0.05    0.05 ^ clk (in)
     1    0.01                           clk (net)
                  0.07    0.00    0.05 ^ clkbuf_0_clk/A (sky130_fd_sc_hd__clkbuf_16)
                  0.09    0.18    0.23 ^ clkbuf_0_clk/X (sky130_fd_sc_hd__clkbuf_16)
     8    0.07                           clknet_0_clk (net)
                  0.09    0.00    0.23 ^ clkbuf_3_7__f_clk/A (sky130_fd_sc_hd__clkbuf_16)
                  0.05    0.16    0.39 ^ clkbuf_3_7__f_clk/X (sky130_fd_sc_hd__clkbuf_16)
    11    0.03                           clknet_3_7__leaf_clk (net)
                  0.05    0.00    0.39 ^ _477_/CLK (sky130_fd_sc_hd__dfrtp_1)
                          0.25    0.64   clock uncertainty
                          0.00    0.64   clock reconvergence pessimism
                          0.40    1.04   library removal time
                                  1.04   data required time
-----------------------------------------------------------------------------
                                  1.04   data required time
                                 -5.32   data arrival time
-----------------------------------------------------------------------------
                                  4.29   slack (MET)


Startpoint: rst_n (input port clocked by clk)
Endpoint: _452_ (removal check against rising-edge clock clk)
Path Group: asynchronous
Path Type: min

Fanout     Cap    Slew   Delay    Time   Description
-----------------------------------------------------------------------------
                          0.00    0.00   clock clk (rise edge)
                          0.00    0.00   clock network delay (propagated)
                          5.00    5.00 ^ input external delay
                  0.05    0.03    5.03 ^ rst_n (in)
     1    0.01                           rst_n (net)
                  0.05    0.00    5.03 ^ input17/A (sky130_fd_sc_hd__buf_12)
                  0.32    0.29    5.32 ^ input17/X (sky130_fd_sc_hd__buf_12)
    65    0.28                           net17 (net)
                  0.32    0.00    5.32 ^ _452_/RESET_B (sky130_fd_sc_hd__dfrtp_1)
                                  5.32   data arrival time

                          0.00    0.00   clock clk (rise edge)
                          0.00    0.00   clock source latency
                  0.07    0.05    0.05 ^ clk (in)
     1    0.01                           clk (net)
                  0.07    0.00    0.05 ^ clkbuf_0_clk/A (sky130_fd_sc_hd__clkbuf_16)
                  0.09    0.18    0.23 ^ clkbuf_0_clk/X (sky130_fd_sc_hd__clkbuf_16)
     8    0.07                           clknet_0_clk (net)
                  0.09    0.00    0.23 ^ clkbuf_3_0__f_clk/A (sky130_fd_sc_hd__clkbuf_16)
                  0.05    0.16    0.39 ^ clkbuf_3_0__f_clk/X (sky130_fd_sc_hd__clkbuf_16)
    11    0.03                           clknet_3_0__leaf_clk (net)
                  0.05    0.00    0.39 ^ _452_/CLK (sky130_fd_sc_hd__dfrtp_1)
                          0.25    0.64   clock uncertainty
                          0.00    0.64   clock reconvergence pessimism
                          0.40    1.04   library removal time
                                  1.04   data required time
-----------------------------------------------------------------------------
                                  1.04   data required time
                                 -5.32   data arrival time
-----------------------------------------------------------------------------
                                  4.29   slack (MET)


Startpoint: rst_n (input port clocked by clk)
Endpoint: _451_ (removal check against rising-edge clock clk)
Path Group: asynchronous
Path Type: min

Fanout     Cap    Slew   Delay    Time   Description
-----------------------------------------------------------------------------
                          0.00    0.00   clock clk (rise edge)
                          0.00    0.00   clock network delay (propagated)
                          5.00    5.00 ^ input external delay
                  0.05    0.03    5.03 ^ rst_n (in)
     1    0.01                           rst_n (net)
                  0.05    0.00    5.03 ^ input17/A (sky130_fd_sc_hd__buf_12)
                  0.32    0.29    5.32 ^ input17/X (sky130_fd_sc_hd__buf_12)
    65    0.28                           net17 (net)
                  0.32    0.00    5.32 ^ _451_/RESET_B (sky130_fd_sc_hd__dfrtp_1)
                                  5.32   data arrival time

                          0.00    0.00   clock clk (rise edge)
                          0.00    0.00   clock source latency
                  0.07    0.05    0.05 ^ clk (in)
     1    0.01                           clk (net)
                  0.07    0.00    0.05 ^ clkbuf_0_clk/A (sky130_fd_sc_hd__clkbuf_16)
                  0.09    0.18    0.23 ^ clkbuf_0_clk/X (sky130_fd_sc_hd__clkbuf_16)
     8    0.07                           clknet_0_clk (net)
                  0.09    0.00    0.23 ^ clkbuf_3_0__f_clk/A (sky130_fd_sc_hd__clkbuf_16)
                  0.05    0.16    0.39 ^ clkbuf_3_0__f_clk/X (sky130_fd_sc_hd__clkbuf_16)
    11    0.03                           clknet_3_0__leaf_clk (net)
                  0.05    0.00    0.39 ^ _451_/CLK (sky130_fd_sc_hd__dfrtp_1)
                          0.25    0.64   clock uncertainty
                          0.00    0.64   clock reconvergence pessimism
                          0.40    1.04   library removal time
                                  1.04   data required time
-----------------------------------------------------------------------------
                                  1.04   data required time
                                 -5.32   data arrival time
-----------------------------------------------------------------------------
                                  4.29   slack (MET)


Startpoint: rst_n (input port clocked by clk)
Endpoint: _476_ (removal check against rising-edge clock clk)
Path Group: asynchronous
Path Type: min

Fanout     Cap    Slew   Delay    Time   Description
-----------------------------------------------------------------------------
                          0.00    0.00   clock clk (rise edge)
                          0.00    0.00   clock network delay (propagated)
                          5.00    5.00 ^ input external delay
                  0.05    0.03    5.03 ^ rst_n (in)
     1    0.01                           rst_n (net)
                  0.05    0.00    5.03 ^ input17/A (sky130_fd_sc_hd__buf_12)
                  0.32    0.29    5.32 ^ input17/X (sky130_fd_sc_hd__buf_12)
    65    0.28                           net17 (net)
                  0.32    0.00    5.32 ^ _476_/RESET_B (sky130_fd_sc_hd__dfrtp_1)
                                  5.32   data arrival time

                          0.00    0.00   clock clk (rise edge)
                          0.00    0.00   clock source latency
                  0.07    0.05    0.05 ^ clk (in)
     1    0.01                           clk (net)
                  0.07    0.00    0.05 ^ clkbuf_0_clk/A (sky130_fd_sc_hd__clkbuf_16)
                  0.09    0.18    0.23 ^ clkbuf_0_clk/X (sky130_fd_sc_hd__clkbuf_16)
     8    0.07                           clknet_0_clk (net)
                  0.09    0.00    0.23 ^ clkbuf_3_7__f_clk/A (sky130_fd_sc_hd__clkbuf_16)
                  0.05    0.16    0.39 ^ clkbuf_3_7__f_clk/X (sky130_fd_sc_hd__clkbuf_16)
    11    0.03                           clknet_3_7__leaf_clk (net)
                  0.05    0.00    0.39 ^ _476_/CLK (sky130_fd_sc_hd__dfrtp_1)
                          0.25    0.64   clock uncertainty
                          0.00    0.64   clock reconvergence pessimism
                          0.40    1.04   library removal time
                                  1.04   data required time
-----------------------------------------------------------------------------
                                  1.04   data required time
                                 -5.32   data arrival time
-----------------------------------------------------------------------------
                                  4.29   slack (MET)


Startpoint: rst_n (input port clocked by clk)
Endpoint: _472_ (removal check against rising-edge clock clk)
Path Group: asynchronous
Path Type: min

Fanout     Cap    Slew   Delay    Time   Description
-----------------------------------------------------------------------------
                          0.00    0.00   clock clk (rise edge)
                          0.00    0.00   clock network delay (propagated)
                          5.00    5.00 ^ input external delay
                  0.05    0.03    5.03 ^ rst_n (in)
     1    0.01                           rst_n (net)
                  0.05    0.00    5.03 ^ input17/A (sky130_fd_sc_hd__buf_12)
                  0.32    0.29    5.32 ^ input17/X (sky130_fd_sc_hd__buf_12)
    65    0.28                           net17 (net)
                  0.32    0.00    5.32 ^ _472_/RESET_B (sky130_fd_sc_hd__dfrtp_1)
                                  5.32   data arrival time

                          0.00    0.00   clock clk (rise edge)
                          0.00    0.00   clock source latency
                  0.07    0.05    0.05 ^ clk (in)
     1    0.01                           clk (net)
                  0.07    0.00    0.05 ^ clkbuf_0_clk/A (sky130_fd_sc_hd__clkbuf_16)
                  0.09    0.18    0.23 ^ clkbuf_0_clk/X (sky130_fd_sc_hd__clkbuf_16)
     8    0.07                           clknet_0_clk (net)
                  0.09    0.00    0.23 ^ clkbuf_3_7__f_clk/A (sky130_fd_sc_hd__clkbuf_16)
                  0.05    0.16    0.39 ^ clkbuf_3_7__f_clk/X (sky130_fd_sc_hd__clkbuf_16)
    11    0.03                           clknet_3_7__leaf_clk (net)
                  0.05    0.00    0.39 ^ _472_/CLK (sky130_fd_sc_hd__dfrtp_1)
                          0.25    0.64   clock uncertainty
                          0.00    0.64   clock reconvergence pessimism
                          0.40    1.04   library removal time
                                  1.04   data required time
-----------------------------------------------------------------------------
                                  1.04   data required time
                                 -5.32   data arrival time
-----------------------------------------------------------------------------
                                  4.29   slack (MET)


Startpoint: rst_n (input port clocked by clk)
Endpoint: _441_ (removal check against rising-edge clock clk)
Path Group: asynchronous
Path Type: min

Fanout     Cap    Slew   Delay    Time   Description
-----------------------------------------------------------------------------
                          0.00    0.00   clock clk (rise edge)
                          0.00    0.00   clock network delay (propagated)
                          5.00    5.00 ^ input external delay
                  0.05    0.03    5.03 ^ rst_n (in)
     1    0.01                           rst_n (net)
                  0.05    0.00    5.03 ^ input17/A (sky130_fd_sc_hd__buf_12)
                  0.32    0.29    5.32 ^ input17/X (sky130_fd_sc_hd__buf_12)
    65    0.28                           net17 (net)
                  0.32    0.00    5.32 ^ _441_/RESET_B (sky130_fd_sc_hd__dfrtp_1)
                                  5.32   data arrival time

                          0.00    0.00   clock clk (rise edge)
                          0.00    0.00   clock source latency
                  0.07    0.05    0.05 ^ clk (in)
     1    0.01                           clk (net)
                  0.07    0.00    0.05 ^ clkbuf_0_clk/A (sky130_fd_sc_hd__clkbuf_16)
                  0.09    0.18    0.23 ^ clkbuf_0_clk/X (sky130_fd_sc_hd__clkbuf_16)
     8    0.07                           clknet_0_clk (net)
                  0.09    0.00    0.23 ^ clkbuf_3_0__f_clk/A (sky130_fd_sc_hd__clkbuf_16)
                  0.05    0.16    0.39 ^ clkbuf_3_0__f_clk/X (sky130_fd_sc_hd__clkbuf_16)
    11    0.03                           clknet_3_0__leaf_clk (net)
                  0.05    0.00    0.39 ^ _441_/CLK (sky130_fd_sc_hd__dfrtp_1)
                          0.25    0.64   clock uncertainty
                          0.00    0.64   clock reconvergence pessimism
                          0.40    1.04   library removal time
                                  1.04   data required time
-----------------------------------------------------------------------------
                                  1.04   data required time
                                 -5.32   data arrival time
-----------------------------------------------------------------------------
                                  4.29   slack (MET)


Startpoint: rst_n (input port clocked by clk)
Endpoint: _442_ (removal check against rising-edge clock clk)
Path Group: asynchronous
Path Type: min

Fanout     Cap    Slew   Delay    Time   Description
-----------------------------------------------------------------------------
                          0.00    0.00   clock clk (rise edge)
                          0.00    0.00   clock network delay (propagated)
                          5.00    5.00 ^ input external delay
                  0.05    0.03    5.03 ^ rst_n (in)
     1    0.01                           rst_n (net)
                  0.05    0.00    5.03 ^ input17/A (sky130_fd_sc_hd__buf_12)
                  0.32    0.29    5.32 ^ input17/X (sky130_fd_sc_hd__buf_12)
    65    0.28                           net17 (net)
                  0.32    0.00    5.32 ^ _442_/RESET_B (sky130_fd_sc_hd__dfrtp_1)
                                  5.32   data arrival time

                          0.00    0.00   clock clk (rise edge)
                          0.00    0.00   clock source latency
                  0.07    0.05    0.05 ^ clk (in)
     1    0.01                           clk (net)
                  0.07    0.00    0.05 ^ clkbuf_0_clk/A (sky130_fd_sc_hd__clkbuf_16)
                  0.09    0.18    0.23 ^ clkbuf_0_clk/X (sky130_fd_sc_hd__clkbuf_16)
     8    0.07                           clknet_0_clk (net)
                  0.09    0.00    0.23 ^ clkbuf_3_0__f_clk/A (sky130_fd_sc_hd__clkbuf_16)
                  0.05    0.16    0.39 ^ clkbuf_3_0__f_clk/X (sky130_fd_sc_hd__clkbuf_16)
    11    0.03                           clknet_3_0__leaf_clk (net)
                  0.05    0.00    0.39 ^ _442_/CLK (sky130_fd_sc_hd__dfrtp_1)
                          0.25    0.64   clock uncertainty
                          0.00    0.64   clock reconvergence pessimism
                          0.40    1.04   library removal time
                                  1.04   data required time
-----------------------------------------------------------------------------
                                  1.04   data required time
                                 -5.32   data arrival time
-----------------------------------------------------------------------------
                                  4.29   slack (MET)


Startpoint: rst_n (input port clocked by clk)
Endpoint: _443_ (removal check against rising-edge clock clk)
Path Group: asynchronous
Path Type: min

Fanout     Cap    Slew   Delay    Time   Description
-----------------------------------------------------------------------------
                          0.00    0.00   clock clk (rise edge)
                          0.00    0.00   clock network delay (propagated)
                          5.00    5.00 ^ input external delay
                  0.05    0.03    5.03 ^ rst_n (in)
     1    0.01                           rst_n (net)
                  0.05    0.00    5.03 ^ input17/A (sky130_fd_sc_hd__buf_12)
                  0.32    0.29    5.32 ^ input17/X (sky130_fd_sc_hd__buf_12)
    65    0.28                           net17 (net)
                  0.32    0.00    5.32 ^ _443_/RESET_B (sky130_fd_sc_hd__dfrtp_1)
                                  5.32   data arrival time

                          0.00    0.00   clock clk (rise edge)
                          0.00    0.00   clock source latency
                  0.07    0.05    0.05 ^ clk (in)
     1    0.01                           clk (net)
                  0.07    0.00    0.05 ^ clkbuf_0_clk/A (sky130_fd_sc_hd__clkbuf_16)
                  0.09    0.18    0.23 ^ clkbuf_0_clk/X (sky130_fd_sc_hd__clkbuf_16)
     8    0.07                           clknet_0_clk (net)
                  0.09    0.00    0.23 ^ clkbuf_3_0__f_clk/A (sky130_fd_sc_hd__clkbuf_16)
                  0.05    0.16    0.39 ^ clkbuf_3_0__f_clk/X (sky130_fd_sc_hd__clkbuf_16)
    11    0.03                           clknet_3_0__leaf_clk (net)
                  0.05    0.00    0.39 ^ _443_/CLK (sky130_fd_sc_hd__dfrtp_1)
                          0.25    0.64   clock uncertainty
                          0.00    0.64   clock reconvergence pessimism
                          0.40    1.04   library removal time
                                  1.04   data required time
-----------------------------------------------------------------------------
                                  1.04   data required time
                                 -5.32   data arrival time
-----------------------------------------------------------------------------
                                  4.29   slack (MET)


Startpoint: rst_n (input port clocked by clk)
Endpoint: _480_ (removal check against rising-edge clock clk)
Path Group: asynchronous
Path Type: min

Fanout     Cap    Slew   Delay    Time   Description
-----------------------------------------------------------------------------
                          0.00    0.00   clock clk (rise edge)
                          0.00    0.00   clock network delay (propagated)
                          5.00    5.00 ^ input external delay
                  0.05    0.03    5.03 ^ rst_n (in)
     1    0.01                           rst_n (net)
                  0.05    0.00    5.03 ^ input17/A (sky130_fd_sc_hd__buf_12)
                  0.32    0.29    5.32 ^ input17/X (sky130_fd_sc_hd__buf_12)
    65    0.28                           net17 (net)
                  0.32    0.01    5.32 ^ _480_/RESET_B (sky130_fd_sc_hd__dfrtp_1)
                                  5.32   data arrival time

                          0.00    0.00   clock clk (rise edge)
                          0.00    0.00   clock source latency
                  0.07    0.05    0.05 ^ clk (in)
     1    0.01                           clk (net)
                  0.07    0.00    0.05 ^ clkbuf_0_clk/A (sky130_fd_sc_hd__clkbuf_16)
                  0.09    0.18    0.23 ^ clkbuf_0_clk/X (sky130_fd_sc_hd__clkbuf_16)
     8    0.07                           clknet_0_clk (net)
                  0.09    0.00    0.23 ^ clkbuf_3_7__f_clk/A (sky130_fd_sc_hd__clkbuf_16)
                  0.05    0.16    0.39 ^ clkbuf_3_7__f_clk/X (sky130_fd_sc_hd__clkbuf_16)
    11    0.03                           clknet_3_7__leaf_clk (net)
                  0.05    0.00    0.39 ^ _480_/CLK (sky130_fd_sc_hd__dfrtp_1)
                          0.25    0.64   clock uncertainty
                          0.00    0.64   clock reconvergence pessimism
                          0.40    1.04   library removal time
                                  1.04   data required time
-----------------------------------------------------------------------------
                                  1.04   data required time
                                 -5.32   data arrival time
-----------------------------------------------------------------------------
                                  4.29   slack (MET)


Startpoint: rst_n (input port clocked by clk)
Endpoint: _453_ (removal check against rising-edge clock clk)
Path Group: asynchronous
Path Type: min

Fanout     Cap    Slew   Delay    Time   Description
-----------------------------------------------------------------------------
                          0.00    0.00   clock clk (rise edge)
                          0.00    0.00   clock network delay (propagated)
                          5.00    5.00 ^ input external delay
                  0.05    0.03    5.03 ^ rst_n (in)
     1    0.01                           rst_n (net)
                  0.05    0.00    5.03 ^ input17/A (sky130_fd_sc_hd__buf_12)
                  0.32    0.29    5.32 ^ input17/X (sky130_fd_sc_hd__buf_12)
    65    0.28                           net17 (net)
                  0.32    0.00    5.32 ^ _453_/RESET_B (sky130_fd_sc_hd__dfrtp_1)
                                  5.32   data arrival time

                          0.00    0.00   clock clk (rise edge)
                          0.00    0.00   clock source latency
                  0.07    0.05    0.05 ^ clk (in)
     1    0.01                           clk (net)
                  0.07    0.00    0.05 ^ clkbuf_0_clk/A (sky130_fd_sc_hd__clkbuf_16)
                  0.09    0.18    0.23 ^ clkbuf_0_clk/X (sky130_fd_sc_hd__clkbuf_16)
     8    0.07                           clknet_0_clk (net)
                  0.09    0.00    0.23 ^ clkbuf_3_3__f_clk/A (sky130_fd_sc_hd__clkbuf_16)
                  0.04    0.15    0.38 ^ clkbuf_3_3__f_clk/X (sky130_fd_sc_hd__clkbuf_16)
     8    0.02                           clknet_3_3__leaf_clk (net)
                  0.04    0.00    0.38 ^ _453_/CLK (sky130_fd_sc_hd__dfrtp_1)
                          0.25    0.63   clock uncertainty
                          0.00    0.63   clock reconvergence pessimism
                          0.39    1.03   library removal time
                                  1.03   data required time
-----------------------------------------------------------------------------
                                  1.03   data required time
                                 -5.32   data arrival time
-----------------------------------------------------------------------------
                                  4.29   slack (MET)


Startpoint: rst_n (input port clocked by clk)
Endpoint: _466_ (removal check against rising-edge clock clk)
Path Group: asynchronous
Path Type: min

Fanout     Cap    Slew   Delay    Time   Description
-----------------------------------------------------------------------------
                          0.00    0.00   clock clk (rise edge)
                          0.00    0.00   clock network delay (propagated)
                          5.00    5.00 ^ input external delay
                  0.05    0.03    5.03 ^ rst_n (in)
     1    0.01                           rst_n (net)
                  0.05    0.00    5.03 ^ input17/A (sky130_fd_sc_hd__buf_12)
                  0.32    0.29    5.32 ^ input17/X (sky130_fd_sc_hd__buf_12)
    65    0.28                           net17 (net)
                  0.32    0.00    5.32 ^ _466_/RESET_B (sky130_fd_sc_hd__dfrtp_1)
                                  5.32   data arrival time

                          0.00    0.00   clock clk (rise edge)
                          0.00    0.00   clock source latency
                  0.07    0.05    0.05 ^ clk (in)
     1    0.01                           clk (net)
                  0.07    0.00    0.05 ^ clkbuf_0_clk/A (sky130_fd_sc_hd__clkbuf_16)
                  0.09    0.18    0.23 ^ clkbuf_0_clk/X (sky130_fd_sc_hd__clkbuf_16)
     8    0.07                           clknet_0_clk (net)
                  0.09    0.00    0.23 ^ clkbuf_3_6__f_clk/A (sky130_fd_sc_hd__clkbuf_16)
                  0.04    0.15    0.38 ^ clkbuf_3_6__f_clk/X (sky130_fd_sc_hd__clkbuf_16)
     8    0.02                           clknet_3_6__leaf_clk (net)
                  0.04    0.00    0.38 ^ _466_/CLK (sky130_fd_sc_hd__dfrtp_1)
                          0.25    0.63   clock uncertainty
                          0.00    0.63   clock reconvergence pessimism
                          0.39    1.03   library removal time
                                  1.03   data required time
-----------------------------------------------------------------------------
                                  1.03   data required time
                                 -5.32   data arrival time
-----------------------------------------------------------------------------
                                  4.29   slack (MET)


Startpoint: rst_n (input port clocked by clk)
Endpoint: _454_ (removal check against rising-edge clock clk)
Path Group: asynchronous
Path Type: min

Fanout     Cap    Slew   Delay    Time   Description
-----------------------------------------------------------------------------
                          0.00    0.00   clock clk (rise edge)
                          0.00    0.00   clock network delay (propagated)
                          5.00    5.00 ^ input external delay
                  0.05    0.03    5.03 ^ rst_n (in)
     1    0.01                           rst_n (net)
                  0.05    0.00    5.03 ^ input17/A (sky130_fd_sc_hd__buf_12)
                  0.32    0.29    5.32 ^ input17/X (sky130_fd_sc_hd__buf_12)
    65    0.28                           net17 (net)
                  0.32    0.00    5.32 ^ _454_/RESET_B (sky130_fd_sc_hd__dfrtp_1)
                                  5.32   data arrival time

                          0.00    0.00   clock clk (rise edge)
                          0.00    0.00   clock source latency
                  0.07    0.05    0.05 ^ clk (in)
     1    0.01                           clk (net)
                  0.07    0.00    0.05 ^ clkbuf_0_clk/A (sky130_fd_sc_hd__clkbuf_16)
                  0.09    0.18    0.23 ^ clkbuf_0_clk/X (sky130_fd_sc_hd__clkbuf_16)
     8    0.07                           clknet_0_clk (net)
                  0.09    0.00    0.23 ^ clkbuf_3_3__f_clk/A (sky130_fd_sc_hd__clkbuf_16)
                  0.04    0.15    0.38 ^ clkbuf_3_3__f_clk/X (sky130_fd_sc_hd__clkbuf_16)
     8    0.02                           clknet_3_3__leaf_clk (net)
                  0.04    0.00    0.38 ^ _454_/CLK (sky130_fd_sc_hd__dfrtp_1)
                          0.25    0.63   clock uncertainty
                          0.00    0.63   clock reconvergence pessimism
                          0.39    1.03   library removal time
                                  1.03   data required time
-----------------------------------------------------------------------------
                                  1.03   data required time
                                 -5.32   data arrival time
-----------------------------------------------------------------------------
                                  4.29   slack (MET)


Startpoint: rst_n (input port clocked by clk)
Endpoint: _484_ (removal check against rising-edge clock clk)
Path Group: asynchronous
Path Type: min

Fanout     Cap    Slew   Delay    Time   Description
-----------------------------------------------------------------------------
                          0.00    0.00   clock clk (rise edge)
                          0.00    0.00   clock network delay (propagated)
                          5.00    5.00 ^ input external delay
                  0.05    0.03    5.03 ^ rst_n (in)
     1    0.01                           rst_n (net)
                  0.05    0.00    5.03 ^ input17/A (sky130_fd_sc_hd__buf_12)
                  0.32    0.29    5.32 ^ input17/X (sky130_fd_sc_hd__buf_12)
    65    0.28                           net17 (net)
                  0.32    0.00    5.32 ^ _484_/RESET_B (sky130_fd_sc_hd__dfrtp_4)
                                  5.32   data arrival time

                          0.00    0.00   clock clk (rise edge)
                          0.00    0.00   clock source latency
                  0.07    0.05    0.05 ^ clk (in)
     1    0.01                           clk (net)
                  0.07    0.00    0.05 ^ clkbuf_0_clk/A (sky130_fd_sc_hd__clkbuf_16)
                  0.09    0.18    0.23 ^ clkbuf_0_clk/X (sky130_fd_sc_hd__clkbuf_16)
     8    0.07                           clknet_0_clk (net)
                  0.09    0.00    0.23 ^ clkbuf_3_2__f_clk/A (sky130_fd_sc_hd__clkbuf_16)
                  0.04    0.15    0.38 ^ clkbuf_3_2__f_clk/X (sky130_fd_sc_hd__clkbuf_16)
     8    0.02                           clknet_3_2__leaf_clk (net)
                  0.04    0.00    0.38 ^ _484_/CLK (sky130_fd_sc_hd__dfrtp_4)
                          0.25    0.63   clock uncertainty
                          0.00    0.63   clock reconvergence pessimism
                          0.39    1.03   library removal time
                                  1.03   data required time
-----------------------------------------------------------------------------
                                  1.03   data required time
                                 -5.32   data arrival time
-----------------------------------------------------------------------------
                                  4.29   slack (MET)


Startpoint: rst_n (input port clocked by clk)
Endpoint: _448_ (removal check against rising-edge clock clk)
Path Group: asynchronous
Path Type: min

Fanout     Cap    Slew   Delay    Time   Description
-----------------------------------------------------------------------------
                          0.00    0.00   clock clk (rise edge)
                          0.00    0.00   clock network delay (propagated)
                          5.00    5.00 ^ input external delay
                  0.05    0.03    5.03 ^ rst_n (in)
     1    0.01                           rst_n (net)
                  0.05    0.00    5.03 ^ input17/A (sky130_fd_sc_hd__buf_12)
                  0.32    0.29    5.32 ^ input17/X (sky130_fd_sc_hd__buf_12)
    65    0.28                           net17 (net)
                  0.32    0.00    5.32 ^ _448_/RESET_B (sky130_fd_sc_hd__dfrtp_1)
                                  5.32   data arrival time

                          0.00    0.00   clock clk (rise edge)
                          0.00    0.00   clock source latency
                  0.07    0.05    0.05 ^ clk (in)
     1    0.01                           clk (net)
                  0.07    0.00    0.05 ^ clkbuf_0_clk/A (sky130_fd_sc_hd__clkbuf_16)
                  0.09    0.18    0.23 ^ clkbuf_0_clk/X (sky130_fd_sc_hd__clkbuf_16)
     8    0.07                           clknet_0_clk (net)
                  0.09    0.00    0.23 ^ clkbuf_3_2__f_clk/A (sky130_fd_sc_hd__clkbuf_16)
                  0.04    0.15    0.38 ^ clkbuf_3_2__f_clk/X (sky130_fd_sc_hd__clkbuf_16)
     8    0.02                           clknet_3_2__leaf_clk (net)
                  0.04    0.00    0.38 ^ _448_/CLK (sky130_fd_sc_hd__dfrtp_1)
                          0.25    0.63   clock uncertainty
                          0.00    0.63   clock reconvergence pessimism
                          0.39    1.03   library removal time
                                  1.03   data required time
-----------------------------------------------------------------------------
                                  1.03   data required time
                                 -5.32   data arrival time
-----------------------------------------------------------------------------
                                  4.29   slack (MET)


Startpoint: rst_n (input port clocked by clk)
Endpoint: _468_ (removal check against rising-edge clock clk)
Path Group: asynchronous
Path Type: min

Fanout     Cap    Slew   Delay    Time   Description
-----------------------------------------------------------------------------
                          0.00    0.00   clock clk (rise edge)
                          0.00    0.00   clock network delay (propagated)
                          5.00    5.00 ^ input external delay
                  0.05    0.03    5.03 ^ rst_n (in)
     1    0.01                           rst_n (net)
                  0.05    0.00    5.03 ^ input17/A (sky130_fd_sc_hd__buf_12)
                  0.32    0.29    5.32 ^ input17/X (sky130_fd_sc_hd__buf_12)
    65    0.28                           net17 (net)
                  0.32    0.00    5.32 ^ _468_/RESET_B (sky130_fd_sc_hd__dfrtp_1)
                                  5.32   data arrival time

                          0.00    0.00   clock clk (rise edge)
                          0.00    0.00   clock source latency
                  0.07    0.05    0.05 ^ clk (in)
     1    0.01                           clk (net)
                  0.07    0.00    0.05 ^ clkbuf_0_clk/A (sky130_fd_sc_hd__clkbuf_16)
                  0.09    0.18    0.23 ^ clkbuf_0_clk/X (sky130_fd_sc_hd__clkbuf_16)
     8    0.07                           clknet_0_clk (net)
                  0.09    0.00    0.23 ^ clkbuf_3_6__f_clk/A (sky130_fd_sc_hd__clkbuf_16)
                  0.04    0.15    0.38 ^ clkbuf_3_6__f_clk/X (sky130_fd_sc_hd__clkbuf_16)
     8    0.02                           clknet_3_6__leaf_clk (net)
                  0.04    0.00    0.38 ^ _468_/CLK (sky130_fd_sc_hd__dfrtp_1)
                          0.25    0.63   clock uncertainty
                          0.00    0.63   clock reconvergence pessimism
                          0.39    1.03   library removal time
                                  1.03   data required time
-----------------------------------------------------------------------------
                                  1.03   data required time
                                 -5.32   data arrival time
-----------------------------------------------------------------------------
                                  4.30   slack (MET)


Startpoint: rst_n (input port clocked by clk)
Endpoint: _433_ (removal check against rising-edge clock clk)
Path Group: asynchronous
Path Type: min

Fanout     Cap    Slew   Delay    Time   Description
-----------------------------------------------------------------------------
                          0.00    0.00   clock clk (rise edge)
                          0.00    0.00   clock network delay (propagated)
                          5.00    5.00 ^ input external delay
                  0.05    0.03    5.03 ^ rst_n (in)
     1    0.01                           rst_n (net)
                  0.05    0.00    5.03 ^ input17/A (sky130_fd_sc_hd__buf_12)
                  0.32    0.29    5.32 ^ input17/X (sky130_fd_sc_hd__buf_12)
    65    0.28                           net17 (net)
                  0.32    0.00    5.32 ^ _433_/RESET_B (sky130_fd_sc_hd__dfrtp_1)
                                  5.32   data arrival time

                          0.00    0.00   clock clk (rise edge)
                          0.00    0.00   clock source latency
                  0.07    0.05    0.05 ^ clk (in)
     1    0.01                           clk (net)
                  0.07    0.00    0.05 ^ clkbuf_0_clk/A (sky130_fd_sc_hd__clkbuf_16)
                  0.09    0.18    0.23 ^ clkbuf_0_clk/X (sky130_fd_sc_hd__clkbuf_16)
     8    0.07                           clknet_0_clk (net)
                  0.09    0.00    0.23 ^ clkbuf_3_6__f_clk/A (sky130_fd_sc_hd__clkbuf_16)
                  0.04    0.15    0.38 ^ clkbuf_3_6__f_clk/X (sky130_fd_sc_hd__clkbuf_16)
     8    0.02                           clknet_3_6__leaf_clk (net)
                  0.04    0.00    0.38 ^ _433_/CLK (sky130_fd_sc_hd__dfrtp_1)
                          0.25    0.63   clock uncertainty
                          0.00    0.63   clock reconvergence pessimism
                          0.39    1.03   library removal time
                                  1.03   data required time
-----------------------------------------------------------------------------
                                  1.03   data required time
                                 -5.32   data arrival time
-----------------------------------------------------------------------------
                                  4.30   slack (MET)


Startpoint: rst_n (input port clocked by clk)
Endpoint: _423_ (removal check against rising-edge clock clk)
Path Group: asynchronous
Path Type: min

Fanout     Cap    Slew   Delay    Time   Description
-----------------------------------------------------------------------------
                          0.00    0.00   clock clk (rise edge)
                          0.00    0.00   clock network delay (propagated)
                          5.00    5.00 ^ input external delay
                  0.05    0.03    5.03 ^ rst_n (in)
     1    0.01                           rst_n (net)
                  0.05    0.00    5.03 ^ input17/A (sky130_fd_sc_hd__buf_12)
                  0.32    0.29    5.32 ^ input17/X (sky130_fd_sc_hd__buf_12)
    65    0.28                           net17 (net)
                  0.32    0.00    5.32 ^ _423_/RESET_B (sky130_fd_sc_hd__dfrtp_1)
                                  5.32   data arrival time

                          0.00    0.00   clock clk (rise edge)
                          0.00    0.00   clock source latency
                  0.07    0.05    0.05 ^ clk (in)
     1    0.01                           clk (net)
                  0.07    0.00    0.05 ^ clkbuf_0_clk/A (sky130_fd_sc_hd__clkbuf_16)
                  0.09    0.18    0.23 ^ clkbuf_0_clk/X (sky130_fd_sc_hd__clkbuf_16)
     8    0.07                           clknet_0_clk (net)
                  0.09    0.00    0.23 ^ clkbuf_3_3__f_clk/A (sky130_fd_sc_hd__clkbuf_16)
                  0.04    0.15    0.38 ^ clkbuf_3_3__f_clk/X (sky130_fd_sc_hd__clkbuf_16)
     8    0.02                           clknet_3_3__leaf_clk (net)
                  0.04    0.00    0.38 ^ _423_/CLK (sky130_fd_sc_hd__dfrtp_1)
                          0.25    0.63   clock uncertainty
                          0.00    0.63   clock reconvergence pessimism
                          0.39    1.03   library removal time
                                  1.03   data required time
-----------------------------------------------------------------------------
                                  1.03   data required time
                                 -5.32   data arrival time
-----------------------------------------------------------------------------
                                  4.30   slack (MET)


Startpoint: rst_n (input port clocked by clk)
Endpoint: _447_ (removal check against rising-edge clock clk)
Path Group: asynchronous
Path Type: min

Fanout     Cap    Slew   Delay    Time   Description
-----------------------------------------------------------------------------
                          0.00    0.00   clock clk (rise edge)
                          0.00    0.00   clock network delay (propagated)
                          5.00    5.00 ^ input external delay
                  0.05    0.03    5.03 ^ rst_n (in)
     1    0.01                           rst_n (net)
                  0.05    0.00    5.03 ^ input17/A (sky130_fd_sc_hd__buf_12)
                  0.32    0.29    5.32 ^ input17/X (sky130_fd_sc_hd__buf_12)
    65    0.28                           net17 (net)
                  0.32    0.00    5.32 ^ _447_/RESET_B (sky130_fd_sc_hd__dfrtp_1)
                                  5.32   data arrival time

                          0.00    0.00   clock clk (rise edge)
                          0.00    0.00   clock source latency
                  0.07    0.05    0.05 ^ clk (in)
     1    0.01                           clk (net)
                  0.07    0.00    0.05 ^ clkbuf_0_clk/A (sky130_fd_sc_hd__clkbuf_16)
                  0.09    0.18    0.23 ^ clkbuf_0_clk/X (sky130_fd_sc_hd__clkbuf_16)
     8    0.07                           clknet_0_clk (net)
                  0.09    0.00    0.23 ^ clkbuf_3_2__f_clk/A (sky130_fd_sc_hd__clkbuf_16)
                  0.04    0.15    0.38 ^ clkbuf_3_2__f_clk/X (sky130_fd_sc_hd__clkbuf_16)
     8    0.02                           clknet_3_2__leaf_clk (net)
                  0.04    0.00    0.38 ^ _447_/CLK (sky130_fd_sc_hd__dfrtp_1)
                          0.25    0.63   clock uncertainty
                          0.00    0.63   clock reconvergence pessimism
                          0.39    1.03   library removal time
                                  1.03   data required time
-----------------------------------------------------------------------------
                                  1.03   data required time
                                 -5.32   data arrival time
-----------------------------------------------------------------------------
                                  4.30   slack (MET)


Startpoint: rst_n (input port clocked by clk)
Endpoint: _449_ (removal check against rising-edge clock clk)
Path Group: asynchronous
Path Type: min

Fanout     Cap    Slew   Delay    Time   Description
-----------------------------------------------------------------------------
                          0.00    0.00   clock clk (rise edge)
                          0.00    0.00   clock network delay (propagated)
                          5.00    5.00 ^ input external delay
                  0.05    0.03    5.03 ^ rst_n (in)
     1    0.01                           rst_n (net)
                  0.05    0.00    5.03 ^ input17/A (sky130_fd_sc_hd__buf_12)
                  0.32    0.29    5.32 ^ input17/X (sky130_fd_sc_hd__buf_12)
    65    0.28                           net17 (net)
                  0.32    0.00    5.32 ^ _449_/RESET_B (sky130_fd_sc_hd__dfrtp_1)
                                  5.32   data arrival time

                          0.00    0.00   clock clk (rise edge)
                          0.00    0.00   clock source latency
                  0.07    0.05    0.05 ^ clk (in)
     1    0.01                           clk (net)
                  0.07    0.00    0.05 ^ clkbuf_0_clk/A (sky130_fd_sc_hd__clkbuf_16)
                  0.09    0.18    0.23 ^ clkbuf_0_clk/X (sky130_fd_sc_hd__clkbuf_16)
     8    0.07                           clknet_0_clk (net)
                  0.09    0.00    0.23 ^ clkbuf_3_2__f_clk/A (sky130_fd_sc_hd__clkbuf_16)
                  0.04    0.15    0.38 ^ clkbuf_3_2__f_clk/X (sky130_fd_sc_hd__clkbuf_16)
     8    0.02                           clknet_3_2__leaf_clk (net)
                  0.04    0.00    0.38 ^ _449_/CLK (sky130_fd_sc_hd__dfrtp_1)
                          0.25    0.63   clock uncertainty
                          0.00    0.63   clock reconvergence pessimism
                          0.39    1.03   library removal time
                                  1.03   data required time
-----------------------------------------------------------------------------
                                  1.03   data required time
                                 -5.32   data arrival time
-----------------------------------------------------------------------------
                                  4.30   slack (MET)


Startpoint: rst_n (input port clocked by clk)
Endpoint: _473_ (removal check against rising-edge clock clk)
Path Group: asynchronous
Path Type: min

Fanout     Cap    Slew   Delay    Time   Description
-----------------------------------------------------------------------------
                          0.00    0.00   clock clk (rise edge)
                          0.00    0.00   clock network delay (propagated)
                          5.00    5.00 ^ input external delay
                  0.05    0.03    5.03 ^ rst_n (in)
     1    0.01                           rst_n (net)
                  0.05    0.00    5.03 ^ input17/A (sky130_fd_sc_hd__buf_12)
                  0.32    0.29    5.32 ^ input17/X (sky130_fd_sc_hd__buf_12)
    65    0.28                           net17 (net)
                  0.32    0.00    5.32 ^ _473_/RESET_B (sky130_fd_sc_hd__dfrtp_1)
                                  5.32   data arrival time

                          0.00    0.00   clock clk (rise edge)
                          0.00    0.00   clock source latency
                  0.07    0.05    0.05 ^ clk (in)
     1    0.01                           clk (net)
                  0.07    0.00    0.05 ^ clkbuf_0_clk/A (sky130_fd_sc_hd__clkbuf_16)
                  0.09    0.18    0.23 ^ clkbuf_0_clk/X (sky130_fd_sc_hd__clkbuf_16)
     8    0.07                           clknet_0_clk (net)
                  0.09    0.00    0.23 ^ clkbuf_3_3__f_clk/A (sky130_fd_sc_hd__clkbuf_16)
                  0.04    0.15    0.38 ^ clkbuf_3_3__f_clk/X (sky130_fd_sc_hd__clkbuf_16)
     8    0.02                           clknet_3_3__leaf_clk (net)
                  0.04    0.00    0.38 ^ _473_/CLK (sky130_fd_sc_hd__dfrtp_1)
                          0.25    0.63   clock uncertainty
                          0.00    0.63   clock reconvergence pessimism
                          0.39    1.03   library removal time
                                  1.03   data required time
-----------------------------------------------------------------------------
                                  1.03   data required time
                                 -5.32   data arrival time
-----------------------------------------------------------------------------
                                  4.30   slack (MET)


Startpoint: rst_n (input port clocked by clk)
Endpoint: _485_ (removal check against rising-edge clock clk)
Path Group: asynchronous
Path Type: min

Fanout     Cap    Slew   Delay    Time   Description
-----------------------------------------------------------------------------
                          0.00    0.00   clock clk (rise edge)
                          0.00    0.00   clock network delay (propagated)
                          5.00    5.00 ^ input external delay
                  0.05    0.03    5.03 ^ rst_n (in)
     1    0.01                           rst_n (net)
                  0.05    0.00    5.03 ^ input17/A (sky130_fd_sc_hd__buf_12)
                  0.32    0.29    5.32 ^ input17/X (sky130_fd_sc_hd__buf_12)
    65    0.28                           net17 (net)
                  0.32    0.00    5.32 ^ _485_/RESET_B (sky130_fd_sc_hd__dfrtp_4)
                                  5.32   data arrival time

                          0.00    0.00   clock clk (rise edge)
                          0.00    0.00   clock source latency
                  0.07    0.05    0.05 ^ clk (in)
     1    0.01                           clk (net)
                  0.07    0.00    0.05 ^ clkbuf_0_clk/A (sky130_fd_sc_hd__clkbuf_16)
                  0.09    0.18    0.23 ^ clkbuf_0_clk/X (sky130_fd_sc_hd__clkbuf_16)
     8    0.07                           clknet_0_clk (net)
                  0.09    0.00    0.23 ^ clkbuf_3_2__f_clk/A (sky130_fd_sc_hd__clkbuf_16)
                  0.04    0.15    0.38 ^ clkbuf_3_2__f_clk/X (sky130_fd_sc_hd__clkbuf_16)
     8    0.02                           clknet_3_2__leaf_clk (net)
                  0.04    0.00    0.38 ^ _485_/CLK (sky130_fd_sc_hd__dfrtp_4)
                          0.25    0.63   clock uncertainty
                          0.00    0.63   clock reconvergence pessimism
                          0.39    1.03   library removal time
                                  1.03   data required time
-----------------------------------------------------------------------------
                                  1.03   data required time
                                 -5.32   data arrival time
-----------------------------------------------------------------------------
                                  4.30   slack (MET)


Startpoint: rst_n (input port clocked by clk)
Endpoint: _467_ (removal check against rising-edge clock clk)
Path Group: asynchronous
Path Type: min

Fanout     Cap    Slew   Delay    Time   Description
-----------------------------------------------------------------------------
                          0.00    0.00   clock clk (rise edge)
                          0.00    0.00   clock network delay (propagated)
                          5.00    5.00 ^ input external delay
                  0.05    0.03    5.03 ^ rst_n (in)
     1    0.01                           rst_n (net)
                  0.05    0.00    5.03 ^ input17/A (sky130_fd_sc_hd__buf_12)
                  0.32    0.29    5.32 ^ input17/X (sky130_fd_sc_hd__buf_12)
    65    0.28                           net17 (net)
                  0.32    0.00    5.32 ^ _467_/RESET_B (sky130_fd_sc_hd__dfrtp_1)
                                  5.32   data arrival time

                          0.00    0.00   clock clk (rise edge)
                          0.00    0.00   clock source latency
                  0.07    0.05    0.05 ^ clk (in)
     1    0.01                           clk (net)
                  0.07    0.00    0.05 ^ clkbuf_0_clk/A (sky130_fd_sc_hd__clkbuf_16)
                  0.09    0.18    0.23 ^ clkbuf_0_clk/X (sky130_fd_sc_hd__clkbuf_16)
     8    0.07                           clknet_0_clk (net)
                  0.09    0.00    0.23 ^ clkbuf_3_6__f_clk/A (sky130_fd_sc_hd__clkbuf_16)
                  0.04    0.15    0.38 ^ clkbuf_3_6__f_clk/X (sky130_fd_sc_hd__clkbuf_16)
     8    0.02                           clknet_3_6__leaf_clk (net)
                  0.04    0.00    0.38 ^ _467_/CLK (sky130_fd_sc_hd__dfrtp_1)
                          0.25    0.63   clock uncertainty
                          0.00    0.63   clock reconvergence pessimism
                          0.39    1.03   library removal time
                                  1.03   data required time
-----------------------------------------------------------------------------
                                  1.03   data required time
                                 -5.32   data arrival time
-----------------------------------------------------------------------------
                                  4.30   slack (MET)


Startpoint: rst_n (input port clocked by clk)
Endpoint: _422_ (removal check against rising-edge clock clk)
Path Group: asynchronous
Path Type: min

Fanout     Cap    Slew   Delay    Time   Description
-----------------------------------------------------------------------------
                          0.00    0.00   clock clk (rise edge)
                          0.00    0.00   clock network delay (propagated)
                          5.00    5.00 ^ input external delay
                  0.05    0.03    5.03 ^ rst_n (in)
     1    0.01                           rst_n (net)
                  0.05    0.00    5.03 ^ input17/A (sky130_fd_sc_hd__buf_12)
                  0.32    0.29    5.32 ^ input17/X (sky130_fd_sc_hd__buf_12)
    65    0.28                           net17 (net)
                  0.32    0.00    5.32 ^ _422_/RESET_B (sky130_fd_sc_hd__dfrtp_1)
                                  5.32   data arrival time

                          0.00    0.00   clock clk (rise edge)
                          0.00    0.00   clock source latency
                  0.07    0.05    0.05 ^ clk (in)
     1    0.01                           clk (net)
                  0.07    0.00    0.05 ^ clkbuf_0_clk/A (sky130_fd_sc_hd__clkbuf_16)
                  0.09    0.18    0.23 ^ clkbuf_0_clk/X (sky130_fd_sc_hd__clkbuf_16)
     8    0.07                           clknet_0_clk (net)
                  0.09    0.00    0.23 ^ clkbuf_3_2__f_clk/A (sky130_fd_sc_hd__clkbuf_16)
                  0.04    0.15    0.38 ^ clkbuf_3_2__f_clk/X (sky130_fd_sc_hd__clkbuf_16)
     8    0.02                           clknet_3_2__leaf_clk (net)
                  0.04    0.00    0.38 ^ _422_/CLK (sky130_fd_sc_hd__dfrtp_1)
                          0.25    0.63   clock uncertainty
                          0.00    0.63   clock reconvergence pessimism
                          0.39    1.03   library removal time
                                  1.03   data required time
-----------------------------------------------------------------------------
                                  1.03   data required time
                                 -5.32   data arrival time
-----------------------------------------------------------------------------
                                  4.30   slack (MET)


Startpoint: rst_n (input port clocked by clk)
Endpoint: _486_ (removal check against rising-edge clock clk)
Path Group: asynchronous
Path Type: min

Fanout     Cap    Slew   Delay    Time   Description
-----------------------------------------------------------------------------
                          0.00    0.00   clock clk (rise edge)
                          0.00    0.00   clock network delay (propagated)
                          5.00    5.00 ^ input external delay
                  0.05    0.03    5.03 ^ rst_n (in)
     1    0.01                           rst_n (net)
                  0.05    0.00    5.03 ^ input17/A (sky130_fd_sc_hd__buf_12)
                  0.32    0.29    5.32 ^ input17/X (sky130_fd_sc_hd__buf_12)
    65    0.28                           net17 (net)
                  0.32    0.00    5.32 ^ _486_/RESET_B (sky130_fd_sc_hd__dfrtp_4)
                                  5.32   data arrival time

                          0.00    0.00   clock clk (rise edge)
                          0.00    0.00   clock source latency
                  0.07    0.05    0.05 ^ clk (in)
     1    0.01                           clk (net)
                  0.07    0.00    0.05 ^ clkbuf_0_clk/A (sky130_fd_sc_hd__clkbuf_16)
                  0.09    0.18    0.23 ^ clkbuf_0_clk/X (sky130_fd_sc_hd__clkbuf_16)
     8    0.07                           clknet_0_clk (net)
                  0.09    0.00    0.23 ^ clkbuf_3_2__f_clk/A (sky130_fd_sc_hd__clkbuf_16)
                  0.04    0.15    0.38 ^ clkbuf_3_2__f_clk/X (sky130_fd_sc_hd__clkbuf_16)
     8    0.02                           clknet_3_2__leaf_clk (net)
                  0.04    0.00    0.38 ^ _486_/CLK (sky130_fd_sc_hd__dfrtp_4)
                          0.25    0.63   clock uncertainty
                          0.00    0.63   clock reconvergence pessimism
                          0.39    1.03   library removal time
                                  1.03   data required time
-----------------------------------------------------------------------------
                                  1.03   data required time
                                 -5.32   data arrival time
-----------------------------------------------------------------------------
                                  4.30   slack (MET)


Startpoint: rst_n (input port clocked by clk)
Endpoint: _456_ (removal check against rising-edge clock clk)
Path Group: asynchronous
Path Type: min

Fanout     Cap    Slew   Delay    Time   Description
-----------------------------------------------------------------------------
                          0.00    0.00   clock clk (rise edge)
                          0.00    0.00   clock network delay (propagated)
                          5.00    5.00 ^ input external delay
                  0.05    0.03    5.03 ^ rst_n (in)
     1    0.01                           rst_n (net)
                  0.05    0.00    5.03 ^ input17/A (sky130_fd_sc_hd__buf_12)
                  0.32    0.29    5.32 ^ input17/X (sky130_fd_sc_hd__buf_12)
    65    0.28                           net17 (net)
                  0.32    0.00    5.32 ^ _456_/RESET_B (sky130_fd_sc_hd__dfrtp_1)
                                  5.32   data arrival time

                          0.00    0.00   clock clk (rise edge)
                          0.00    0.00   clock source latency
                  0.07    0.05    0.05 ^ clk (in)
     1    0.01                           clk (net)
                  0.07    0.00    0.05 ^ clkbuf_0_clk/A (sky130_fd_sc_hd__clkbuf_16)
                  0.09    0.18    0.23 ^ clkbuf_0_clk/X (sky130_fd_sc_hd__clkbuf_16)
     8    0.07                           clknet_0_clk (net)
                  0.09    0.00    0.23 ^ clkbuf_3_2__f_clk/A (sky130_fd_sc_hd__clkbuf_16)
                  0.04    0.15    0.38 ^ clkbuf_3_2__f_clk/X (sky130_fd_sc_hd__clkbuf_16)
     8    0.02                           clknet_3_2__leaf_clk (net)
                  0.04    0.00    0.38 ^ _456_/CLK (sky130_fd_sc_hd__dfrtp_1)
                          0.25    0.63   clock uncertainty
                          0.00    0.63   clock reconvergence pessimism
                          0.39    1.03   library removal time
                                  1.03   data required time
-----------------------------------------------------------------------------
                                  1.03   data required time
                                 -5.32   data arrival time
-----------------------------------------------------------------------------
                                  4.30   slack (MET)


Startpoint: rst_n (input port clocked by clk)
Endpoint: _424_ (removal check against rising-edge clock clk)
Path Group: asynchronous
Path Type: min

Fanout     Cap    Slew   Delay    Time   Description
-----------------------------------------------------------------------------
                          0.00    0.00   clock clk (rise edge)
                          0.00    0.00   clock network delay (propagated)
                          5.00    5.00 ^ input external delay
                  0.05    0.03    5.03 ^ rst_n (in)
     1    0.01                           rst_n (net)
                  0.05    0.00    5.03 ^ input17/A (sky130_fd_sc_hd__buf_12)
                  0.32    0.29    5.32 ^ input17/X (sky130_fd_sc_hd__buf_12)
    65    0.28                           net17 (net)
                  0.32    0.00    5.32 ^ _424_/RESET_B (sky130_fd_sc_hd__dfrtp_1)
                                  5.32   data arrival time

                          0.00    0.00   clock clk (rise edge)
                          0.00    0.00   clock source latency
                  0.07    0.05    0.05 ^ clk (in)
     1    0.01                           clk (net)
                  0.07    0.00    0.05 ^ clkbuf_0_clk/A (sky130_fd_sc_hd__clkbuf_16)
                  0.09    0.18    0.23 ^ clkbuf_0_clk/X (sky130_fd_sc_hd__clkbuf_16)
     8    0.07                           clknet_0_clk (net)
                  0.09    0.00    0.23 ^ clkbuf_3_3__f_clk/A (sky130_fd_sc_hd__clkbuf_16)
                  0.04    0.15    0.38 ^ clkbuf_3_3__f_clk/X (sky130_fd_sc_hd__clkbuf_16)
     8    0.02                           clknet_3_3__leaf_clk (net)
                  0.04    0.00    0.38 ^ _424_/CLK (sky130_fd_sc_hd__dfrtp_1)
                          0.25    0.63   clock uncertainty
                          0.00    0.63   clock reconvergence pessimism
                          0.39    1.03   library removal time
                                  1.03   data required time
-----------------------------------------------------------------------------
                                  1.03   data required time
                                 -5.32   data arrival time
-----------------------------------------------------------------------------
                                  4.30   slack (MET)


Startpoint: rst_n (input port clocked by clk)
Endpoint: _483_ (removal check against rising-edge clock clk)
Path Group: asynchronous
Path Type: min

Fanout     Cap    Slew   Delay    Time   Description
-----------------------------------------------------------------------------
                          0.00    0.00   clock clk (rise edge)
                          0.00    0.00   clock network delay (propagated)
                          5.00    5.00 ^ input external delay
                  0.05    0.03    5.03 ^ rst_n (in)
     1    0.01                           rst_n (net)
                  0.05    0.00    5.03 ^ input17/A (sky130_fd_sc_hd__buf_12)
                  0.32    0.29    5.32 ^ input17/X (sky130_fd_sc_hd__buf_12)
    65    0.28                           net17 (net)
                  0.32    0.00    5.32 ^ _483_/RESET_B (sky130_fd_sc_hd__dfrtp_1)
                                  5.32   data arrival time

                          0.00    0.00   clock clk (rise edge)
                          0.00    0.00   clock source latency
                  0.07    0.05    0.05 ^ clk (in)
     1    0.01                           clk (net)
                  0.07    0.00    0.05 ^ clkbuf_0_clk/A (sky130_fd_sc_hd__clkbuf_16)
                  0.09    0.18    0.23 ^ clkbuf_0_clk/X (sky130_fd_sc_hd__clkbuf_16)
     8    0.07                           clknet_0_clk (net)
                  0.09    0.00    0.23 ^ clkbuf_3_6__f_clk/A (sky130_fd_sc_hd__clkbuf_16)
                  0.04    0.15    0.38 ^ clkbuf_3_6__f_clk/X (sky130_fd_sc_hd__clkbuf_16)
     8    0.02                           clknet_3_6__leaf_clk (net)
                  0.04    0.00    0.38 ^ _483_/CLK (sky130_fd_sc_hd__dfrtp_1)
                          0.25    0.63   clock uncertainty
                          0.00    0.63   clock reconvergence pessimism
                          0.39    1.03   library removal time
                                  1.03   data required time
-----------------------------------------------------------------------------
                                  1.03   data required time
                                 -5.32   data arrival time
-----------------------------------------------------------------------------
                                  4.30   slack (MET)


Startpoint: rst_n (input port clocked by clk)
Endpoint: _482_ (removal check against rising-edge clock clk)
Path Group: asynchronous
Path Type: min

Fanout     Cap    Slew   Delay    Time   Description
-----------------------------------------------------------------------------
                          0.00    0.00   clock clk (rise edge)
                          0.00    0.00   clock network delay (propagated)
                          5.00    5.00 ^ input external delay
                  0.05    0.03    5.03 ^ rst_n (in)
     1    0.01                           rst_n (net)
                  0.05    0.00    5.03 ^ input17/A (sky130_fd_sc_hd__buf_12)
                  0.32    0.29    5.32 ^ input17/X (sky130_fd_sc_hd__buf_12)
    65    0.28                           net17 (net)
                  0.32    0.00    5.32 ^ _482_/RESET_B (sky130_fd_sc_hd__dfrtp_1)
                                  5.32   data arrival time

                          0.00    0.00   clock clk (rise edge)
                          0.00    0.00   clock source latency
                  0.07    0.05    0.05 ^ clk (in)
     1    0.01                           clk (net)
                  0.07    0.00    0.05 ^ clkbuf_0_clk/A (sky130_fd_sc_hd__clkbuf_16)
                  0.09    0.18    0.23 ^ clkbuf_0_clk/X (sky130_fd_sc_hd__clkbuf_16)
     8    0.07                           clknet_0_clk (net)
                  0.09    0.00    0.23 ^ clkbuf_3_3__f_clk/A (sky130_fd_sc_hd__clkbuf_16)
                  0.04    0.15    0.38 ^ clkbuf_3_3__f_clk/X (sky130_fd_sc_hd__clkbuf_16)
     8    0.02                           clknet_3_3__leaf_clk (net)
                  0.04    0.00    0.38 ^ _482_/CLK (sky130_fd_sc_hd__dfrtp_1)
                          0.25    0.63   clock uncertainty
                          0.00    0.63   clock reconvergence pessimism
                          0.39    1.03   library removal time
                                  1.03   data required time
-----------------------------------------------------------------------------
                                  1.03   data required time
                                 -5.32   data arrival time
-----------------------------------------------------------------------------
                                  4.30   slack (MET)


Startpoint: rst_n (input port clocked by clk)
Endpoint: _434_ (removal check against rising-edge clock clk)
Path Group: asynchronous
Path Type: min

Fanout     Cap    Slew   Delay    Time   Description
-----------------------------------------------------------------------------
                          0.00    0.00   clock clk (rise edge)
                          0.00    0.00   clock network delay (propagated)
                          5.00    5.00 ^ input external delay
                  0.05    0.03    5.03 ^ rst_n (in)
     1    0.01                           rst_n (net)
                  0.05    0.00    5.03 ^ input17/A (sky130_fd_sc_hd__buf_12)
                  0.32    0.29    5.32 ^ input17/X (sky130_fd_sc_hd__buf_12)
    65    0.28                           net17 (net)
                  0.32    0.00    5.32 ^ _434_/RESET_B (sky130_fd_sc_hd__dfrtp_1)
                                  5.32   data arrival time

                          0.00    0.00   clock clk (rise edge)
                          0.00    0.00   clock source latency
                  0.07    0.05    0.05 ^ clk (in)
     1    0.01                           clk (net)
                  0.07    0.00    0.05 ^ clkbuf_0_clk/A (sky130_fd_sc_hd__clkbuf_16)
                  0.09    0.18    0.23 ^ clkbuf_0_clk/X (sky130_fd_sc_hd__clkbuf_16)
     8    0.07                           clknet_0_clk (net)
                  0.09    0.00    0.23 ^ clkbuf_3_6__f_clk/A (sky130_fd_sc_hd__clkbuf_16)
                  0.04    0.15    0.38 ^ clkbuf_3_6__f_clk/X (sky130_fd_sc_hd__clkbuf_16)
     8    0.02                           clknet_3_6__leaf_clk (net)
                  0.04    0.00    0.38 ^ _434_/CLK (sky130_fd_sc_hd__dfrtp_1)
                          0.25    0.63   clock uncertainty
                          0.00    0.63   clock reconvergence pessimism
                          0.39    1.03   library removal time
                                  1.03   data required time
-----------------------------------------------------------------------------
                                  1.03   data required time
                                 -5.32   data arrival time
-----------------------------------------------------------------------------
                                  4.30   slack (MET)


Startpoint: rst_n (input port clocked by clk)
Endpoint: _425_ (removal check against rising-edge clock clk)
Path Group: asynchronous
Path Type: min

Fanout     Cap    Slew   Delay    Time   Description
-----------------------------------------------------------------------------
                          0.00    0.00   clock clk (rise edge)
                          0.00    0.00   clock network delay (propagated)
                          5.00    5.00 ^ input external delay
                  0.05    0.03    5.03 ^ rst_n (in)
     1    0.01                           rst_n (net)
                  0.05    0.00    5.03 ^ input17/A (sky130_fd_sc_hd__buf_12)
                  0.32    0.29    5.32 ^ input17/X (sky130_fd_sc_hd__buf_12)
    65    0.28                           net17 (net)
                  0.32    0.00    5.32 ^ _425_/RESET_B (sky130_fd_sc_hd__dfrtp_1)
                                  5.32   data arrival time

                          0.00    0.00   clock clk (rise edge)
                          0.00    0.00   clock source latency
                  0.07    0.05    0.05 ^ clk (in)
     1    0.01                           clk (net)
                  0.07    0.00    0.05 ^ clkbuf_0_clk/A (sky130_fd_sc_hd__clkbuf_16)
                  0.09    0.18    0.23 ^ clkbuf_0_clk/X (sky130_fd_sc_hd__clkbuf_16)
     8    0.07                           clknet_0_clk (net)
                  0.09    0.00    0.23 ^ clkbuf_3_3__f_clk/A (sky130_fd_sc_hd__clkbuf_16)
                  0.04    0.15    0.38 ^ clkbuf_3_3__f_clk/X (sky130_fd_sc_hd__clkbuf_16)
     8    0.02                           clknet_3_3__leaf_clk (net)
                  0.04    0.00    0.38 ^ _425_/CLK (sky130_fd_sc_hd__dfrtp_1)
                          0.25    0.63   clock uncertainty
                          0.00    0.63   clock reconvergence pessimism
                          0.39    1.03   library removal time
                                  1.03   data required time
-----------------------------------------------------------------------------
                                  1.03   data required time
                                 -5.32   data arrival time
-----------------------------------------------------------------------------
                                  4.30   slack (MET)


Startpoint: rst_n (input port clocked by clk)
Endpoint: _455_ (removal check against rising-edge clock clk)
Path Group: asynchronous
Path Type: min

Fanout     Cap    Slew   Delay    Time   Description
-----------------------------------------------------------------------------
                          0.00    0.00   clock clk (rise edge)
                          0.00    0.00   clock network delay (propagated)
                          5.00    5.00 ^ input external delay
                  0.05    0.03    5.03 ^ rst_n (in)
     1    0.01                           rst_n (net)
                  0.05    0.00    5.03 ^ input17/A (sky130_fd_sc_hd__buf_12)
                  0.32    0.29    5.32 ^ input17/X (sky130_fd_sc_hd__buf_12)
    65    0.28                           net17 (net)
                  0.32    0.00    5.32 ^ _455_/RESET_B (sky130_fd_sc_hd__dfrtp_1)
                                  5.32   data arrival time

                          0.00    0.00   clock clk (rise edge)
                          0.00    0.00   clock source latency
                  0.07    0.05    0.05 ^ clk (in)
     1    0.01                           clk (net)
                  0.07    0.00    0.05 ^ clkbuf_0_clk/A (sky130_fd_sc_hd__clkbuf_16)
                  0.09    0.18    0.23 ^ clkbuf_0_clk/X (sky130_fd_sc_hd__clkbuf_16)
     8    0.07                           clknet_0_clk (net)
                  0.09    0.00    0.23 ^ clkbuf_3_3__f_clk/A (sky130_fd_sc_hd__clkbuf_16)
                  0.04    0.15    0.38 ^ clkbuf_3_3__f_clk/X (sky130_fd_sc_hd__clkbuf_16)
     8    0.02                           clknet_3_3__leaf_clk (net)
                  0.04    0.00    0.38 ^ _455_/CLK (sky130_fd_sc_hd__dfrtp_1)
                          0.25    0.63   clock uncertainty
                          0.00    0.63   clock reconvergence pessimism
                          0.39    1.03   library removal time
                                  1.03   data required time
-----------------------------------------------------------------------------
                                  1.03   data required time
                                 -5.32   data arrival time
-----------------------------------------------------------------------------
                                  4.30   slack (MET)


Startpoint: rst_n (input port clocked by clk)
Endpoint: _479_ (removal check against rising-edge clock clk)
Path Group: asynchronous
Path Type: min

Fanout     Cap    Slew   Delay    Time   Description
-----------------------------------------------------------------------------
                          0.00    0.00   clock clk (rise edge)
                          0.00    0.00   clock network delay (propagated)
                          5.00    5.00 ^ input external delay
                  0.05    0.03    5.03 ^ rst_n (in)
     1    0.01                           rst_n (net)
                  0.05    0.00    5.03 ^ input17/A (sky130_fd_sc_hd__buf_12)
                  0.32    0.29    5.32 ^ input17/X (sky130_fd_sc_hd__buf_12)
    65    0.28                           net17 (net)
                  0.32    0.00    5.32 ^ _479_/RESET_B (sky130_fd_sc_hd__dfrtp_1)
                                  5.32   data arrival time

                          0.00    0.00   clock clk (rise edge)
                          0.00    0.00   clock source latency
                  0.07    0.05    0.05 ^ clk (in)
     1    0.01                           clk (net)
                  0.07    0.00    0.05 ^ clkbuf_0_clk/A (sky130_fd_sc_hd__clkbuf_16)
                  0.09    0.18    0.23 ^ clkbuf_0_clk/X (sky130_fd_sc_hd__clkbuf_16)
     8    0.07                           clknet_0_clk (net)
                  0.09    0.00    0.23 ^ clkbuf_3_6__f_clk/A (sky130_fd_sc_hd__clkbuf_16)
                  0.04    0.15    0.38 ^ clkbuf_3_6__f_clk/X (sky130_fd_sc_hd__clkbuf_16)
     8    0.02                           clknet_3_6__leaf_clk (net)
                  0.04    0.00    0.38 ^ _479_/CLK (sky130_fd_sc_hd__dfrtp_1)
                          0.25    0.63   clock uncertainty
                          0.00    0.63   clock reconvergence pessimism
                          0.39    1.03   library removal time
                                  1.03   data required time
-----------------------------------------------------------------------------
                                  1.03   data required time
                                 -5.32   data arrival time
-----------------------------------------------------------------------------
                                  4.30   slack (MET)


Startpoint: rst_n (input port clocked by clk)
Endpoint: _478_ (removal check against rising-edge clock clk)
Path Group: asynchronous
Path Type: min

Fanout     Cap    Slew   Delay    Time   Description
-----------------------------------------------------------------------------
                          0.00    0.00   clock clk (rise edge)
                          0.00    0.00   clock network delay (propagated)
                          5.00    5.00 ^ input external delay
                  0.05    0.03    5.03 ^ rst_n (in)
     1    0.01                           rst_n (net)
                  0.05    0.00    5.03 ^ input17/A (sky130_fd_sc_hd__buf_12)
                  0.32    0.29    5.32 ^ input17/X (sky130_fd_sc_hd__buf_12)
    65    0.28                           net17 (net)
                  0.32    0.00    5.32 ^ _478_/RESET_B (sky130_fd_sc_hd__dfrtp_1)
                                  5.32   data arrival time

                          0.00    0.00   clock clk (rise edge)
                          0.00    0.00   clock source latency
                  0.07    0.05    0.05 ^ clk (in)
     1    0.01                           clk (net)
                  0.07    0.00    0.05 ^ clkbuf_0_clk/A (sky130_fd_sc_hd__clkbuf_16)
                  0.09    0.18    0.23 ^ clkbuf_0_clk/X (sky130_fd_sc_hd__clkbuf_16)
     8    0.07                           clknet_0_clk (net)
                  0.09    0.00    0.23 ^ clkbuf_3_6__f_clk/A (sky130_fd_sc_hd__clkbuf_16)
                  0.04    0.15    0.38 ^ clkbuf_3_6__f_clk/X (sky130_fd_sc_hd__clkbuf_16)
     8    0.02                           clknet_3_6__leaf_clk (net)
                  0.04    0.00    0.38 ^ _478_/CLK (sky130_fd_sc_hd__dfrtp_1)
                          0.25    0.63   clock uncertainty
                          0.00    0.63   clock reconvergence pessimism
                          0.39    1.03   library removal time
                                  1.03   data required time
-----------------------------------------------------------------------------
                                  1.03   data required time
                                 -5.32   data arrival time
-----------------------------------------------------------------------------
                                  4.30   slack (MET)


Startpoint: rst_n (input port clocked by clk)
Endpoint: _459_ (removal check against rising-edge clock clk)
Path Group: asynchronous
Path Type: min

Fanout     Cap    Slew   Delay    Time   Description
-----------------------------------------------------------------------------
                          0.00    0.00   clock clk (rise edge)
                          0.00    0.00   clock network delay (propagated)
                          5.00    5.00 ^ input external delay
                  0.05    0.03    5.03 ^ rst_n (in)
     1    0.01                           rst_n (net)
                  0.05    0.00    5.03 ^ input17/A (sky130_fd_sc_hd__buf_12)
                  0.32    0.29    5.32 ^ input17/X (sky130_fd_sc_hd__buf_12)
    65    0.28                           net17 (net)
                  0.32    0.00    5.32 ^ _459_/RESET_B (sky130_fd_sc_hd__dfrtp_1)
                                  5.32   data arrival time

                          0.00    0.00   clock clk (rise edge)
                          0.00    0.00   clock source latency
                  0.07    0.05    0.05 ^ clk (in)
     1    0.01                           clk (net)
                  0.07    0.00    0.05 ^ clkbuf_0_clk/A (sky130_fd_sc_hd__clkbuf_16)
                  0.09    0.18    0.23 ^ clkbuf_0_clk/X (sky130_fd_sc_hd__clkbuf_16)
     8    0.07                           clknet_0_clk (net)
                  0.09    0.00    0.23 ^ clkbuf_3_1__f_clk/A (sky130_fd_sc_hd__clkbuf_16)
                  0.04    0.15    0.38 ^ clkbuf_3_1__f_clk/X (sky130_fd_sc_hd__clkbuf_16)
     6    0.02                           clknet_3_1__leaf_clk (net)
                  0.04    0.00    0.38 ^ _459_/CLK (sky130_fd_sc_hd__dfrtp_1)
                          0.25    0.63   clock uncertainty
                          0.00    0.63   clock reconvergence pessimism
                          0.39    1.02   library removal time
                                  1.02   data required time
-----------------------------------------------------------------------------
                                  1.02   data required time
                                 -5.32   data arrival time
-----------------------------------------------------------------------------
                                  4.30   slack (MET)


Startpoint: rst_n (input port clocked by clk)
Endpoint: _462_ (removal check against rising-edge clock clk)
Path Group: asynchronous
Path Type: min

Fanout     Cap    Slew   Delay    Time   Description
-----------------------------------------------------------------------------
                          0.00    0.00   clock clk (rise edge)
                          0.00    0.00   clock network delay (propagated)
                          5.00    5.00 ^ input external delay
                  0.05    0.03    5.03 ^ rst_n (in)
     1    0.01                           rst_n (net)
                  0.05    0.00    5.03 ^ input17/A (sky130_fd_sc_hd__buf_12)
                  0.32    0.29    5.32 ^ input17/X (sky130_fd_sc_hd__buf_12)
    65    0.28                           net17 (net)
                  0.32    0.01    5.32 ^ _462_/RESET_B (sky130_fd_sc_hd__dfrtp_1)
                                  5.32   data arrival time

                          0.00    0.00   clock clk (rise edge)
                          0.00    0.00   clock source latency
                  0.07    0.05    0.05 ^ clk (in)
     1    0.01                           clk (net)
                  0.07    0.00    0.05 ^ clkbuf_0_clk/A (sky130_fd_sc_hd__clkbuf_16)
                  0.09    0.18    0.23 ^ clkbuf_0_clk/X (sky130_fd_sc_hd__clkbuf_16)
     8    0.07                           clknet_0_clk (net)
                  0.09    0.00    0.23 ^ clkbuf_3_5__f_clk/A (sky130_fd_sc_hd__clkbuf_16)
                  0.04    0.15    0.38 ^ clkbuf_3_5__f_clk/X (sky130_fd_sc_hd__clkbuf_16)
     7    0.02                           clknet_3_5__leaf_clk (net)
                  0.04    0.00    0.38 ^ _462_/CLK (sky130_fd_sc_hd__dfrtp_1)
                          0.25    0.63   clock uncertainty
                          0.00    0.63   clock reconvergence pessimism
                          0.39    1.02   library removal time
                                  1.02   data required time
-----------------------------------------------------------------------------
                                  1.02   data required time
                                 -5.32   data arrival time
-----------------------------------------------------------------------------
                                  4.30   slack (MET)


Startpoint: rst_n (input port clocked by clk)
Endpoint: _431_ (removal check against rising-edge clock clk)
Path Group: asynchronous
Path Type: min

Fanout     Cap    Slew   Delay    Time   Description
-----------------------------------------------------------------------------
                          0.00    0.00   clock clk (rise edge)
                          0.00    0.00   clock network delay (propagated)
                          5.00    5.00 ^ input external delay
                  0.05    0.03    5.03 ^ rst_n (in)
     1    0.01                           rst_n (net)
                  0.05    0.00    5.03 ^ input17/A (sky130_fd_sc_hd__buf_12)
                  0.32    0.29    5.32 ^ input17/X (sky130_fd_sc_hd__buf_12)
    65    0.28                           net17 (net)
                  0.32    0.01    5.32 ^ _431_/RESET_B (sky130_fd_sc_hd__dfrtp_1)
                                  5.32   data arrival time

                          0.00    0.00   clock clk (rise edge)
                          0.00    0.00   clock source latency
                  0.07    0.05    0.05 ^ clk (in)
     1    0.01                           clk (net)
                  0.07    0.00    0.05 ^ clkbuf_0_clk/A (sky130_fd_sc_hd__clkbuf_16)
                  0.09    0.18    0.23 ^ clkbuf_0_clk/X (sky130_fd_sc_hd__clkbuf_16)
     8    0.07                           clknet_0_clk (net)
                  0.09    0.00    0.23 ^ clkbuf_3_5__f_clk/A (sky130_fd_sc_hd__clkbuf_16)
                  0.04    0.15    0.38 ^ clkbuf_3_5__f_clk/X (sky130_fd_sc_hd__clkbuf_16)
     7    0.02                           clknet_3_5__leaf_clk (net)
                  0.04    0.00    0.38 ^ _431_/CLK (sky130_fd_sc_hd__dfrtp_1)
                          0.25    0.63   clock uncertainty
                          0.00    0.63   clock reconvergence pessimism
                          0.39    1.02   library removal time
                                  1.02   data required time
-----------------------------------------------------------------------------
                                  1.02   data required time
                                 -5.32   data arrival time
-----------------------------------------------------------------------------
                                  4.30   slack (MET)


Startpoint: rst_n (input port clocked by clk)
Endpoint: _438_ (removal check against rising-edge clock clk)
Path Group: asynchronous
Path Type: min

Fanout     Cap    Slew   Delay    Time   Description
-----------------------------------------------------------------------------
                          0.00    0.00   clock clk (rise edge)
                          0.00    0.00   clock network delay (propagated)
                          5.00    5.00 ^ input external delay
                  0.05    0.03    5.03 ^ rst_n (in)
     1    0.01                           rst_n (net)
                  0.05    0.00    5.03 ^ input17/A (sky130_fd_sc_hd__buf_12)
                  0.32    0.29    5.32 ^ input17/X (sky130_fd_sc_hd__buf_12)
    65    0.28                           net17 (net)
                  0.32    0.01    5.33 ^ _438_/RESET_B (sky130_fd_sc_hd__dfrtp_1)
                                  5.33   data arrival time

                          0.00    0.00   clock clk (rise edge)
                          0.00    0.00   clock source latency
                  0.07    0.05    0.05 ^ clk (in)
     1    0.01                           clk (net)
                  0.07    0.00    0.05 ^ clkbuf_0_clk/A (sky130_fd_sc_hd__clkbuf_16)
                  0.09    0.18    0.23 ^ clkbuf_0_clk/X (sky130_fd_sc_hd__clkbuf_16)
     8    0.07                           clknet_0_clk (net)
                  0.09    0.00    0.23 ^ clkbuf_3_5__f_clk/A (sky130_fd_sc_hd__clkbuf_16)
                  0.04    0.15    0.38 ^ clkbuf_3_5__f_clk/X (sky130_fd_sc_hd__clkbuf_16)
     7    0.02                           clknet_3_5__leaf_clk (net)
                  0.04    0.00    0.38 ^ _438_/CLK (sky130_fd_sc_hd__dfrtp_1)
                          0.25    0.63   clock uncertainty
                          0.00    0.63   clock reconvergence pessimism
                          0.39    1.02   library removal time
                                  1.02   data required time
-----------------------------------------------------------------------------
                                  1.02   data required time
                                 -5.33   data arrival time
-----------------------------------------------------------------------------
                                  4.30   slack (MET)


Startpoint: rst_n (input port clocked by clk)
Endpoint: _444_ (removal check against rising-edge clock clk)
Path Group: asynchronous
Path Type: min

Fanout     Cap    Slew   Delay    Time   Description
-----------------------------------------------------------------------------
                          0.00    0.00   clock clk (rise edge)
                          0.00    0.00   clock network delay (propagated)
                          5.00    5.00 ^ input external delay
                  0.05    0.03    5.03 ^ rst_n (in)
     1    0.01                           rst_n (net)
                  0.05    0.00    5.03 ^ input17/A (sky130_fd_sc_hd__buf_12)
                  0.32    0.29    5.32 ^ input17/X (sky130_fd_sc_hd__buf_12)
    65    0.28                           net17 (net)
                  0.32    0.00    5.32 ^ _444_/RESET_B (sky130_fd_sc_hd__dfrtp_1)
                                  5.32   data arrival time

                          0.00    0.00   clock clk (rise edge)
                          0.00    0.00   clock source latency
                  0.07    0.05    0.05 ^ clk (in)
     1    0.01                           clk (net)
                  0.07    0.00    0.05 ^ clkbuf_0_clk/A (sky130_fd_sc_hd__clkbuf_16)
                  0.09    0.18    0.23 ^ clkbuf_0_clk/X (sky130_fd_sc_hd__clkbuf_16)
     8    0.07                           clknet_0_clk (net)
                  0.09    0.00    0.23 ^ clkbuf_3_1__f_clk/A (sky130_fd_sc_hd__clkbuf_16)
                  0.04    0.15    0.38 ^ clkbuf_3_1__f_clk/X (sky130_fd_sc_hd__clkbuf_16)
     6    0.02                           clknet_3_1__leaf_clk (net)
                  0.04    0.00    0.38 ^ _444_/CLK (sky130_fd_sc_hd__dfrtp_1)
                          0.25    0.63   clock uncertainty
                          0.00    0.63   clock reconvergence pessimism
                          0.39    1.02   library removal time
                                  1.02   data required time
-----------------------------------------------------------------------------
                                  1.02   data required time
                                 -5.32   data arrival time
-----------------------------------------------------------------------------
                                  4.30   slack (MET)


Startpoint: rst_n (input port clocked by clk)
Endpoint: _445_ (removal check against rising-edge clock clk)
Path Group: asynchronous
Path Type: min

Fanout     Cap    Slew   Delay    Time   Description
-----------------------------------------------------------------------------
                          0.00    0.00   clock clk (rise edge)
                          0.00    0.00   clock network delay (propagated)
                          5.00    5.00 ^ input external delay
                  0.05    0.03    5.03 ^ rst_n (in)
     1    0.01                           rst_n (net)
                  0.05    0.00    5.03 ^ input17/A (sky130_fd_sc_hd__buf_12)
                  0.32    0.29    5.32 ^ input17/X (sky130_fd_sc_hd__buf_12)
    65    0.28                           net17 (net)
                  0.32    0.00    5.32 ^ _445_/RESET_B (sky130_fd_sc_hd__dfrtp_1)
                                  5.32   data arrival time

                          0.00    0.00   clock clk (rise edge)
                          0.00    0.00   clock source latency
                  0.07    0.05    0.05 ^ clk (in)
     1    0.01                           clk (net)
                  0.07    0.00    0.05 ^ clkbuf_0_clk/A (sky130_fd_sc_hd__clkbuf_16)
                  0.09    0.18    0.23 ^ clkbuf_0_clk/X (sky130_fd_sc_hd__clkbuf_16)
     8    0.07                           clknet_0_clk (net)
                  0.09    0.00    0.23 ^ clkbuf_3_1__f_clk/A (sky130_fd_sc_hd__clkbuf_16)
                  0.04    0.15    0.38 ^ clkbuf_3_1__f_clk/X (sky130_fd_sc_hd__clkbuf_16)
     6    0.02                           clknet_3_1__leaf_clk (net)
                  0.04    0.00    0.38 ^ _445_/CLK (sky130_fd_sc_hd__dfrtp_1)
                          0.25    0.63   clock uncertainty
                          0.00    0.63   clock reconvergence pessimism
                          0.39    1.02   library removal time
                                  1.02   data required time
-----------------------------------------------------------------------------
                                  1.02   data required time
                                 -5.32   data arrival time
-----------------------------------------------------------------------------
                                  4.30   slack (MET)


Startpoint: rst_n (input port clocked by clk)
Endpoint: _461_ (removal check against rising-edge clock clk)
Path Group: asynchronous
Path Type: min

Fanout     Cap    Slew   Delay    Time   Description
-----------------------------------------------------------------------------
                          0.00    0.00   clock clk (rise edge)
                          0.00    0.00   clock network delay (propagated)
                          5.00    5.00 ^ input external delay
                  0.05    0.03    5.03 ^ rst_n (in)
     1    0.01                           rst_n (net)
                  0.05    0.00    5.03 ^ input17/A (sky130_fd_sc_hd__buf_12)
                  0.32    0.29    5.32 ^ input17/X (sky130_fd_sc_hd__buf_12)
    65    0.28                           net17 (net)
                  0.32    0.00    5.32 ^ _461_/RESET_B (sky130_fd_sc_hd__dfrtp_1)
                                  5.32   data arrival time

                          0.00    0.00   clock clk (rise edge)
                          0.00    0.00   clock source latency
                  0.07    0.05    0.05 ^ clk (in)
     1    0.01                           clk (net)
                  0.07    0.00    0.05 ^ clkbuf_0_clk/A (sky130_fd_sc_hd__clkbuf_16)
                  0.09    0.18    0.23 ^ clkbuf_0_clk/X (sky130_fd_sc_hd__clkbuf_16)
     8    0.07                           clknet_0_clk (net)
                  0.09    0.00    0.23 ^ clkbuf_3_1__f_clk/A (sky130_fd_sc_hd__clkbuf_16)
                  0.04    0.15    0.38 ^ clkbuf_3_1__f_clk/X (sky130_fd_sc_hd__clkbuf_16)
     6    0.02                           clknet_3_1__leaf_clk (net)
                  0.04    0.00    0.38 ^ _461_/CLK (sky130_fd_sc_hd__dfrtp_1)
                          0.25    0.63   clock uncertainty
                          0.00    0.63   clock reconvergence pessimism
                          0.39    1.02   library removal time
                                  1.02   data required time
-----------------------------------------------------------------------------
                                  1.02   data required time
                                 -5.32   data arrival time
-----------------------------------------------------------------------------
                                  4.30   slack (MET)


Startpoint: rst_n (input port clocked by clk)
Endpoint: _446_ (removal check against rising-edge clock clk)
Path Group: asynchronous
Path Type: min

Fanout     Cap    Slew   Delay    Time   Description
-----------------------------------------------------------------------------
                          0.00    0.00   clock clk (rise edge)
                          0.00    0.00   clock network delay (propagated)
                          5.00    5.00 ^ input external delay
                  0.05    0.03    5.03 ^ rst_n (in)
     1    0.01                           rst_n (net)
                  0.05    0.00    5.03 ^ input17/A (sky130_fd_sc_hd__buf_12)
                  0.32    0.29    5.32 ^ input17/X (sky130_fd_sc_hd__buf_12)
    65    0.28                           net17 (net)
                  0.32    0.00    5.32 ^ _446_/RESET_B (sky130_fd_sc_hd__dfrtp_1)
                                  5.32   data arrival time

                          0.00    0.00   clock clk (rise edge)
                          0.00    0.00   clock source latency
                  0.07    0.05    0.05 ^ clk (in)
     1    0.01                           clk (net)
                  0.07    0.00    0.05 ^ clkbuf_0_clk/A (sky130_fd_sc_hd__clkbuf_16)
                  0.09    0.18    0.23 ^ clkbuf_0_clk/X (sky130_fd_sc_hd__clkbuf_16)
     8    0.07                           clknet_0_clk (net)
                  0.09    0.00    0.23 ^ clkbuf_3_1__f_clk/A (sky130_fd_sc_hd__clkbuf_16)
                  0.04    0.15    0.38 ^ clkbuf_3_1__f_clk/X (sky130_fd_sc_hd__clkbuf_16)
     6    0.02                           clknet_3_1__leaf_clk (net)
                  0.04    0.00    0.38 ^ _446_/CLK (sky130_fd_sc_hd__dfrtp_1)
                          0.25    0.63   clock uncertainty
                          0.00    0.63   clock reconvergence pessimism
                          0.39    1.02   library removal time
                                  1.02   data required time
-----------------------------------------------------------------------------
                                  1.02   data required time
                                 -5.32   data arrival time
-----------------------------------------------------------------------------
                                  4.30   slack (MET)


Startpoint: rst_n (input port clocked by clk)
Endpoint: _430_ (removal check against rising-edge clock clk)
Path Group: asynchronous
Path Type: min

Fanout     Cap    Slew   Delay    Time   Description
-----------------------------------------------------------------------------
                          0.00    0.00   clock clk (rise edge)
                          0.00    0.00   clock network delay (propagated)
                          5.00    5.00 ^ input external delay
                  0.05    0.03    5.03 ^ rst_n (in)
     1    0.01                           rst_n (net)
                  0.05    0.00    5.03 ^ input17/A (sky130_fd_sc_hd__buf_12)
                  0.32    0.29    5.32 ^ input17/X (sky130_fd_sc_hd__buf_12)
    65    0.28                           net17 (net)
                  0.32    0.01    5.33 ^ _430_/RESET_B (sky130_fd_sc_hd__dfrtp_1)
                                  5.33   data arrival time

                          0.00    0.00   clock clk (rise edge)
                          0.00    0.00   clock source latency
                  0.07    0.05    0.05 ^ clk (in)
     1    0.01                           clk (net)
                  0.07    0.00    0.05 ^ clkbuf_0_clk/A (sky130_fd_sc_hd__clkbuf_16)
                  0.09    0.18    0.23 ^ clkbuf_0_clk/X (sky130_fd_sc_hd__clkbuf_16)
     8    0.07                           clknet_0_clk (net)
                  0.09    0.00    0.23 ^ clkbuf_3_5__f_clk/A (sky130_fd_sc_hd__clkbuf_16)
                  0.04    0.15    0.38 ^ clkbuf_3_5__f_clk/X (sky130_fd_sc_hd__clkbuf_16)
     7    0.02                           clknet_3_5__leaf_clk (net)
                  0.04    0.00    0.38 ^ _430_/CLK (sky130_fd_sc_hd__dfrtp_1)
                          0.25    0.63   clock uncertainty
                          0.00    0.63   clock reconvergence pessimism
                          0.39    1.02   library removal time
                                  1.02   data required time
-----------------------------------------------------------------------------
                                  1.02   data required time
                                 -5.33   data arrival time
-----------------------------------------------------------------------------
                                  4.30   slack (MET)


Startpoint: rst_n (input port clocked by clk)
Endpoint: _429_ (removal check against rising-edge clock clk)
Path Group: asynchronous
Path Type: min

Fanout     Cap    Slew   Delay    Time   Description
-----------------------------------------------------------------------------
                          0.00    0.00   clock clk (rise edge)
                          0.00    0.00   clock network delay (propagated)
                          5.00    5.00 ^ input external delay
                  0.05    0.03    5.03 ^ rst_n (in)
     1    0.01                           rst_n (net)
                  0.05    0.00    5.03 ^ input17/A (sky130_fd_sc_hd__buf_12)
                  0.32    0.29    5.32 ^ input17/X (sky130_fd_sc_hd__buf_12)
    65    0.28                           net17 (net)
                  0.32    0.01    5.33 ^ _429_/RESET_B (sky130_fd_sc_hd__dfrtp_1)
                                  5.33   data arrival time

                          0.00    0.00   clock clk (rise edge)
                          0.00    0.00   clock source latency
                  0.07    0.05    0.05 ^ clk (in)
     1    0.01                           clk (net)
                  0.07    0.00    0.05 ^ clkbuf_0_clk/A (sky130_fd_sc_hd__clkbuf_16)
                  0.09    0.18    0.23 ^ clkbuf_0_clk/X (sky130_fd_sc_hd__clkbuf_16)
     8    0.07                           clknet_0_clk (net)
                  0.09    0.00    0.23 ^ clkbuf_3_5__f_clk/A (sky130_fd_sc_hd__clkbuf_16)
                  0.04    0.15    0.38 ^ clkbuf_3_5__f_clk/X (sky130_fd_sc_hd__clkbuf_16)
     7    0.02                           clknet_3_5__leaf_clk (net)
                  0.04    0.00    0.38 ^ _429_/CLK (sky130_fd_sc_hd__dfrtp_1)
                          0.25    0.63   clock uncertainty
                          0.00    0.63   clock reconvergence pessimism
                          0.39    1.02   library removal time
                                  1.02   data required time
-----------------------------------------------------------------------------
                                  1.02   data required time
                                 -5.33   data arrival time
-----------------------------------------------------------------------------
                                  4.30   slack (MET)


Startpoint: rst_n (input port clocked by clk)
Endpoint: _435_ (removal check against rising-edge clock clk)
Path Group: asynchronous
Path Type: min

Fanout     Cap    Slew   Delay    Time   Description
-----------------------------------------------------------------------------
                          0.00    0.00   clock clk (rise edge)
                          0.00    0.00   clock network delay (propagated)
                          5.00    5.00 ^ input external delay
                  0.05    0.03    5.03 ^ rst_n (in)
     1    0.01                           rst_n (net)
                  0.05    0.00    5.03 ^ input17/A (sky130_fd_sc_hd__buf_12)
                  0.32    0.29    5.32 ^ input17/X (sky130_fd_sc_hd__buf_12)
    65    0.28                           net17 (net)
                  0.32    0.00    5.32 ^ _435_/RESET_B (sky130_fd_sc_hd__dfrtp_1)
                                  5.32   data arrival time

                          0.00    0.00   clock clk (rise edge)
                          0.00    0.00   clock source latency
                  0.07    0.05    0.05 ^ clk (in)
     1    0.01                           clk (net)
                  0.07    0.00    0.05 ^ clkbuf_0_clk/A (sky130_fd_sc_hd__clkbuf_16)
                  0.09    0.18    0.23 ^ clkbuf_0_clk/X (sky130_fd_sc_hd__clkbuf_16)
     8    0.07                           clknet_0_clk (net)
                  0.09    0.00    0.23 ^ clkbuf_3_1__f_clk/A (sky130_fd_sc_hd__clkbuf_16)
                  0.04    0.15    0.38 ^ clkbuf_3_1__f_clk/X (sky130_fd_sc_hd__clkbuf_16)
     6    0.02                           clknet_3_1__leaf_clk (net)
                  0.04    0.00    0.38 ^ _435_/CLK (sky130_fd_sc_hd__dfrtp_1)
                          0.25    0.63   clock uncertainty
                          0.00    0.63   clock reconvergence pessimism
                          0.39    1.02   library removal time
                                  1.02   data required time
-----------------------------------------------------------------------------
                                  1.02   data required time
                                 -5.32   data arrival time
-----------------------------------------------------------------------------
                                  4.30   slack (MET)


Startpoint: rst_n (input port clocked by clk)
Endpoint: _470_ (removal check against rising-edge clock clk)
Path Group: asynchronous
Path Type: min

Fanout     Cap    Slew   Delay    Time   Description
-----------------------------------------------------------------------------
                          0.00    0.00   clock clk (rise edge)
                          0.00    0.00   clock network delay (propagated)
                          5.00    5.00 ^ input external delay
                  0.05    0.03    5.03 ^ rst_n (in)
     1    0.01                           rst_n (net)
                  0.05    0.00    5.03 ^ input17/A (sky130_fd_sc_hd__buf_12)
                  0.32    0.29    5.32 ^ input17/X (sky130_fd_sc_hd__buf_12)
    65    0.28                           net17 (net)
                  0.32    0.01    5.33 ^ _470_/RESET_B (sky130_fd_sc_hd__dfrtp_1)
                                  5.33   data arrival time

                          0.00    0.00   clock clk (rise edge)
                          0.00    0.00   clock source latency
                  0.07    0.05    0.05 ^ clk (in)
     1    0.01                           clk (net)
                  0.07    0.00    0.05 ^ clkbuf_0_clk/A (sky130_fd_sc_hd__clkbuf_16)
                  0.09    0.18    0.23 ^ clkbuf_0_clk/X (sky130_fd_sc_hd__clkbuf_16)
     8    0.07                           clknet_0_clk (net)
                  0.09    0.00    0.23 ^ clkbuf_3_5__f_clk/A (sky130_fd_sc_hd__clkbuf_16)
                  0.04    0.15    0.38 ^ clkbuf_3_5__f_clk/X (sky130_fd_sc_hd__clkbuf_16)
     7    0.02                           clknet_3_5__leaf_clk (net)
                  0.04    0.00    0.38 ^ _470_/CLK (sky130_fd_sc_hd__dfrtp_1)
                          0.25    0.63   clock uncertainty
                          0.00    0.63   clock reconvergence pessimism
                          0.39    1.02   library removal time
                                  1.02   data required time
-----------------------------------------------------------------------------
                                  1.02   data required time
                                 -5.33   data arrival time
-----------------------------------------------------------------------------
                                  4.30   slack (MET)


Startpoint: rst_n (input port clocked by clk)
Endpoint: _471_ (removal check against rising-edge clock clk)
Path Group: asynchronous
Path Type: min

Fanout     Cap    Slew   Delay    Time   Description
-----------------------------------------------------------------------------
                          0.00    0.00   clock clk (rise edge)
                          0.00    0.00   clock network delay (propagated)
                          5.00    5.00 ^ input external delay
                  0.05    0.03    5.03 ^ rst_n (in)
     1    0.01                           rst_n (net)
                  0.05    0.00    5.03 ^ input17/A (sky130_fd_sc_hd__buf_12)
                  0.32    0.29    5.32 ^ input17/X (sky130_fd_sc_hd__buf_12)
    65    0.28                           net17 (net)
                  0.32    0.01    5.33 ^ _471_/RESET_B (sky130_fd_sc_hd__dfrtp_1)
                                  5.33   data arrival time

                          0.00    0.00   clock clk (rise edge)
                          0.00    0.00   clock source latency
                  0.07    0.05    0.05 ^ clk (in)
     1    0.01                           clk (net)
                  0.07    0.00    0.05 ^ clkbuf_0_clk/A (sky130_fd_sc_hd__clkbuf_16)
                  0.09    0.18    0.23 ^ clkbuf_0_clk/X (sky130_fd_sc_hd__clkbuf_16)
     8    0.07                           clknet_0_clk (net)
                  0.09    0.00    0.23 ^ clkbuf_3_5__f_clk/A (sky130_fd_sc_hd__clkbuf_16)
                  0.04    0.15    0.38 ^ clkbuf_3_5__f_clk/X (sky130_fd_sc_hd__clkbuf_16)
     7    0.02                           clknet_3_5__leaf_clk (net)
                  0.04    0.00    0.38 ^ _471_/CLK (sky130_fd_sc_hd__dfrtp_1)
                          0.25    0.63   clock uncertainty
                          0.00    0.63   clock reconvergence pessimism
                          0.39    1.02   library removal time
                                  1.02   data required time
-----------------------------------------------------------------------------
                                  1.02   data required time
                                 -5.33   data arrival time
-----------------------------------------------------------------------------
                                  4.30   slack (MET)


Startpoint: rst_n (input port clocked by clk)
Endpoint: _481_ (removal check against rising-edge clock clk)
Path Group: asynchronous
Path Type: min

Fanout     Cap    Slew   Delay    Time   Description
-----------------------------------------------------------------------------
                          0.00    0.00   clock clk (rise edge)
                          0.00    0.00   clock network delay (propagated)
                          5.00    5.00 ^ input external delay
                  0.05    0.03    5.03 ^ rst_n (in)
     1    0.01                           rst_n (net)
                  0.05    0.00    5.03 ^ input17/A (sky130_fd_sc_hd__buf_12)
                  0.32    0.29    5.32 ^ input17/X (sky130_fd_sc_hd__buf_12)
    65    0.28                           net17 (net)
                  0.32    0.00    5.32 ^ _481_/RESET_B (sky130_fd_sc_hd__dfrtp_1)
                                  5.32   data arrival time

                          0.00    0.00   clock clk (rise edge)
                          0.00    0.00   clock source latency
                  0.07    0.05    0.05 ^ clk (in)
     1    0.01                           clk (net)
                  0.07    0.00    0.05 ^ clkbuf_0_clk/A (sky130_fd_sc_hd__clkbuf_16)
                  0.09    0.18    0.23 ^ clkbuf_0_clk/X (sky130_fd_sc_hd__clkbuf_16)
     8    0.07                           clknet_0_clk (net)
                  0.09    0.00    0.23 ^ clkbuf_3_4__f_clk/A (sky130_fd_sc_hd__clkbuf_16)
                  0.04    0.15    0.38 ^ clkbuf_3_4__f_clk/X (sky130_fd_sc_hd__clkbuf_16)
     6    0.01                           clknet_3_4__leaf_clk (net)
                  0.04    0.00    0.38 ^ _481_/CLK (sky130_fd_sc_hd__dfrtp_1)
                          0.25    0.63   clock uncertainty
                          0.00    0.63   clock reconvergence pessimism
                          0.39    1.02   library removal time
                                  1.02   data required time
-----------------------------------------------------------------------------
                                  1.02   data required time
                                 -5.32   data arrival time
-----------------------------------------------------------------------------
                                  4.30   slack (MET)


Startpoint: rst_n (input port clocked by clk)
Endpoint: _463_ (removal check against rising-edge clock clk)
Path Group: asynchronous
Path Type: min

Fanout     Cap    Slew   Delay    Time   Description
-----------------------------------------------------------------------------
                          0.00    0.00   clock clk (rise edge)
                          0.00    0.00   clock network delay (propagated)
                          5.00    5.00 ^ input external delay
                  0.05    0.03    5.03 ^ rst_n (in)
     1    0.01                           rst_n (net)
                  0.05    0.00    5.03 ^ input17/A (sky130_fd_sc_hd__buf_12)
                  0.32    0.29    5.32 ^ input17/X (sky130_fd_sc_hd__buf_12)
    65    0.28                           net17 (net)
                  0.32    0.01    5.33 ^ _463_/RESET_B (sky130_fd_sc_hd__dfrtp_1)
                                  5.33   data arrival time

                          0.00    0.00   clock clk (rise edge)
                          0.00    0.00   clock source latency
                  0.07    0.05    0.05 ^ clk (in)
     1    0.01                           clk (net)
                  0.07    0.00    0.05 ^ clkbuf_0_clk/A (sky130_fd_sc_hd__clkbuf_16)
                  0.09    0.18    0.23 ^ clkbuf_0_clk/X (sky130_fd_sc_hd__clkbuf_16)
     8    0.07                           clknet_0_clk (net)
                  0.09    0.00    0.23 ^ clkbuf_3_4__f_clk/A (sky130_fd_sc_hd__clkbuf_16)
                  0.04    0.15    0.38 ^ clkbuf_3_4__f_clk/X (sky130_fd_sc_hd__clkbuf_16)
     6    0.01                           clknet_3_4__leaf_clk (net)
                  0.04    0.00    0.38 ^ _463_/CLK (sky130_fd_sc_hd__dfrtp_1)
                          0.25    0.63   clock uncertainty
                          0.00    0.63   clock reconvergence pessimism
                          0.39    1.02   library removal time
                                  1.02   data required time
-----------------------------------------------------------------------------
                                  1.02   data required time
                                 -5.33   data arrival time
-----------------------------------------------------------------------------
                                  4.31   slack (MET)


Startpoint: rst_n (input port clocked by clk)
Endpoint: _439_ (removal check against rising-edge clock clk)
Path Group: asynchronous
Path Type: min

Fanout     Cap    Slew   Delay    Time   Description
-----------------------------------------------------------------------------
                          0.00    0.00   clock clk (rise edge)
                          0.00    0.00   clock network delay (propagated)
                          5.00    5.00 ^ input external delay
                  0.05    0.03    5.03 ^ rst_n (in)
     1    0.01                           rst_n (net)
                  0.05    0.00    5.03 ^ input17/A (sky130_fd_sc_hd__buf_12)
                  0.32    0.29    5.32 ^ input17/X (sky130_fd_sc_hd__buf_12)
    65    0.28                           net17 (net)
                  0.32    0.01    5.33 ^ _439_/RESET_B (sky130_fd_sc_hd__dfrtp_1)
                                  5.33   data arrival time

                          0.00    0.00   clock clk (rise edge)
                          0.00    0.00   clock source latency
                  0.07    0.05    0.05 ^ clk (in)
     1    0.01                           clk (net)
                  0.07    0.00    0.05 ^ clkbuf_0_clk/A (sky130_fd_sc_hd__clkbuf_16)
                  0.09    0.18    0.23 ^ clkbuf_0_clk/X (sky130_fd_sc_hd__clkbuf_16)
     8    0.07                           clknet_0_clk (net)
                  0.09    0.00    0.23 ^ clkbuf_3_4__f_clk/A (sky130_fd_sc_hd__clkbuf_16)
                  0.04    0.15    0.38 ^ clkbuf_3_4__f_clk/X (sky130_fd_sc_hd__clkbuf_16)
     6    0.01                           clknet_3_4__leaf_clk (net)
                  0.04    0.00    0.38 ^ _439_/CLK (sky130_fd_sc_hd__dfrtp_1)
                          0.25    0.63   clock uncertainty
                          0.00    0.63   clock reconvergence pessimism
                          0.39    1.02   library removal time
                                  1.02   data required time
-----------------------------------------------------------------------------
                                  1.02   data required time
                                 -5.33   data arrival time
-----------------------------------------------------------------------------
                                  4.31   slack (MET)


Startpoint: rst_n (input port clocked by clk)
Endpoint: _464_ (removal check against rising-edge clock clk)
Path Group: asynchronous
Path Type: min

Fanout     Cap    Slew   Delay    Time   Description
-----------------------------------------------------------------------------
                          0.00    0.00   clock clk (rise edge)
                          0.00    0.00   clock network delay (propagated)
                          5.00    5.00 ^ input external delay
                  0.05    0.03    5.03 ^ rst_n (in)
     1    0.01                           rst_n (net)
                  0.05    0.00    5.03 ^ input17/A (sky130_fd_sc_hd__buf_12)
                  0.32    0.29    5.32 ^ input17/X (sky130_fd_sc_hd__buf_12)
    65    0.28                           net17 (net)
                  0.32    0.01    5.33 ^ _464_/RESET_B (sky130_fd_sc_hd__dfrtp_1)
                                  5.33   data arrival time

                          0.00    0.00   clock clk (rise edge)
                          0.00    0.00   clock source latency
                  0.07    0.05    0.05 ^ clk (in)
     1    0.01                           clk (net)
                  0.07    0.00    0.05 ^ clkbuf_0_clk/A (sky130_fd_sc_hd__clkbuf_16)
                  0.09    0.18    0.23 ^ clkbuf_0_clk/X (sky130_fd_sc_hd__clkbuf_16)
     8    0.07                           clknet_0_clk (net)
                  0.09    0.00    0.23 ^ clkbuf_3_4__f_clk/A (sky130_fd_sc_hd__clkbuf_16)
                  0.04    0.15    0.38 ^ clkbuf_3_4__f_clk/X (sky130_fd_sc_hd__clkbuf_16)
     6    0.01                           clknet_3_4__leaf_clk (net)
                  0.04    0.00    0.38 ^ _464_/CLK (sky130_fd_sc_hd__dfrtp_1)
                          0.25    0.63   clock uncertainty
                          0.00    0.63   clock reconvergence pessimism
                          0.39    1.02   library removal time
                                  1.02   data required time
-----------------------------------------------------------------------------
                                  1.02   data required time
                                 -5.33   data arrival time
-----------------------------------------------------------------------------
                                  4.31   slack (MET)


Startpoint: rst_n (input port clocked by clk)
Endpoint: _440_ (removal check against rising-edge clock clk)
Path Group: asynchronous
Path Type: min

Fanout     Cap    Slew   Delay    Time   Description
-----------------------------------------------------------------------------
                          0.00    0.00   clock clk (rise edge)
                          0.00    0.00   clock network delay (propagated)
                          5.00    5.00 ^ input external delay
                  0.05    0.03    5.03 ^ rst_n (in)
     1    0.01                           rst_n (net)
                  0.05    0.00    5.03 ^ input17/A (sky130_fd_sc_hd__buf_12)
                  0.32    0.29    5.32 ^ input17/X (sky130_fd_sc_hd__buf_12)
    65    0.28                           net17 (net)
                  0.32    0.01    5.33 ^ _440_/RESET_B (sky130_fd_sc_hd__dfrtp_1)
                                  5.33   data arrival time

                          0.00    0.00   clock clk (rise edge)
                          0.00    0.00   clock source latency
                  0.07    0.05    0.05 ^ clk (in)
     1    0.01                           clk (net)
                  0.07    0.00    0.05 ^ clkbuf_0_clk/A (sky130_fd_sc_hd__clkbuf_16)
                  0.09    0.18    0.23 ^ clkbuf_0_clk/X (sky130_fd_sc_hd__clkbuf_16)
     8    0.07                           clknet_0_clk (net)
                  0.09    0.00    0.23 ^ clkbuf_3_4__f_clk/A (sky130_fd_sc_hd__clkbuf_16)
                  0.04    0.15    0.38 ^ clkbuf_3_4__f_clk/X (sky130_fd_sc_hd__clkbuf_16)
     6    0.01                           clknet_3_4__leaf_clk (net)
                  0.04    0.00    0.38 ^ _440_/CLK (sky130_fd_sc_hd__dfrtp_1)
                          0.25    0.63   clock uncertainty
                          0.00    0.63   clock reconvergence pessimism
                          0.39    1.02   library removal time
                                  1.02   data required time
-----------------------------------------------------------------------------
                                  1.02   data required time
                                 -5.33   data arrival time
-----------------------------------------------------------------------------
                                  4.31   slack (MET)


Startpoint: rst_n (input port clocked by clk)
Endpoint: _474_ (removal check against rising-edge clock clk)
Path Group: asynchronous
Path Type: min

Fanout     Cap    Slew   Delay    Time   Description
-----------------------------------------------------------------------------
                          0.00    0.00   clock clk (rise edge)
                          0.00    0.00   clock network delay (propagated)
                          5.00    5.00 ^ input external delay
                  0.05    0.03    5.03 ^ rst_n (in)
     1    0.01                           rst_n (net)
                  0.05    0.00    5.03 ^ input17/A (sky130_fd_sc_hd__buf_12)
                  0.32    0.29    5.32 ^ input17/X (sky130_fd_sc_hd__buf_12)
    65    0.28                           net17 (net)
                  0.32    0.01    5.33 ^ _474_/RESET_B (sky130_fd_sc_hd__dfrtp_1)
                                  5.33   data arrival time

                          0.00    0.00   clock clk (rise edge)
                          0.00    0.00   clock source latency
                  0.07    0.05    0.05 ^ clk (in)
     1    0.01                           clk (net)
                  0.07    0.00    0.05 ^ clkbuf_0_clk/A (sky130_fd_sc_hd__clkbuf_16)
                  0.09    0.18    0.23 ^ clkbuf_0_clk/X (sky130_fd_sc_hd__clkbuf_16)
     8    0.07                           clknet_0_clk (net)
                  0.09    0.00    0.23 ^ clkbuf_3_4__f_clk/A (sky130_fd_sc_hd__clkbuf_16)
                  0.04    0.15    0.38 ^ clkbuf_3_4__f_clk/X (sky130_fd_sc_hd__clkbuf_16)
     6    0.01                           clknet_3_4__leaf_clk (net)
                  0.04    0.00    0.38 ^ _474_/CLK (sky130_fd_sc_hd__dfrtp_1)
                          0.25    0.63   clock uncertainty
                          0.00    0.63   clock reconvergence pessimism
                          0.39    1.02   library removal time
                                  1.02   data required time
-----------------------------------------------------------------------------
                                  1.02   data required time
                                 -5.33   data arrival time
-----------------------------------------------------------------------------
                                  4.31   slack (MET)


Startpoint: _471_ (rising edge-triggered flip-flop clocked by clk)
Endpoint: o_valid (output port clocked by clk)
Path Group: clk
Path Type: min

Fanout     Cap    Slew   Delay    Time   Description
-----------------------------------------------------------------------------
                          0.00    0.00   clock clk (rise edge)
                          0.00    0.00   clock source latency
                  0.07    0.04    0.04 ^ clk (in)
     1    0.01                           clk (net)
                  0.07    0.00    0.04 ^ clkbuf_0_clk/A (sky130_fd_sc_hd__clkbuf_16)
                  0.09    0.17    0.21 ^ clkbuf_0_clk/X (sky130_fd_sc_hd__clkbuf_16)
     8    0.07                           clknet_0_clk (net)
                  0.09    0.00    0.21 ^ clkbuf_3_5__f_clk/A (sky130_fd_sc_hd__clkbuf_16)
                  0.04    0.13    0.34 ^ clkbuf_3_5__f_clk/X (sky130_fd_sc_hd__clkbuf_16)
     7    0.02                           clknet_3_5__leaf_clk (net)
                  0.04    0.00    0.34 ^ _471_/CLK (sky130_fd_sc_hd__dfrtp_1)
                  0.04    0.29    0.63 ^ _471_/Q (sky130_fd_sc_hd__dfrtp_1)
     1    0.00                           net24 (net)
                  0.04    0.00    0.63 ^ output24/A (sky130_fd_sc_hd__buf_2)
                  0.17    0.19    0.82 ^ output24/X (sky130_fd_sc_hd__buf_2)
     1    0.03                           o_valid (net)
                  0.17    0.00    0.82 ^ o_valid (out)
                                  0.82   data arrival time

                          0.00    0.00   clock clk (rise edge)
                          0.00    0.00   clock network delay (propagated)
                          0.25    0.25   clock uncertainty
                          0.00    0.25   clock reconvergence pessimism
                         -5.00   -4.75   output external delay
                                 -4.75   data required time
-----------------------------------------------------------------------------
                                 -4.75   data required time
                                 -0.82   data arrival time
-----------------------------------------------------------------------------
                                  5.57   slack (MET)


Startpoint: _474_ (rising edge-triggered flip-flop clocked by clk)
Endpoint: o_index[2] (output port clocked by clk)
Path Group: clk
Path Type: min

Fanout     Cap    Slew   Delay    Time   Description
-----------------------------------------------------------------------------
                          0.00    0.00   clock clk (rise edge)
                          0.00    0.00   clock source latency
                  0.07    0.04    0.04 ^ clk (in)
     1    0.01                           clk (net)
                  0.07    0.00    0.04 ^ clkbuf_0_clk/A (sky130_fd_sc_hd__clkbuf_16)
                  0.09    0.17    0.21 ^ clkbuf_0_clk/X (sky130_fd_sc_hd__clkbuf_16)
     8    0.07                           clknet_0_clk (net)
                  0.09    0.00    0.21 ^ clkbuf_3_4__f_clk/A (sky130_fd_sc_hd__clkbuf_16)
                  0.04    0.13    0.34 ^ clkbuf_3_4__f_clk/X (sky130_fd_sc_hd__clkbuf_16)
     6    0.01                           clknet_3_4__leaf_clk (net)
                  0.04    0.00    0.34 ^ _474_/CLK (sky130_fd_sc_hd__dfrtp_1)
                  0.06    0.31    0.65 ^ _474_/Q (sky130_fd_sc_hd__dfrtp_1)
     2    0.00                           net23 (net)
                  0.06    0.00    0.65 ^ output23/A (sky130_fd_sc_hd__buf_2)
                  0.17    0.19    0.84 ^ output23/X (sky130_fd_sc_hd__buf_2)
     1    0.03                           o_index[2] (net)
                  0.17    0.00    0.84 ^ o_index[2] (out)
                                  0.84   data arrival time

                          0.00    0.00   clock clk (rise edge)
                          0.00    0.00   clock network delay (propagated)
                          0.25    0.25   clock uncertainty
                          0.00    0.25   clock reconvergence pessimism
                         -5.00   -4.75   output external delay
                                 -4.75   data required time
-----------------------------------------------------------------------------
                                 -4.75   data required time
                                 -0.84   data arrival time
-----------------------------------------------------------------------------
                                  5.59   slack (MET)


Startpoint: _468_ (rising edge-triggered flip-flop clocked by clk)
Endpoint: o_bucket[0] (output port clocked by clk)
Path Group: clk
Path Type: min

Fanout     Cap    Slew   Delay    Time   Description
-----------------------------------------------------------------------------
                          0.00    0.00   clock clk (rise edge)
                          0.00    0.00   clock source latency
                  0.07    0.04    0.04 ^ clk (in)
     1    0.01                           clk (net)
                  0.07    0.00    0.04 ^ clkbuf_0_clk/A (sky130_fd_sc_hd__clkbuf_16)
                  0.09    0.17    0.21 ^ clkbuf_0_clk/X (sky130_fd_sc_hd__clkbuf_16)
     8    0.07                           clknet_0_clk (net)
                  0.09    0.00    0.21 ^ clkbuf_3_6__f_clk/A (sky130_fd_sc_hd__clkbuf_16)
                  0.04    0.14    0.35 ^ clkbuf_3_6__f_clk/X (sky130_fd_sc_hd__clkbuf_16)
     8    0.02                           clknet_3_6__leaf_clk (net)
                  0.04    0.00    0.35 ^ _468_/CLK (sky130_fd_sc_hd__dfrtp_1)
                  0.05    0.31    0.65 ^ _468_/Q (sky130_fd_sc_hd__dfrtp_1)
     2    0.00                           net18 (net)
                  0.05    0.00    0.65 ^ output18/A (sky130_fd_sc_hd__buf_2)
                  0.17    0.19    0.84 ^ output18/X (sky130_fd_sc_hd__buf_2)
     1    0.03                           o_bucket[0] (net)
                  0.17    0.00    0.84 ^ o_bucket[0] (out)
                                  0.84   data arrival time

                          0.00    0.00   clock clk (rise edge)
                          0.00    0.00   clock network delay (propagated)
                          0.25    0.25   clock uncertainty
                          0.00    0.25   clock reconvergence pessimism
                         -5.00   -4.75   output external delay
                                 -4.75   data required time
-----------------------------------------------------------------------------
                                 -4.75   data required time
                                 -0.84   data arrival time
-----------------------------------------------------------------------------
                                  5.59   slack (MET)


Startpoint: _470_ (rising edge-triggered flip-flop clocked by clk)
Endpoint: o_bucket[2] (output port clocked by clk)
Path Group: clk
Path Type: min

Fanout     Cap    Slew   Delay    Time   Description
-----------------------------------------------------------------------------
                          0.00    0.00   clock clk (rise edge)
                          0.00    0.00   clock source latency
                  0.07    0.04    0.04 ^ clk (in)
     1    0.01                           clk (net)
                  0.07    0.00    0.04 ^ clkbuf_0_clk/A (sky130_fd_sc_hd__clkbuf_16)
                  0.09    0.17    0.21 ^ clkbuf_0_clk/X (sky130_fd_sc_hd__clkbuf_16)
     8    0.07                           clknet_0_clk (net)
                  0.09    0.00    0.21 ^ clkbuf_3_5__f_clk/A (sky130_fd_sc_hd__clkbuf_16)
                  0.04    0.13    0.34 ^ clkbuf_3_5__f_clk/X (sky130_fd_sc_hd__clkbuf_16)
     7    0.02                           clknet_3_5__leaf_clk (net)
                  0.04    0.00    0.34 ^ _470_/CLK (sky130_fd_sc_hd__dfrtp_1)
                  0.06    0.31    0.65 ^ _470_/Q (sky130_fd_sc_hd__dfrtp_1)
     2    0.00                           net20 (net)
                  0.06    0.00    0.65 ^ output20/A (sky130_fd_sc_hd__buf_2)
                  0.17    0.19    0.84 ^ output20/X (sky130_fd_sc_hd__buf_2)
     1    0.03                           o_bucket[2] (net)
                  0.17    0.00    0.84 ^ o_bucket[2] (out)
                                  0.84   data arrival time

                          0.00    0.00   clock clk (rise edge)
                          0.00    0.00   clock network delay (propagated)
                          0.25    0.25   clock uncertainty
                          0.00    0.25   clock reconvergence pessimism
                         -5.00   -4.75   output external delay
                                 -4.75   data required time
-----------------------------------------------------------------------------
                                 -4.75   data required time
                                 -0.84   data arrival time
-----------------------------------------------------------------------------
                                  5.59   slack (MET)


Startpoint: _472_ (rising edge-triggered flip-flop clocked by clk)
Endpoint: o_index[0] (output port clocked by clk)
Path Group: clk
Path Type: min

Fanout     Cap    Slew   Delay    Time   Description
-----------------------------------------------------------------------------
                          0.00    0.00   clock clk (rise edge)
                          0.00    0.00   clock source latency
                  0.07    0.04    0.04 ^ clk (in)
     1    0.01                           clk (net)
                  0.07    0.00    0.04 ^ clkbuf_0_clk/A (sky130_fd_sc_hd__clkbuf_16)
                  0.09    0.17    0.21 ^ clkbuf_0_clk/X (sky130_fd_sc_hd__clkbuf_16)
     8    0.07                           clknet_0_clk (net)
                  0.09    0.00    0.21 ^ clkbuf_3_7__f_clk/A (sky130_fd_sc_hd__clkbuf_16)
                  0.05    0.14    0.35 ^ clkbuf_3_7__f_clk/X (sky130_fd_sc_hd__clkbuf_16)
    11    0.03                           clknet_3_7__leaf_clk (net)
                  0.05    0.00    0.35 ^ _472_/CLK (sky130_fd_sc_hd__dfrtp_1)
                  0.06    0.32    0.67 ^ _472_/Q (sky130_fd_sc_hd__dfrtp_1)
     2    0.01                           net21 (net)
                  0.06    0.00    0.67 ^ output21/A (sky130_fd_sc_hd__clkbuf_4)
                  0.11    0.18    0.85 ^ output21/X (sky130_fd_sc_hd__clkbuf_4)
     1    0.03                           o_index[0] (net)
                  0.11    0.00    0.85 ^ o_index[0] (out)
                                  0.85   data arrival time

                          0.00    0.00   clock clk (rise edge)
                          0.00    0.00   clock network delay (propagated)
                          0.25    0.25   clock uncertainty
                          0.00    0.25   clock reconvergence pessimism
                         -5.00   -4.75   output external delay
                                 -4.75   data required time
-----------------------------------------------------------------------------
                                 -4.75   data required time
                                 -0.85   data arrival time
-----------------------------------------------------------------------------
                                  5.60   slack (MET)


Startpoint: _469_ (rising edge-triggered flip-flop clocked by clk)
Endpoint: o_bucket[1] (output port clocked by clk)
Path Group: clk
Path Type: min

Fanout     Cap    Slew   Delay    Time   Description
-----------------------------------------------------------------------------
                          0.00    0.00   clock clk (rise edge)
                          0.00    0.00   clock source latency
                  0.07    0.04    0.04 ^ clk (in)
     1    0.01                           clk (net)
                  0.07    0.00    0.04 ^ clkbuf_0_clk/A (sky130_fd_sc_hd__clkbuf_16)
                  0.09    0.17    0.21 ^ clkbuf_0_clk/X (sky130_fd_sc_hd__clkbuf_16)
     8    0.07                           clknet_0_clk (net)
                  0.09    0.00    0.21 ^ clkbuf_3_7__f_clk/A (sky130_fd_sc_hd__clkbuf_16)
                  0.05    0.14    0.35 ^ clkbuf_3_7__f_clk/X (sky130_fd_sc_hd__clkbuf_16)
    11    0.03                           clknet_3_7__leaf_clk (net)
                  0.05    0.00    0.35 ^ _469_/CLK (sky130_fd_sc_hd__dfrtp_1)
                  0.06    0.31    0.66 ^ _469_/Q (sky130_fd_sc_hd__dfrtp_1)
     2    0.00                           net19 (net)
                  0.06    0.00    0.66 ^ output19/A (sky130_fd_sc_hd__buf_2)
                  0.17    0.19    0.85 ^ output19/X (sky130_fd_sc_hd__buf_2)
     1    0.03                           o_bucket[1] (net)
                  0.17    0.00    0.85 ^ o_bucket[1] (out)
                                  0.85   data arrival time

                          0.00    0.00   clock clk (rise edge)
                          0.00    0.00   clock network delay (propagated)
                          0.25    0.25   clock uncertainty
                          0.00    0.25   clock reconvergence pessimism
                         -5.00   -4.75   output external delay
                                 -4.75   data required time
-----------------------------------------------------------------------------
                                 -4.75   data required time
                                 -0.85   data arrival time
-----------------------------------------------------------------------------
                                  5.60   slack (MET)


Startpoint: _473_ (rising edge-triggered flip-flop clocked by clk)
Endpoint: o_index[1] (output port clocked by clk)
Path Group: clk
Path Type: min

Fanout     Cap    Slew   Delay    Time   Description
-----------------------------------------------------------------------------
                          0.00    0.00   clock clk (rise edge)
                          0.00    0.00   clock source latency
                  0.07    0.04    0.04 ^ clk (in)
     1    0.01                           clk (net)
                  0.07    0.00    0.04 ^ clkbuf_0_clk/A (sky130_fd_sc_hd__clkbuf_16)
                  0.09    0.17    0.21 ^ clkbuf_0_clk/X (sky130_fd_sc_hd__clkbuf_16)
     8    0.07                           clknet_0_clk (net)
                  0.09    0.00    0.21 ^ clkbuf_3_3__f_clk/A (sky130_fd_sc_hd__clkbuf_16)
                  0.04    0.14    0.35 ^ clkbuf_3_3__f_clk/X (sky130_fd_sc_hd__clkbuf_16)
     8    0.02                           clknet_3_3__leaf_clk (net)
                  0.04    0.00    0.35 ^ _473_/CLK (sky130_fd_sc_hd__dfrtp_1)
                  0.07    0.32    0.67 ^ _473_/Q (sky130_fd_sc_hd__dfrtp_1)
     2    0.01                           net22 (net)
                  0.07    0.00    0.67 ^ output22/A (sky130_fd_sc_hd__buf_2)
                  0.17    0.20    0.87 ^ output22/X (sky130_fd_sc_hd__buf_2)
     1    0.03                           o_index[1] (net)
                  0.17    0.00    0.87 ^ o_index[1] (out)
                                  0.87   data arrival time

                          0.00    0.00   clock clk (rise edge)
                          0.00    0.00   clock network delay (propagated)
                          0.25    0.25   clock uncertainty
                          0.00    0.25   clock reconvergence pessimism
                         -5.00   -4.75   output external delay
                                 -4.75   data required time
-----------------------------------------------------------------------------
                                 -4.75   data required time
                                 -0.87   data arrival time
-----------------------------------------------------------------------------
                                  5.62   slack (MET)



